evaluation_split,topology_index,topology_sample_id,topology_mode,topology_nodes,topology_edges,topology_bridges,balance_draw,balance_model,demand_regime,routing_policy,capital_policy,connector_endpoints,connector_capital,connector_matches_evaluation_hotspot,imbalance_start,imbalance_end,capacity_end,training_attempted,training_succeeded,training_attempted_volume,training_delivered_volume,training_infeasible_path_attempts,training_fee_msat,training_success_rate,training_volume_rate,training_leakage_proxy,early_evaluation_attempted,early_evaluation_succeeded,early_evaluation_attempted_volume,early_evaluation_delivered_volume,early_evaluation_infeasible_path_attempts,early_evaluation_fee_msat,early_evaluation_success_rate,early_evaluation_volume_rate,early_evaluation_leakage_proxy,late_evaluation_attempted,late_evaluation_succeeded,late_evaluation_attempted_volume,late_evaluation_delivered_volume,late_evaluation_infeasible_path_attempts,late_evaluation_fee_msat,late_evaluation_success_rate,late_evaluation_volume_rate,late_evaluation_leakage_proxy,evaluation_attempted,evaluation_succeeded,evaluation_attempted_volume,evaluation_delivered_volume,evaluation_infeasible_path_attempts,evaluation_fee_msat,evaluation_success_rate,evaluation_volume_rate,evaluation_leakage_proxy
calibration,0,public-hub-200-7479726e5643,hub,64,94,42,0,balanced_band,diffuse,public,none,,0,False,0.04682969397212845,0.09089166298228694,13051869,110,110,478000,478000,0,790412,1.0,1.0,0.0,25,23,77000,70000,2,47273,0.92,0.9090909090909091,0.08,85,76,343000,293000,9,1219656,0.8941176470588236,0.8542274052478134,0.10588235294117647,110,99,420000,363000,11,1266929,0.9,0.8642857142857143,0.1
calibration,0,public-hub-200-7479726e5643,hub,64,94,42,0,balanced_band,diffuse,retry,none,,0,False,0.04682969397212845,0.09149750206618641,13051869,110,110,478000,478000,0,790412,1.0,1.0,0.0,25,24,77000,75000,2,56053,0.96,0.974025974025974,0.08,85,81,343000,324000,13,1260539,0.9529411764705882,0.9446064139941691,0.15294117647058825,110,105,420000,399000,15,1316592,0.9545454545454546,0.95,0.13636363636363635
calibration,0,public-hub-200-7479726e5643,hub,64,94,42,0,balanced_band,diffuse,online,none,,0,False,0.04682969397212845,0.09235021540679578,13051869,110,110,478000,478000,4,790981,1.0,1.0,0.03636363636363636,25,24,77000,75000,5,57053,0.96,0.974025974025974,0.2,85,81,343000,324000,16,1261225,0.9529411764705882,0.9446064139941691,0.18823529411764706,110,105,420000,399000,21,1318278,0.9545454545454546,0.95,0.19090909090909092
calibration,0,public-hub-200-7479726e5643,hub,64,94,42,0,balanced_band,diffuse,oracle,none,,0,False,0.04682969397212845,0.09149750206618641,13051869,110,110,478000,478000,0,790412,1.0,1.0,0.0,25,24,77000,75000,0,56053,0.96,0.974025974025974,0.0,85,81,343000,324000,0,1260539,0.9529411764705882,0.9446064139941691,0.0,110,105,420000,399000,0,1316592,0.9545454545454546,0.95,0.0
calibration,0,public-hub-200-7479726e5643,hub,64,94,42,0,balanced_band,diffuse,online,random,N008|N063,120000,False,0.04682969397212845,0.09037663537543444,13171869,110,110,478000,478000,4,790981,1.0,1.0,0.03636363636363636,25,24,77000,75000,5,57313,0.96,0.974025974025974,0.2,85,81,343000,324000,16,1254773,0.9529411764705882,0.9446064139941691,0.18823529411764706,110,105,420000,399000,21,1312086,0.9545454545454546,0.95,0.19090909090909092
calibration,0,public-hub-200-7479726e5643,hub,64,94,42,0,balanced_band,diffuse,online,failure_aware,N008|N063,120000,False,0.04682969397212845,0.09037663537543444,13171869,110,110,478000,478000,4,790981,1.0,1.0,0.03636363636363636,25,24,77000,75000,5,57313,0.96,0.974025974025974,0.2,85,81,343000,324000,16,1254773,0.9529411764705882,0.9446064139941691,0.18823529411764706,110,105,420000,399000,21,1312086,0.9545454545454546,0.95,0.19090909090909092
calibration,0,public-hub-200-7479726e5643,hub,64,94,42,0,balanced_band,stationary_hotspot,public,none,,0,False,0.04682969397212845,0.06994341868558526,13051869,110,103,488000,447000,7,728367,0.9363636363636364,0.9159836065573771,0.06363636363636363,25,20,104000,82000,5,541758,0.8,0.7884615384615384,0.2,85,70,376000,286000,15,1682180,0.8235294117647058,0.7606382978723404,0.17647058823529413,110,90,480000,368000,20,2223938,0.8181818181818182,0.7666666666666667,0.18181818181818182
calibration,0,public-hub-200-7479726e5643,hub,64,94,42,0,balanced_band,stationary_hotspot,retry,none,,0,False,0.04682969397212845,0.06994341868558526,13051869,110,103,488000,447000,17,728367,0.9363636363636364,0.9159836065573771,0.15454545454545454,25,20,104000,82000,15,541758,0.8,0.7884615384615384,0.6,85,70,376000,286000,41,1682180,0.8235294117647058,0.7606382978723404,0.4823529411764706,110,90,480000,368000,56,2223938,0.8181818181818182,0.7666666666666667,0.509090909090909
calibration,0,public-hub-200-7479726e5643,hub,64,94,42,0,balanced_band,stationary_hotspot,online,none,,0,False,0.04682969397212845,0.08262197094101663,13051869,110,103,488000,447000,26,736538,0.9363636363636364,0.9159836065573771,0.23636363636363636,25,20,104000,82000,19,544784,0.8,0.7884615384615384,0.76,85,70,376000,286000,43,1683664,0.8235294117647058,0.7606382978723404,0.5058823529411764,110,90,480000,368000,62,2228448,0.8181818181818182,0.7666666666666667,0.5636363636363636
calibration,0,public-hub-200-7479726e5643,hub,64,94,42,0,balanced_band,stationary_hotspot,oracle,none,,0,False,0.04682969397212845,0.06994341868558526,13051869,110,103,488000,447000,0,728367,0.9363636363636364,0.9159836065573771,0.0,25,20,104000,82000,0,541758,0.8,0.7884615384615384,0.0,85,70,376000,286000,0,1682180,0.8235294117647058,0.7606382978723404,0.0,110,90,480000,368000,0,2223938,0.8181818181818182,0.7666666666666667,0.0
calibration,0,public-hub-200-7479726e5643,hub,64,94,42,0,balanced_band,stationary_hotspot,online,random,N008|N063,120000,False,0.04682969397212845,0.08071843326170547,13171869,110,103,488000,447000,26,736538,0.9363636363636364,0.9159836065573771,0.23636363636363636,25,20,104000,82000,19,544784,0.8,0.7884615384615384,0.76,85,70,376000,286000,45,1673344,0.8235294117647058,0.7606382978723404,0.5294117647058824,110,90,480000,368000,64,2218128,0.8181818181818182,0.7666666666666667,0.5818181818181818
calibration,0,public-hub-200-7479726e5643,hub,64,94,42,0,balanced_band,stationary_hotspot,online,failure_aware,N057|N059,120000,True,0.04682969397212845,0.0906134688716282,13171869,110,103,488000,447000,26,736538,0.9363636363636364,0.9159836065573771,0.23636363636363636,25,25,104000,104000,4,550983,1.0,1.0,0.16,85,78,376000,323000,23,1694264,0.9176470588235294,0.8590425531914894,0.27058823529411763,110,103,480000,427000,27,2245247,0.9363636363636364,0.8895833333333333,0.24545454545454545
calibration,0,public-hub-200-7479726e5643,hub,64,94,42,0,balanced_band,shifted_hotspot,public,none,,0,False,0.04682969397212845,0.07601311217203296,13051869,110,103,488000,447000,7,728367,0.9363636363636364,0.9159836065573771,0.06363636363636363,25,24,104000,99000,1,559056,0.96,0.9519230769230769,0.04,85,70,376000,274000,15,1709129,0.8235294117647058,0.7287234042553191,0.17647058823529413,110,94,480000,373000,16,2268185,0.8545454545454545,0.7770833333333333,0.14545454545454545
calibration,0,public-hub-200-7479726e5643,hub,64,94,42,0,balanced_band,shifted_hotspot,retry,none,,0,False,0.04682969397212845,0.07601311217203296,13051869,110,103,488000,447000,17,728367,0.9363636363636364,0.9159836065573771,0.15454545454545454,25,24,104000,99000,3,559056,0.96,0.9519230769230769,0.12,85,70,376000,274000,39,1709129,0.8235294117647058,0.7287234042553191,0.4588235294117647,110,94,480000,373000,42,2268185,0.8545454545454545,0.7770833333333333,0.38181818181818183
calibration,0,public-hub-200-7479726e5643,hub,64,94,42,0,balanced_band,shifted_hotspot,online,none,,0,False,0.04682969397212845,0.09349001568472542,13051869,110,103,488000,447000,26,736538,0.9363636363636364,0.9159836065573771,0.23636363636363636,25,24,104000,99000,9,563350,0.96,0.9519230769230769,0.36,85,70,376000,274000,40,1710628,0.8235294117647058,0.7287234042553191,0.47058823529411764,110,94,480000,373000,49,2273978,0.8545454545454545,0.7770833333333333,0.44545454545454544
calibration,0,public-hub-200-7479726e5643,hub,64,94,42,0,balanced_band,shifted_hotspot,oracle,none,,0,False,0.04682969397212845,0.07601311217203296,13051869,110,103,488000,447000,0,728367,0.9363636363636364,0.9159836065573771,0.0,25,24,104000,99000,0,559056,0.96,0.9519230769230769,0.0,85,70,376000,274000,0,1709129,0.8235294117647058,0.7287234042553191,0.0,110,94,480000,373000,0,2268185,0.8545454545454545,0.7770833333333333,0.0
calibration,0,public-hub-200-7479726e5643,hub,64,94,42,0,balanced_band,shifted_hotspot,online,random,N008|N063,120000,False,0.04682969397212845,0.09080720926553816,13171869,110,103,488000,447000,26,736538,0.9363636363636364,0.9159836065573771,0.23636363636363636,25,24,104000,99000,9,563350,0.96,0.9519230769230769,0.36,85,70,376000,274000,41,1700958,0.8235294117647058,0.7287234042553191,0.4823529411764706,110,94,480000,373000,50,2264308,0.8545454545454545,0.7770833333333333,0.45454545454545453
calibration,0,public-hub-200-7479726e5643,hub,64,94,42,0,balanced_band,shifted_hotspot,online,failure_aware,N057|N059,120000,False,0.04682969397212845,0.08972940635176162,13171869,110,103,488000,447000,26,736538,0.9363636363636364,0.9159836065573771,0.23636363636363636,25,24,104000,99000,8,563352,0.96,0.9519230769230769,0.32,85,71,376000,282000,40,1713748,0.8352941176470589,0.75,0.47058823529411764,110,95,480000,381000,48,2277100,0.8636363636363636,0.79375,0.43636363636363634
calibration,0,public-hub-200-7479726e5643,hub,64,94,42,0,uniform,diffuse,public,none,,0,False,0.2697392062941123,0.28141342719583656,13051869,110,97,478000,386000,13,764970,0.8818181818181818,0.8075313807531381,0.11818181818181818,25,23,77000,67000,2,43883,0.92,0.8701298701298701,0.08,85,75,343000,284000,10,1213776,0.8823529411764706,0.8279883381924198,0.11764705882352941,110,98,420000,351000,12,1257659,0.8909090909090909,0.8357142857142857,0.10909090909090909
calibration,0,public-hub-200-7479726e5643,hub,64,94,42,0,uniform,diffuse,retry,none,,0,False,0.2697392062941123,0.2803026205721297,13051869,110,97,478000,386000,19,764970,0.8818181818181818,0.8075313807531381,0.17272727272727273,25,25,77000,77000,2,61343,1.0,1.0,0.08,85,80,343000,315000,13,1253944,0.9411764705882353,0.9183673469387755,0.15294117647058825,110,105,420000,392000,15,1315287,0.9545454545454546,0.9333333333333333,0.13636363636363635
calibration,0,public-hub-200-7479726e5643,hub,64,94,42,0,uniform,diffuse,online,none,,0,False,0.2697392062941123,0.28362179955624006,13051869,110,97,478000,386000,21,766810,0.8818181818181818,0.8075313807531381,0.19090909090909092,25,25,77000,77000,2,61975,1.0,1.0,0.08,85,80,343000,315000,13,1254386,0.9411764705882353,0.9183673469387755,0.15294117647058825,110,105,420000,392000,15,1316361,0.9545454545454546,0.9333333333333333,0.13636363636363635
calibration,0,public-hub-200-7479726e5643,hub,64,94,42,0,uniform,diffuse,oracle,none,,0,False,0.2697392062941123,0.2803026205721297,13051869,110,97,478000,386000,0,764970,0.8818181818181818,0.8075313807531381,0.0,25,25,77000,77000,0,61343,1.0,1.0,0.0,85,80,343000,315000,0,1253944,0.9411764705882353,0.9183673469387755,0.0,110,105,420000,392000,0,1315287,0.9545454545454546,0.9333333333333333,0.0
calibration,0,public-hub-200-7479726e5643,hub,64,94,42,0,uniform,diffuse,online,random,N008|N063,120000,False,0.2697392062941123,0.2793532105622452,13171869,110,97,478000,386000,21,766810,0.8818181818181818,0.8075313807531381,0.19090909090909092,25,25,77000,77000,2,62235,1.0,1.0,0.08,85,80,343000,315000,14,1246946,0.9411764705882353,0.9183673469387755,0.16470588235294117,110,105,420000,392000,16,1309181,0.9545454545454546,0.9333333333333333,0.14545454545454545
calibration,0,public-hub-200-7479726e5643,hub,64,94,42,0,uniform,diffuse,online,failure_aware,N043|N053,120000,False,0.2697392062941123,0.2810379129455587,13171869,110,97,478000,386000,21,766810,0.8818181818181818,0.8075313807531381,0.19090909090909092,25,25,77000,77000,2,62235,1.0,1.0,0.08,85,80,343000,315000,13,1254646,0.9411764705882353,0.9183673469387755,0.15294117647058825,110,105,420000,392000,15,1316881,0.9545454545454546,0.9333333333333333,0.13636363636363635
calibration,0,public-hub-200-7479726e5643,hub,64,94,42,0,uniform,stationary_hotspot,public,none,,0,False,0.2697392062941123,0.25622541751562583,13051869,110,95,488000,402000,15,720147,0.8636363636363636,0.8237704918032787,0.13636363636363635,25,17,104000,75000,8,537407,0.68,0.7211538461538461,0.32,85,65,376000,265000,20,1663695,0.7647058823529411,0.7047872340425532,0.23529411764705882,110,82,480000,340000,28,2201102,0.7454545454545455,0.7083333333333334,0.2545454545454545
calibration,0,public-hub-200-7479726e5643,hub,64,94,42,0,uniform,stationary_hotspot,retry,none,,0,False,0.2697392062941123,0.2557771075172098,13051869,110,95,488000,402000,33,720147,0.8636363636363636,0.8237704918032787,0.3,25,18,104000,76000,20,539095,0.72,0.7307692307692307,0.8,85,66,376000,266000,52,1665383,0.7764705882352941,0.7074468085106383,0.611764705882353,110,84,480000,342000,72,2204478,0.7636363636363637,0.7125,0.6545454545454545
calibration,0,public-hub-200-7479726e5643,hub,64,94,42,0,uniform,stationary_hotspot,online,none,,0,False,0.2697392062941123,0.2596117859690887,13051869,110,95,488000,402000,36,721910,0.8636363636363636,0.8237704918032787,0.32727272727272727,25,18,104000,76000,22,540364,0.72,0.7307692307692307,0.88,85,66,376000,266000,52,1665946,0.7764705882352941,0.7074468085106383,0.611764705882353,110,84,480000,342000,74,2206310,0.7636363636363637,0.7125,0.6727272727272727
calibration,0,public-hub-200-7479726e5643,hub,64,94,42,0,uniform,stationary_hotspot,oracle,none,,0,False,0.2697392062941123,0.2557771075172098,13051869,110,95,488000,402000,0,720147,0.8636363636363636,0.8237704918032787,0.0,25,18,104000,76000,0,539095,0.72,0.7307692307692307,0.0,85,66,376000,266000,0,1665383,0.7764705882352941,0.7074468085106383,0.0,110,84,480000,342000,0,2204478,0.7636363636363637,0.7125,0.0
calibration,0,public-hub-200-7479726e5643,hub,64,94,42,0,uniform,stationary_hotspot,online,random,N008|N063,120000,False,0.2697392062941123,0.2578651122166969,13171869,110,95,488000,402000,36,721910,0.8636363636363636,0.8237704918032787,0.32727272727272727,25,18,104000,76000,22,540364,0.72,0.7307692307692307,0.88,85,66,376000,266000,52,1655756,0.7764705882352941,0.7074468085106383,0.611764705882353,110,84,480000,342000,74,2196120,0.7636363636363637,0.7125,0.6727272727272727
calibration,0,public-hub-200-7479726e5643,hub,64,94,42,0,uniform,stationary_hotspot,online,failure_aware,N057|N059,120000,True,0.2697392062941123,0.2661127104919878,13171869,110,95,488000,402000,36,721910,0.8636363636363636,0.8237704918032787,0.32727272727272727,25,23,104000,98000,7,546583,0.92,0.9423076923076923,0.28,85,74,376000,303000,31,1676566,0.8705882352941177,0.8058510638297872,0.36470588235294116,110,97,480000,401000,38,2223149,0.8818181818181818,0.8354166666666667,0.34545454545454546
calibration,0,public-hub-200-7479726e5643,hub,64,94,42,0,uniform,shifted_hotspot,public,none,,0,False,0.2697392062941123,0.2643934606140203,13051869,110,95,488000,402000,15,720147,0.8636363636363636,0.8237704918032787,0.13636363636363635,25,20,104000,89000,5,552555,0.8,0.8557692307692307,0.2,85,67,376000,259000,18,1698136,0.788235294117647,0.6888297872340425,0.21176470588235294,110,87,480000,348000,23,2250691,0.7909090909090909,0.725,0.20909090909090908
calibration,0,public-hub-200-7479726e5643,hub,64,94,42,0,uniform,shifted_hotspot,retry,none,,0,False,0.2697392062941123,0.2655420322219638,13051869,110,95,488000,402000,33,720147,0.8636363636363636,0.8237704918032787,0.3,25,21,104000,91000,11,553825,0.84,0.875,0.44,85,68,376000,264000,43,1699291,0.8,0.7021276595744681,0.5058823529411764,110,89,480000,355000,54,2253116,0.8090909090909091,0.7395833333333334,0.4909090909090909
calibration,0,public-hub-200-7479726e5643,hub,64,94,42,0,uniform,shifted_hotspot,online,none,,0,False,0.2697392062941123,0.2715708035534866,13051869,110,95,488000,402000,36,721910,0.8636363636363636,0.8237704918032787,0.32727272727272727,25,21,104000,91000,12,554701,0.84,0.875,0.48,85,68,376000,264000,43,1699759,0.8,0.7021276595744681,0.5058823529411764,110,89,480000,355000,55,2254460,0.8090909090909091,0.7395833333333334,0.5
calibration,0,public-hub-200-7479726e5643,hub,64,94,42,0,uniform,shifted_hotspot,oracle,none,,0,False,0.2697392062941123,0.2655420322219638,13051869,110,95,488000,402000,0,720147,0.8636363636363636,0.8237704918032787,0.0,25,21,104000,91000,0,553825,0.84,0.875,0.0,85,68,376000,264000,0,1699291,0.8,0.7021276595744681,0.0,110,89,480000,355000,0,2253116,0.8090909090909091,0.7395833333333334,0.0
calibration,0,public-hub-200-7479726e5643,hub,64,94,42,0,uniform,shifted_hotspot,online,random,N008|N063,120000,False,0.2697392062941123,0.2667074541957443,13171869,110,95,488000,402000,36,721910,0.8636363636363636,0.8237704918032787,0.32727272727272727,25,21,104000,91000,12,554701,0.84,0.875,0.48,85,68,376000,264000,44,1690479,0.8,0.7021276595744681,0.5176470588235295,110,89,480000,355000,56,2245180,0.8090909090909091,0.7395833333333334,0.509090909090909
calibration,0,public-hub-200-7479726e5643,hub,64,94,42,0,uniform,shifted_hotspot,online,failure_aware,N057|N059,120000,False,0.2697392062941123,0.26737070505591165,13171869,110,95,488000,402000,36,721910,0.8636363636363636,0.8237704918032787,0.32727272727272727,25,21,104000,91000,12,554701,0.84,0.875,0.48,85,69,376000,272000,43,1702879,0.8117647058823529,0.723404255319149,0.5058823529411764,110,90,480000,363000,55,2257580,0.8181818181818182,0.75625,0.5
calibration,0,public-hub-200-7479726e5643,hub,64,94,42,0,polarized,diffuse,public,none,,0,False,0.6883611510196285,0.6524392240350165,13051869,110,76,478000,270000,34,196459,0.6909090909090909,0.5648535564853556,0.3090909090909091,25,18,77000,49000,7,37115,0.72,0.6363636363636364,0.28,85,63,343000,233000,22,1184177,0.7411764705882353,0.6793002915451894,0.25882352941176473,110,81,420000,282000,29,1221292,0.7363636363636363,0.6714285714285714,0.2636363636363636
calibration,0,public-hub-200-7479726e5643,hub,64,94,42,0,polarized,diffuse,retry,none,,0,False,0.6883611510196285,0.6448063861586694,13051869,110,85,478000,308000,55,736668,0.7727272727272727,0.6443514644351465,0.5,25,22,77000,62000,11,49660,0.88,0.8051948051948052,0.44,85,68,343000,261000,37,1198807,0.8,0.760932944606414,0.43529411764705883,110,90,420000,323000,48,1248467,0.8181818181818182,0.7690476190476191,0.43636363636363634
calibration,0,public-hub-200-7479726e5643,hub,64,94,42,0,polarized,diffuse,online,none,,0,False,0.6883611510196285,0.6486210082716011,13051869,110,85,478000,308000,58,739018,0.7727272727272727,0.6443514644351465,0.5272727272727272,25,22,77000,62000,12,50780,0.88,0.8051948051948052,0.48,85,69,343000,266000,33,1200684,0.8117647058823529,0.7755102040816326,0.38823529411764707,110,91,420000,328000,45,1251464,0.8272727272727273,0.780952380952381,0.4090909090909091
calibration,0,public-hub-200-7479726e5643,hub,64,94,42,0,polarized,diffuse,oracle,none,,0,False,0.6883611510196285,0.63964797417395,13051869,110,87,478000,324000,0,769393,0.7909090909090909,0.6778242677824268,0.0,25,22,77000,62000,0,49660,0.88,0.8051948051948052,0.0,85,69,343000,266000,0,1202112,0.8117647058823529,0.7755102040816326,0.0,110,91,420000,328000,0,1251772,0.8272727272727273,0.780952380952381,0.0
calibration,0,public-hub-200-7479726e5643,hub,64,94,42,0,polarized,diffuse,online,random,N008|N063,120000,False,0.6883611510196285,0.6379586528356433,13171869,110,85,478000,308000,58,739018,0.7727272727272727,0.6443514644351465,0.5272727272727272,25,22,77000,62000,12,50758,0.88,0.8051948051948052,0.48,85,69,343000,266000,32,1191188,0.8117647058823529,0.7755102040816326,0.3764705882352941,110,91,420000,328000,44,1241946,0.8272727272727273,0.780952380952381,0.4
calibration,0,public-hub-200-7479726e5643,hub,64,94,42,0,polarized,diffuse,online,failure_aware,N049|N055,120000,False,0.6883611510196285,0.6469932844879764,13171869,110,85,478000,308000,58,739018,0.7727272727272727,0.6443514644351465,0.5272727272727272,25,22,77000,62000,12,48758,0.88,0.8051948051948052,0.48,85,69,343000,266000,34,1198318,0.8117647058823529,0.7755102040816326,0.4,110,91,420000,328000,46,1247076,0.8272727272727273,0.780952380952381,0.41818181818181815
calibration,0,public-hub-200-7479726e5643,hub,64,94,42,0,polarized,stationary_hotspot,public,none,,0,False,0.6883611510196285,0.6246560067551522,13051869,110,73,488000,297000,37,155120,0.6636363636363637,0.6086065573770492,0.33636363636363636,25,11,104000,42000,14,521475,0.44,0.40384615384615385,0.56,85,63,376000,255000,22,1653442,0.7411764705882353,0.6781914893617021,0.25882352941176473,110,74,480000,297000,36,2174917,0.6727272727272727,0.61875,0.32727272727272727
calibration,0,public-hub-200-7479726e5643,hub,64,94,42,0,polarized,stationary_hotspot,retry,none,,0,False,0.6883611510196285,0.6152419335572723,13051869,110,85,488000,346000,63,700404,0.7727272727272727,0.7090163934426229,0.5727272727272728,25,16,104000,62000,25,539519,0.64,0.5961538461538461,1.0,85,65,376000,268000,52,1670597,0.7647058823529411,0.7127659574468085,0.611764705882353,110,81,480000,330000,77,2210116,0.7363636363636363,0.6875,0.7
calibration,0,public-hub-200-7479726e5643,hub,64,94,42,0,polarized,stationary_hotspot,online,none,,0,False,0.6883611510196285,0.6184274307925878,13051869,110,85,488000,346000,66,701905,0.7727272727272727,0.7090163934426229,0.6,25,16,104000,62000,30,540802,0.64,0.5961538461538461,1.2,85,65,376000,268000,53,1670767,0.7647058823529411,0.7127659574468085,0.6235294117647059,110,81,480000,330000,83,2211569,0.7363636363636363,0.6875,0.7545454545454545
calibration,0,public-hub-200-7479726e5643,hub,64,94,42,0,polarized,stationary_hotspot,oracle,none,,0,False,0.6883611510196285,0.6173883360865552,13051869,110,86,488000,354000,0,729569,0.7818181818181819,0.7254098360655737,0.0,25,16,104000,62000,0,539519,0.64,0.5961538461538461,0.0,85,65,376000,268000,0,1670597,0.7647058823529411,0.7127659574468085,0.0,110,81,480000,330000,0,2210116,0.7363636363636363,0.6875,0.0
calibration,0,public-hub-200-7479726e5643,hub,64,94,42,0,polarized,stationary_hotspot,online,random,N008|N063,120000,False,0.6883611510196285,0.6120019629813201,13171869,110,85,488000,346000,66,701905,0.7727272727272727,0.7090163934426229,0.6,25,16,104000,62000,30,540802,0.64,0.5961538461538461,1.2,85,65,376000,268000,54,1661147,0.7647058823529411,0.7127659574468085,0.6352941176470588,110,81,480000,330000,84,2201949,0.7363636363636363,0.6875,0.7636363636363637
calibration,0,public-hub-200-7479726e5643,hub,64,94,42,0,polarized,stationary_hotspot,online,failure_aware,N057|N059,120000,True,0.6883611510196285,0.6199617865626007,13171869,110,85,488000,346000,66,701905,0.7727272727272727,0.7090163934426229,0.6,25,21,104000,84000,14,546694,0.84,0.8076923076923077,0.56,85,73,376000,305000,32,1682040,0.8588235294117647,0.8111702127659575,0.3764705882352941,110,94,480000,389000,46,2228734,0.8545454545454545,0.8104166666666667,0.41818181818181815
calibration,0,public-hub-200-7479726e5643,hub,64,94,42,0,polarized,shifted_hotspot,public,none,,0,False,0.6883611510196285,0.6338521369245077,13051869,110,73,488000,297000,37,155120,0.6636363636363637,0.6086065573770492,0.33636363636363636,25,15,104000,58000,10,536633,0.6,0.5576923076923077,0.4,85,61,376000,226000,24,1673550,0.7176470588235294,0.601063829787234,0.2823529411764706,110,76,480000,284000,34,2210183,0.6909090909090909,0.5916666666666667,0.3090909090909091
calibration,0,public-hub-200-7479726e5643,hub,64,94,42,0,polarized,shifted_hotspot,retry,none,,0,False,0.6883611510196285,0.622720648481193,13051869,110,85,488000,346000,63,700404,0.7727272727272727,0.7090163934426229,0.5727272727272728,25,19,104000,71000,15,553073,0.76,0.6826923076923077,0.6,85,64,376000,248000,56,1699587,0.7529411764705882,0.6595744680851063,0.6588235294117647,110,83,480000,319000,71,2252660,0.7545454545454545,0.6645833333333333,0.6454545454545455
calibration,0,public-hub-200-7479726e5643,hub,64,94,42,0,polarized,shifted_hotspot,online,none,,0,False,0.6883611510196285,0.6220200638742917,13051869,110,85,488000,346000,66,701905,0.7727272727272727,0.7090163934426229,0.6,25,19,104000,71000,17,553669,0.76,0.6826923076923077,0.68,85,64,376000,248000,57,1700764,0.7529411764705882,0.6595744680851063,0.6705882352941176,110,83,480000,319000,74,2254433,0.7545454545454545,0.6645833333333333,0.6727272727272727
calibration,0,public-hub-200-7479726e5643,hub,64,94,42,0,polarized,shifted_hotspot,oracle,none,,0,False,0.6883611510196285,0.6248670510104759,13051869,110,86,488000,354000,0,729569,0.7818181818181819,0.7254098360655737,0.0,25,19,104000,71000,0,553073,0.76,0.6826923076923077,0.0,85,64,376000,248000,0,1699587,0.7529411764705882,0.6595744680851063,0.0,110,83,480000,319000,0,2252660,0.7545454545454545,0.6645833333333333,0.0
calibration,0,public-hub-200-7479726e5643,hub,64,94,42,0,polarized,shifted_hotspot,online,random,N008|N063,120000,False,0.6883611510196285,0.6204070275486879,13171869,110,85,488000,346000,66,701905,0.7727272727272727,0.7090163934426229,0.6,25,19,104000,71000,17,553669,0.76,0.6826923076923077,0.68,85,64,376000,248000,57,1688754,0.7529411764705882,0.6595744680851063,0.6705882352941176,110,83,480000,319000,74,2242423,0.7545454545454545,0.6645833333333333,0.6727272727272727
calibration,0,public-hub-200-7479726e5643,hub,64,94,42,0,polarized,shifted_hotspot,online,failure_aware,N057|N059,120000,False,0.6883611510196285,0.6052277947576218,13171869,110,85,488000,346000,66,701905,0.7727272727272727,0.7090163934426229,0.6,25,19,104000,71000,17,554146,0.76,0.6826923076923077,0.68,85,64,376000,248000,55,1699645,0.7529411764705882,0.6595744680851063,0.6470588235294118,110,83,480000,319000,72,2253791,0.7545454545454545,0.6645833333333333,0.6545454545454545
calibration,0,public-hub-200-7479726e5643,hub,64,94,42,1,balanced_band,diffuse,public,none,,0,False,0.04932405602397902,0.08926555074271016,13051869,110,99,449000,373000,11,1774142,0.9,0.8307349665924276,0.1,25,23,81000,65000,2,68422,0.92,0.8024691358024691,0.08,85,80,305000,290000,5,1741226,0.9411764705882353,0.9508196721311475,0.058823529411764705,110,103,386000,355000,7,1809648,0.9363636363636364,0.9196891191709845,0.06363636363636363
calibration,0,public-hub-200-7479726e5643,hub,64,94,42,1,balanced_band,diffuse,retry,none,,0,False,0.04932405602397902,0.08823129793787843,13051869,110,105,449000,409000,13,1784696,0.9545454545454546,0.910913140311804,0.11818181818181818,25,23,81000,65000,2,68422,0.92,0.8024691358024691,0.08,85,80,305000,290000,9,1741226,0.9411764705882353,0.9508196721311475,0.10588235294117647,110,103,386000,355000,11,1809648,0.9363636363636364,0.9196891191709845,0.1
calibration,0,public-hub-200-7479726e5643,hub,64,94,42,1,balanced_band,diffuse,online,none,,0,False,0.04932405602397902,0.08942300519877938,13051869,110,105,449000,409000,8,1784242,0.9545454545454546,0.910913140311804,0.07272727272727272,25,23,81000,65000,2,68789,0.92,0.8024691358024691,0.08,85,80,305000,290000,9,1741424,0.9411764705882353,0.9508196721311475,0.10588235294117647,110,103,386000,355000,11,1810213,0.9363636363636364,0.9196891191709845,0.1
calibration,0,public-hub-200-7479726e5643,hub,64,94,42,1,balanced_band,diffuse,oracle,none,,0,False,0.04932405602397902,0.08823129793787843,13051869,110,105,449000,409000,0,1784696,0.9545454545454546,0.910913140311804,0.0,25,23,81000,65000,0,68422,0.92,0.8024691358024691,0.0,85,80,305000,290000,0,1741226,0.9411764705882353,0.9508196721311475,0.0,110,103,386000,355000,0,1809648,0.9363636363636364,0.9196891191709845,0.0
calibration,0,public-hub-200-7479726e5643,hub,64,94,42,1,balanced_band,diffuse,online,random,N012|N015,120000,False,0.04932405602397902,0.08830447091005414,13171869,110,105,449000,409000,8,1784242,0.9545454545454546,0.910913140311804,0.07272727272727272,25,23,81000,65000,2,68789,0.92,0.8024691358024691,0.08,85,80,305000,290000,10,1742593,0.9411764705882353,0.9508196721311475,0.11764705882352941,110,103,386000,355000,12,1811382,0.9363636363636364,0.9196891191709845,0.10909090909090909
calibration,0,public-hub-200-7479726e5643,hub,64,94,42,1,balanced_band,diffuse,online,failure_aware,N051|N055,120000,False,0.04932405602397902,0.08830447091005414,13171869,110,105,449000,409000,8,1784242,0.9545454545454546,0.910913140311804,0.07272727272727272,25,23,81000,65000,2,68789,0.92,0.8024691358024691,0.08,85,80,305000,290000,9,1742593,0.9411764705882353,0.9508196721311475,0.10588235294117647,110,103,386000,355000,11,1811382,0.9363636363636364,0.9196891191709845,0.1
calibration,0,public-hub-200-7479726e5643,hub,64,94,42,1,balanced_band,stationary_hotspot,public,none,,0,False,0.04932405602397902,0.07188314623556884,13051869,110,93,406000,312000,17,1174070,0.8454545454545455,0.7684729064039408,0.15454545454545454,25,20,83000,69000,5,540268,0.8,0.8313253012048193,0.2,85,80,335000,308000,5,1662850,0.9411764705882353,0.9194029850746268,0.058823529411764705,110,100,418000,377000,10,2203118,0.9090909090909091,0.9019138755980861,0.09090909090909091
calibration,0,public-hub-200-7479726e5643,hub,64,94,42,1,balanced_band,stationary_hotspot,retry,none,,0,False,0.04932405602397902,0.07025995650629657,13051869,110,95,406000,323000,42,1179816,0.8636363636363636,0.7955665024630542,0.38181818181818183,25,23,83000,74000,5,568263,0.92,0.891566265060241,0.2,85,83,335000,322000,7,1667164,0.9764705882352941,0.9611940298507463,0.08235294117647059,110,106,418000,396000,12,2235427,0.9636363636363636,0.9473684210526315,0.10909090909090909
calibration,0,public-hub-200-7479726e5643,hub,64,94,42,1,balanced_band,stationary_hotspot,online,none,,0,False,0.04932405602397902,0.07934718019773523,13051869,110,95,406000,323000,42,1180972,0.8636363636363636,0.7955665024630542,0.38181818181818183,25,23,83000,74000,6,568719,0.92,0.891566265060241,0.24,85,83,335000,322000,8,1667984,0.9764705882352941,0.9611940298507463,0.09411764705882353,110,106,418000,396000,14,2236703,0.9636363636363636,0.9473684210526315,0.12727272727272726
calibration,0,public-hub-200-7479726e5643,hub,64,94,42,1,balanced_band,stationary_hotspot,oracle,none,,0,False,0.04932405602397902,0.07025995650629657,13051869,110,95,406000,323000,0,1179816,0.8636363636363636,0.7955665024630542,0.0,25,23,83000,74000,0,568263,0.92,0.891566265060241,0.0,85,83,335000,322000,0,1667164,0.9764705882352941,0.9611940298507463,0.0,110,106,418000,396000,0,2235427,0.9636363636363636,0.9473684210526315,0.0
calibration,0,public-hub-200-7479726e5643,hub,64,94,42,1,balanced_band,stationary_hotspot,online,random,N012|N015,120000,False,0.04932405602397902,0.07998948292670999,13171869,110,95,406000,323000,42,1180972,0.8636363636363636,0.7955665024630542,0.38181818181818183,25,23,83000,74000,7,570134,0.92,0.891566265060241,0.28,85,83,335000,322000,8,1665717,0.9764705882352941,0.9611940298507463,0.09411764705882353,110,106,418000,396000,15,2235851,0.9636363636363636,0.9473684210526315,0.13636363636363635
calibration,0,public-hub-200-7479726e5643,hub,64,94,42,1,balanced_band,stationary_hotspot,online,failure_aware,N057|N059,120000,True,0.04932405602397902,0.09318534876941166,13171869,110,95,406000,323000,42,1180972,0.8636363636363636,0.7955665024630542,0.38181818181818183,25,24,83000,82000,4,572528,0.96,0.9879518072289156,0.16,85,85,335000,335000,7,1679620,1.0,1.0,0.08235294117647059,110,109,418000,417000,11,2252148,0.990909090909091,0.9976076555023924,0.1
calibration,0,public-hub-200-7479726e5643,hub,64,94,42,1,balanced_band,shifted_hotspot,public,none,,0,False,0.04932405602397902,0.07415142605838738,13051869,110,93,406000,312000,17,1174070,0.8454545454545455,0.7684729064039408,0.15454545454545454,25,23,83000,77000,2,557331,0.92,0.927710843373494,0.08,85,84,335000,330000,1,1677568,0.9882352941176471,0.9850746268656716,0.011764705882352941,110,107,418000,407000,3,2234899,0.9727272727272728,0.9736842105263158,0.02727272727272727
calibration,0,public-hub-200-7479726e5643,hub,64,94,42,1,balanced_band,shifted_hotspot,retry,none,,0,False,0.04932405602397902,0.07471220162856315,13051869,110,95,406000,323000,42,1179816,0.8636363636363636,0.7955665024630542,0.38181818181818183,25,24,83000,82000,2,570831,0.96,0.9879518072289156,0.08,85,85,335000,335000,1,1678968,1.0,1.0,0.011764705882352941,110,109,418000,417000,3,2249799,0.990909090909091,0.9976076555023924,0.02727272727272727
calibration,0,public-hub-200-7479726e5643,hub,64,94,42,1,balanced_band,shifted_hotspot,online,none,,0,False,0.04932405602397902,0.08313897804897542,13051869,110,95,406000,323000,42,1180972,0.8636363636363636,0.7955665024630542,0.38181818181818183,25,24,83000,82000,2,571287,0.96,0.9879518072289156,0.08,85,85,335000,335000,2,1679623,1.0,1.0,0.023529411764705882,110,109,418000,417000,4,2250910,0.990909090909091,0.9976076555023924,0.03636363636363636
calibration,0,public-hub-200-7479726e5643,hub,64,94,42,1,balanced_band,shifted_hotspot,oracle,none,,0,False,0.04932405602397902,0.07471220162856315,13051869,110,95,406000,323000,0,1179816,0.8636363636363636,0.7955665024630542,0.0,25,24,83000,82000,0,570831,0.96,0.9879518072289156,0.0,85,85,335000,335000,0,1678968,1.0,1.0,0.0,110,109,418000,417000,0,2249799,0.990909090909091,0.9976076555023924,0.0
calibration,0,public-hub-200-7479726e5643,hub,64,94,42,1,balanced_band,shifted_hotspot,online,random,N012|N015,120000,False,0.04932405602397902,0.08500789691221927,13171869,110,95,406000,323000,42,1180972,0.8636363636363636,0.7955665024630542,0.38181818181818183,25,24,83000,82000,3,572702,0.96,0.9879518072289156,0.12,85,85,335000,335000,2,1677521,1.0,1.0,0.023529411764705882,110,109,418000,417000,5,2250223,0.990909090909091,0.9976076555023924,0.045454545454545456
calibration,0,public-hub-200-7479726e5643,hub,64,94,42,1,balanced_band,shifted_hotspot,online,failure_aware,N057|N059,120000,False,0.04932405602397902,0.08302063155803352,13171869,110,95,406000,323000,42,1180972,0.8636363636363636,0.7955665024630542,0.38181818181818183,25,24,83000,82000,3,572702,0.96,0.9879518072289156,0.12,85,85,335000,335000,2,1680712,1.0,1.0,0.023529411764705882,110,109,418000,417000,5,2253414,0.990909090909091,0.9976076555023924,0.045454545454545456
calibration,0,public-hub-200-7479726e5643,hub,64,94,42,1,uniform,diffuse,public,none,,0,False,0.28410818804502125,0.2886968529113678,13051869,110,82,449000,276000,28,1204330,0.7454545454545455,0.6146993318485523,0.2545454545454545,25,23,81000,65000,2,48222,0.92,0.8024691358024691,0.08,85,75,305000,246000,10,1183083,0.8823529411764706,0.8065573770491803,0.11764705882352941,110,98,386000,311000,12,1231305,0.8909090909090909,0.805699481865285,0.10909090909090909
calibration,0,public-hub-200-7479726e5643,hub,64,94,42,1,uniform,diffuse,retry,none,,0,False,0.28410818804502125,0.2910459114271664,13051869,110,95,449000,359000,43,1256944,0.8636363636363636,0.799554565701559,0.39090909090909093,25,22,81000,57000,3,47257,0.88,0.7037037037037037,0.12,85,77,305000,262000,16,1215234,0.9058823529411765,0.8590163934426229,0.18823529411764706,110,99,386000,319000,19,1262491,0.9,0.8264248704663213,0.17272727272727273
calibration,0,public-hub-200-7479726e5643,hub,64,94,42,1,uniform,diffuse,online,none,,0,False,0.28410818804502125,0.29390826901006306,13051869,110,95,449000,359000,38,1257062,0.8636363636363636,0.799554565701559,0.34545454545454546,25,22,81000,57000,4,48489,0.88,0.7037037037037037,0.16,85,77,305000,262000,13,1216451,0.9058823529411765,0.8590163934426229,0.15294117647058825,110,99,386000,319000,17,1264940,0.9,0.8264248704663213,0.15454545454545454
calibration,0,public-hub-200-7479726e5643,hub,64,94,42,1,uniform,diffuse,oracle,none,,0,False,0.28410818804502125,0.2910459114271664,13051869,110,95,449000,359000,0,1256944,0.8636363636363636,0.799554565701559,0.0,25,22,81000,57000,0,47257,0.88,0.7037037037037037,0.0,85,77,305000,262000,0,1215234,0.9058823529411765,0.8590163934426229,0.0,110,99,386000,319000,0,1262491,0.9,0.8264248704663213,0.0
calibration,0,public-hub-200-7479726e5643,hub,64,94,42,1,uniform,diffuse,online,random,N012|N015,120000,False,0.28410818804502125,0.29095797142568286,13171869,110,95,449000,359000,38,1257062,0.8636363636363636,0.799554565701559,0.34545454545454546,25,22,81000,57000,4,48489,0.88,0.7037037037037037,0.16,85,77,305000,262000,13,1217620,0.9058823529411765,0.8590163934426229,0.15294117647058825,110,99,386000,319000,17,1266109,0.9,0.8264248704663213,0.15454545454545454
calibration,0,public-hub-200-7479726e5643,hub,64,94,42,1,uniform,diffuse,online,failure_aware,N051|N055,120000,False,0.28410818804502125,0.29095797142568286,13171869,110,95,449000,359000,38,1257062,0.8636363636363636,0.799554565701559,0.34545454545454546,25,22,81000,57000,4,48489,0.88,0.7037037037037037,0.16,85,77,305000,262000,14,1217620,0.9058823529411765,0.8590163934426229,0.16470588235294117,110,99,386000,319000,18,1266109,0.9,0.8264248704663213,0.16363636363636364
calibration,0,public-hub-200-7479726e5643,hub,64,94,42,1,uniform,stationary_hotspot,public,none,,0,False,0.28410818804502125,0.2913860975164629,13051869,110,86,406000,268000,24,1162013,0.7818181818181819,0.6600985221674877,0.21818181818181817,25,21,83000,70000,4,541408,0.84,0.8433734939759037,0.16,85,71,335000,260000,14,1628339,0.8352941176470589,0.7761194029850746,0.16470588235294117,110,92,418000,330000,18,2169747,0.8363636363636363,0.7894736842105263,0.16363636363636364
calibration,0,public-hub-200-7479726e5643,hub,64,94,42,1,uniform,stationary_hotspot,retry,none,,0,False,0.28410818804502125,0.28815254247668004,13051869,110,93,406000,315000,46,1175408,0.8454545454545455,0.7758620689655172,0.41818181818181815,25,24,83000,75000,4,569403,0.96,0.9036144578313253,0.16,85,77,335000,292000,22,1640431,0.9058823529411765,0.8716417910447761,0.25882352941176473,110,101,418000,367000,26,2209834,0.9181818181818182,0.8779904306220095,0.23636363636363636
calibration,0,public-hub-200-7479726e5643,hub,64,94,42,1,uniform,stationary_hotspot,online,none,,0,False,0.28410818804502125,0.2905608461975019,13051869,110,93,406000,315000,46,1176512,0.8454545454545455,0.7758620689655172,0.41818181818181815,25,24,83000,75000,5,574861,0.96,0.9036144578313253,0.2,85,77,335000,292000,21,1641384,0.9058823529411765,0.8716417910447761,0.24705882352941178,110,101,418000,367000,26,2216245,0.9181818181818182,0.8779904306220095,0.23636363636363636
calibration,0,public-hub-200-7479726e5643,hub,64,94,42,1,uniform,stationary_hotspot,oracle,none,,0,False,0.28410818804502125,0.28815254247668004,13051869,110,93,406000,315000,0,1175408,0.8454545454545455,0.7758620689655172,0.0,25,24,83000,75000,0,569403,0.96,0.9036144578313253,0.0,85,77,335000,292000,0,1640431,0.9058823529411765,0.8716417910447761,0.0,110,101,418000,367000,0,2209834,0.9181818181818182,0.8779904306220095,0.0
calibration,0,public-hub-200-7479726e5643,hub,64,94,42,1,uniform,stationary_hotspot,online,random,N012|N015,120000,False,0.28410818804502125,0.28613901751073106,13171869,110,93,406000,315000,46,1176512,0.8454545454545455,0.7758620689655172,0.41818181818181815,25,24,83000,75000,5,576250,0.96,0.9036144578313253,0.2,85,77,335000,292000,21,1638422,0.9058823529411765,0.8716417910447761,0.24705882352941178,110,101,418000,367000,26,2214672,0.9181818181818182,0.8779904306220095,0.23636363636363636
calibration,0,public-hub-200-7479726e5643,hub,64,94,42,1,uniform,stationary_hotspot,online,failure_aware,N057|N059,120000,True,0.28410818804502125,0.3015119903554493,13171869,110,93,406000,315000,46,1176512,0.8454545454545455,0.7758620689655172,0.41818181818181815,25,25,83000,83000,2,578670,1.0,1.0,0.08,85,79,335000,305000,18,1649970,0.9294117647058824,0.9104477611940298,0.21176470588235294,110,104,418000,388000,20,2228640,0.9454545454545454,0.9282296650717703,0.18181818181818182
calibration,0,public-hub-200-7479726e5643,hub,64,94,42,1,uniform,shifted_hotspot,public,none,,0,False,0.28410818804502125,0.29277023974398364,13051869,110,86,406000,268000,24,1162013,0.7818181818181819,0.6600985221674877,0.21818181818181817,25,24,83000,78000,1,558471,0.96,0.9397590361445783,0.04,85,75,335000,285000,10,1643428,0.8823529411764706,0.8507462686567164,0.11764705882352941,110,99,418000,363000,11,2201899,0.9,0.868421052631579,0.1
calibration,0,public-hub-200-7479726e5643,hub,64,94,42,1,uniform,shifted_hotspot,retry,none,,0,False,0.28410818804502125,0.29407348826029833,13051869,110,93,406000,315000,46,1175408,0.8454545454545455,0.7758620689655172,0.41818181818181815,25,25,83000,83000,1,571971,1.0,1.0,0.04,85,79,335000,305000,16,1649413,0.9294117647058824,0.9104477611940298,0.18823529411764706,110,104,418000,388000,17,2221384,0.9454545454545454,0.9282296650717703,0.15454545454545454
calibration,0,public-hub-200-7479726e5643,hub,64,94,42,1,uniform,shifted_hotspot,online,none,,0,False,0.28410818804502125,0.2953062660921014,13051869,110,93,406000,315000,46,1176512,0.8454545454545455,0.7758620689655172,0.41818181818181815,25,25,83000,83000,2,577429,1.0,1.0,0.08,85,79,335000,305000,12,1649713,0.9294117647058824,0.9104477611940298,0.1411764705882353,110,104,418000,388000,14,2227142,0.9454545454545454,0.9282296650717703,0.12727272727272726
calibration,0,public-hub-200-7479726e5643,hub,64,94,42,1,uniform,shifted_hotspot,oracle,none,,0,False,0.28410818804502125,0.29407348826029833,13051869,110,93,406000,315000,0,1175408,0.8454545454545455,0.7758620689655172,0.0,25,25,83000,83000,0,571971,1.0,1.0,0.0,85,79,335000,305000,0,1649413,0.9294117647058824,0.9104477611940298,0.0,110,104,418000,388000,0,2221384,0.9454545454545454,0.9282296650717703,0.0
calibration,0,public-hub-200-7479726e5643,hub,64,94,42,1,uniform,shifted_hotspot,online,random,N012|N015,120000,False,0.28410818804502125,0.2926541679913208,13171869,110,93,406000,315000,46,1176512,0.8454545454545455,0.7758620689655172,0.41818181818181815,25,25,83000,83000,2,578844,1.0,1.0,0.08,85,80,335000,310000,11,1651191,0.9411764705882353,0.9253731343283582,0.12941176470588237,110,105,418000,393000,13,2230035,0.9545454545454546,0.9401913875598086,0.11818181818181818
calibration,0,public-hub-200-7479726e5643,hub,64,94,42,1,uniform,shifted_hotspot,online,failure_aware,N057|N059,120000,False,0.28410818804502125,0.29152338524757626,13171869,110,93,406000,315000,46,1176512,0.8454545454545455,0.7758620689655172,0.41818181818181815,25,25,83000,83000,2,578844,1.0,1.0,0.08,85,79,335000,305000,12,1650802,0.9294117647058824,0.9104477611940298,0.1411764705882353,110,104,418000,388000,14,2229646,0.9454545454545454,0.9282296650717703,0.12727272727272726
calibration,0,public-hub-200-7479726e5643,hub,64,94,42,1,polarized,diffuse,public,none,,0,False,0.6942867114451651,0.6468609576396528,13051869,110,68,449000,203000,42,1159681,0.6181818181818182,0.4521158129175947,0.38181818181818183,25,21,81000,62000,4,47554,0.84,0.7654320987654321,0.16,85,69,305000,202000,16,1666544,0.8117647058823529,0.6622950819672131,0.18823529411764706,110,90,386000,264000,20,1714098,0.8181818181818182,0.6839378238341969,0.18181818181818182
calibration,0,public-hub-200-7479726e5643,hub,64,94,42,1,polarized,diffuse,retry,none,,0,False,0.6942867114451651,0.6440152340505692,13051869,110,82,449000,285000,68,1229016,0.7454545454545455,0.6347438752783965,0.6181818181818182,25,21,81000,62000,4,47554,0.84,0.7654320987654321,0.16,85,73,305000,227000,31,1698335,0.8588235294117647,0.7442622950819672,0.36470588235294116,110,94,386000,289000,35,1745889,0.8545454545454545,0.7487046632124352,0.3181818181818182
calibration,0,public-hub-200-7479726e5643,hub,64,94,42,1,polarized,diffuse,online,none,,0,False,0.6942867114451651,0.6416481291725574,13051869,110,82,449000,285000,69,1228044,0.7454545454545455,0.6347438752783965,0.6272727272727273,25,21,81000,62000,4,47719,0.84,0.7654320987654321,0.16,85,73,305000,227000,29,1697990,0.8588235294117647,0.7442622950819672,0.3411764705882353,110,94,386000,289000,33,1745709,0.8545454545454545,0.7487046632124352,0.3
calibration,0,public-hub-200-7479726e5643,hub,64,94,42,1,polarized,diffuse,oracle,none,,0,False,0.6942867114451651,0.6438751878875606,13051869,110,82,449000,285000,0,1229016,0.7454545454545455,0.6347438752783965,0.0,25,21,81000,62000,0,47554,0.84,0.7654320987654321,0.0,85,74,305000,235000,0,1728735,0.8705882352941177,0.7704918032786885,0.0,110,95,386000,297000,0,1776289,0.8636363636363636,0.7694300518134715,0.0
calibration,0,public-hub-200-7479726e5643,hub,64,94,42,1,polarized,diffuse,online,random,N012|N015,120000,False,0.6942867114451651,0.6354631312705055,13171869,110,82,449000,285000,69,1228044,0.7454545454545455,0.6347438752783965,0.6272727272727273,25,22,81000,63000,4,48949,0.88,0.7777777777777778,0.16,85,73,305000,227000,28,1699443,0.8588235294117647,0.7442622950819672,0.32941176470588235,110,95,386000,290000,32,1748392,0.8636363636363636,0.7512953367875648,0.2909090909090909
calibration,0,public-hub-200-7479726e5643,hub,64,94,42,1,polarized,diffuse,online,failure_aware,N051|N055,120000,False,0.6942867114451651,0.6358945834718375,13171869,110,82,449000,285000,69,1228044,0.7454545454545455,0.6347438752783965,0.6272727272727273,25,22,81000,67000,4,49969,0.88,0.8271604938271605,0.16,85,73,305000,227000,30,1700691,0.8588235294117647,0.7442622950819672,0.35294117647058826,110,95,386000,294000,34,1750660,0.8636363636363636,0.7616580310880829,0.3090909090909091
calibration,0,public-hub-200-7479726e5643,hub,64,94,42,1,polarized,stationary_hotspot,public,none,,0,False,0.6942867114451651,0.6779780413651663,13051869,110,65,406000,172000,45,1124435,0.5909090909090909,0.4236453201970443,0.4090909090909091,25,17,83000,59000,8,538202,0.68,0.7108433734939759,0.32,85,59,335000,182000,26,1585390,0.6941176470588235,0.5432835820895522,0.3058823529411765,110,76,418000,241000,34,2123592,0.6909090909090909,0.5765550239234449,0.3090909090909091
calibration,0,public-hub-200-7479726e5643,hub,64,94,42,1,polarized,stationary_hotspot,retry,none,,0,False,0.6942867114451651,0.6667602443599966,13051869,110,85,406000,279000,65,1167932,0.7727272727272727,0.687192118226601,0.5909090909090909,25,21,83000,63000,8,554053,0.84,0.7590361445783133,0.32,85,64,335000,222000,39,1590430,0.7529411764705882,0.6626865671641791,0.4588235294117647,110,85,418000,285000,47,2144483,0.7727272727272727,0.6818181818181818,0.42727272727272725
calibration,0,public-hub-200-7479726e5643,hub,64,94,42,1,polarized,stationary_hotspot,online,none,,0,False,0.6942867114451651,0.6659811853318033,13051869,110,85,406000,279000,63,1169151,0.7727272727272727,0.687192118226601,0.5727272727272728,25,21,83000,63000,8,554053,0.84,0.7590361445783133,0.32,85,64,335000,222000,41,1595868,0.7529411764705882,0.6626865671641791,0.4823529411764706,110,85,418000,285000,49,2149921,0.7727272727272727,0.6818181818181818,0.44545454545454544
calibration,0,public-hub-200-7479726e5643,hub,64,94,42,1,polarized,stationary_hotspot,oracle,none,,0,False,0.6942867114451651,0.6681062587131162,13051869,110,85,406000,279000,0,1167932,0.7727272727272727,0.687192118226601,0.0,25,21,83000,63000,0,554053,0.84,0.7590361445783133,0.0,85,65,335000,224000,0,1594529,0.7647058823529411,0.6686567164179105,0.0,110,86,418000,287000,0,2148582,0.7818181818181819,0.6866028708133971,0.0
calibration,0,public-hub-200-7479726e5643,hub,64,94,42,1,polarized,stationary_hotspot,online,random,N012|N015,120000,False,0.6942867114451651,0.65825263706904,13171869,110,85,406000,279000,63,1169151,0.7727272727272727,0.687192118226601,0.5727272727272728,25,21,83000,63000,9,555462,0.84,0.7590361445783133,0.36,85,66,335000,229000,36,1598853,0.7764705882352941,0.6835820895522388,0.4235294117647059,110,87,418000,292000,45,2154315,0.7909090909090909,0.6985645933014354,0.4090909090909091
calibration,0,public-hub-200-7479726e5643,hub,64,94,42,1,polarized,stationary_hotspot,online,failure_aware,N057|N059,120000,True,0.6942867114451651,0.6696246501152191,13171869,110,85,406000,279000,63,1169151,0.7727272727272727,0.687192118226601,0.5727272727272728,25,22,83000,71000,6,557856,0.88,0.8554216867469879,0.24,85,68,335000,241000,40,1608334,0.8,0.7194029850746269,0.47058823529411764,110,90,418000,312000,46,2166190,0.8181818181818182,0.7464114832535885,0.41818181818181815
calibration,0,public-hub-200-7479726e5643,hub,64,94,42,1,polarized,shifted_hotspot,public,none,,0,False,0.6942867114451651,0.6705782897183413,13051869,110,65,406000,172000,45,1124435,0.5909090909090909,0.4236453201970443,0.4090909090909091,25,20,83000,61000,5,554702,0.8,0.7349397590361446,0.2,85,64,335000,222000,21,1599995,0.7529411764705882,0.6626865671641791,0.24705882352941178,110,84,418000,283000,26,2154697,0.7636363636363637,0.6770334928229665,0.23636363636363636
calibration,0,public-hub-200-7479726e5643,hub,64,94,42,1,polarized,shifted_hotspot,retry,none,,0,False,0.6942867114451651,0.6688676896227582,13051869,110,85,406000,279000,65,1167932,0.7727272727272727,0.687192118226601,0.5909090909090909,25,22,83000,71000,6,556621,0.88,0.8554216867469879,0.24,85,62,335000,216000,43,1596259,0.7294117647058823,0.6447761194029851,0.5058823529411764,110,84,418000,287000,49,2152880,0.7636363636363637,0.6866028708133971,0.44545454545454544
calibration,0,public-hub-200-7479726e5643,hub,64,94,42,1,polarized,shifted_hotspot,online,none,,0,False,0.6942867114451651,0.668108156712564,13051869,110,85,406000,279000,63,1169151,0.7727272727272727,0.687192118226601,0.5727272727272728,25,22,83000,71000,7,556751,0.88,0.8554216867469879,0.28,85,62,335000,216000,46,1601697,0.7294117647058823,0.6447761194029851,0.5411764705882353,110,84,418000,287000,53,2158448,0.7636363636363637,0.6866028708133971,0.4818181818181818
calibration,0,public-hub-200-7479726e5643,hub,64,94,42,1,polarized,shifted_hotspot,oracle,none,,0,False,0.6942867114451651,0.6701771116929144,13051869,110,85,406000,279000,0,1167932,0.7727272727272727,0.687192118226601,0.0,25,22,83000,71000,0,556621,0.88,0.8554216867469879,0.0,85,63,335000,218000,0,1600358,0.7411764705882353,0.6507462686567164,0.0,110,85,418000,289000,0,2156979,0.7727272727272727,0.6913875598086124,0.0
calibration,0,public-hub-200-7479726e5643,hub,64,94,42,1,polarized,shifted_hotspot,online,random,N012|N015,120000,False,0.6942867114451651,0.6603602310504589,13171869,110,85,406000,279000,63,1169151,0.7727272727272727,0.687192118226601,0.5727272727272728,25,22,83000,71000,8,558160,0.88,0.8554216867469879,0.32,85,64,335000,223000,41,1604682,0.7529411764705882,0.6656716417910448,0.4823529411764706,110,86,418000,294000,49,2162842,0.7818181818181819,0.7033492822966507,0.44545454545454544
calibration,0,public-hub-200-7479726e5643,hub,64,94,42,1,polarized,shifted_hotspot,online,failure_aware,N057|N059,120000,False,0.6942867114451651,0.6587887793940725,13171869,110,85,406000,279000,63,1169151,0.7727272727272727,0.687192118226601,0.5727272727272728,25,22,83000,71000,8,558160,0.88,0.8554216867469879,0.32,85,64,335000,222000,45,1606257,0.7529411764705882,0.6626865671641791,0.5294117647058824,110,86,418000,293000,53,2164417,0.7818181818181819,0.7009569377990431,0.4818181818181818
sealed_holdout,1,public-random-201-2b21ee5c0b57,random,64,248,6,0,balanced_band,diffuse,public,none,,0,False,0.05152304014862239,0.06816559733578477,37074517,110,110,444000,444000,0,160010,1.0,1.0,0.0,25,24,84000,76000,1,43874,0.96,0.9047619047619048,0.04,85,77,361000,306000,8,140918,0.9058823529411765,0.8476454293628809,0.09411764705882353,110,101,445000,382000,9,184792,0.9181818181818182,0.8584269662921349,0.08181818181818182
sealed_holdout,1,public-random-201-2b21ee5c0b57,random,64,248,6,0,balanced_band,diffuse,retry,none,,0,False,0.05152304014862239,0.06761470744876905,37074517,110,110,444000,444000,0,160010,1.0,1.0,0.0,25,25,84000,84000,1,47090,1.0,1.0,0.04,85,84,361000,353000,8,151626,0.9882352941176471,0.9778393351800554,0.09411764705882353,110,109,445000,437000,9,198716,0.990909090909091,0.9820224719101124,0.08181818181818182
sealed_holdout,1,public-random-201-2b21ee5c0b57,random,64,248,6,0,balanced_band,diffuse,online,none,,0,False,0.05152304014862239,0.06974564824003615,37074517,110,110,444000,444000,1,160918,1.0,1.0,0.00909090909090909,25,25,84000,84000,1,47887,1.0,1.0,0.04,85,84,361000,353000,6,154422,0.9882352941176471,0.9778393351800554,0.07058823529411765,110,109,445000,437000,7,202309,0.990909090909091,0.9820224719101124,0.06363636363636363
sealed_holdout,1,public-random-201-2b21ee5c0b57,random,64,248,6,0,balanced_band,diffuse,oracle,none,,0,False,0.05152304014862239,0.06761470744876905,37074517,110,110,444000,444000,0,160010,1.0,1.0,0.0,25,25,84000,84000,0,47090,1.0,1.0,0.0,85,84,361000,353000,0,151626,0.9882352941176471,0.9778393351800554,0.0,110,109,445000,437000,0,198716,0.990909090909091,0.9820224719101124,0.0
sealed_holdout,1,public-random-201-2b21ee5c0b57,random,64,248,6,0,balanced_band,diffuse,online,random,N014|N035,120000,False,0.05152304014862239,0.06817138134096147,37194517,110,110,444000,444000,1,160918,1.0,1.0,0.00909090909090909,25,25,84000,84000,1,30970,1.0,1.0,0.04,85,84,361000,353000,8,138228,0.9882352941176471,0.9778393351800554,0.09411764705882353,110,109,445000,437000,9,169198,0.990909090909091,0.9820224719101124,0.08181818181818182
sealed_holdout,1,public-random-201-2b21ee5c0b57,random,64,248,6,0,balanced_band,diffuse,online,failure_aware,N014|N035,120000,False,0.05152304014862239,0.06817138134096147,37194517,110,110,444000,444000,1,160918,1.0,1.0,0.00909090909090909,25,25,84000,84000,1,30970,1.0,1.0,0.04,85,84,361000,353000,8,138228,0.9882352941176471,0.9778393351800554,0.09411764705882353,110,109,445000,437000,9,169198,0.990909090909091,0.9820224719101124,0.08181818181818182
sealed_holdout,1,public-random-201-2b21ee5c0b57,random,64,248,6,0,balanced_band,stationary_hotspot,public,none,,0,False,0.05152304014862239,0.06376244311702514,37074517,110,100,438000,390000,10,152401,0.9090909090909091,0.8904109589041096,0.09090909090909091,25,20,109000,84000,5,30223,0.8,0.7706422018348624,0.2,85,76,354000,309000,9,136856,0.8941176470588236,0.8728813559322034,0.10588235294117647,110,96,463000,393000,14,167079,0.8727272727272727,0.8488120950323974,0.12727272727272726
sealed_holdout,1,public-random-201-2b21ee5c0b57,random,64,248,6,0,balanced_band,stationary_hotspot,retry,none,,0,False,0.05152304014862239,0.06638725487959518,37074517,110,108,438000,425000,15,168264,0.9818181818181818,0.9703196347031964,0.13636363636363635,25,23,109000,99000,11,37801,0.92,0.908256880733945,0.44,85,78,354000,316000,23,139787,0.9176470588235294,0.8926553672316384,0.27058823529411763,110,101,463000,415000,34,177588,0.9181818181818182,0.896328293736501,0.3090909090909091
sealed_holdout,1,public-random-201-2b21ee5c0b57,random,64,248,6,0,balanced_band,stationary_hotspot,online,none,,0,False,0.05152304014862239,0.07151366320734924,37074517,110,108,438000,425000,15,172565,0.9818181818181818,0.9703196347031964,0.13636363636363635,25,25,109000,109000,9,47871,1.0,1.0,0.36,85,83,354000,341000,13,157628,0.9764705882352941,0.963276836158192,0.15294117647058825,110,108,463000,450000,22,205499,0.9818181818181818,0.9719222462203023,0.2
sealed_holdout,1,public-random-201-2b21ee5c0b57,random,64,248,6,0,balanced_band,stationary_hotspot,oracle,none,,0,False,0.05152304014862239,0.07255899392830027,37074517,110,110,438000,438000,0,173954,1.0,1.0,0.0,25,25,109000,109000,0,43321,1.0,1.0,0.0,85,84,354000,346000,0,154431,0.9882352941176471,0.9774011299435028,0.0,110,109,463000,455000,0,197752,0.990909090909091,0.9827213822894169,0.0
sealed_holdout,1,public-random-201-2b21ee5c0b57,random,64,248,6,0,balanced_band,stationary_hotspot,online,random,N014|N035,120000,False,0.05152304014862239,0.06830891124474066,37194517,110,108,438000,425000,15,172565,0.9818181818181818,0.9703196347031964,0.13636363636363635,25,24,109000,101000,8,37495,0.96,0.926605504587156,0.32,85,80,354000,326000,20,139740,0.9411764705882353,0.9209039548022598,0.23529411764705882,110,104,463000,427000,28,177235,0.9454545454545454,0.9222462203023758,0.2545454545454545
sealed_holdout,1,public-random-201-2b21ee5c0b57,random,64,248,6,0,balanced_band,stationary_hotspot,online,failure_aware,N049|N057,120000,True,0.05152304014862239,0.06826011889980092,37194517,110,108,438000,425000,15,172565,0.9818181818181818,0.9703196347031964,0.13636363636363635,25,25,109000,109000,10,42130,1.0,1.0,0.4,85,84,354000,346000,6,144408,0.9882352941176471,0.9774011299435028,0.07058823529411765,110,109,463000,455000,16,186538,0.990909090909091,0.9827213822894169,0.14545454545454545
sealed_holdout,1,public-random-201-2b21ee5c0b57,random,64,248,6,0,balanced_band,shifted_hotspot,public,none,,0,False,0.05152304014862239,0.0648322706988272,37074517,110,100,438000,390000,10,152401,0.9090909090909091,0.8904109589041096,0.09090909090909091,25,23,109000,96000,2,28478,0.92,0.8807339449541285,0.08,85,75,354000,307000,10,123557,0.8823529411764706,0.867231638418079,0.11764705882352941,110,98,463000,403000,12,152035,0.8909090909090909,0.8704103671706264,0.10909090909090909
sealed_holdout,1,public-random-201-2b21ee5c0b57,random,64,248,6,0,balanced_band,shifted_hotspot,retry,none,,0,False,0.05152304014862239,0.07109198439343273,37074517,110,108,438000,425000,15,168264,0.9818181818181818,0.9703196347031964,0.13636363636363635,25,25,109000,109000,12,39148,1.0,1.0,0.48,85,84,354000,346000,28,142929,0.9882352941176471,0.9774011299435028,0.32941176470588235,110,109,463000,455000,40,182077,0.990909090909091,0.9827213822894169,0.36363636363636365
sealed_holdout,1,public-random-201-2b21ee5c0b57,random,64,248,6,0,balanced_band,shifted_hotspot,online,none,,0,False,0.05152304014862239,0.07393715524747307,37074517,110,108,438000,425000,15,172565,0.9818181818181818,0.9703196347031964,0.13636363636363635,25,25,109000,109000,9,42554,1.0,1.0,0.36,85,84,354000,346000,14,155145,0.9882352941176471,0.9774011299435028,0.16470588235294117,110,109,463000,455000,23,197699,0.990909090909091,0.9827213822894169,0.20909090909090908
sealed_holdout,1,public-random-201-2b21ee5c0b57,random,64,248,6,0,balanced_band,shifted_hotspot,oracle,none,,0,False,0.05152304014862239,0.07135851814767163,37074517,110,110,438000,438000,0,173954,1.0,1.0,0.0,25,25,109000,109000,0,38648,1.0,1.0,0.0,85,85,354000,354000,0,143729,1.0,1.0,0.0,110,110,463000,463000,0,182377,1.0,1.0,0.0
sealed_holdout,1,public-random-201-2b21ee5c0b57,random,64,248,6,0,balanced_band,shifted_hotspot,online,random,N014|N035,120000,False,0.05152304014862239,0.07502500324937798,37194517,110,108,438000,425000,15,172565,0.9818181818181818,0.9703196347031964,0.13636363636363635,25,25,109000,109000,9,40541,1.0,1.0,0.36,85,84,354000,346000,11,143812,0.9882352941176471,0.9774011299435028,0.12941176470588237,110,109,463000,455000,20,184353,0.990909090909091,0.9827213822894169,0.18181818181818182
sealed_holdout,1,public-random-201-2b21ee5c0b57,random,64,248,6,0,balanced_band,shifted_hotspot,online,failure_aware,N049|N057,120000,False,0.05152304014862239,0.07502500324937798,37194517,110,108,438000,425000,15,172565,0.9818181818181818,0.9703196347031964,0.13636363636363635,25,25,109000,109000,9,40541,1.0,1.0,0.36,85,84,354000,346000,11,143812,0.9882352941176471,0.9774011299435028,0.12941176470588237,110,109,463000,455000,20,184353,0.990909090909091,0.9827213822894169,0.18181818181818182
sealed_holdout,1,public-random-201-2b21ee5c0b57,random,64,248,6,0,uniform,diffuse,public,none,,0,False,0.29677340018828724,0.3045236269307671,37074517,110,98,444000,372000,12,146598,0.8909090909090909,0.8378378378378378,0.10909090909090909,25,22,84000,63000,3,42114,0.88,0.75,0.12,85,73,361000,283000,12,131947,0.8588235294117647,0.7839335180055401,0.1411764705882353,110,95,445000,346000,15,174061,0.8636363636363636,0.7775280898876404,0.13636363636363635
sealed_holdout,1,public-random-201-2b21ee5c0b57,random,64,248,6,0,uniform,diffuse,retry,none,,0,False,0.29677340018828724,0.3059696934191919,37074517,110,106,444000,427000,20,173760,0.9636363636363636,0.9617117117117117,0.18181818181818182,25,25,84000,84000,3,48840,1.0,1.0,0.12,85,82,361000,343000,17,155417,0.9647058823529412,0.9501385041551247,0.2,110,107,445000,427000,20,204257,0.9727272727272728,0.9595505617977528,0.18181818181818182
sealed_holdout,1,public-random-201-2b21ee5c0b57,random,64,248,6,0,uniform,diffuse,online,none,,0,False,0.29677340018828724,0.3041345098466787,37074517,110,106,444000,427000,23,174817,0.9636363636363636,0.9617117117117117,0.20909090909090908,25,24,84000,79000,5,47721,0.96,0.9404761904761905,0.2,85,83,361000,351000,12,162601,0.9764705882352941,0.9722991689750693,0.1411764705882353,110,107,445000,430000,17,210322,0.9727272727272728,0.9662921348314607,0.15454545454545454
sealed_holdout,1,public-random-201-2b21ee5c0b57,random,64,248,6,0,uniform,diffuse,oracle,none,,0,False,0.29677340018828724,0.3054886528133258,37074517,110,107,444000,435000,0,181432,0.9727272727272728,0.9797297297297297,0.0,25,25,84000,84000,0,48840,1.0,1.0,0.0,85,83,361000,351000,0,157853,0.9764705882352941,0.9722991689750693,0.0,110,108,445000,435000,0,206693,0.9818181818181818,0.9775280898876404,0.0
sealed_holdout,1,public-random-201-2b21ee5c0b57,random,64,248,6,0,uniform,diffuse,online,random,N014|N035,120000,False,0.29677340018828724,0.3060707202005825,37194517,110,106,444000,427000,23,174817,0.9636363636363636,0.9617117117117117,0.20909090909090908,25,24,84000,79000,4,27590,0.96,0.9404761904761905,0.16,85,83,361000,351000,19,145601,0.9764705882352941,0.9722991689750693,0.2235294117647059,110,107,445000,430000,23,173191,0.9727272727272728,0.9662921348314607,0.20909090909090908
sealed_holdout,1,public-random-201-2b21ee5c0b57,random,64,248,6,0,uniform,diffuse,online,failure_aware,N031|N060,120000,False,0.29677340018828724,0.3059498191896061,37194517,110,106,444000,427000,23,174817,0.9636363636363636,0.9617117117117117,0.20909090909090908,25,24,84000,79000,4,27540,0.96,0.9404761904761905,0.16,85,84,361000,359000,16,150041,0.9882352941176471,0.9944598337950139,0.18823529411764706,110,108,445000,438000,20,177581,0.9818181818181818,0.9842696629213483,0.18181818181818182
sealed_holdout,1,public-random-201-2b21ee5c0b57,random,64,248,6,0,uniform,stationary_hotspot,public,none,,0,False,0.29677340018828724,0.2992330548966045,37074517,110,90,438000,325000,20,136997,0.8181818181818182,0.7420091324200914,0.18181818181818182,25,19,109000,86000,6,29810,0.76,0.7889908256880734,0.24,85,71,354000,266000,14,112050,0.8352941176470589,0.751412429378531,0.16470588235294117,110,90,463000,352000,20,141860,0.8181818181818182,0.7602591792656588,0.18181818181818182
sealed_holdout,1,public-random-201-2b21ee5c0b57,random,64,248,6,0,uniform,stationary_hotspot,retry,none,,0,False,0.29677340018828724,0.3027503744886804,37074517,110,108,438000,422000,26,179474,0.9818181818181818,0.9634703196347032,0.23636363636363636,25,22,109000,97000,13,36023,0.88,0.8899082568807339,0.52,85,76,354000,300000,34,139183,0.8941176470588236,0.847457627118644,0.4,110,98,463000,397000,47,175206,0.8909090909090909,0.857451403887689,0.42727272727272725
sealed_holdout,1,public-random-201-2b21ee5c0b57,random,64,248,6,0,uniform,stationary_hotspot,online,none,,0,False,0.29677340018828724,0.307378438516605,37074517,110,108,438000,422000,24,180919,0.9818181818181818,0.9634703196347032,0.21818181818181817,25,22,109000,97000,9,37924,0.88,0.8899082568807339,0.36,85,82,354000,330000,31,163556,0.9647058823529412,0.9322033898305084,0.36470588235294116,110,104,463000,427000,40,201480,0.9454545454545454,0.9222462203023758,0.36363636363636365
sealed_holdout,1,public-random-201-2b21ee5c0b57,random,64,248,6,0,uniform,stationary_hotspot,oracle,none,,0,False,0.29677340018828724,0.30506405444053053,37074517,110,110,438000,438000,0,189887,1.0,1.0,0.0,25,25,109000,109000,0,43847,1.0,1.0,0.0,85,81,354000,325000,0,167015,0.9529411764705882,0.9180790960451978,0.0,110,106,463000,434000,0,210862,0.9636363636363636,0.937365010799136,0.0
sealed_holdout,1,public-random-201-2b21ee5c0b57,random,64,248,6,0,uniform,stationary_hotspot,online,random,N014|N035,120000,False,0.29677340018828724,0.30833963123855773,37194517,110,108,438000,422000,24,180919,0.9818181818181818,0.9634703196347032,0.21818181818181817,25,23,109000,99000,8,36965,0.92,0.908256880733945,0.32,85,80,354000,323000,28,142153,0.9411764705882353,0.9124293785310734,0.32941176470588235,110,103,463000,422000,36,179118,0.9363636363636364,0.9114470842332614,0.32727272727272727
sealed_holdout,1,public-random-201-2b21ee5c0b57,random,64,248,6,0,uniform,stationary_hotspot,online,failure_aware,N012|N033,120000,False,0.29677340018828724,0.30833963123855773,37194517,110,108,438000,422000,24,180919,0.9818181818181818,0.9634703196347032,0.21818181818181817,25,23,109000,99000,8,36965,0.92,0.908256880733945,0.32,85,80,354000,323000,28,142153,0.9411764705882353,0.9124293785310734,0.32941176470588235,110,103,463000,422000,36,179118,0.9363636363636364,0.9114470842332614,0.32727272727272727
sealed_holdout,1,public-random-201-2b21ee5c0b57,random,64,248,6,0,uniform,shifted_hotspot,public,none,,0,False,0.29677340018828724,0.3005574560941086,37074517,110,90,438000,325000,20,136997,0.8181818181818182,0.7420091324200914,0.18181818181818182,25,21,109000,96000,4,28768,0.84,0.8807339449541285,0.16,85,71,354000,266000,14,99187,0.8352941176470589,0.751412429378531,0.16470588235294117,110,92,463000,362000,18,127955,0.8363636363636363,0.7818574514038877,0.16363636363636364
sealed_holdout,1,public-random-201-2b21ee5c0b57,random,64,248,6,0,uniform,shifted_hotspot,retry,none,,0,False,0.29677340018828724,0.30659319092064374,37074517,110,108,438000,422000,26,179474,0.9818181818181818,0.9634703196347032,0.23636363636363636,25,25,109000,109000,15,39113,1.0,1.0,0.6,85,78,354000,307000,53,135710,0.9176470588235294,0.867231638418079,0.6235294117647059,110,103,463000,416000,68,174823,0.9363636363636364,0.8984881209503239,0.6181818181818182
sealed_holdout,1,public-random-201-2b21ee5c0b57,random,64,248,6,0,uniform,shifted_hotspot,online,none,,0,False,0.29677340018828724,0.3089412452058065,37074517,110,108,438000,422000,24,180919,0.9818181818181818,0.9634703196347032,0.21818181818181817,25,25,109000,109000,8,41219,1.0,1.0,0.32,85,79,354000,315000,29,139813,0.9294117647058824,0.8898305084745762,0.3411764705882353,110,104,463000,424000,37,181032,0.9454545454545454,0.9157667386609071,0.33636363636363636
sealed_holdout,1,public-random-201-2b21ee5c0b57,random,64,248,6,0,uniform,shifted_hotspot,oracle,none,,0,False,0.29677340018828724,0.30595824209573974,37074517,110,110,438000,438000,0,189887,1.0,1.0,0.0,25,25,109000,109000,0,39113,1.0,1.0,0.0,85,82,354000,330000,0,164716,0.9647058823529412,0.9322033898305084,0.0,110,107,463000,439000,0,203829,0.9727272727272728,0.9481641468682506,0.0
sealed_holdout,1,public-random-201-2b21ee5c0b57,random,64,248,6,0,uniform,shifted_hotspot,online,random,N014|N035,120000,False,0.29677340018828724,0.30867490236400325,37194517,110,108,438000,422000,24,180919,0.9818181818181818,0.9634703196347032,0.21818181818181817,25,25,109000,109000,8,39206,1.0,1.0,0.32,85,79,354000,315000,26,125316,0.9294117647058824,0.8898305084745762,0.3058823529411765,110,104,463000,424000,34,164522,0.9454545454545454,0.9157667386609071,0.3090909090909091
sealed_holdout,1,public-random-201-2b21ee5c0b57,random,64,248,6,0,uniform,shifted_hotspot,online,failure_aware,N012|N033,120000,False,0.29677340018828724,0.30867490236400325,37194517,110,108,438000,422000,24,180919,0.9818181818181818,0.9634703196347032,0.21818181818181817,25,25,109000,109000,8,39206,1.0,1.0,0.32,85,79,354000,315000,26,125316,0.9294117647058824,0.8898305084745762,0.3058823529411765,110,104,463000,424000,34,164522,0.9454545454545454,0.9157667386609071,0.3090909090909091
sealed_holdout,1,public-random-201-2b21ee5c0b57,random,64,248,6,0,polarized,diffuse,public,none,,0,False,0.7052899445536784,0.6967608408197106,37074517,110,76,444000,255000,34,103712,0.6909090909090909,0.5743243243243243,0.3090909090909091,25,20,84000,57000,5,37938,0.8,0.6785714285714286,0.2,85,55,361000,168000,30,77032,0.6470588235294118,0.46537396121883656,0.35294117647058826,110,75,445000,225000,35,114970,0.6818181818181818,0.5056179775280899,0.3181818181818182
sealed_holdout,1,public-random-201-2b21ee5c0b57,random,64,248,6,0,polarized,diffuse,retry,none,,0,False,0.7052899445536784,0.6897104667574856,37074517,110,97,444000,376000,66,171193,0.8818181818181818,0.8468468468468469,0.6,25,25,84000,84000,3,51726,1.0,1.0,0.12,85,76,361000,295000,47,140556,0.8941176470588236,0.817174515235457,0.5529411764705883,110,101,445000,379000,50,192282,0.9181818181818182,0.851685393258427,0.45454545454545453
sealed_holdout,1,public-random-201-2b21ee5c0b57,random,64,248,6,0,polarized,diffuse,online,none,,0,False,0.7052899445536784,0.6847990396320132,37074517,110,97,444000,373000,65,170825,0.8818181818181818,0.8400900900900901,0.5909090909090909,25,24,84000,76000,5,51580,0.96,0.9047619047619048,0.2,85,76,361000,301000,47,159263,0.8941176470588236,0.8337950138504155,0.5529411764705883,110,100,445000,377000,52,210843,0.9090909090909091,0.8471910112359551,0.4727272727272727
sealed_holdout,1,public-random-201-2b21ee5c0b57,random,64,248,6,0,polarized,diffuse,oracle,none,,0,False,0.7052899445536784,0.6850718618705883,37074517,110,103,444000,412000,0,203223,0.9363636363636364,0.9279279279279279,0.0,25,25,84000,84000,0,51726,1.0,1.0,0.0,85,83,361000,345000,0,300416,0.9764705882352941,0.9556786703601108,0.0,110,108,445000,429000,0,352142,0.9818181818181818,0.9640449438202248,0.0
sealed_holdout,1,public-random-201-2b21ee5c0b57,random,64,248,6,0,polarized,diffuse,online,random,N014|N035,120000,False,0.7052899445536784,0.6813655385668937,37194517,110,97,444000,373000,65,170825,0.8818181818181818,0.8400900900900901,0.5909090909090909,25,24,84000,76000,7,50683,0.96,0.9047619047619048,0.28,85,79,361000,319000,37,145257,0.9294117647058824,0.8836565096952909,0.43529411764705883,110,103,445000,395000,44,195940,0.9363636363636364,0.8876404494382022,0.4
sealed_holdout,1,public-random-201-2b21ee5c0b57,random,64,248,6,0,polarized,diffuse,online,failure_aware,N031|N062,120000,False,0.7052899445536784,0.6803116496949368,37194517,110,97,444000,373000,65,170825,0.8818181818181818,0.8400900900900901,0.5909090909090909,25,24,84000,76000,7,50683,0.96,0.9047619047619048,0.28,85,80,361000,327000,36,151657,0.9411764705882353,0.9058171745152355,0.4235294117647059,110,104,445000,403000,43,202340,0.9454545454545454,0.9056179775280899,0.39090909090909093
sealed_holdout,1,public-random-201-2b21ee5c0b57,random,64,248,6,0,polarized,stationary_hotspot,public,none,,0,False,0.7052899445536784,0.6964793148832429,37074517,110,70,438000,206000,40,79324,0.6363636363636364,0.4703196347031963,0.36363636363636365,25,14,109000,52000,11,24752,0.56,0.47706422018348627,0.44,85,62,354000,203000,23,88366,0.7294117647058823,0.5734463276836158,0.27058823529411763,110,76,463000,255000,34,113118,0.6909090909090909,0.550755939524838,0.3090909090909091
sealed_holdout,1,public-random-201-2b21ee5c0b57,random,64,248,6,0,polarized,stationary_hotspot,retry,none,,0,False,0.7052899445536784,0.6906662803105132,37074517,110,94,438000,337000,75,167949,0.8545454545454545,0.769406392694064,0.6818181818181818,25,21,109000,93000,19,38136,0.84,0.8532110091743119,0.76,85,71,354000,251000,54,122539,0.8352941176470589,0.7090395480225988,0.6352941176470588,110,92,463000,344000,73,160675,0.8363636363636363,0.7429805615550756,0.6636363636363637
sealed_holdout,1,public-random-201-2b21ee5c0b57,random,64,248,6,0,polarized,stationary_hotspot,online,none,,0,False,0.7052899445536784,0.6948613068361005,37074517,110,96,438000,350000,73,179878,0.8727272727272727,0.7990867579908676,0.6636363636363637,25,20,109000,91000,17,38396,0.8,0.8348623853211009,0.68,85,70,354000,243000,54,115882,0.8235294117647058,0.6864406779661016,0.6352941176470588,110,90,463000,334000,71,154278,0.8181818181818182,0.7213822894168467,0.6454545454545455
sealed_holdout,1,public-random-201-2b21ee5c0b57,random,64,248,6,0,polarized,stationary_hotspot,oracle,none,,0,False,0.7052899445536784,0.689904593825885,37074517,110,102,438000,395000,0,262131,0.9272727272727272,0.9018264840182648,0.0,25,24,109000,101000,0,51067,0.96,0.926605504587156,0.0,85,77,354000,293000,0,163407,0.9058823529411765,0.827683615819209,0.0,110,101,463000,394000,0,214474,0.9181818181818182,0.8509719222462203,0.0
sealed_holdout,1,public-random-201-2b21ee5c0b57,random,64,248,6,0,polarized,stationary_hotspot,online,random,N014|N035,120000,False,0.7052899445536784,0.6908622341382498,37194517,110,96,438000,350000,73,179878,0.8727272727272727,0.7990867579908676,0.6636363636363637,25,22,109000,94000,13,38741,0.88,0.8623853211009175,0.52,85,70,354000,246000,57,114115,0.8235294117647058,0.6949152542372882,0.6705882352941176,110,92,463000,340000,70,152856,0.8363636363636363,0.734341252699784,0.6363636363636364
sealed_holdout,1,public-random-201-2b21ee5c0b57,random,64,248,6,0,polarized,stationary_hotspot,online,failure_aware,N049|N057,120000,True,0.7052899445536784,0.6948209881985938,37194517,110,96,438000,350000,73,179878,0.8727272727272727,0.7990867579908676,0.6636363636363637,25,24,109000,104000,7,41846,0.96,0.9541284403669725,0.28,85,75,354000,277000,48,129125,0.8823529411764706,0.7824858757062146,0.5647058823529412,110,99,463000,381000,55,170971,0.9,0.8228941684665226,0.5
sealed_holdout,1,public-random-201-2b21ee5c0b57,random,64,248,6,0,polarized,shifted_hotspot,public,none,,0,False,0.7052899445536784,0.6949735679210374,37074517,110,70,438000,206000,40,79324,0.6363636363636364,0.4703196347031963,0.36363636363636365,25,17,109000,71000,8,25458,0.68,0.6513761467889908,0.32,85,63,354000,211000,22,77007,0.7411764705882353,0.596045197740113,0.25882352941176473,110,80,463000,282000,30,102465,0.7272727272727273,0.6090712742980562,0.2727272727272727
sealed_holdout,1,public-random-201-2b21ee5c0b57,random,64,248,6,0,polarized,shifted_hotspot,retry,none,,0,False,0.7052899445536784,0.6904445258282361,37074517,110,94,438000,337000,75,167949,0.8545454545454545,0.769406392694064,0.6818181818181818,25,23,109000,96000,13,32843,0.92,0.8807339449541285,0.52,85,70,354000,249000,57,107694,0.8235294117647058,0.7033898305084746,0.6705882352941176,110,93,463000,345000,70,140537,0.8454545454545455,0.7451403887688985,0.6363636363636364
sealed_holdout,1,public-random-201-2b21ee5c0b57,random,64,248,6,0,polarized,shifted_hotspot,online,none,,0,False,0.7052899445536784,0.6945943861217964,37074517,110,96,438000,350000,73,179878,0.8727272727272727,0.7990867579908676,0.6636363636363637,25,22,109000,95000,13,35556,0.88,0.8715596330275229,0.52,85,69,354000,241000,58,102072,0.8117647058823529,0.6807909604519774,0.6823529411764706,110,91,463000,336000,71,137628,0.8272727272727273,0.7257019438444925,0.6454545454545455
sealed_holdout,1,public-random-201-2b21ee5c0b57,random,64,248,6,0,polarized,shifted_hotspot,oracle,none,,0,False,0.7052899445536784,0.6886659358390977,37074517,110,102,438000,395000,0,262131,0.9272727272727272,0.9018264840182648,0.0,25,25,109000,109000,0,55134,1.0,1.0,0.0,85,74,354000,284000,0,146677,0.8705882352941177,0.8022598870056498,0.0,110,99,463000,393000,0,201811,0.9,0.8488120950323974,0.0
sealed_holdout,1,public-random-201-2b21ee5c0b57,random,64,248,6,0,polarized,shifted_hotspot,online,random,N014|N035,120000,False,0.7052899445536784,0.6910223231335968,37194517,110,96,438000,350000,73,179878,0.8727272727272727,0.7990867579908676,0.6636363636363637,25,23,109000,96000,11,33275,0.92,0.8807339449541285,0.44,85,69,354000,244000,61,100408,0.8117647058823529,0.6892655367231638,0.7176470588235294,110,92,463000,340000,72,133683,0.8363636363636363,0.734341252699784,0.6545454545454545
sealed_holdout,1,public-random-201-2b21ee5c0b57,random,64,248,6,0,polarized,shifted_hotspot,online,failure_aware,N049|N057,120000,False,0.7052899445536784,0.6908133542291794,37194517,110,96,438000,350000,73,179878,0.8727272727272727,0.7990867579908676,0.6636363636363637,25,23,109000,96000,11,33275,0.92,0.8807339449541285,0.44,85,69,354000,244000,62,100730,0.8117647058823529,0.6892655367231638,0.7294117647058823,110,92,463000,340000,73,134005,0.8363636363636363,0.734341252699784,0.6636363636363637
sealed_holdout,1,public-random-201-2b21ee5c0b57,random,64,248,6,1,balanced_band,diffuse,public,none,,0,False,0.05277544232995977,0.06828149068803735,37074517,110,105,435000,395000,5,146245,0.9545454545454546,0.9080459770114943,0.045454545454545456,25,24,94000,86000,1,31705,0.96,0.9148936170212766,0.04,85,78,318000,275000,7,117784,0.9176470588235294,0.8647798742138365,0.08235294117647059,110,102,412000,361000,8,149489,0.9272727272727272,0.8762135922330098,0.07272727272727272
sealed_holdout,1,public-random-201-2b21ee5c0b57,random,64,248,6,1,balanced_band,diffuse,retry,none,,0,False,0.05277544232995977,0.07181445271431182,37074517,110,110,435000,435000,6,161677,1.0,1.0,0.05454545454545454,25,25,94000,94000,1,32305,1.0,1.0,0.04,85,85,318000,318000,10,130724,1.0,1.0,0.11764705882352941,110,110,412000,412000,11,163029,1.0,1.0,0.1
sealed_holdout,1,public-random-201-2b21ee5c0b57,random,64,248,6,1,balanced_band,diffuse,online,none,,0,False,0.05277544232995977,0.07071788946310059,37074517,110,110,435000,435000,8,163878,1.0,1.0,0.07272727272727272,25,25,94000,94000,2,34169,1.0,1.0,0.08,85,85,318000,318000,13,135266,1.0,1.0,0.15294117647058825,110,110,412000,412000,15,169435,1.0,1.0,0.13636363636363635
sealed_holdout,1,public-random-201-2b21ee5c0b57,random,64,248,6,1,balanced_band,diffuse,oracle,none,,0,False,0.05277544232995977,0.07181445271431182,37074517,110,110,435000,435000,0,161677,1.0,1.0,0.0,25,25,94000,94000,0,32305,1.0,1.0,0.0,85,85,318000,318000,0,130724,1.0,1.0,0.0,110,110,412000,412000,0,163029,1.0,1.0,0.0
sealed_holdout,1,public-random-201-2b21ee5c0b57,random,64,248,6,1,balanced_band,diffuse,online,random,N019|N045,120000,False,0.05277544232995977,0.06986363293170508,37194517,110,110,435000,435000,8,163878,1.0,1.0,0.07272727272727272,25,25,94000,94000,2,27840,1.0,1.0,0.08,85,84,318000,310000,15,116999,0.9882352941176471,0.9748427672955975,0.17647058823529413,110,109,412000,404000,17,144839,0.990909090909091,0.9805825242718447,0.15454545454545454
sealed_holdout,1,public-random-201-2b21ee5c0b57,random,64,248,6,1,balanced_band,diffuse,online,failure_aware,N019|N045,120000,False,0.05277544232995977,0.06986363293170508,37194517,110,110,435000,435000,8,163878,1.0,1.0,0.07272727272727272,25,25,94000,94000,2,27840,1.0,1.0,0.08,85,84,318000,310000,15,116999,0.9882352941176471,0.9748427672955975,0.17647058823529413,110,109,412000,404000,17,144839,0.990909090909091,0.9805825242718447,0.15454545454545454
sealed_holdout,1,public-random-201-2b21ee5c0b57,random,64,248,6,1,balanced_band,stationary_hotspot,public,none,,0,False,0.05277544232995977,0.07181236589698264,37074517,110,96,419000,362000,14,232084,0.8727272727272727,0.863961813842482,0.12727272727272726,25,14,104000,47000,11,32234,0.56,0.4519230769230769,0.44,85,62,331000,212000,23,125565,0.7294117647058823,0.6404833836858006,0.27058823529411763,110,76,435000,259000,34,157799,0.6909090909090909,0.5954022988505747,0.3090909090909091
sealed_holdout,1,public-random-201-2b21ee5c0b57,random,64,248,6,1,balanced_band,stationary_hotspot,retry,none,,0,False,0.05277544232995977,0.0814568298287845,37074517,110,109,419000,414000,17,284951,0.990909090909091,0.9880668257756563,0.15454545454545454,25,21,104000,84000,19,59245,0.84,0.8076923076923077,0.76,85,74,331000,296000,39,181611,0.8705882352941177,0.8942598187311178,0.4588235294117647,110,95,435000,380000,58,240856,0.8636363636363636,0.8735632183908046,0.5272727272727272
sealed_holdout,1,public-random-201-2b21ee5c0b57,random,64,248,6,1,balanced_band,stationary_hotspot,online,none,,0,False,0.05277544232995977,0.08632885990902701,37074517,110,109,419000,414000,18,290332,0.990909090909091,0.9880668257756563,0.16363636363636364,25,23,104000,95000,17,74228,0.92,0.9134615384615384,0.68,85,76,331000,286000,47,197274,0.8941176470588236,0.8640483383685801,0.5529411764705883,110,99,435000,381000,64,271502,0.9,0.8758620689655172,0.5818181818181818
sealed_holdout,1,public-random-201-2b21ee5c0b57,random,64,248,6,1,balanced_band,stationary_hotspot,oracle,none,,0,False,0.05277544232995977,0.08309362356487224,37074517,110,110,419000,419000,0,292296,1.0,1.0,0.0,25,24,104000,96000,0,75432,0.96,0.9230769230769231,0.0,85,84,331000,326000,0,245916,0.9882352941176471,0.9848942598187311,0.0,110,108,435000,422000,0,321348,0.9818181818181818,0.9701149425287356,0.0
sealed_holdout,1,public-random-201-2b21ee5c0b57,random,64,248,6,1,balanced_band,stationary_hotspot,online,random,N019|N045,120000,False,0.05277544232995977,0.07881328839992277,37194517,110,109,419000,414000,18,290332,0.990909090909091,0.9880668257756563,0.16363636363636364,25,24,104000,96000,7,57189,0.96,0.9230769230769231,0.28,85,85,331000,331000,1,196560,1.0,1.0,0.011764705882352941,110,109,435000,427000,8,253749,0.990909090909091,0.9816091954022989,0.07272727272727272
sealed_holdout,1,public-random-201-2b21ee5c0b57,random,64,248,6,1,balanced_band,stationary_hotspot,online,failure_aware,N059|N061,120000,True,0.05277544232995977,0.07925190134059609,37194517,110,109,419000,414000,18,290332,0.990909090909091,0.9880668257756563,0.16363636363636364,25,24,104000,96000,6,34027,0.96,0.9230769230769231,0.24,85,85,331000,331000,1,121044,1.0,1.0,0.011764705882352941,110,109,435000,427000,7,155071,0.990909090909091,0.9816091954022989,0.06363636363636363
sealed_holdout,1,public-random-201-2b21ee5c0b57,random,64,248,6,1,balanced_band,shifted_hotspot,public,none,,0,False,0.05277544232995977,0.07070572240263145,37074517,110,96,419000,362000,14,232084,0.8727272727272727,0.863961813842482,0.12727272727272726,25,21,104000,78000,4,37590,0.84,0.75,0.16,85,75,331000,270000,10,119041,0.8823529411764706,0.8157099697885196,0.11764705882352941,110,96,435000,348000,14,156631,0.8727272727272727,0.8,0.12727272727272726
sealed_holdout,1,public-random-201-2b21ee5c0b57,random,64,248,6,1,balanced_band,shifted_hotspot,retry,none,,0,False,0.05277544232995977,0.07488113440590977,37074517,110,109,419000,414000,17,284951,0.990909090909091,0.9880668257756563,0.15454545454545454,25,24,104000,96000,6,46262,0.96,0.9230769230769231,0.24,85,85,331000,331000,17,138140,1.0,1.0,0.2,110,109,435000,427000,23,184402,0.990909090909091,0.9816091954022989,0.20909090909090908
sealed_holdout,1,public-random-201-2b21ee5c0b57,random,64,248,6,1,balanced_band,shifted_hotspot,online,none,,0,False,0.05277544232995977,0.0779128653786686,37074517,110,109,419000,414000,18,290332,0.990909090909091,0.9880668257756563,0.16363636363636364,25,24,104000,96000,8,47796,0.96,0.9230769230769231,0.32,85,85,331000,331000,11,140375,1.0,1.0,0.12941176470588237,110,109,435000,427000,19,188171,0.990909090909091,0.9816091954022989,0.17272727272727273
sealed_holdout,1,public-random-201-2b21ee5c0b57,random,64,248,6,1,balanced_band,shifted_hotspot,oracle,none,,0,False,0.05277544232995977,0.0748409272743909,37074517,110,110,419000,419000,0,292296,1.0,1.0,0.0,25,24,104000,96000,0,46262,0.96,0.9230769230769231,0.0,85,85,331000,331000,0,138140,1.0,1.0,0.0,110,109,435000,427000,0,184402,0.990909090909091,0.9816091954022989,0.0
sealed_holdout,1,public-random-201-2b21ee5c0b57,random,64,248,6,1,balanced_band,shifted_hotspot,online,random,N019|N045,120000,False,0.05277544232995977,0.07879836791697202,37194517,110,109,419000,414000,18,290332,0.990909090909091,0.9880668257756563,0.16363636363636364,25,24,104000,96000,7,33169,0.96,0.9230769230769231,0.28,85,85,331000,331000,9,120600,1.0,1.0,0.10588235294117647,110,109,435000,427000,16,153769,0.990909090909091,0.9816091954022989,0.14545454545454545
sealed_holdout,1,public-random-201-2b21ee5c0b57,random,64,248,6,1,balanced_band,shifted_hotspot,online,failure_aware,N059|N061,120000,False,0.05277544232995977,0.07914774928150593,37194517,110,109,419000,414000,18,290332,0.990909090909091,0.9880668257756563,0.16363636363636364,25,24,104000,96000,6,32263,0.96,0.9230769230769231,0.24,85,85,331000,331000,9,120600,1.0,1.0,0.10588235294117647,110,109,435000,427000,15,152863,0.990909090909091,0.9816091954022989,0.13636363636363635
sealed_holdout,1,public-random-201-2b21ee5c0b57,random,64,248,6,1,uniform,diffuse,public,none,,0,False,0.3039868698749605,0.30243043650085377,37074517,110,91,435000,310000,19,122007,0.8272727272727273,0.7126436781609196,0.17272727272727273,25,21,94000,62000,4,23190,0.84,0.6595744680851063,0.16,85,69,318000,245000,16,106775,0.8117647058823529,0.7704402515723271,0.18823529411764706,110,90,412000,307000,20,129965,0.8181818181818182,0.7451456310679612,0.18181818181818182
sealed_holdout,1,public-random-201-2b21ee5c0b57,random,64,248,6,1,uniform,diffuse,retry,none,,0,False,0.3039868698749605,0.30735895226168575,37074517,110,107,435000,414000,31,167556,0.9727272727272728,0.9517241379310345,0.2818181818181818,25,25,94000,94000,5,40143,1.0,1.0,0.2,85,83,318000,314000,25,135909,0.9764705882352941,0.9874213836477987,0.29411764705882354,110,108,412000,408000,30,176052,0.9818181818181818,0.9902912621359223,0.2727272727272727
sealed_holdout,1,public-random-201-2b21ee5c0b57,random,64,248,6,1,uniform,diffuse,online,none,,0,False,0.3039868698749605,0.303923328122781,37074517,110,107,435000,414000,33,172669,0.9727272727272728,0.9517241379310345,0.3,25,25,94000,94000,4,41843,1.0,1.0,0.16,85,83,318000,308000,24,140881,0.9764705882352941,0.9685534591194969,0.2823529411764706,110,108,412000,402000,28,182724,0.9818181818181818,0.9757281553398058,0.2545454545454545
sealed_holdout,1,public-random-201-2b21ee5c0b57,random,64,248,6,1,uniform,diffuse,oracle,none,,0,False,0.3039868698749605,0.308349597969704,37074517,110,109,435000,427000,0,202271,0.990909090909091,0.9816091954022989,0.0,25,25,94000,94000,0,36861,1.0,1.0,0.0,85,85,318000,318000,0,141719,1.0,1.0,0.0,110,110,412000,412000,0,178580,1.0,1.0,0.0
sealed_holdout,1,public-random-201-2b21ee5c0b57,random,64,248,6,1,uniform,diffuse,online,random,N019|N045,120000,False,0.3039868698749605,0.3036496016650934,37194517,110,107,435000,414000,33,172669,0.9727272727272728,0.9517241379310345,0.3,25,25,94000,94000,3,31445,1.0,1.0,0.12,85,82,318000,303000,27,130948,0.9647058823529412,0.9528301886792453,0.3176470588235294,110,107,412000,397000,30,162393,0.9727272727272728,0.9635922330097088,0.2727272727272727
sealed_holdout,1,public-random-201-2b21ee5c0b57,random,64,248,6,1,uniform,diffuse,online,failure_aware,N031|N046,120000,False,0.3039868698749605,0.3038457911864599,37194517,110,107,435000,414000,33,172669,0.9727272727272728,0.9517241379310345,0.3,25,25,94000,94000,3,31445,1.0,1.0,0.12,85,81,318000,295000,28,125674,0.9529411764705882,0.9276729559748428,0.32941176470588235,110,106,412000,389000,31,157119,0.9636363636363636,0.9441747572815534,0.2818181818181818
sealed_holdout,1,public-random-201-2b21ee5c0b57,random,64,248,6,1,uniform,stationary_hotspot,public,none,,0,False,0.3039868698749605,0.30952731494270347,37074517,110,83,419000,293000,27,179985,0.7545454545454545,0.6992840095465394,0.24545454545454545,25,15,104000,61000,10,35340,0.6,0.5865384615384616,0.4,85,57,331000,181000,28,109672,0.6705882352941176,0.5468277945619335,0.32941176470588235,110,72,435000,242000,38,145012,0.6545454545454545,0.5563218390804597,0.34545454545454546
sealed_holdout,1,public-random-201-2b21ee5c0b57,random,64,248,6,1,uniform,stationary_hotspot,retry,none,,0,False,0.3039868698749605,0.3132220718481103,37074517,110,93,419000,355000,64,219997,0.8454545454545455,0.847255369928401,0.5818181818181818,25,19,104000,81000,24,55885,0.76,0.7788461538461539,0.96,85,74,331000,289000,46,192244,0.8705882352941177,0.8731117824773413,0.5411764705882353,110,93,435000,370000,70,248129,0.8454545454545455,0.8505747126436781,0.6363636363636364
sealed_holdout,1,public-random-201-2b21ee5c0b57,random,64,248,6,1,uniform,stationary_hotspot,online,none,,0,False,0.3039868698749605,0.31343460241176035,37074517,110,100,419000,366000,48,267630,0.9090909090909091,0.8735083532219571,0.43636363636363634,25,24,104000,96000,9,81148,0.96,0.9230769230769231,0.36,85,77,331000,280000,49,216047,0.9058823529411765,0.8459214501510574,0.5764705882352941,110,101,435000,376000,58,297195,0.9181818181818182,0.864367816091954,0.5272727272727272
sealed_holdout,1,public-random-201-2b21ee5c0b57,random,64,248,6,1,uniform,stationary_hotspot,oracle,none,,0,False,0.3039868698749605,0.3128257113514445,37074517,110,102,419000,380000,0,267984,0.9272727272727272,0.9069212410501193,0.0,25,22,104000,89000,0,70020,0.88,0.8557692307692307,0.0,85,78,331000,281000,0,227882,0.9176470588235294,0.8489425981873112,0.0,110,100,435000,370000,0,297902,0.9090909090909091,0.8505747126436781,0.0
sealed_holdout,1,public-random-201-2b21ee5c0b57,random,64,248,6,1,uniform,stationary_hotspot,online,random,N019|N045,120000,False,0.3039868698749605,0.3095826643767003,37194517,110,100,419000,366000,48,267630,0.9090909090909091,0.8735083532219571,0.43636363636363634,25,24,104000,96000,4,56276,0.96,0.9230769230769231,0.16,85,82,331000,310000,13,190933,0.9647058823529412,0.9365558912386707,0.15294117647058825,110,106,435000,406000,17,247209,0.9636363636363636,0.9333333333333333,0.15454545454545454
sealed_holdout,1,public-random-201-2b21ee5c0b57,random,64,248,6,1,uniform,stationary_hotspot,online,failure_aware,N059|N061,120000,True,0.3039868698749605,0.31671792119791553,37194517,110,100,419000,366000,48,267630,0.9090909090909091,0.8735083532219571,0.43636363636363634,25,24,104000,96000,4,32817,0.96,0.9230769230769231,0.16,85,81,331000,305000,17,112957,0.9529411764705882,0.9214501510574018,0.2,110,105,435000,401000,21,145774,0.9545454545454546,0.9218390804597701,0.19090909090909092
sealed_holdout,1,public-random-201-2b21ee5c0b57,random,64,248,6,1,uniform,shifted_hotspot,public,none,,0,False,0.3039868698749605,0.30745716321732514,37074517,110,83,419000,293000,27,179985,0.7545454545454545,0.6992840095465394,0.24545454545454545,25,21,104000,84000,4,34728,0.84,0.8076923076923077,0.16,85,71,331000,256000,14,112165,0.8352941176470589,0.7734138972809668,0.16470588235294117,110,92,435000,340000,18,146893,0.8363636363636363,0.7816091954022989,0.16363636363636364
sealed_holdout,1,public-random-201-2b21ee5c0b57,random,64,248,6,1,uniform,shifted_hotspot,retry,none,,0,False,0.3039868698749605,0.30947882952576183,37074517,110,93,419000,355000,64,219997,0.8454545454545455,0.847255369928401,0.5818181818181818,25,24,104000,96000,7,47764,0.96,0.9230769230769231,0.28,85,83,331000,315000,26,131891,0.9764705882352941,0.9516616314199395,0.3058823529411765,110,107,435000,411000,33,179655,0.9727272727272728,0.9448275862068966,0.3
sealed_holdout,1,public-random-201-2b21ee5c0b57,random,64,248,6,1,uniform,shifted_hotspot,online,none,,0,False,0.3039868698749605,0.3096331058168677,37074517,110,100,419000,366000,48,267630,0.9090909090909091,0.8735083532219571,0.43636363636363634,25,24,104000,96000,5,48966,0.96,0.9230769230769231,0.2,85,82,331000,310000,25,134694,0.9647058823529412,0.9365558912386707,0.29411764705882354,110,106,435000,406000,30,183660,0.9636363636363636,0.9333333333333333,0.2727272727272727
sealed_holdout,1,public-random-201-2b21ee5c0b57,random,64,248,6,1,uniform,shifted_hotspot,oracle,none,,0,False,0.3039868698749605,0.30867578371358617,37074517,110,102,419000,380000,0,267984,0.9272727272727272,0.9069212410501193,0.0,25,24,104000,96000,0,47764,0.96,0.9230769230769231,0.0,85,84,331000,323000,0,155625,0.9882352941176471,0.9758308157099698,0.0,110,108,435000,419000,0,203389,0.9818181818181818,0.9632183908045977,0.0
sealed_holdout,1,public-random-201-2b21ee5c0b57,random,64,248,6,1,uniform,shifted_hotspot,online,random,N019|N045,120000,False,0.3039868698749605,0.3127613334003145,37194517,110,100,419000,366000,48,267630,0.9090909090909091,0.8735083532219571,0.43636363636363634,25,24,104000,96000,4,32256,0.96,0.9230769230769231,0.16,85,82,331000,310000,23,115135,0.9647058823529412,0.9365558912386707,0.27058823529411763,110,106,435000,406000,27,147391,0.9636363636363636,0.9333333333333333,0.24545454545454545
sealed_holdout,1,public-random-201-2b21ee5c0b57,random,64,248,6,1,uniform,shifted_hotspot,online,failure_aware,N059|N061,120000,False,0.3039868698749605,0.31450686796003896,37194517,110,100,419000,366000,48,267630,0.9090909090909091,0.8735083532219571,0.43636363636363634,25,24,104000,96000,4,31053,0.96,0.9230769230769231,0.16,85,82,331000,310000,24,115135,0.9647058823529412,0.9365558912386707,0.2823529411764706,110,106,435000,406000,28,146188,0.9636363636363636,0.9333333333333333,0.2545454545454545
sealed_holdout,1,public-random-201-2b21ee5c0b57,random,64,248,6,1,polarized,diffuse,public,none,,0,False,0.7089497702099419,0.692041858437363,37074517,110,69,435000,193000,41,76771,0.6272727272727273,0.4436781609195402,0.37272727272727274,25,19,94000,58000,6,21714,0.76,0.6170212765957447,0.24,85,62,318000,208000,23,85035,0.7294117647058823,0.6540880503144654,0.27058823529411763,110,81,412000,266000,29,106749,0.7363636363636363,0.6456310679611651,0.2636363636363636
sealed_holdout,1,public-random-201-2b21ee5c0b57,random,64,248,6,1,polarized,diffuse,retry,none,,0,False,0.7089497702099419,0.6940844200738462,37074517,110,93,435000,324000,85,159860,0.8454545454545455,0.7448275862068966,0.7727272727272727,25,25,94000,94000,6,40311,1.0,1.0,0.24,85,76,318000,267000,46,120364,0.8941176470588236,0.839622641509434,0.5411764705882353,110,101,412000,361000,52,160675,0.9181818181818182,0.8762135922330098,0.4727272727272727
sealed_holdout,1,public-random-201-2b21ee5c0b57,random,64,248,6,1,polarized,diffuse,online,none,,0,False,0.7089497702099419,0.689768776279819,37074517,110,93,435000,323000,87,166518,0.8454545454545455,0.7425287356321839,0.7909090909090909,25,25,94000,94000,7,43013,1.0,1.0,0.28,85,79,318000,279000,39,137440,0.9294117647058824,0.8773584905660378,0.4588235294117647,110,104,412000,373000,46,180453,0.9454545454545454,0.9053398058252428,0.41818181818181815
sealed_holdout,1,public-random-201-2b21ee5c0b57,random,64,248,6,1,polarized,diffuse,oracle,none,,0,False,0.7089497702099419,0.696811475065147,37074517,110,102,435000,377000,0,265429,0.9272727272727272,0.8666666666666667,0.0,25,25,94000,94000,0,40311,1.0,1.0,0.0,85,81,318000,289000,0,141107,0.9529411764705882,0.9088050314465409,0.0,110,106,412000,383000,0,181418,0.9636363636363636,0.9296116504854369,0.0
sealed_holdout,1,public-random-201-2b21ee5c0b57,random,64,248,6,1,polarized,diffuse,online,random,N019|N045,120000,False,0.7089497702099419,0.6886035543814009,37194517,110,93,435000,323000,87,166518,0.8454545454545455,0.7425287356321839,0.7909090909090909,25,25,94000,94000,8,37131,1.0,1.0,0.32,85,80,318000,287000,40,133843,0.9411764705882353,0.9025157232704403,0.47058823529411764,110,105,412000,381000,48,170974,0.9545454545454546,0.9247572815533981,0.43636363636363634
sealed_holdout,1,public-random-201-2b21ee5c0b57,random,64,248,6,1,polarized,diffuse,online,failure_aware,N047|N055,120000,False,0.7089497702099419,0.688201461825486,37194517,110,93,435000,323000,87,166518,0.8454545454545455,0.7425287356321839,0.7909090909090909,25,25,94000,94000,8,37131,1.0,1.0,0.32,85,80,318000,287000,41,133897,0.9411764705882353,0.9025157232704403,0.4823529411764706,110,105,412000,381000,49,171028,0.9545454545454546,0.9247572815533981,0.44545454545454544
sealed_holdout,1,public-random-201-2b21ee5c0b57,random,64,248,6,1,polarized,stationary_hotspot,public,none,,0,False,0.7089497702099419,0.6909926303202398,37074517,110,57,419000,175000,53,114112,0.5181818181818182,0.41766109785202865,0.4818181818181818,25,12,104000,49000,13,18023,0.48,0.47115384615384615,0.52,85,52,331000,172000,33,112995,0.611764705882353,0.5196374622356495,0.38823529411764707,110,64,435000,221000,46,131018,0.5818181818181818,0.5080459770114942,0.41818181818181815
sealed_holdout,1,public-random-201-2b21ee5c0b57,random,64,248,6,1,polarized,stationary_hotspot,retry,none,,0,False,0.7089497702099419,0.6846588034170369,37074517,110,83,419000,294000,112,217144,0.7545454545454545,0.7016706443914081,1.018181818181818,25,21,104000,88000,20,65071,0.84,0.8461538461538461,0.8,85,70,331000,263000,66,199081,0.8235294117647058,0.7945619335347432,0.7764705882352941,110,91,435000,351000,86,264152,0.8272727272727273,0.8068965517241379,0.7818181818181819
sealed_holdout,1,public-random-201-2b21ee5c0b57,random,64,248,6,1,polarized,stationary_hotspot,online,none,,0,False,0.7089497702099419,0.6776399682595645,37074517,110,86,419000,303000,107,252603,0.7818181818181819,0.7231503579952268,0.9727272727272728,25,22,104000,93000,17,77843,0.88,0.8942307692307693,0.68,85,78,331000,284000,33,244311,0.9176470588235294,0.8580060422960725,0.38823529411764707,110,100,435000,377000,50,322154,0.9090909090909091,0.8666666666666667,0.45454545454545453
sealed_holdout,1,public-random-201-2b21ee5c0b57,random,64,248,6,1,polarized,stationary_hotspot,oracle,none,,0,False,0.7089497702099419,0.6833213275350281,37074517,110,96,419000,325000,0,276452,0.8727272727272727,0.7756563245823389,0.0,25,23,104000,91000,0,74446,0.92,0.875,0.0,85,79,331000,289000,0,247650,0.9294117647058824,0.8731117824773413,0.0,110,102,435000,380000,0,322096,0.9272727272727272,0.8735632183908046,0.0
sealed_holdout,1,public-random-201-2b21ee5c0b57,random,64,248,6,1,polarized,stationary_hotspot,online,random,N019|N045,120000,False,0.7089497702099419,0.6843888830909237,37194517,110,86,419000,303000,107,252603,0.7818181818181819,0.7231503579952268,0.9727272727272728,25,23,104000,94000,8,55184,0.92,0.9038461538461539,0.32,85,79,331000,289000,28,198309,0.9294117647058824,0.8731117824773413,0.32941176470588235,110,102,435000,383000,36,253493,0.9272727272727272,0.8804597701149425,0.32727272727272727
sealed_holdout,1,public-random-201-2b21ee5c0b57,random,64,248,6,1,polarized,stationary_hotspot,online,failure_aware,N059|N061,120000,True,0.7089497702099419,0.6851004546565108,37194517,110,86,419000,303000,107,252603,0.7818181818181819,0.7231503579952268,0.9727272727272728,25,24,104000,96000,5,34717,0.96,0.9230769230769231,0.2,85,80,331000,297000,22,134372,0.9411764705882353,0.8972809667673716,0.25882352941176473,110,104,435000,393000,27,169089,0.9454545454545454,0.903448275862069,0.24545454545454545
sealed_holdout,1,public-random-201-2b21ee5c0b57,random,64,248,6,1,polarized,shifted_hotspot,public,none,,0,False,0.7089497702099419,0.6908071141060468,37074517,110,57,419000,175000,53,114112,0.5181818181818182,0.41766109785202865,0.4818181818181818,25,13,104000,44000,12,14208,0.52,0.4230769230769231,0.48,85,61,331000,197000,24,89847,0.7176470588235294,0.595166163141994,0.2823529411764706,110,74,435000,241000,36,104055,0.6727272727272727,0.5540229885057472,0.32727272727272727
sealed_holdout,1,public-random-201-2b21ee5c0b57,random,64,248,6,1,polarized,shifted_hotspot,retry,none,,0,False,0.7089497702099419,0.6847870450845498,37074517,110,83,419000,294000,112,217144,0.7545454545454545,0.7016706443914081,1.018181818181818,25,24,104000,96000,18,51137,0.96,0.9230769230769231,0.72,85,79,331000,292000,51,141429,0.9294117647058824,0.8821752265861027,0.6,110,103,435000,388000,69,192566,0.9363636363636364,0.8919540229885058,0.6272727272727273
sealed_holdout,1,public-random-201-2b21ee5c0b57,random,64,248,6,1,polarized,shifted_hotspot,online,none,,0,False,0.7089497702099419,0.6773540082576484,37074517,110,86,419000,303000,107,252603,0.7818181818181819,0.7231503579952268,0.9727272727272728,25,24,104000,96000,10,54390,0.96,0.9230769230769231,0.4,85,78,331000,288000,33,150197,0.9176470588235294,0.8700906344410876,0.38823529411764707,110,102,435000,384000,43,204587,0.9272727272727272,0.8827586206896552,0.39090909090909093
sealed_holdout,1,public-random-201-2b21ee5c0b57,random,64,248,6,1,polarized,shifted_hotspot,oracle,none,,0,False,0.7089497702099419,0.6824238370762259,37074517,110,96,419000,325000,0,276452,0.8727272727272727,0.7756563245823389,0.0,25,24,104000,96000,0,51137,0.96,0.9230769230769231,0.0,85,79,331000,292000,0,151481,0.9294117647058824,0.8821752265861027,0.0,110,103,435000,388000,0,202618,0.9363636363636364,0.8919540229885058,0.0
sealed_holdout,1,public-random-201-2b21ee5c0b57,random,64,248,6,1,polarized,shifted_hotspot,online,random,N019|N045,120000,False,0.7089497702099419,0.6825815562165384,37194517,110,86,419000,303000,107,252603,0.7818181818181819,0.7231503579952268,0.9727272727272728,25,24,104000,96000,9,40056,0.96,0.9230769230769231,0.36,85,80,331000,297000,33,145626,0.9411764705882353,0.8972809667673716,0.38823529411764707,110,104,435000,393000,42,185682,0.9454545454545454,0.903448275862069,0.38181818181818183
sealed_holdout,1,public-random-201-2b21ee5c0b57,random,64,248,6,1,polarized,shifted_hotspot,online,failure_aware,N059|N061,120000,False,0.7089497702099419,0.6826364427462079,37194517,110,86,419000,303000,107,252603,0.7818181818181819,0.7231503579952268,0.9727272727272728,25,24,104000,96000,9,38853,0.96,0.9230769230769231,0.36,85,78,331000,288000,36,143024,0.9176470588235294,0.8700906344410876,0.4235294117647059,110,102,435000,384000,45,181877,0.9272727272727272,0.8827586206896552,0.4090909090909091
sealed_holdout,2,public-periphery-202-c1f7d1d3dec5,periphery,64,78,47,0,balanced_band,diffuse,public,none,,0,False,0.043997764578353166,0.06989818789344462,10435127,110,104,444000,405000,6,1208164,0.9454545454545454,0.9121621621621622,0.05454545454545454,25,22,92000,75000,3,195816,0.88,0.8152173913043478,0.12,85,77,358000,320000,8,880593,0.9058823529411765,0.8938547486033519,0.09411764705882353,110,99,450000,395000,11,1076409,0.9,0.8777777777777778,0.1
sealed_holdout,2,public-periphery-202-c1f7d1d3dec5,periphery,64,78,47,0,balanced_band,diffuse,retry,none,,0,False,0.043997764578353166,0.07476037662896844,10435127,110,104,444000,405000,8,1208164,0.9454545454545454,0.9121621621621622,0.07272727272727272,25,22,92000,75000,3,195816,0.88,0.8152173913043478,0.12,85,79,358000,329000,15,884401,0.9294117647058824,0.9189944134078212,0.17647058823529413,110,101,450000,404000,18,1080217,0.9181818181818182,0.8977777777777778,0.16363636363636364
sealed_holdout,2,public-periphery-202-c1f7d1d3dec5,periphery,64,78,47,0,balanced_band,diffuse,online,none,,0,False,0.043997764578353166,0.07572921645392154,10435127,110,103,444000,404000,11,1205590,0.9363636363636364,0.9099099099099099,0.1,25,22,92000,75000,3,196426,0.88,0.8152173913043478,0.12,85,80,358000,337000,9,908982,0.9411764705882353,0.9413407821229051,0.10588235294117647,110,102,450000,412000,12,1105408,0.9272727272727272,0.9155555555555556,0.10909090909090909
sealed_holdout,2,public-periphery-202-c1f7d1d3dec5,periphery,64,78,47,0,balanced_band,diffuse,oracle,none,,0,False,0.043997764578353166,0.076453215667033,10435127,110,104,444000,405000,0,1208164,0.9454545454545454,0.9121621621621622,0.0,25,22,92000,75000,0,195816,0.88,0.8152173913043478,0.0,85,80,358000,337000,0,910129,0.9411764705882353,0.9413407821229051,0.0,110,102,450000,412000,0,1105945,0.9272727272727272,0.9155555555555556,0.0
sealed_holdout,2,public-periphery-202-c1f7d1d3dec5,periphery,64,78,47,0,balanced_band,diffuse,online,random,N039|N048,120000,False,0.043997764578353166,0.07918351139247638,10555127,110,103,444000,404000,11,1205590,0.9363636363636364,0.9099099099099099,0.1,25,22,92000,75000,3,197236,0.88,0.8152173913043478,0.12,85,80,358000,337000,10,912000,0.9411764705882353,0.9413407821229051,0.11764705882352941,110,102,450000,412000,13,1109236,0.9272727272727272,0.9155555555555556,0.11818181818181818
sealed_holdout,2,public-periphery-202-c1f7d1d3dec5,periphery,64,78,47,0,balanced_band,diffuse,online,failure_aware,N030|N053,120000,False,0.043997764578353166,0.0805862519352924,10555127,110,103,444000,404000,11,1205590,0.9363636363636364,0.9099099099099099,0.1,25,22,92000,75000,4,197236,0.88,0.8152173913043478,0.16,85,81,358000,345000,10,938808,0.9529411764705882,0.9636871508379888,0.11764705882352941,110,103,450000,420000,14,1136044,0.9363636363636364,0.9333333333333333,0.12727272727272726
sealed_holdout,2,public-periphery-202-c1f7d1d3dec5,periphery,64,78,47,0,balanced_band,stationary_hotspot,public,none,,0,False,0.043997764578353166,0.07638969145322337,10435127,110,100,455000,393000,10,1494792,0.9090909090909091,0.8637362637362638,0.09090909090909091,25,23,98000,88000,2,364448,0.92,0.8979591836734694,0.08,85,75,377000,318000,10,1303940,0.8823529411764706,0.843501326259947,0.11764705882352941,110,98,475000,406000,12,1668388,0.8909090909090909,0.8547368421052631,0.10909090909090909
sealed_holdout,2,public-periphery-202-c1f7d1d3dec5,periphery,64,78,47,0,balanced_band,stationary_hotspot,retry,none,,0,False,0.043997764578353166,0.07638969145322337,10435127,110,100,455000,393000,10,1494792,0.9090909090909091,0.8637362637362638,0.09090909090909091,25,23,98000,88000,4,364448,0.92,0.8979591836734694,0.16,85,75,377000,318000,10,1303940,0.8823529411764706,0.843501326259947,0.11764705882352941,110,98,475000,406000,14,1668388,0.8909090909090909,0.8547368421052631,0.12727272727272726
sealed_holdout,2,public-periphery-202-c1f7d1d3dec5,periphery,64,78,47,0,balanced_band,stationary_hotspot,online,none,,0,False,0.043997764578353166,0.07980652118834825,10435127,110,100,455000,393000,14,1495822,0.9090909090909091,0.8637362637362638,0.12727272727272726,25,23,98000,88000,5,364748,0.92,0.8979591836734694,0.2,85,75,377000,318000,12,1305238,0.8823529411764706,0.843501326259947,0.1411764705882353,110,98,475000,406000,17,1669986,0.8909090909090909,0.8547368421052631,0.15454545454545454
sealed_holdout,2,public-periphery-202-c1f7d1d3dec5,periphery,64,78,47,0,balanced_band,stationary_hotspot,oracle,none,,0,False,0.043997764578353166,0.07638969145322337,10435127,110,100,455000,393000,0,1494792,0.9090909090909091,0.8637362637362638,0.0,25,23,98000,88000,0,364448,0.92,0.8979591836734694,0.0,85,75,377000,318000,0,1303940,0.8823529411764706,0.843501326259947,0.0,110,98,475000,406000,0,1668388,0.8909090909090909,0.8547368421052631,0.0
sealed_holdout,2,public-periphery-202-c1f7d1d3dec5,periphery,64,78,47,0,balanced_band,stationary_hotspot,online,random,N039|N048,120000,False,0.043997764578353166,0.08428036809045941,10555127,110,100,455000,393000,14,1495822,0.9090909090909091,0.8637362637362638,0.12727272727272726,25,23,98000,88000,4,365242,0.92,0.8979591836734694,0.16,85,75,377000,318000,13,1306509,0.8823529411764706,0.843501326259947,0.15294117647058825,110,98,475000,406000,17,1671751,0.8909090909090909,0.8547368421052631,0.15454545454545454
sealed_holdout,2,public-periphery-202-c1f7d1d3dec5,periphery,64,78,47,0,balanced_band,stationary_hotspot,online,failure_aware,N058|N063,120000,True,0.043997764578353166,0.0892590986364373,10555127,110,100,455000,393000,14,1495822,0.9090909090909091,0.8637362637362638,0.12727272727272726,25,23,98000,88000,4,148042,0.92,0.8979591836734694,0.16,85,81,377000,348000,7,692509,0.9529411764705882,0.9230769230769231,0.08235294117647059,110,104,475000,436000,11,840551,0.9454545454545454,0.9178947368421052,0.1
sealed_holdout,2,public-periphery-202-c1f7d1d3dec5,periphery,64,78,47,0,balanced_band,shifted_hotspot,public,none,,0,False,0.043997764578353166,0.07320490455561122,10435127,110,100,455000,393000,10,1494792,0.9090909090909091,0.8637362637362638,0.09090909090909091,25,23,98000,88000,2,364448,0.92,0.8979591836734694,0.08,85,74,377000,301000,11,1201940,0.8705882352941177,0.7984084880636605,0.12941176470588237,110,97,475000,389000,13,1566388,0.8818181818181818,0.8189473684210526,0.11818181818181818
sealed_holdout,2,public-periphery-202-c1f7d1d3dec5,periphery,64,78,47,0,balanced_band,shifted_hotspot,retry,none,,0,False,0.043997764578353166,0.07320490455561122,10435127,110,100,455000,393000,10,1494792,0.9090909090909091,0.8637362637362638,0.09090909090909091,25,23,98000,88000,4,364448,0.92,0.8979591836734694,0.16,85,74,377000,301000,11,1201940,0.8705882352941177,0.7984084880636605,0.12941176470588237,110,97,475000,389000,15,1566388,0.8818181818181818,0.8189473684210526,0.13636363636363635
sealed_holdout,2,public-periphery-202-c1f7d1d3dec5,periphery,64,78,47,0,balanced_band,shifted_hotspot,online,none,,0,False,0.043997764578353166,0.07662173429073611,10435127,110,100,455000,393000,14,1495822,0.9090909090909091,0.8637362637362638,0.12727272727272726,25,23,98000,88000,5,364748,0.92,0.8979591836734694,0.2,85,74,377000,301000,13,1203238,0.8705882352941177,0.7984084880636605,0.15294117647058825,110,97,475000,389000,18,1567986,0.8818181818181818,0.8189473684210526,0.16363636363636364
sealed_holdout,2,public-periphery-202-c1f7d1d3dec5,periphery,64,78,47,0,balanced_band,shifted_hotspot,oracle,none,,0,False,0.043997764578353166,0.07320490455561122,10435127,110,100,455000,393000,0,1494792,0.9090909090909091,0.8637362637362638,0.0,25,23,98000,88000,0,364448,0.92,0.8979591836734694,0.0,85,74,377000,301000,0,1201940,0.8705882352941177,0.7984084880636605,0.0,110,97,475000,389000,0,1566388,0.8818181818181818,0.8189473684210526,0.0
sealed_holdout,2,public-periphery-202-c1f7d1d3dec5,periphery,64,78,47,0,balanced_band,shifted_hotspot,online,random,N039|N048,120000,False,0.043997764578353166,0.08113178866128545,10555127,110,100,455000,393000,14,1495822,0.9090909090909091,0.8637362637362638,0.12727272727272726,25,23,98000,88000,4,365242,0.92,0.8979591836734694,0.16,85,74,377000,301000,14,1204509,0.8705882352941177,0.7984084880636605,0.16470588235294117,110,97,475000,389000,18,1569751,0.8818181818181818,0.8189473684210526,0.16363636363636364
sealed_holdout,2,public-periphery-202-c1f7d1d3dec5,periphery,64,78,47,0,balanced_band,shifted_hotspot,online,failure_aware,N058|N063,120000,False,0.043997764578353166,0.08093723641489245,10555127,110,100,455000,393000,14,1495822,0.9090909090909091,0.8637362637362638,0.12727272727272726,25,23,98000,88000,4,365242,0.92,0.8979591836734694,0.16,85,74,377000,301000,14,1193709,0.8705882352941177,0.7984084880636605,0.16470588235294117,110,97,475000,389000,18,1558951,0.8818181818181818,0.8189473684210526,0.16363636363636364
sealed_holdout,2,public-periphery-202-c1f7d1d3dec5,periphery,64,78,47,0,uniform,diffuse,public,none,,0,False,0.2534287752980763,0.24385170428935654,10435127,110,96,444000,370000,14,1132535,0.8727272727272727,0.8333333333333334,0.12727272727272726,25,21,92000,67000,4,169216,0.84,0.7282608695652174,0.16,85,80,358000,332000,5,924001,0.9411764705882353,0.9273743016759777,0.058823529411764705,110,101,450000,399000,9,1093217,0.9181818181818182,0.8866666666666667,0.08181818181818182
sealed_holdout,2,public-periphery-202-c1f7d1d3dec5,periphery,64,78,47,0,uniform,diffuse,retry,none,,0,False,0.2534287752980763,0.24998778892182497,10435127,110,96,444000,370000,24,1132535,0.8727272727272727,0.8333333333333334,0.21818181818181817,25,21,92000,67000,4,169216,0.84,0.7282608695652174,0.16,85,82,358000,341000,10,928159,0.9647058823529412,0.952513966480447,0.11764705882352941,110,103,450000,408000,14,1097375,0.9363636363636364,0.9066666666666666,0.12727272727272726
sealed_holdout,2,public-periphery-202-c1f7d1d3dec5,periphery,64,78,47,0,uniform,diffuse,online,none,,0,False,0.2534287752980763,0.24924055185368554,10435127,110,96,444000,370000,26,1136727,0.8727272727272727,0.8333333333333334,0.23636363636363636,25,21,92000,67000,6,169628,0.84,0.7282608695652174,0.24,85,81,358000,333000,11,929877,0.9529411764705882,0.9301675977653632,0.12941176470588237,110,102,450000,400000,17,1099505,0.9272727272727272,0.8888888888888888,0.15454545454545454
sealed_holdout,2,public-periphery-202-c1f7d1d3dec5,periphery,64,78,47,0,uniform,diffuse,oracle,none,,0,False,0.2534287752980763,0.253856347048649,10435127,110,96,444000,370000,0,1132535,0.8727272727272727,0.8333333333333334,0.0,25,21,92000,67000,0,169216,0.84,0.7282608695652174,0.0,85,83,358000,349000,0,953887,0.9764705882352941,0.9748603351955307,0.0,110,104,450000,416000,0,1123103,0.9454545454545454,0.9244444444444444,0.0
sealed_holdout,2,public-periphery-202-c1f7d1d3dec5,periphery,64,78,47,0,uniform,diffuse,online,random,N039|N048,120000,False,0.2534287752980763,0.24317817253134047,10555127,110,96,444000,370000,26,1136727,0.8727272727272727,0.8333333333333334,0.23636363636363636,25,21,92000,67000,4,170386,0.84,0.7282608695652174,0.16,85,82,358000,341000,13,930320,0.9647058823529412,0.952513966480447,0.15294117647058825,110,103,450000,408000,17,1100706,0.9363636363636364,0.9066666666666666,0.15454545454545454
sealed_holdout,2,public-periphery-202-c1f7d1d3dec5,periphery,64,78,47,0,uniform,diffuse,online,failure_aware,N053|N062,120000,False,0.2534287752980763,0.24015964929010947,10555127,110,96,444000,370000,26,1136727,0.8727272727272727,0.8333333333333334,0.23636363636363636,25,21,92000,67000,6,166036,0.84,0.7282608695652174,0.24,85,82,358000,341000,12,912930,0.9647058823529412,0.952513966480447,0.1411764705882353,110,103,450000,408000,18,1078966,0.9363636363636364,0.9066666666666666,0.16363636363636364
sealed_holdout,2,public-periphery-202-c1f7d1d3dec5,periphery,64,78,47,0,uniform,stationary_hotspot,public,none,,0,False,0.2534287752980763,0.25043675225941536,10435127,110,91,455000,340000,19,1331219,0.8272727272727273,0.7472527472527473,0.17272727272727273,25,24,98000,90000,1,370450,0.96,0.9183673469387755,0.04,85,70,377000,296000,15,1253232,0.8235294117647058,0.7851458885941645,0.17647058823529413,110,94,475000,386000,16,1623682,0.8545454545454545,0.8126315789473684,0.14545454545454545
sealed_holdout,2,public-periphery-202-c1f7d1d3dec5,periphery,64,78,47,0,uniform,stationary_hotspot,retry,none,,0,False,0.2534287752980763,0.2546453584408317,10435127,110,92,455000,348000,23,1333019,0.8363636363636363,0.7648351648351648,0.20909090909090908,25,24,98000,90000,1,370450,0.96,0.9183673469387755,0.04,85,71,377000,301000,21,1268484,0.8352941176470589,0.7984084880636605,0.24705882352941178,110,95,475000,391000,22,1638934,0.8636363636363636,0.8231578947368421,0.2
sealed_holdout,2,public-periphery-202-c1f7d1d3dec5,periphery,64,78,47,0,uniform,stationary_hotspot,online,none,,0,False,0.2534287752980763,0.2547598090794764,10435127,110,92,455000,348000,26,1334745,0.8363636363636363,0.7648351648351648,0.23636363636363636,25,24,98000,90000,2,370548,0.96,0.9183673469387755,0.08,85,71,377000,301000,27,1270442,0.8352941176470589,0.7984084880636605,0.3176470588235294,110,95,475000,391000,29,1640990,0.8636363636363636,0.8231578947368421,0.2636363636363636
sealed_holdout,2,public-periphery-202-c1f7d1d3dec5,periphery,64,78,47,0,uniform,stationary_hotspot,oracle,none,,0,False,0.2534287752980763,0.257725870190001,10435127,110,92,455000,348000,0,1333019,0.8363636363636363,0.7648351648351648,0.0,25,24,98000,90000,0,370450,0.96,0.9183673469387755,0.0,85,73,377000,314000,0,1322485,0.8588235294117647,0.8328912466843501,0.0,110,97,475000,404000,0,1692935,0.8818181818181818,0.8505263157894737,0.0
sealed_holdout,2,public-periphery-202-c1f7d1d3dec5,periphery,64,78,47,0,uniform,stationary_hotspot,online,random,N039|N048,120000,False,0.2534287752980763,0.25208315800444453,10555127,110,92,455000,348000,26,1334745,0.8363636363636363,0.7648351648351648,0.23636363636363636,25,24,98000,90000,1,370744,0.96,0.9183673469387755,0.04,85,70,377000,293000,27,1272073,0.8235294117647058,0.7771883289124668,0.3176470588235294,110,94,475000,383000,28,1642817,0.8545454545454545,0.8063157894736842,0.2545454545454545
sealed_holdout,2,public-periphery-202-c1f7d1d3dec5,periphery,64,78,47,0,uniform,stationary_hotspot,online,failure_aware,N058|N063,120000,True,0.2534287752980763,0.25818476700088194,10555127,110,92,455000,348000,26,1334745,0.8363636363636363,0.7648351648351648,0.23636363636363636,25,24,98000,90000,1,153624,0.96,0.9183673469387755,0.04,85,77,377000,331000,20,658161,0.9058823529411765,0.8779840848806366,0.23529411764705882,110,101,475000,421000,21,811785,0.9181818181818182,0.8863157894736842,0.19090909090909092
sealed_holdout,2,public-periphery-202-c1f7d1d3dec5,periphery,64,78,47,0,uniform,shifted_hotspot,public,none,,0,False,0.2534287752980763,0.24540518072183298,10435127,110,91,455000,340000,19,1331219,0.8272727272727273,0.7472527472527473,0.17272727272727273,25,24,98000,90000,1,370450,0.96,0.9183673469387755,0.04,85,70,377000,287000,15,1199232,0.8235294117647058,0.7612732095490716,0.17647058823529413,110,94,475000,377000,16,1569682,0.8545454545454545,0.7936842105263158,0.14545454545454545
sealed_holdout,2,public-periphery-202-c1f7d1d3dec5,periphery,64,78,47,0,uniform,shifted_hotspot,retry,none,,0,False,0.2534287752980763,0.24961378690324926,10435127,110,92,455000,348000,23,1333019,0.8363636363636363,0.7648351648351648,0.20909090909090908,25,24,98000,90000,1,370450,0.96,0.9183673469387755,0.04,85,71,377000,292000,21,1214484,0.8352941176470589,0.7745358090185677,0.24705882352941178,110,95,475000,382000,22,1584934,0.8636363636363636,0.8042105263157895,0.2
sealed_holdout,2,public-periphery-202-c1f7d1d3dec5,periphery,64,78,47,0,uniform,shifted_hotspot,online,none,,0,False,0.2534287752980763,0.24972823754189394,10435127,110,92,455000,348000,26,1334745,0.8363636363636363,0.7648351648351648,0.23636363636363636,25,24,98000,90000,2,370548,0.96,0.9183673469387755,0.08,85,71,377000,292000,27,1216442,0.8352941176470589,0.7745358090185677,0.3176470588235294,110,95,475000,382000,29,1586990,0.8636363636363636,0.8042105263157895,0.2636363636363636
sealed_holdout,2,public-periphery-202-c1f7d1d3dec5,periphery,64,78,47,0,uniform,shifted_hotspot,oracle,none,,0,False,0.2534287752980763,0.25269429865241855,10435127,110,92,455000,348000,0,1333019,0.8363636363636363,0.7648351648351648,0.0,25,24,98000,90000,0,370450,0.96,0.9183673469387755,0.0,85,73,377000,305000,0,1268485,0.8588235294117647,0.8090185676392573,0.0,110,97,475000,395000,0,1638935,0.8818181818181818,0.8315789473684211,0.0
sealed_holdout,2,public-periphery-202-c1f7d1d3dec5,periphery,64,78,47,0,uniform,shifted_hotspot,online,random,N039|N048,120000,False,0.2534287752980763,0.24710878981311363,10555127,110,92,455000,348000,26,1334745,0.8363636363636363,0.7648351648351648,0.23636363636363636,25,24,98000,90000,1,370744,0.96,0.9183673469387755,0.04,85,70,377000,284000,27,1218073,0.8235294117647058,0.753315649867374,0.3176470588235294,110,94,475000,374000,28,1588817,0.8545454545454545,0.7873684210526316,0.2545454545454545
sealed_holdout,2,public-periphery-202-c1f7d1d3dec5,periphery,64,78,47,0,uniform,shifted_hotspot,online,failure_aware,N058|N063,120000,False,0.2534287752980763,0.24673024606650037,10555127,110,92,455000,348000,26,1334745,0.8363636363636363,0.7648351648351648,0.23636363636363636,25,24,98000,90000,1,370824,0.96,0.9183673469387755,0.04,85,71,377000,292000,26,1207361,0.8352941176470589,0.7745358090185677,0.3058823529411765,110,95,475000,382000,27,1578185,0.8636363636363636,0.8042105263157895,0.24545454545454545
sealed_holdout,2,public-periphery-202-c1f7d1d3dec5,periphery,64,78,47,0,polarized,diffuse,public,none,,0,False,0.6879472854162298,0.6239847443611094,10435127,110,85,444000,316000,25,1006515,0.7727272727272727,0.7117117117117117,0.22727272727272727,25,21,92000,67000,4,172238,0.84,0.7282608695652174,0.16,85,72,358000,285000,13,770343,0.8470588235294118,0.7960893854748603,0.15294117647058825,110,93,450000,352000,17,942581,0.8454545454545455,0.7822222222222223,0.15454545454545454
sealed_holdout,2,public-periphery-202-c1f7d1d3dec5,periphery,64,78,47,0,polarized,diffuse,retry,none,,0,False,0.6879472854162298,0.6163577359075334,10435127,110,85,444000,319000,45,1007313,0.7727272727272727,0.7184684684684685,0.4090909090909091,25,21,92000,73000,8,191036,0.84,0.7934782608695652,0.32,85,71,358000,283000,29,757366,0.8352941176470589,0.7905027932960894,0.3411764705882353,110,92,450000,356000,37,948402,0.8363636363636363,0.7911111111111111,0.33636363636363636
sealed_holdout,2,public-periphery-202-c1f7d1d3dec5,periphery,64,78,47,0,polarized,diffuse,online,none,,0,False,0.6879472854162298,0.6161165616511006,10435127,110,85,444000,319000,44,1010493,0.7727272727272727,0.7184684684684685,0.4,25,21,92000,73000,6,191448,0.84,0.7934782608695652,0.24,85,71,358000,283000,32,759306,0.8352941176470589,0.7905027932960894,0.3764705882352941,110,92,450000,356000,38,950754,0.8363636363636363,0.7911111111111111,0.34545454545454546
sealed_holdout,2,public-periphery-202-c1f7d1d3dec5,periphery,64,78,47,0,polarized,diffuse,oracle,none,,0,False,0.6879472854162298,0.6115877419780764,10435127,110,86,444000,320000,0,1013313,0.7818181818181819,0.7207207207207207,0.0,25,22,92000,75000,0,203036,0.88,0.8152173913043478,0.0,85,76,358000,314000,0,889482,0.8941176470588236,0.8770949720670391,0.0,110,98,450000,389000,0,1092518,0.8909090909090909,0.8644444444444445,0.0
sealed_holdout,2,public-periphery-202-c1f7d1d3dec5,periphery,64,78,47,0,polarized,diffuse,online,random,N039|N048,120000,False,0.6879472854162298,0.6027510875230757,10555127,110,85,444000,319000,44,1010493,0.7727272727272727,0.7184684684684685,0.4,25,21,92000,73000,7,191029,0.84,0.7934782608695652,0.28,85,71,358000,283000,31,759952,0.8352941176470589,0.7905027932960894,0.36470588235294116,110,92,450000,356000,38,950981,0.8363636363636363,0.7911111111111111,0.34545454545454546
sealed_holdout,2,public-periphery-202-c1f7d1d3dec5,periphery,64,78,47,0,polarized,diffuse,online,failure_aware,N018|N041,120000,False,0.6879472854162298,0.5958064813629845,10555127,110,85,444000,319000,44,1010493,0.7727272727272727,0.7184684684684685,0.4,25,22,92000,74000,6,195161,0.88,0.8043478260869565,0.24,85,71,358000,283000,32,760586,0.8352941176470589,0.7905027932960894,0.3764705882352941,110,93,450000,357000,38,955747,0.8454545454545455,0.7933333333333333,0.34545454545454546
sealed_holdout,2,public-periphery-202-c1f7d1d3dec5,periphery,64,78,47,0,polarized,stationary_hotspot,public,none,,0,False,0.6879472854162298,0.6333236766037141,10435127,110,80,455000,282000,30,1083005,0.7272727272727273,0.6197802197802198,0.2727272727272727,25,22,98000,80000,3,344838,0.88,0.8163265306122449,0.12,85,64,377000,263000,21,1146521,0.7529411764705882,0.6976127320954907,0.24705882352941178,110,86,475000,343000,24,1491359,0.7818181818181819,0.7221052631578947,0.21818181818181817
sealed_holdout,2,public-periphery-202-c1f7d1d3dec5,periphery,64,78,47,0,polarized,stationary_hotspot,retry,none,,0,False,0.6879472854162298,0.6309622679878317,10435127,110,81,455000,287000,41,1090660,0.7363636363636363,0.6307692307692307,0.37272727272727274,25,22,98000,80000,7,344838,0.88,0.8163265306122449,0.28,85,68,377000,289000,28,1206276,0.8,0.76657824933687,0.32941176470588235,110,90,475000,369000,35,1551114,0.8181818181818182,0.7768421052631579,0.3181818181818182
sealed_holdout,2,public-periphery-202-c1f7d1d3dec5,periphery,64,78,47,0,polarized,stationary_hotspot,online,none,,0,False,0.6879472854162298,0.630254896108477,10435127,110,81,455000,287000,43,1092302,0.7363636363636363,0.6307692307692307,0.39090909090909093,25,22,98000,80000,8,346012,0.88,0.8163265306122449,0.32,85,68,377000,289000,29,1209593,0.8,0.76657824933687,0.3411764705882353,110,90,475000,369000,37,1555605,0.8181818181818182,0.7768421052631579,0.33636363636363636
sealed_holdout,2,public-periphery-202-c1f7d1d3dec5,periphery,64,78,47,0,polarized,stationary_hotspot,oracle,none,,0,False,0.6879472854162298,0.6295879833710976,10435127,110,81,455000,287000,0,1090660,0.7363636363636363,0.6307692307692307,0.0,25,23,98000,82000,0,351840,0.92,0.8367346938775511,0.0,85,70,377000,296000,0,1248276,0.8235294117647058,0.7851458885941645,0.0,110,93,475000,378000,0,1600116,0.8454545454545455,0.7957894736842105,0.0
sealed_holdout,2,public-periphery-202-c1f7d1d3dec5,periphery,64,78,47,0,polarized,stationary_hotspot,online,random,N039|N048,120000,False,0.6879472854162298,0.616864706832922,10555127,110,81,455000,287000,43,1092302,0.7363636363636363,0.6307692307692307,0.39090909090909093,25,22,98000,80000,7,346052,0.88,0.8163265306122449,0.28,85,68,377000,289000,31,1207505,0.8,0.76657824933687,0.36470588235294116,110,90,475000,369000,38,1553557,0.8181818181818182,0.7768421052631579,0.34545454545454546
sealed_holdout,2,public-periphery-202-c1f7d1d3dec5,periphery,64,78,47,0,polarized,stationary_hotspot,online,failure_aware,N058|N063,120000,True,0.6879472854162298,0.630495823202172,10555127,110,81,455000,287000,43,1092302,0.7363636363636363,0.6307692307692307,0.39090909090909093,25,22,98000,80000,7,128932,0.88,0.8163265306122449,0.28,85,74,377000,319000,25,593506,0.8705882352941177,0.8461538461538461,0.29411764705882354,110,96,475000,399000,32,722438,0.8727272727272727,0.84,0.2909090909090909
sealed_holdout,2,public-periphery-202-c1f7d1d3dec5,periphery,64,78,47,0,polarized,shifted_hotspot,public,none,,0,False,0.6879472854162298,0.6338653098931447,10435127,110,80,455000,282000,30,1083005,0.7272727272727273,0.6197802197802198,0.2727272727272727,25,22,98000,80000,3,344838,0.88,0.8163265306122449,0.12,85,64,377000,254000,21,1092521,0.7529411764705882,0.6737400530503979,0.24705882352941178,110,86,475000,334000,24,1437359,0.7818181818181819,0.7031578947368421,0.21818181818181817
sealed_holdout,2,public-periphery-202-c1f7d1d3dec5,periphery,64,78,47,0,polarized,shifted_hotspot,retry,none,,0,False,0.6879472854162298,0.6315039012772622,10435127,110,81,455000,287000,41,1090660,0.7363636363636363,0.6307692307692307,0.37272727272727274,25,22,98000,80000,7,344838,0.88,0.8163265306122449,0.28,85,68,377000,280000,28,1152276,0.8,0.7427055702917772,0.32941176470588235,110,90,475000,360000,35,1497114,0.8181818181818182,0.7578947368421053,0.3181818181818182
sealed_holdout,2,public-periphery-202-c1f7d1d3dec5,periphery,64,78,47,0,polarized,shifted_hotspot,online,none,,0,False,0.6879472854162298,0.6307965293979075,10435127,110,81,455000,287000,43,1092302,0.7363636363636363,0.6307692307692307,0.39090909090909093,25,22,98000,80000,8,346012,0.88,0.8163265306122449,0.32,85,68,377000,280000,29,1155593,0.8,0.7427055702917772,0.3411764705882353,110,90,475000,360000,37,1501605,0.8181818181818182,0.7578947368421053,0.33636363636363636
sealed_holdout,2,public-periphery-202-c1f7d1d3dec5,periphery,64,78,47,0,polarized,shifted_hotspot,oracle,none,,0,False,0.6879472854162298,0.630129616660528,10435127,110,81,455000,287000,0,1090660,0.7363636363636363,0.6307692307692307,0.0,25,23,98000,82000,0,351840,0.92,0.8367346938775511,0.0,85,70,377000,287000,0,1194276,0.8235294117647058,0.7612732095490716,0.0,110,93,475000,369000,0,1546116,0.8454545454545455,0.7768421052631579,0.0
sealed_holdout,2,public-periphery-202-c1f7d1d3dec5,periphery,64,78,47,0,polarized,shifted_hotspot,online,random,N039|N048,120000,False,0.6879472854162298,0.6174001823570568,10555127,110,81,455000,287000,43,1092302,0.7363636363636363,0.6307692307692307,0.39090909090909093,25,22,98000,80000,7,346052,0.88,0.8163265306122449,0.28,85,68,377000,280000,31,1153505,0.8,0.7427055702917772,0.36470588235294116,110,90,475000,360000,38,1499557,0.8181818181818182,0.7578947368421053,0.34545454545454546
sealed_holdout,2,public-periphery-202-c1f7d1d3dec5,periphery,64,78,47,0,polarized,shifted_hotspot,online,failure_aware,N058|N063,120000,False,0.6879472854162298,0.6177792795272724,10555127,110,81,455000,287000,43,1092302,0.7363636363636363,0.6307692307692307,0.39090909090909093,25,22,98000,80000,7,346132,0.88,0.8163265306122449,0.28,85,68,377000,280000,31,1142706,0.8,0.7427055702917772,0.36470588235294116,110,90,475000,360000,38,1488838,0.8181818181818182,0.7578947368421053,0.34545454545454546
sealed_holdout,2,public-periphery-202-c1f7d1d3dec5,periphery,64,78,47,1,balanced_band,diffuse,public,none,,0,False,0.04042711522353893,0.09165467631771895,10435127,110,104,475000,439000,6,1354795,0.9454545454545454,0.9242105263157895,0.05454545454545454,25,21,131000,102000,4,321883,0.84,0.7786259541984732,0.16,85,82,329000,312000,3,913935,0.9647058823529412,0.9483282674772037,0.03529411764705882,110,103,460000,414000,7,1235818,0.9363636363636364,0.9,0.06363636363636363
sealed_holdout,2,public-periphery-202-c1f7d1d3dec5,periphery,64,78,47,1,balanced_band,diffuse,retry,none,,0,False,0.04042711522353893,0.09330866154661031,10435127,110,106,475000,449000,6,1381295,0.9636363636363636,0.9452631578947368,0.05454545454545454,25,22,131000,110000,6,346283,0.88,0.8396946564885496,0.24,85,82,329000,311000,6,906984,0.9647058823529412,0.9452887537993921,0.07058823529411765,110,104,460000,421000,12,1253267,0.9454545454545454,0.9152173913043479,0.10909090909090909
sealed_holdout,2,public-periphery-202-c1f7d1d3dec5,periphery,64,78,47,1,balanced_band,diffuse,online,none,,0,False,0.04042711522353893,0.09606327508827675,10435127,110,106,475000,449000,10,1384545,0.9636363636363636,0.9452631578947368,0.09090909090909091,25,22,131000,110000,7,346977,0.88,0.8396946564885496,0.28,85,82,329000,311000,6,911092,0.9647058823529412,0.9452887537993921,0.07058823529411765,110,104,460000,421000,13,1258069,0.9454545454545454,0.9152173913043479,0.11818181818181818
sealed_holdout,2,public-periphery-202-c1f7d1d3dec5,periphery,64,78,47,1,balanced_band,diffuse,oracle,none,,0,False,0.04042711522353893,0.09330866154661031,10435127,110,106,475000,449000,0,1381295,0.9636363636363636,0.9452631578947368,0.0,25,22,131000,110000,0,346283,0.88,0.8396946564885496,0.0,85,82,329000,311000,0,906984,0.9647058823529412,0.9452887537993921,0.0,110,104,460000,421000,0,1253267,0.9454545454545454,0.9152173913043479,0.0
sealed_holdout,2,public-periphery-202-c1f7d1d3dec5,periphery,64,78,47,1,balanced_band,diffuse,online,random,N032|N036,120000,False,0.04042711522353893,0.09481278264363831,10555127,110,106,475000,449000,10,1384545,0.9636363636363636,0.9452631578947368,0.09090909090909091,25,22,131000,110000,5,346977,0.88,0.8396946564885496,0.2,85,82,329000,311000,6,827742,0.9647058823529412,0.9452887537993921,0.07058823529411765,110,104,460000,421000,11,1174719,0.9454545454545454,0.9152173913043479,0.1
sealed_holdout,2,public-periphery-202-c1f7d1d3dec5,periphery,64,78,47,1,balanced_band,diffuse,online,failure_aware,N036|N046,120000,False,0.04042711522353893,0.09661510428825769,10555127,110,106,475000,449000,10,1384545,0.9636363636363636,0.9452631578947368,0.09090909090909091,25,22,131000,110000,5,346977,0.88,0.8396946564885496,0.2,85,82,329000,311000,6,895992,0.9647058823529412,0.9452887537993921,0.07058823529411765,110,104,460000,421000,11,1242969,0.9454545454545454,0.9152173913043479,0.1
sealed_holdout,2,public-periphery-202-c1f7d1d3dec5,periphery,64,78,47,1,balanced_band,stationary_hotspot,public,none,,0,False,0.04042711522353893,0.07128853180363917,10435127,110,93,429000,318000,17,991065,0.8454545454545455,0.7412587412587412,0.15454545454545454,25,20,95000,70000,5,252850,0.8,0.7368421052631579,0.2,85,79,331000,298000,6,882219,0.9294117647058824,0.9003021148036254,0.07058823529411765,110,99,426000,368000,11,1135069,0.9,0.863849765258216,0.1
sealed_holdout,2,public-periphery-202-c1f7d1d3dec5,periphery,64,78,47,1,balanced_band,stationary_hotspot,retry,none,,0,False,0.04042711522353893,0.07344852172453778,10435127,110,94,429000,326000,17,1023465,0.8545454545454545,0.7599067599067599,0.15454545454545454,25,20,95000,70000,6,253095,0.8,0.7368421052631579,0.24,85,79,331000,298000,6,882219,0.9294117647058824,0.9003021148036254,0.07058823529411765,110,99,426000,368000,12,1135314,0.9,0.863849765258216,0.10909090909090909
sealed_holdout,2,public-periphery-202-c1f7d1d3dec5,periphery,64,78,47,1,balanced_band,stationary_hotspot,online,none,,0,False,0.04042711522353893,0.0741565707272235,10435127,110,94,429000,326000,17,1023673,0.8545454545454545,0.7599067599067599,0.15454545454545454,25,20,95000,70000,7,253350,0.8,0.7368421052631579,0.28,85,79,331000,298000,6,882323,0.9294117647058824,0.9003021148036254,0.07058823529411765,110,99,426000,368000,13,1135673,0.9,0.863849765258216,0.11818181818181818
sealed_holdout,2,public-periphery-202-c1f7d1d3dec5,periphery,64,78,47,1,balanced_band,stationary_hotspot,oracle,none,,0,False,0.04042711522353893,0.07344852172453778,10435127,110,94,429000,326000,0,1023465,0.8545454545454545,0.7599067599067599,0.0,25,20,95000,70000,0,253095,0.8,0.7368421052631579,0.0,85,79,331000,298000,0,882219,0.9294117647058824,0.9003021148036254,0.0,110,99,426000,368000,0,1135314,0.9,0.863849765258216,0.0
sealed_holdout,2,public-periphery-202-c1f7d1d3dec5,periphery,64,78,47,1,balanced_band,stationary_hotspot,online,random,N032|N036,120000,False,0.04042711522353893,0.07166350967903505,10555127,110,94,429000,326000,17,1023673,0.8545454545454545,0.7599067599067599,0.15454545454545454,25,20,95000,70000,7,251500,0.8,0.7368421052631579,0.28,85,79,331000,298000,7,879893,0.9294117647058824,0.9003021148036254,0.08235294117647059,110,99,426000,368000,14,1131393,0.9,0.863849765258216,0.12727272727272726
sealed_holdout,2,public-periphery-202-c1f7d1d3dec5,periphery,64,78,47,1,balanced_band,stationary_hotspot,online,failure_aware,N060|N061,120000,True,0.04042711522353893,0.08252596943215915,10555127,110,94,429000,326000,17,1023673,0.8545454545454545,0.7599067599067599,0.15454545454545454,25,25,95000,95000,3,218434,1.0,1.0,0.12,85,85,331000,331000,4,674993,1.0,1.0,0.047058823529411764,110,110,426000,426000,7,893427,1.0,1.0,0.06363636363636363
sealed_holdout,2,public-periphery-202-c1f7d1d3dec5,periphery,64,78,47,1,balanced_band,shifted_hotspot,public,none,,0,False,0.04042711522353893,0.07250207399494206,10435127,110,93,429000,318000,17,991065,0.8454545454545455,0.7412587412587412,0.15454545454545454,25,25,95000,95000,0,217475,1.0,1.0,0.0,85,77,331000,289000,8,602010,0.9058823529411765,0.8731117824773413,0.09411764705882353,110,102,426000,384000,8,819485,0.9272727272727272,0.9014084507042254,0.07272727272727272
sealed_holdout,2,public-periphery-202-c1f7d1d3dec5,periphery,64,78,47,1,balanced_band,shifted_hotspot,retry,none,,0,False,0.04042711522353893,0.08512424502965732,10435127,110,94,429000,326000,17,1023465,0.8545454545454545,0.7599067599067599,0.15454545454545454,25,25,95000,95000,1,217720,1.0,1.0,0.04,85,83,331000,315000,18,649464,0.9764705882352941,0.9516616314199395,0.21176470588235294,110,108,426000,410000,19,867184,0.9818181818181818,0.9624413145539906,0.17272727272727273
sealed_holdout,2,public-periphery-202-c1f7d1d3dec5,periphery,64,78,47,1,balanced_band,shifted_hotspot,online,none,,0,False,0.04042711522353893,0.08473622894042983,10435127,110,94,429000,326000,17,1023673,0.8545454545454545,0.7599067599067599,0.15454545454545454,25,25,95000,95000,2,217975,1.0,1.0,0.08,85,83,331000,315000,16,649420,0.9764705882352941,0.9516616314199395,0.18823529411764706,110,108,426000,410000,18,867395,0.9818181818181818,0.9624413145539906,0.16363636363636364
sealed_holdout,2,public-periphery-202-c1f7d1d3dec5,periphery,64,78,47,1,balanced_band,shifted_hotspot,oracle,none,,0,False,0.04042711522353893,0.08512424502965732,10435127,110,94,429000,326000,0,1023465,0.8545454545454545,0.7599067599067599,0.0,25,25,95000,95000,0,217720,1.0,1.0,0.0,85,83,331000,315000,0,649464,0.9764705882352941,0.9516616314199395,0.0,110,108,426000,410000,0,867184,0.9818181818181818,0.9624413145539906,0.0
sealed_holdout,2,public-periphery-202-c1f7d1d3dec5,periphery,64,78,47,1,balanced_band,shifted_hotspot,online,random,N032|N036,120000,False,0.04042711522353893,0.08159862424460519,10555127,110,94,429000,326000,17,1023673,0.8545454545454545,0.7599067599067599,0.15454545454545454,25,25,95000,95000,2,216125,1.0,1.0,0.08,85,83,331000,315000,19,646019,0.9764705882352941,0.9516616314199395,0.2235294117647059,110,108,426000,410000,21,862144,0.9818181818181818,0.9624413145539906,0.19090909090909092
sealed_holdout,2,public-periphery-202-c1f7d1d3dec5,periphery,64,78,47,1,balanced_band,shifted_hotspot,online,failure_aware,N060|N061,120000,False,0.04042711522353893,0.08229749171872755,10555127,110,94,429000,326000,17,1023673,0.8545454545454545,0.7599067599067599,0.15454545454545454,25,25,95000,95000,3,217975,1.0,1.0,0.12,85,83,331000,315000,19,648820,0.9764705882352941,0.9516616314199395,0.2235294117647059,110,108,426000,410000,22,866795,0.9818181818181818,0.9624413145539906,0.2
sealed_holdout,2,public-periphery-202-c1f7d1d3dec5,periphery,64,78,47,1,uniform,diffuse,public,none,,0,False,0.2328625666529252,0.2655279974213688,10435127,110,97,475000,401000,13,1323126,0.8818181818181818,0.8442105263157895,0.11818181818181818,25,19,131000,89000,6,287875,0.76,0.6793893129770993,0.24,85,79,329000,297000,6,861922,0.9294117647058824,0.9027355623100304,0.07058823529411765,110,98,460000,386000,12,1149797,0.8909090909090909,0.8391304347826087,0.10909090909090909
sealed_holdout,2,public-periphery-202-c1f7d1d3dec5,periphery,64,78,47,1,uniform,diffuse,retry,none,,0,False,0.2328625666529252,0.2641480083059353,10435127,110,98,475000,406000,19,1338378,0.8909090909090909,0.8547368421052631,0.17272727272727273,25,19,131000,89000,11,244277,0.76,0.6793893129770993,0.44,85,80,329000,298000,7,861925,0.9411764705882353,0.9057750759878419,0.08235294117647059,110,99,460000,387000,18,1106202,0.9,0.841304347826087,0.16363636363636364
sealed_holdout,2,public-periphery-202-c1f7d1d3dec5,periphery,64,78,47,1,uniform,diffuse,online,none,,0,False,0.2328625666529252,0.26486405249905803,10435127,110,98,475000,406000,22,1340094,0.8909090909090909,0.8547368421052631,0.2,25,19,131000,89000,10,244277,0.76,0.6793893129770993,0.4,85,80,329000,298000,15,866619,0.9411764705882353,0.9057750759878419,0.17647058823529413,110,99,460000,387000,25,1110896,0.9,0.841304347826087,0.22727272727272727
sealed_holdout,2,public-periphery-202-c1f7d1d3dec5,periphery,64,78,47,1,uniform,diffuse,oracle,none,,0,False,0.2328625666529252,0.2641480083059353,10435127,110,98,475000,406000,0,1338378,0.8909090909090909,0.8547368421052631,0.0,25,19,131000,89000,0,244277,0.76,0.6793893129770993,0.0,85,80,329000,298000,0,861925,0.9411764705882353,0.9057750759878419,0.0,110,99,460000,387000,0,1106202,0.9,0.841304347826087,0.0
sealed_holdout,2,public-periphery-202-c1f7d1d3dec5,periphery,64,78,47,1,uniform,diffuse,online,random,N032|N036,120000,False,0.2328625666529252,0.2655869680472964,10555127,110,98,475000,406000,22,1340094,0.8909090909090909,0.8547368421052631,0.2,25,18,131000,81000,13,241908,0.72,0.6183206106870229,0.52,85,79,329000,287000,24,797956,0.9294117647058824,0.8723404255319149,0.2823529411764706,110,97,460000,368000,37,1039864,0.8818181818181818,0.8,0.33636363636363636
sealed_holdout,2,public-periphery-202-c1f7d1d3dec5,periphery,64,78,47,1,uniform,diffuse,online,failure_aware,N041|N046,120000,False,0.2328625666529252,0.2648001153786362,10555127,110,98,475000,406000,22,1340094,0.8909090909090909,0.8547368421052631,0.2,25,18,131000,81000,13,241908,0.72,0.6183206106870229,0.52,85,77,329000,280000,26,838907,0.9058823529411765,0.851063829787234,0.3058823529411765,110,95,460000,361000,39,1080815,0.8636363636363636,0.7847826086956522,0.35454545454545455
sealed_holdout,2,public-periphery-202-c1f7d1d3dec5,periphery,64,78,47,1,uniform,stationary_hotspot,public,none,,0,False,0.2328625666529252,0.23160471607886834,10435127,110,88,429000,289000,22,914397,0.8,0.6736596736596736,0.2,25,19,95000,68000,6,246848,0.76,0.7157894736842105,0.24,85,75,331000,279000,10,786911,0.8823529411764706,0.8429003021148036,0.11764705882352941,110,94,426000,347000,16,1033759,0.8545454545454545,0.8145539906103286,0.14545454545454545
sealed_holdout,2,public-periphery-202-c1f7d1d3dec5,periphery,64,78,47,1,uniform,stationary_hotspot,retry,none,,0,False,0.2328625666529252,0.23105245199319313,10435127,110,89,429000,297000,26,946797,0.8090909090909091,0.6923076923076923,0.23636363636363636,25,19,95000,68000,8,246848,0.76,0.7157894736842105,0.32,85,75,331000,279000,12,786911,0.8823529411764706,0.8429003021148036,0.1411764705882353,110,94,426000,347000,20,1033759,0.8545454545454545,0.8145539906103286,0.18181818181818182
sealed_holdout,2,public-periphery-202-c1f7d1d3dec5,periphery,64,78,47,1,uniform,stationary_hotspot,online,none,,0,False,0.2328625666529252,0.23043380315177267,10435127,110,89,429000,297000,26,947005,0.8090909090909091,0.6923076923076923,0.23636363636363636,25,19,95000,68000,8,246848,0.76,0.7157894736842105,0.32,85,75,331000,279000,12,787015,0.8823529411764706,0.8429003021148036,0.1411764705882353,110,94,426000,347000,20,1033863,0.8545454545454545,0.8145539906103286,0.18181818181818182
sealed_holdout,2,public-periphery-202-c1f7d1d3dec5,periphery,64,78,47,1,uniform,stationary_hotspot,oracle,none,,0,False,0.2328625666529252,0.2337629415146558,10435127,110,90,429000,305000,0,994797,0.8181818181818182,0.710955710955711,0.0,25,19,95000,68000,0,246848,0.76,0.7157894736842105,0.0,85,76,331000,280000,0,790912,0.8941176470588236,0.8459214501510574,0.0,110,95,426000,348000,0,1037760,0.8636363636363636,0.8169014084507042,0.0
sealed_holdout,2,public-periphery-202-c1f7d1d3dec5,periphery,64,78,47,1,uniform,stationary_hotspot,online,random,N032|N036,120000,False,0.2328625666529252,0.2308822996013075,10555127,110,89,429000,297000,26,947005,0.8090909090909091,0.6923076923076923,0.23636363636363636,25,19,95000,68000,8,244998,0.76,0.7157894736842105,0.32,85,75,331000,279000,16,784111,0.8823529411764706,0.8429003021148036,0.18823529411764706,110,94,426000,347000,24,1029109,0.8545454545454545,0.8145539906103286,0.21818181818181817
sealed_holdout,2,public-periphery-202-c1f7d1d3dec5,periphery,64,78,47,1,uniform,stationary_hotspot,online,failure_aware,N060|N061,120000,True,0.2328625666529252,0.24202652855775345,10555127,110,89,429000,297000,26,947005,0.8090909090909091,0.6923076923076923,0.23636363636363636,25,24,95000,93000,4,211932,0.96,0.9789473684210527,0.16,85,81,331000,312000,13,579211,0.9529411764705882,0.9425981873111783,0.15294117647058825,110,105,426000,405000,17,791143,0.9545454545454546,0.9507042253521126,0.15454545454545454
sealed_holdout,2,public-periphery-202-c1f7d1d3dec5,periphery,64,78,47,1,uniform,shifted_hotspot,public,none,,0,False,0.2328625666529252,0.23094519453571957,10435127,110,88,429000,289000,22,914397,0.8,0.6736596736596736,0.2,25,23,95000,88000,2,210068,0.92,0.9263157894736842,0.08,85,73,331000,270000,12,506702,0.8588235294117647,0.8157099697885196,0.1411764705882353,110,96,426000,358000,14,716770,0.8727272727272727,0.8403755868544601,0.12727272727272726
sealed_holdout,2,public-periphery-202-c1f7d1d3dec5,periphery,64,78,47,1,uniform,shifted_hotspot,retry,none,,0,False,0.2328625666529252,0.23982844630942982,10435127,110,89,429000,297000,26,946797,0.8090909090909091,0.6923076923076923,0.23636363636363636,25,24,95000,93000,4,218730,0.96,0.9789473684210527,0.16,85,79,331000,296000,22,554008,0.9294117647058824,0.8942598187311178,0.25882352941176473,110,103,426000,389000,26,772738,0.9363636363636364,0.9131455399061033,0.23636363636363636
sealed_holdout,2,public-periphery-202-c1f7d1d3dec5,periphery,64,78,47,1,uniform,shifted_hotspot,online,none,,0,False,0.2328625666529252,0.23614292660647415,10435127,110,89,429000,297000,26,947005,0.8090909090909091,0.6923076923076923,0.23636363636363636,25,24,95000,93000,4,218730,0.96,0.9789473684210527,0.16,85,79,331000,296000,22,554112,0.9294117647058824,0.8942598187311178,0.25882352941176473,110,103,426000,389000,26,772842,0.9363636363636364,0.9131455399061033,0.23636363636363636
sealed_holdout,2,public-periphery-202-c1f7d1d3dec5,periphery,64,78,47,1,uniform,shifted_hotspot,oracle,none,,0,False,0.2328625666529252,0.24270376654007653,10435127,110,90,429000,305000,0,994797,0.8181818181818182,0.710955710955711,0.0,25,24,95000,93000,0,218730,0.96,0.9789473684210527,0.0,85,80,331000,297000,0,558009,0.9411764705882353,0.8972809667673716,0.0,110,104,426000,390000,0,776739,0.9454545454545454,0.9154929577464789,0.0
sealed_holdout,2,public-periphery-202-c1f7d1d3dec5,periphery,64,78,47,1,uniform,shifted_hotspot,online,random,N032|N036,120000,False,0.2328625666529252,0.23199298586330294,10555127,110,89,429000,297000,26,947005,0.8090909090909091,0.6923076923076923,0.23636363636363636,25,24,95000,93000,4,216978,0.96,0.9789473684210527,0.16,85,79,331000,296000,20,551338,0.9294117647058824,0.8942598187311178,0.23529411764705882,110,103,426000,389000,24,768316,0.9363636363636364,0.9131455399061033,0.21818181818181817
sealed_holdout,2,public-periphery-202-c1f7d1d3dec5,periphery,64,78,47,1,uniform,shifted_hotspot,online,failure_aware,N060|N061,120000,False,0.2328625666529252,0.23276181659561235,10555127,110,89,429000,297000,26,947005,0.8090909090909091,0.6923076923076923,0.23636363636363636,25,24,95000,93000,5,218828,0.96,0.9789473684210527,0.2,85,79,331000,296000,20,554139,0.9294117647058824,0.8942598187311178,0.23529411764705882,110,103,426000,389000,25,772967,0.9363636363636364,0.9131455399061033,0.22727272727272727
sealed_holdout,2,public-periphery-202-c1f7d1d3dec5,periphery,64,78,47,1,polarized,diffuse,public,none,,0,False,0.6782831913042213,0.6300810905431734,10435127,110,76,475000,274000,34,898040,0.6909090909090909,0.5768421052631579,0.3090909090909091,25,15,131000,60000,10,148833,0.6,0.4580152671755725,0.4,85,66,329000,211000,19,650169,0.7764705882352941,0.6413373860182371,0.2235294117647059,110,81,460000,271000,29,799002,0.7363636363636363,0.5891304347826087,0.2636363636363636
sealed_holdout,2,public-periphery-202-c1f7d1d3dec5,periphery,64,78,47,1,polarized,diffuse,retry,none,,0,False,0.6782831913042213,0.6273129442667406,10435127,110,82,475000,309000,49,962479,0.7454545454545455,0.6505263157894737,0.44545454545454544,25,17,131000,76000,16,177641,0.68,0.5801526717557252,0.64,85,71,329000,242000,33,679587,0.8352941176470589,0.7355623100303952,0.38823529411764707,110,88,460000,318000,49,857228,0.8,0.691304347826087,0.44545454545454544
sealed_holdout,2,public-periphery-202-c1f7d1d3dec5,periphery,64,78,47,1,polarized,diffuse,online,none,,0,False,0.6782831913042213,0.6339791424273838,10435127,110,82,475000,309000,52,960624,0.7454545454545455,0.6505263157894737,0.4727272727272727,25,16,131000,68000,17,172841,0.64,0.5190839694656488,0.68,85,69,329000,235000,36,669002,0.8117647058823529,0.7142857142857143,0.4235294117647059,110,85,460000,303000,53,841843,0.7727272727272727,0.658695652173913,0.4818181818181818
sealed_holdout,2,public-periphery-202-c1f7d1d3dec5,periphery,64,78,47,1,polarized,diffuse,oracle,none,,0,False,0.6782831913042213,0.6261448390704578,10435127,110,82,475000,309000,0,962479,0.7454545454545455,0.6505263157894737,0.0,25,18,131000,81000,0,207641,0.72,0.6183206106870229,0.0,85,71,329000,242000,0,679587,0.8352941176470589,0.7355623100303952,0.0,110,89,460000,323000,0,887228,0.8090909090909091,0.7021739130434783,0.0
sealed_holdout,2,public-periphery-202-c1f7d1d3dec5,periphery,64,78,47,1,polarized,diffuse,online,random,N032|N036,120000,False,0.6782831913042213,0.6213692435133197,10555127,110,82,475000,309000,52,960624,0.7454545454545455,0.6505263157894737,0.4727272727272727,25,16,131000,68000,17,173097,0.64,0.5190839694656488,0.68,85,66,329000,211000,47,590494,0.7764705882352941,0.6413373860182371,0.5529411764705883,110,82,460000,279000,64,763591,0.7454545454545455,0.6065217391304348,0.5818181818181818
sealed_holdout,2,public-periphery-202-c1f7d1d3dec5,periphery,64,78,47,1,polarized,diffuse,online,failure_aware,N047|N051,120000,False,0.6782831913042213,0.6214149219715219,10555127,110,82,475000,309000,52,960624,0.7454545454545455,0.6505263157894737,0.4727272727272727,25,16,131000,68000,18,173097,0.64,0.5190839694656488,0.72,85,67,329000,219000,43,654860,0.788235294117647,0.6656534954407295,0.5058823529411764,110,83,460000,287000,61,827957,0.7545454545454545,0.6239130434782608,0.5545454545454546
sealed_holdout,2,public-periphery-202-c1f7d1d3dec5,periphery,64,78,47,1,polarized,stationary_hotspot,public,none,,0,False,0.6782831913042213,0.6268838992175888,10435127,110,79,429000,235000,31,724333,0.7181818181818181,0.5477855477855478,0.2818181818181818,25,16,95000,58000,9,189845,0.64,0.6105263157894737,0.36,85,63,331000,229000,22,627181,0.7411764705882353,0.6918429003021148,0.25882352941176473,110,79,426000,287000,31,817026,0.7181818181818181,0.6737089201877934,0.2818181818181818
sealed_holdout,2,public-periphery-202-c1f7d1d3dec5,periphery,64,78,47,1,polarized,stationary_hotspot,retry,none,,0,False,0.6782831913042213,0.620145525841703,10435127,110,82,429000,256000,36,788023,0.7454545454545455,0.5967365967365967,0.32727272727272727,25,16,95000,58000,11,189845,0.64,0.6105263157894737,0.44,85,64,331000,230000,30,630531,0.7529411764705882,0.6948640483383686,0.35294117647058826,110,80,426000,288000,41,820376,0.7272727272727273,0.676056338028169,0.37272727272727274
sealed_holdout,2,public-periphery-202-c1f7d1d3dec5,periphery,64,78,47,1,polarized,stationary_hotspot,online,none,,0,False,0.6782831913042213,0.6333470249524928,10435127,110,82,429000,256000,38,791123,0.7454545454545455,0.5967365967365967,0.34545454545454546,25,16,95000,58000,12,190090,0.64,0.6105263157894737,0.48,85,63,331000,229000,33,632920,0.7411764705882353,0.6918429003021148,0.38823529411764707,110,79,426000,287000,45,823010,0.7181818181818181,0.6737089201877934,0.4090909090909091
sealed_holdout,2,public-periphery-202-c1f7d1d3dec5,periphery,64,78,47,1,polarized,stationary_hotspot,oracle,none,,0,False,0.6782831913042213,0.6234454250285325,10435127,110,83,429000,261000,0,803523,0.7545454545454545,0.6083916083916084,0.0,25,16,95000,58000,0,189845,0.64,0.6105263157894737,0.0,85,64,331000,230000,0,630531,0.7529411764705882,0.6948640483383686,0.0,110,80,426000,288000,0,820376,0.7272727272727273,0.676056338028169,0.0
sealed_holdout,2,public-periphery-202-c1f7d1d3dec5,periphery,64,78,47,1,polarized,stationary_hotspot,online,random,N032|N036,120000,False,0.6782831913042213,0.623445076238681,10555127,110,82,429000,256000,38,791123,0.7454545454545455,0.5967365967365967,0.34545454545454546,25,17,95000,59000,11,191243,0.68,0.6210526315789474,0.44,85,64,331000,231000,31,639826,0.7529411764705882,0.6978851963746223,0.36470588235294116,110,81,426000,290000,42,831069,0.7363636363636363,0.6807511737089202,0.38181818181818183
sealed_holdout,2,public-periphery-202-c1f7d1d3dec5,periphery,64,78,47,1,polarized,stationary_hotspot,online,failure_aware,N060|N061,120000,True,0.6782831913042213,0.6307736747310339,10555127,110,82,429000,256000,38,791123,0.7454545454545455,0.5967365967365967,0.34545454545454546,25,21,95000,83000,8,155174,0.84,0.8736842105263158,0.32,85,72,331000,273000,26,416640,0.8470588235294118,0.824773413897281,0.3058823529411765,110,93,426000,356000,34,571814,0.8454545454545455,0.8356807511737089,0.3090909090909091
sealed_holdout,2,public-periphery-202-c1f7d1d3dec5,periphery,64,78,47,1,polarized,shifted_hotspot,public,none,,0,False,0.6782831913042213,0.6259659756580754,10435127,110,79,429000,235000,31,724333,0.7181818181818181,0.5477855477855478,0.2818181818181818,25,17,95000,64000,8,148851,0.68,0.6736842105263158,0.32,85,63,331000,230000,22,378582,0.7411764705882353,0.6948640483383686,0.25882352941176473,110,80,426000,294000,30,527433,0.7272727272727273,0.6901408450704225,0.2727272727272727
sealed_holdout,2,public-periphery-202-c1f7d1d3dec5,periphery,64,78,47,1,polarized,shifted_hotspot,retry,none,,0,False,0.6782831913042213,0.6121786835004154,10435127,110,82,429000,256000,36,788023,0.7454545454545455,0.5967365967365967,0.32727272727272727,25,21,95000,83000,11,182445,0.84,0.8736842105263158,0.44,85,68,331000,237000,45,397546,0.8,0.716012084592145,0.5294117647058824,110,89,426000,320000,56,579991,0.8090909090909091,0.7511737089201878,0.509090909090909
sealed_holdout,2,public-periphery-202-c1f7d1d3dec5,periphery,64,78,47,1,polarized,shifted_hotspot,online,none,,0,False,0.6782831913042213,0.612530681955916,10435127,110,82,429000,256000,38,791123,0.7454545454545455,0.5967365967365967,0.34545454545454546,25,21,95000,83000,11,182989,0.84,0.8736842105263158,0.44,85,68,331000,241000,47,404468,0.8,0.7280966767371602,0.5529411764705883,110,89,426000,324000,58,587457,0.8090909090909091,0.7605633802816901,0.5272727272727272
sealed_holdout,2,public-periphery-202-c1f7d1d3dec5,periphery,64,78,47,1,polarized,shifted_hotspot,oracle,none,,0,False,0.6782831913042213,0.6158719941185237,10435127,110,83,429000,261000,0,803523,0.7545454545454545,0.6083916083916084,0.0,25,21,95000,83000,0,182445,0.84,0.8736842105263158,0.0,85,71,331000,258000,0,434338,0.8352941176470589,0.7794561933534743,0.0,110,92,426000,341000,0,616783,0.8363636363636363,0.8004694835680751,0.0
sealed_holdout,2,public-periphery-202-c1f7d1d3dec5,periphery,64,78,47,1,polarized,shifted_hotspot,online,random,N032|N036,120000,False,0.6782831913042213,0.6038626580911487,10555127,110,82,429000,256000,38,791123,0.7454545454545455,0.5967365967365967,0.34545454545454546,25,22,95000,84000,10,184142,0.88,0.8842105263157894,0.4,85,71,331000,259000,35,444687,0.8352941176470589,0.7824773413897281,0.4117647058823529,110,93,426000,343000,45,628829,0.8454545454545455,0.8051643192488263,0.4090909090909091
sealed_holdout,2,public-periphery-202-c1f7d1d3dec5,periphery,64,78,47,1,polarized,shifted_hotspot,online,failure_aware,N060|N061,120000,False,0.6782831913042213,0.6025374754911744,10555127,110,82,429000,256000,38,791123,0.7454545454545455,0.5967365967365967,0.34545454545454546,25,21,95000,83000,12,182989,0.84,0.8736842105263158,0.48,85,70,331000,257000,37,435488,0.8235294117647058,0.7764350453172205,0.43529411764705883,110,91,426000,340000,49,618477,0.8272727272727273,0.7981220657276995,0.44545454545454544
sealed_holdout,3,public-hub-203-d68ad84730d4,hub,64,307,1,0,balanced_band,diffuse,public,none,,0,False,0.05104220141696618,0.06352445265041176,46426779,110,108,416000,406000,2,153965,0.9818181818181818,0.9759615384615384,0.01818181818181818,25,25,109000,109000,0,40641,1.0,1.0,0.0,85,78,398000,361000,7,118616,0.9176470588235294,0.907035175879397,0.08235294117647059,110,103,507000,470000,7,159257,0.9363636363636364,0.9270216962524654,0.06363636363636363
sealed_holdout,3,public-hub-203-d68ad84730d4,hub,64,307,1,0,balanced_band,diffuse,retry,none,,0,False,0.05104220141696618,0.06319075491544691,46426779,110,110,416000,416000,2,162717,1.0,1.0,0.01818181818181818,25,25,109000,109000,0,40641,1.0,1.0,0.0,85,85,398000,398000,9,148668,1.0,1.0,0.10588235294117647,110,110,507000,507000,9,189309,1.0,1.0,0.08181818181818182
sealed_holdout,3,public-hub-203-d68ad84730d4,hub,64,307,1,0,balanced_band,diffuse,online,none,,0,False,0.05104220141696618,0.06562503782182855,46426779,110,110,416000,416000,2,165135,1.0,1.0,0.01818181818181818,25,25,109000,109000,0,41356,1.0,1.0,0.0,85,85,398000,398000,10,151557,1.0,1.0,0.11764705882352941,110,110,507000,507000,10,192913,1.0,1.0,0.09090909090909091
sealed_holdout,3,public-hub-203-d68ad84730d4,hub,64,307,1,0,balanced_band,diffuse,oracle,none,,0,False,0.05104220141696618,0.06319075491544691,46426779,110,110,416000,416000,0,162717,1.0,1.0,0.0,25,25,109000,109000,0,40641,1.0,1.0,0.0,85,85,398000,398000,0,148668,1.0,1.0,0.0,110,110,507000,507000,0,189309,1.0,1.0,0.0
sealed_holdout,3,public-hub-203-d68ad84730d4,hub,64,307,1,0,balanced_band,diffuse,online,random,N006|N058,120000,False,0.05104220141696618,0.06364855674739128,46546779,110,110,416000,416000,2,165135,1.0,1.0,0.01818181818181818,25,25,109000,109000,0,44875,1.0,1.0,0.0,85,85,398000,398000,9,168317,1.0,1.0,0.10588235294117647,110,110,507000,507000,9,213192,1.0,1.0,0.08181818181818182
sealed_holdout,3,public-hub-203-d68ad84730d4,hub,64,307,1,0,balanced_band,diffuse,online,failure_aware,N006|N058,120000,False,0.05104220141696618,0.06364855674739128,46546779,110,110,416000,416000,2,165135,1.0,1.0,0.01818181818181818,25,25,109000,109000,0,44875,1.0,1.0,0.0,85,85,398000,398000,9,168317,1.0,1.0,0.10588235294117647,110,110,507000,507000,9,213192,1.0,1.0,0.08181818181818182
sealed_holdout,3,public-hub-203-d68ad84730d4,hub,64,307,1,0,balanced_band,stationary_hotspot,public,none,,0,False,0.05104220141696618,0.056530930111732186,46426779,110,97,389000,318000,13,94506,0.8818181818181818,0.8174807197943444,0.11818181818181818,25,23,87000,74000,2,38164,0.92,0.8505747126436781,0.08,85,77,343000,285000,8,95910,0.9058823529411765,0.8309037900874635,0.09411764705882353,110,100,430000,359000,10,134074,0.9090909090909091,0.8348837209302326,0.09090909090909091
sealed_holdout,3,public-hub-203-d68ad84730d4,hub,64,307,1,0,balanced_band,stationary_hotspot,retry,none,,0,False,0.05104220141696618,0.06047234524066847,46426779,110,106,389000,357000,24,122463,0.9636363636363636,0.9177377892030848,0.21818181818181817,25,25,87000,87000,3,48674,1.0,1.0,0.12,85,79,343000,298000,21,105822,0.9294117647058824,0.8688046647230321,0.24705882352941178,110,104,430000,385000,24,154496,0.9454545454545454,0.8953488372093024,0.21818181818181817
sealed_holdout,3,public-hub-203-d68ad84730d4,hub,64,307,1,0,balanced_band,stationary_hotspot,online,none,,0,False,0.05104220141696618,0.06059579190057317,46426779,110,106,389000,357000,24,123656,0.9636363636363636,0.9177377892030848,0.21818181818181817,25,25,87000,87000,3,49067,1.0,1.0,0.12,85,79,343000,298000,19,108262,0.9294117647058824,0.8688046647230321,0.2235294117647059,110,104,430000,385000,22,157329,0.9454545454545454,0.8953488372093024,0.2
sealed_holdout,3,public-hub-203-d68ad84730d4,hub,64,307,1,0,balanced_band,stationary_hotspot,oracle,none,,0,False,0.05104220141696618,0.06344876802659681,46426779,110,110,389000,389000,0,212719,1.0,1.0,0.0,25,25,87000,87000,0,61374,1.0,1.0,0.0,85,83,343000,327000,0,216287,0.9764705882352941,0.9533527696793003,0.0,110,108,430000,414000,0,277661,0.9818181818181818,0.9627906976744186,0.0
sealed_holdout,3,public-hub-203-d68ad84730d4,hub,64,307,1,0,balanced_band,stationary_hotspot,online,random,N006|N058,120000,False,0.05104220141696618,0.05869759125116685,46546779,110,106,389000,357000,24,123656,0.9636363636363636,0.9177377892030848,0.21818181818181817,25,25,87000,87000,2,37395,1.0,1.0,0.08,85,80,343000,303000,18,129104,0.9411764705882353,0.8833819241982507,0.21176470588235294,110,105,430000,390000,20,166499,0.9545454545454546,0.9069767441860465,0.18181818181818182
sealed_holdout,3,public-hub-203-d68ad84730d4,hub,64,307,1,0,balanced_band,stationary_hotspot,online,failure_aware,N056|N058,120000,True,0.05104220141696618,0.06036157190217008,46546779,110,106,389000,357000,24,123656,0.9636363636363636,0.9177377892030848,0.21818181818181817,25,25,87000,87000,1,34390,1.0,1.0,0.04,85,85,343000,343000,5,142099,1.0,1.0,0.058823529411764705,110,110,430000,430000,6,176489,1.0,1.0,0.05454545454545454
sealed_holdout,3,public-hub-203-d68ad84730d4,hub,64,307,1,0,balanced_band,shifted_hotspot,public,none,,0,False,0.05104220141696618,0.05871299087362713,46426779,110,97,389000,318000,13,94506,0.8818181818181818,0.8174807197943444,0.11818181818181818,25,24,87000,79000,1,54632,0.96,0.9080459770114943,0.04,85,81,343000,314000,4,137732,0.9529411764705882,0.9154518950437318,0.047058823529411764,110,105,430000,393000,5,192364,0.9545454545454546,0.913953488372093,0.045454545454545456
sealed_holdout,3,public-hub-203-d68ad84730d4,hub,64,307,1,0,balanced_band,shifted_hotspot,retry,none,,0,False,0.05104220141696618,0.0635644628322719,46426779,110,106,389000,357000,24,122463,0.9636363636363636,0.9177377892030848,0.21818181818181817,25,25,87000,87000,1,58592,1.0,1.0,0.04,85,85,343000,343000,5,164996,1.0,1.0,0.058823529411764705,110,110,430000,430000,6,223588,1.0,1.0,0.05454545454545454
sealed_holdout,3,public-hub-203-d68ad84730d4,hub,64,307,1,0,balanced_band,shifted_hotspot,online,none,,0,False,0.05104220141696618,0.0636401323196949,46426779,110,106,389000,357000,24,123656,0.9636363636363636,0.9177377892030848,0.21818181818181817,25,25,87000,87000,1,58985,1.0,1.0,0.04,85,85,343000,343000,3,167436,1.0,1.0,0.03529411764705882,110,110,430000,430000,4,226421,1.0,1.0,0.03636363636363636
sealed_holdout,3,public-hub-203-d68ad84730d4,hub,64,307,1,0,balanced_band,shifted_hotspot,oracle,none,,0,False,0.05104220141696618,0.06620913697113828,46426779,110,110,389000,389000,0,212719,1.0,1.0,0.0,25,25,87000,87000,0,58592,1.0,1.0,0.0,85,85,343000,343000,0,165611,1.0,1.0,0.0,110,110,430000,430000,0,224203,1.0,1.0,0.0
sealed_holdout,3,public-hub-203-d68ad84730d4,hub,64,307,1,0,balanced_band,shifted_hotspot,online,random,N006|N058,120000,False,0.05104220141696618,0.06178595436160978,46546779,110,106,389000,357000,24,123656,0.9636363636363636,0.9177377892030848,0.21818181818181817,25,25,87000,87000,0,49358,1.0,1.0,0.0,85,85,343000,343000,3,183773,1.0,1.0,0.03529411764705882,110,110,430000,430000,3,233131,1.0,1.0,0.02727272727272727
sealed_holdout,3,public-hub-203-d68ad84730d4,hub,64,307,1,0,balanced_band,shifted_hotspot,online,failure_aware,N056|N058,120000,False,0.05104220141696618,0.06178595436160978,46546779,110,106,389000,357000,24,123656,0.9636363636363636,0.9177377892030848,0.21818181818181817,25,25,87000,87000,0,49358,1.0,1.0,0.0,85,85,343000,343000,3,183773,1.0,1.0,0.03529411764705882,110,110,430000,430000,3,233131,1.0,1.0,0.02727272727272727
sealed_holdout,3,public-hub-203-d68ad84730d4,hub,64,307,1,0,uniform,diffuse,public,none,,0,False,0.29400408951922946,0.29946281179446654,46426779,110,104,416000,383000,6,144419,0.9454545454545454,0.9206730769230769,0.05454545454545454,25,23,109000,99000,2,35679,0.92,0.908256880733945,0.08,85,70,398000,315000,15,107267,0.8235294117647058,0.7914572864321608,0.17647058823529413,110,93,507000,414000,17,142946,0.8454545454545455,0.8165680473372781,0.15454545454545454
sealed_holdout,3,public-hub-203-d68ad84730d4,hub,64,307,1,0,uniform,diffuse,retry,none,,0,False,0.29400408951922946,0.30060934971421455,46426779,110,110,416000,416000,9,171819,1.0,1.0,0.08181818181818182,25,25,109000,109000,2,41147,1.0,1.0,0.08,85,84,398000,393000,18,157567,0.9882352941176471,0.9874371859296482,0.21176470588235294,110,109,507000,502000,20,198714,0.990909090909091,0.9901380670611439,0.18181818181818182
sealed_holdout,3,public-hub-203-d68ad84730d4,hub,64,307,1,0,uniform,diffuse,online,none,,0,False,0.29400408951922946,0.30493452340453786,46426779,110,110,416000,416000,8,176685,1.0,1.0,0.07272727272727272,25,25,109000,109000,1,42252,1.0,1.0,0.04,85,85,398000,398000,16,174359,1.0,1.0,0.18823529411764706,110,110,507000,507000,17,216611,1.0,1.0,0.15454545454545454
sealed_holdout,3,public-hub-203-d68ad84730d4,hub,64,307,1,0,uniform,diffuse,oracle,none,,0,False,0.29400408951922946,0.30096102495979293,46426779,110,110,416000,416000,0,171819,1.0,1.0,0.0,25,25,109000,109000,0,41147,1.0,1.0,0.0,85,85,398000,398000,0,163282,1.0,1.0,0.0,110,110,507000,507000,0,204429,1.0,1.0,0.0
sealed_holdout,3,public-hub-203-d68ad84730d4,hub,64,307,1,0,uniform,diffuse,online,random,N006|N058,120000,False,0.29400408951922946,0.3009598425853548,46546779,110,110,416000,416000,8,176685,1.0,1.0,0.07272727272727272,25,25,109000,109000,1,45172,1.0,1.0,0.04,85,85,398000,398000,11,174812,1.0,1.0,0.12941176470588237,110,110,507000,507000,12,219984,1.0,1.0,0.10909090909090909
sealed_holdout,3,public-hub-203-d68ad84730d4,hub,64,307,1,0,uniform,diffuse,online,failure_aware,N006|N058,120000,False,0.29400408951922946,0.3009598425853548,46546779,110,110,416000,416000,8,176685,1.0,1.0,0.07272727272727272,25,25,109000,109000,1,45172,1.0,1.0,0.04,85,85,398000,398000,11,174812,1.0,1.0,0.12941176470588237,110,110,507000,507000,12,219984,1.0,1.0,0.10909090909090909
sealed_holdout,3,public-hub-203-d68ad84730d4,hub,64,307,1,0,uniform,stationary_hotspot,public,none,,0,False,0.29400408951922946,0.29144506858709324,46426779,110,93,389000,295000,17,83922,0.8454545454545455,0.7583547557840618,0.15454545454545454,25,22,87000,66000,3,28924,0.88,0.7586206896551724,0.12,85,74,343000,261000,11,88438,0.8705882352941177,0.760932944606414,0.12941176470588237,110,96,430000,327000,14,117362,0.8727272727272727,0.7604651162790698,0.12727272727272726
sealed_holdout,3,public-hub-203-d68ad84730d4,hub,64,307,1,0,uniform,stationary_hotspot,retry,none,,0,False,0.29400408951922946,0.29455295687695887,46426779,110,102,389000,342000,34,118834,0.9272727272727272,0.8791773778920309,0.3090909090909091,25,24,87000,82000,6,50956,0.96,0.9425287356321839,0.24,85,79,343000,298000,24,119006,0.9294117647058824,0.8688046647230321,0.2823529411764706,110,103,430000,380000,30,169962,0.9363636363636364,0.8837209302325582,0.2727272727272727
sealed_holdout,3,public-hub-203-d68ad84730d4,hub,64,307,1,0,uniform,stationary_hotspot,online,none,,0,False,0.29400408951922946,0.2947760663770978,46426779,110,102,389000,342000,34,119862,0.9272727272727272,0.8791773778920309,0.3090909090909091,25,24,87000,82000,6,51349,0.96,0.9425287356321839,0.24,85,79,343000,298000,22,121693,0.9294117647058824,0.8688046647230321,0.25882352941176473,110,103,430000,380000,28,173042,0.9363636363636364,0.8837209302325582,0.2545454545454545
sealed_holdout,3,public-hub-203-d68ad84730d4,hub,64,307,1,0,uniform,stationary_hotspot,oracle,none,,0,False,0.29400408951922946,0.29310380737065755,46426779,110,110,389000,389000,0,285388,1.0,1.0,0.0,25,25,87000,87000,0,69906,1.0,1.0,0.0,85,83,343000,327000,0,229471,0.9764705882352941,0.9533527696793003,0.0,110,108,430000,414000,0,299377,0.9818181818181818,0.9627906976744186,0.0
sealed_holdout,3,public-hub-203-d68ad84730d4,hub,64,307,1,0,uniform,stationary_hotspot,online,random,N006|N058,120000,False,0.29400408951922946,0.29407899199487236,46546779,110,102,389000,342000,34,119862,0.9272727272727272,0.8791773778920309,0.3090909090909091,25,25,87000,87000,2,37395,1.0,1.0,0.08,85,80,343000,303000,25,145313,0.9411764705882353,0.8833819241982507,0.29411764705882354,110,105,430000,390000,27,182708,0.9545454545454546,0.9069767441860465,0.24545454545454545
sealed_holdout,3,public-hub-203-d68ad84730d4,hub,64,307,1,0,uniform,stationary_hotspot,online,failure_aware,N056|N058,120000,True,0.29400408951922946,0.29597373162200913,46546779,110,102,389000,342000,34,119862,0.9272727272727272,0.8791773778920309,0.3090909090909091,25,25,87000,87000,1,34390,1.0,1.0,0.04,85,85,343000,343000,11,159308,1.0,1.0,0.12941176470588237,110,110,430000,430000,12,193698,1.0,1.0,0.10909090909090909
sealed_holdout,3,public-hub-203-d68ad84730d4,hub,64,307,1,0,uniform,shifted_hotspot,public,none,,0,False,0.29400408951922946,0.2929563453778127,46426779,110,93,389000,295000,17,83922,0.8454545454545455,0.7583547557840618,0.15454545454545454,25,23,87000,71000,2,45392,0.92,0.8160919540229885,0.08,85,76,343000,274000,9,120676,0.8941176470588236,0.7988338192419825,0.10588235294117647,110,99,430000,345000,11,166068,0.9,0.8023255813953488,0.1
sealed_holdout,3,public-hub-203-d68ad84730d4,hub,64,307,1,0,uniform,shifted_hotspot,retry,none,,0,False,0.29400408951922946,0.30004338133879843,46426779,110,102,389000,342000,34,118834,0.9272727272727272,0.8791773778920309,0.3090909090909091,25,25,87000,87000,3,67424,1.0,1.0,0.12,85,85,343000,343000,9,182064,1.0,1.0,0.10588235294117647,110,110,430000,430000,12,249488,1.0,1.0,0.10909090909090909
sealed_holdout,3,public-hub-203-d68ad84730d4,hub,64,307,1,0,uniform,shifted_hotspot,online,none,,0,False,0.29400408951922946,0.29996484264443257,46426779,110,102,389000,342000,34,119862,0.9272727272727272,0.8791773778920309,0.3090909090909091,25,25,87000,87000,3,67817,1.0,1.0,0.12,85,85,343000,343000,7,184316,1.0,1.0,0.08235294117647059,110,110,430000,430000,10,252133,1.0,1.0,0.09090909090909091
sealed_holdout,3,public-hub-203-d68ad84730d4,hub,64,307,1,0,uniform,shifted_hotspot,oracle,none,,0,False,0.29400408951922946,0.2982318410032219,46426779,110,110,389000,389000,0,285388,1.0,1.0,0.0,25,25,87000,87000,0,67424,1.0,1.0,0.0,85,85,343000,343000,0,182064,1.0,1.0,0.0,110,110,430000,430000,0,249488,1.0,1.0,0.0
sealed_holdout,3,public-hub-203-d68ad84730d4,hub,64,307,1,0,uniform,shifted_hotspot,online,random,N006|N058,120000,False,0.29400408951922946,0.29923566462316953,46546779,110,102,389000,342000,34,119862,0.9272727272727272,0.8791773778920309,0.3090909090909091,25,25,87000,87000,0,49358,1.0,1.0,0.0,85,85,343000,343000,11,203866,1.0,1.0,0.12941176470588237,110,110,430000,430000,11,253224,1.0,1.0,0.1
sealed_holdout,3,public-hub-203-d68ad84730d4,hub,64,307,1,0,uniform,shifted_hotspot,online,failure_aware,N056|N058,120000,False,0.29400408951922946,0.29923566462316953,46546779,110,102,389000,342000,34,119862,0.9272727272727272,0.8791773778920309,0.3090909090909091,25,25,87000,87000,0,49358,1.0,1.0,0.0,85,85,343000,343000,11,203866,1.0,1.0,0.12941176470588237,110,110,430000,430000,11,253224,1.0,1.0,0.1
sealed_holdout,3,public-hub-203-d68ad84730d4,hub,64,307,1,0,polarized,diffuse,public,none,,0,False,0.7099585366363448,0.7063150014659799,46426779,110,82,416000,278000,28,91594,0.7454545454545455,0.6682692307692307,0.2545454545454545,25,22,109000,91000,3,34113,0.88,0.8348623853211009,0.12,85,58,398000,239000,27,79565,0.6823529411764706,0.6005025125628141,0.3176470588235294,110,80,507000,330000,30,113678,0.7272727272727273,0.650887573964497,0.2727272727272727
sealed_holdout,3,public-hub-203-d68ad84730d4,hub,64,307,1,0,polarized,diffuse,retry,none,,0,False,0.7099585366363448,0.7020331646536928,46426779,110,109,416000,411000,41,204579,0.990909090909091,0.9879807692307693,0.37272727272727274,25,24,109000,101000,5,39875,0.96,0.926605504587156,0.2,85,82,398000,377000,37,173940,0.9647058823529412,0.9472361809045227,0.43529411764705883,110,106,507000,478000,42,213815,0.9636363636363636,0.9428007889546351,0.38181818181818183
sealed_holdout,3,public-hub-203-d68ad84730d4,hub,64,307,1,0,polarized,diffuse,online,none,,0,False,0.7099585366363448,0.7041197125519986,46426779,110,108,416000,403000,37,204542,0.9818181818181818,0.96875,0.33636363636363636,25,23,109000,100000,12,41513,0.92,0.9174311926605505,0.48,85,83,398000,382000,33,185680,0.9764705882352941,0.9597989949748744,0.38823529411764707,110,106,507000,482000,45,227193,0.9636363636363636,0.9506903353057199,0.4090909090909091
sealed_holdout,3,public-hub-203-d68ad84730d4,hub,64,307,1,0,polarized,diffuse,oracle,none,,0,False,0.7099585366363448,0.6990393105038462,46426779,110,110,416000,416000,0,213509,1.0,1.0,0.0,25,24,109000,101000,0,39875,0.96,0.926605504587156,0.0,85,85,398000,398000,0,241641,1.0,1.0,0.0,110,109,507000,499000,0,281516,0.990909090909091,0.9842209072978304,0.0
sealed_holdout,3,public-hub-203-d68ad84730d4,hub,64,307,1,0,polarized,diffuse,online,random,N006|N058,120000,False,0.7099585366363448,0.7008714262384542,46546779,110,108,416000,403000,37,204542,0.9818181818181818,0.96875,0.33636363636363636,25,24,109000,101000,7,43867,0.96,0.926605504587156,0.28,85,80,398000,361000,32,186251,0.9411764705882353,0.907035175879397,0.3764705882352941,110,104,507000,462000,39,230118,0.9454545454545454,0.9112426035502958,0.35454545454545455
sealed_holdout,3,public-hub-203-d68ad84730d4,hub,64,307,1,0,polarized,diffuse,online,failure_aware,N007|N012,120000,False,0.7099585366363448,0.699939621360423,46546779,110,108,416000,403000,37,204542,0.9818181818181818,0.96875,0.33636363636363636,25,24,109000,101000,6,43361,0.96,0.926605504587156,0.24,85,81,398000,366000,27,186268,0.9529411764705882,0.9195979899497487,0.3176470588235294,110,105,507000,467000,33,229629,0.9545454545454546,0.9211045364891519,0.3
sealed_holdout,3,public-hub-203-d68ad84730d4,hub,64,307,1,0,polarized,stationary_hotspot,public,none,,0,False,0.7099585366363448,0.7027669563109167,46426779,110,86,389000,250000,24,68616,0.7818181818181819,0.6426735218508998,0.21818181818181817,25,21,87000,65000,4,27947,0.84,0.7471264367816092,0.16,85,69,343000,244000,16,81509,0.8117647058823529,0.7113702623906706,0.18823529411764706,110,90,430000,309000,20,109456,0.8181818181818182,0.7186046511627907,0.18181818181818182
sealed_holdout,3,public-hub-203-d68ad84730d4,hub,64,307,1,0,polarized,stationary_hotspot,retry,none,,0,False,0.7099585366363448,0.7014428396980609,46426779,110,95,389000,284000,56,94765,0.8636363636363636,0.7300771208226221,0.509090909090909,25,24,87000,82000,9,59190,0.96,0.9425287356321839,0.36,85,78,343000,290000,29,118671,0.9176470588235294,0.8454810495626822,0.3411764705882353,110,102,430000,372000,38,177861,0.9272727272727272,0.8651162790697674,0.34545454545454546
sealed_holdout,3,public-hub-203-d68ad84730d4,hub,64,307,1,0,polarized,stationary_hotspot,online,none,,0,False,0.7099585366363448,0.7026256603713918,46426779,110,95,389000,284000,55,95611,0.8636363636363636,0.7300771208226221,0.5,25,24,87000,82000,11,59982,0.96,0.9425287356321839,0.44,85,78,343000,290000,29,114805,0.9176470588235294,0.8454810495626822,0.3411764705882353,110,102,430000,372000,40,174787,0.9272727272727272,0.8651162790697674,0.36363636363636365
sealed_holdout,3,public-hub-203-d68ad84730d4,hub,64,307,1,0,polarized,stationary_hotspot,oracle,none,,0,False,0.7099585366363448,0.6942460701029489,46426779,110,109,389000,381000,0,393605,0.990909090909091,0.9794344473007712,0.0,25,25,87000,87000,0,78440,1.0,1.0,0.0,85,78,343000,290000,0,119286,0.9176470588235294,0.8454810495626822,0.0,110,103,430000,377000,0,197726,0.9363636363636364,0.8767441860465116,0.0
sealed_holdout,3,public-hub-203-d68ad84730d4,hub,64,307,1,0,polarized,stationary_hotspot,online,random,N006|N058,120000,False,0.7099585366363448,0.6996379533432722,46546779,110,95,389000,284000,55,95611,0.8636363636363636,0.7300771208226221,0.5,25,23,87000,74000,9,30346,0.92,0.8505747126436781,0.36,85,78,343000,290000,30,131325,0.9176470588235294,0.8454810495626822,0.35294117647058826,110,101,430000,364000,39,161671,0.9181818181818182,0.8465116279069768,0.35454545454545455
sealed_holdout,3,public-hub-203-d68ad84730d4,hub,64,307,1,0,polarized,stationary_hotspot,online,failure_aware,N056|N058,120000,True,0.7099585366363448,0.7017511120900549,46546779,110,95,389000,284000,55,95611,0.8636363636363636,0.7300771208226221,0.5,25,24,87000,79000,7,31846,0.96,0.9080459770114943,0.28,85,83,343000,330000,16,143735,0.9764705882352941,0.9620991253644315,0.18823529411764706,110,107,430000,409000,23,175581,0.9727272727272728,0.9511627906976744,0.20909090909090908
sealed_holdout,3,public-hub-203-d68ad84730d4,hub,64,307,1,0,polarized,shifted_hotspot,public,none,,0,False,0.7099585366363448,0.7037827481170351,46426779,110,86,389000,250000,24,68616,0.7818181818181819,0.6426735218508998,0.21818181818181817,25,21,87000,65000,4,41420,0.84,0.7471264367816092,0.16,85,66,343000,236000,19,100550,0.7764705882352941,0.6880466472303207,0.2235294117647059,110,87,430000,301000,23,141970,0.7909090909090909,0.7,0.20909090909090908
sealed_holdout,3,public-hub-203-d68ad84730d4,hub,64,307,1,0,polarized,shifted_hotspot,retry,none,,0,False,0.7099585366363448,0.7017477846999556,46426779,110,95,389000,284000,56,94765,0.8636363636363636,0.7300771208226221,0.509090909090909,25,22,87000,79000,17,77365,0.88,0.9080459770114943,0.68,85,80,343000,303000,31,171602,0.9411764705882353,0.8833819241982507,0.36470588235294116,110,102,430000,382000,48,248967,0.9272727272727272,0.8883720930232558,0.43636363636363634
sealed_holdout,3,public-hub-203-d68ad84730d4,hub,64,307,1,0,polarized,shifted_hotspot,online,none,,0,False,0.7099585366363448,0.703378283678377,46426779,110,95,389000,284000,55,95611,0.8636363636363636,0.7300771208226221,0.5,25,23,87000,80000,17,79679,0.92,0.9195402298850575,0.68,85,80,343000,303000,27,160814,0.9411764705882353,0.8833819241982507,0.3176470588235294,110,103,430000,383000,44,240493,0.9363636363636364,0.8906976744186047,0.4
sealed_holdout,3,public-hub-203-d68ad84730d4,hub,64,307,1,0,polarized,shifted_hotspot,oracle,none,,0,False,0.7099585366363448,0.6967851092166006,46426779,110,109,389000,381000,0,393605,0.990909090909091,0.9794344473007712,0.0,25,25,87000,87000,0,91821,1.0,1.0,0.0,85,81,343000,311000,0,180893,0.9529411764705882,0.9067055393586005,0.0,110,106,430000,398000,0,272714,0.9636363636363636,0.9255813953488372,0.0
sealed_holdout,3,public-hub-203-d68ad84730d4,hub,64,307,1,0,polarized,shifted_hotspot,online,random,N006|N058,120000,False,0.7099585366363448,0.7012606106487715,46546779,110,95,389000,284000,55,95611,0.8636363636363636,0.7300771208226221,0.5,25,22,87000,72000,16,50043,0.88,0.8275862068965517,0.64,85,79,343000,298000,29,167510,0.9294117647058824,0.8688046647230321,0.3411764705882353,110,101,430000,370000,45,217553,0.9181818181818182,0.8604651162790697,0.4090909090909091
sealed_holdout,3,public-hub-203-d68ad84730d4,hub,64,307,1,0,polarized,shifted_hotspot,online,failure_aware,N056|N058,120000,False,0.7099585366363448,0.7012606106487715,46546779,110,95,389000,284000,55,95611,0.8636363636363636,0.7300771208226221,0.5,25,22,87000,72000,16,50043,0.88,0.8275862068965517,0.64,85,79,343000,298000,29,167510,0.9294117647058824,0.8688046647230321,0.3411764705882353,110,101,430000,370000,45,217553,0.9181818181818182,0.8604651162790697,0.4090909090909091
sealed_holdout,3,public-hub-203-d68ad84730d4,hub,64,307,1,1,balanced_band,diffuse,public,none,,0,False,0.05621535159933254,0.06791994476215132,46426779,110,108,420000,404000,2,160598,0.9818181818181818,0.9619047619047619,0.01818181818181818,25,25,93000,93000,0,33366,1.0,1.0,0.0,85,84,323000,315000,1,145542,0.9882352941176471,0.9752321981424149,0.011764705882352941,110,109,416000,408000,1,178908,0.990909090909091,0.9807692307692307,0.00909090909090909
sealed_holdout,3,public-hub-203-d68ad84730d4,hub,64,307,1,1,balanced_band,diffuse,retry,none,,0,False,0.05621535159933254,0.0687766204894693,46426779,110,110,420000,420000,2,177270,1.0,1.0,0.01818181818181818,25,25,93000,93000,0,33366,1.0,1.0,0.0,85,85,323000,323000,1,150342,1.0,1.0,0.011764705882352941,110,110,416000,416000,1,183708,1.0,1.0,0.00909090909090909
sealed_holdout,3,public-hub-203-d68ad84730d4,hub,64,307,1,1,balanced_band,diffuse,online,none,,0,False,0.05621535159933254,0.0690052145453753,46426779,110,110,420000,420000,2,180520,1.0,1.0,0.01818181818181818,25,25,93000,93000,0,34955,1.0,1.0,0.0,85,85,323000,323000,3,158145,1.0,1.0,0.03529411764705882,110,110,416000,416000,3,193100,1.0,1.0,0.02727272727272727
sealed_holdout,3,public-hub-203-d68ad84730d4,hub,64,307,1,1,balanced_band,diffuse,oracle,none,,0,False,0.05621535159933254,0.0687766204894693,46426779,110,110,420000,420000,0,177270,1.0,1.0,0.0,25,25,93000,93000,0,33366,1.0,1.0,0.0,85,85,323000,323000,0,150342,1.0,1.0,0.0,110,110,416000,416000,0,183708,1.0,1.0,0.0
sealed_holdout,3,public-hub-203-d68ad84730d4,hub,64,307,1,1,balanced_band,diffuse,online,random,N010|N025,120000,False,0.05621535159933254,0.06881610585943927,46546779,110,110,420000,420000,2,180520,1.0,1.0,0.01818181818181818,25,25,93000,93000,0,39025,1.0,1.0,0.0,85,85,323000,323000,4,164239,1.0,1.0,0.047058823529411764,110,110,416000,416000,4,203264,1.0,1.0,0.03636363636363636
sealed_holdout,3,public-hub-203-d68ad84730d4,hub,64,307,1,1,balanced_band,diffuse,online,failure_aware,N010|N025,120000,False,0.05621535159933254,0.06881610585943927,46546779,110,110,420000,420000,2,180520,1.0,1.0,0.01818181818181818,25,25,93000,93000,0,39025,1.0,1.0,0.0,85,85,323000,323000,4,164239,1.0,1.0,0.047058823529411764,110,110,416000,416000,4,203264,1.0,1.0,0.03636363636363636
sealed_holdout,3,public-hub-203-d68ad84730d4,hub,64,307,1,1,balanced_band,stationary_hotspot,public,none,,0,False,0.05621535159933254,0.06262202931225411,46426779,110,85,400000,284000,25,149615,0.7727272727272727,0.71,0.22727272727272727,25,22,91000,73000,3,36471,0.88,0.8021978021978022,0.12,85,63,317000,192000,22,86486,0.7411764705882353,0.6056782334384858,0.25882352941176473,110,85,408000,265000,25,122957,0.7727272727272727,0.6495098039215687,0.22727272727272727
sealed_holdout,3,public-hub-203-d68ad84730d4,hub,64,307,1,1,balanced_band,stationary_hotspot,retry,none,,0,False,0.05621535159933254,0.06407417181234615,46426779,110,102,400000,351000,50,220817,0.9272727272727272,0.8775,0.45454545454545453,25,24,91000,83000,4,46531,0.96,0.9120879120879121,0.16,85,79,317000,281000,29,171581,0.9294117647058824,0.886435331230284,0.3411764705882353,110,103,408000,364000,33,218112,0.9363636363636364,0.8921568627450981,0.3
sealed_holdout,3,public-hub-203-d68ad84730d4,hub,64,307,1,1,balanced_band,stationary_hotspot,online,none,,0,False,0.05621535159933254,0.06528007621578283,46426779,110,103,400000,353000,35,225522,0.9363636363636364,0.8825,0.3181818181818182,25,24,91000,83000,4,47338,0.96,0.9120879120879121,0.16,85,79,317000,281000,22,174672,0.9294117647058824,0.886435331230284,0.25882352941176473,110,103,408000,364000,26,222010,0.9363636363636364,0.8921568627450981,0.23636363636363636
sealed_holdout,3,public-hub-203-d68ad84730d4,hub,64,307,1,1,balanced_band,stationary_hotspot,oracle,none,,0,False,0.05621535159933254,0.07111215040107871,46426779,110,110,400000,400000,0,339066,1.0,1.0,0.0,25,25,91000,91000,0,67147,1.0,1.0,0.0,85,81,317000,297000,0,212813,0.9529411764705882,0.9369085173501577,0.0,110,106,408000,388000,0,279960,0.9636363636363636,0.9509803921568627,0.0
sealed_holdout,3,public-hub-203-d68ad84730d4,hub,64,307,1,1,balanced_band,stationary_hotspot,online,random,N010|N025,120000,False,0.05621535159933254,0.06582344715411535,46546779,110,103,400000,353000,35,225522,0.9363636363636364,0.8825,0.3181818181818182,25,25,91000,91000,0,47660,1.0,1.0,0.0,85,84,317000,312000,14,193659,0.9882352941176471,0.9842271293375394,0.16470588235294117,110,109,408000,403000,14,241319,0.990909090909091,0.9877450980392157,0.12727272727272726
sealed_holdout,3,public-hub-203-d68ad84730d4,hub,64,307,1,1,balanced_band,stationary_hotspot,online,failure_aware,N054|N062,120000,True,0.05621535159933254,0.06575656978994716,46546779,110,103,400000,353000,35,225522,0.9363636363636364,0.8825,0.3181818181818182,25,25,91000,91000,0,36984,1.0,1.0,0.0,85,85,317000,317000,1,124155,1.0,1.0,0.011764705882352941,110,110,408000,408000,1,161139,1.0,1.0,0.00909090909090909
sealed_holdout,3,public-hub-203-d68ad84730d4,hub,64,307,1,1,balanced_band,shifted_hotspot,public,none,,0,False,0.05621535159933254,0.06759963012835836,46426779,110,85,400000,284000,25,149615,0.7727272727272727,0.71,0.22727272727272727,25,25,91000,91000,0,31529,1.0,1.0,0.0,85,64,317000,218000,21,84812,0.7529411764705882,0.6876971608832808,0.24705882352941178,110,89,408000,309000,21,116341,0.8090909090909091,0.7573529411764706,0.19090909090909092
sealed_holdout,3,public-hub-203-d68ad84730d4,hub,64,307,1,1,balanced_band,shifted_hotspot,retry,none,,0,False,0.05621535159933254,0.0649236070678782,46426779,110,102,400000,351000,50,220817,0.9272727272727272,0.8775,0.45454545454545453,25,25,91000,91000,0,31529,1.0,1.0,0.0,85,85,317000,317000,21,128233,1.0,1.0,0.24705882352941178,110,110,408000,408000,21,159762,1.0,1.0,0.19090909090909092
sealed_holdout,3,public-hub-203-d68ad84730d4,hub,64,307,1,1,balanced_band,shifted_hotspot,online,none,,0,False,0.05621535159933254,0.06626796884067054,46426779,110,103,400000,353000,35,225522,0.9363636363636364,0.8825,0.3181818181818182,25,25,91000,91000,0,32336,1.0,1.0,0.0,85,85,317000,317000,8,132268,1.0,1.0,0.09411764705882353,110,110,408000,408000,8,164604,1.0,1.0,0.07272727272727272
sealed_holdout,3,public-hub-203-d68ad84730d4,hub,64,307,1,1,balanced_band,shifted_hotspot,oracle,none,,0,False,0.05621535159933254,0.06838334122053034,46426779,110,110,400000,400000,0,339066,1.0,1.0,0.0,25,25,91000,91000,0,31529,1.0,1.0,0.0,85,85,317000,317000,0,128233,1.0,1.0,0.0,110,110,408000,408000,0,159762,1.0,1.0,0.0
sealed_holdout,3,public-hub-203-d68ad84730d4,hub,64,307,1,1,balanced_band,shifted_hotspot,online,random,N010|N025,120000,False,0.05621535159933254,0.06469974148330349,46546779,110,103,400000,353000,35,225522,0.9363636363636364,0.8825,0.3181818181818182,25,25,91000,91000,0,37282,1.0,1.0,0.0,85,85,317000,317000,1,131248,1.0,1.0,0.011764705882352941,110,110,408000,408000,1,168530,1.0,1.0,0.00909090909090909
sealed_holdout,3,public-hub-203-d68ad84730d4,hub,64,307,1,1,balanced_band,shifted_hotspot,online,failure_aware,N054|N062,120000,False,0.05621535159933254,0.06469974148330349,46546779,110,103,400000,353000,35,225522,0.9363636363636364,0.8825,0.3181818181818182,25,25,91000,91000,0,37282,1.0,1.0,0.0,85,85,317000,317000,1,131248,1.0,1.0,0.011764705882352941,110,110,408000,408000,1,168530,1.0,1.0,0.00909090909090909
sealed_holdout,3,public-hub-203-d68ad84730d4,hub,64,307,1,1,uniform,diffuse,public,none,,0,False,0.32380009394668435,0.32682091962099824,46426779,110,100,420000,352000,10,144956,0.9090909090909091,0.8380952380952381,0.09090909090909091,25,25,93000,93000,0,33366,1.0,1.0,0.0,85,79,323000,284000,6,130330,0.9294117647058824,0.8792569659442725,0.07058823529411765,110,104,416000,377000,6,163696,0.9454545454545454,0.90625,0.05454545454545454
sealed_holdout,3,public-hub-203-d68ad84730d4,hub,64,307,1,1,uniform,diffuse,retry,none,,0,False,0.32380009394668435,0.3279312567154574,46426779,110,110,420000,420000,11,189153,1.0,1.0,0.1,25,25,93000,93000,0,33366,1.0,1.0,0.0,85,84,323000,315000,12,152738,0.9882352941176471,0.9752321981424149,0.1411764705882353,110,109,416000,408000,12,186104,0.990909090909091,0.9807692307692307,0.10909090909090909
sealed_holdout,3,public-hub-203-d68ad84730d4,hub,64,307,1,1,uniform,diffuse,online,none,,0,False,0.32380009394668435,0.3271485844012128,46426779,110,110,420000,420000,9,192854,1.0,1.0,0.08181818181818182,25,25,93000,93000,0,35575,1.0,1.0,0.0,85,84,323000,315000,10,155539,0.9882352941176471,0.9752321981424149,0.11764705882352941,110,109,416000,408000,10,191114,0.990909090909091,0.9807692307692307,0.09090909090909091
sealed_holdout,3,public-hub-203-d68ad84730d4,hub,64,307,1,1,uniform,diffuse,oracle,none,,0,False,0.32380009394668435,0.3279312567154574,46426779,110,110,420000,420000,0,189153,1.0,1.0,0.0,25,25,93000,93000,0,33366,1.0,1.0,0.0,85,84,323000,315000,0,152738,0.9882352941176471,0.9752321981424149,0.0,110,109,416000,408000,0,186104,0.990909090909091,0.9807692307692307,0.0
sealed_holdout,3,public-hub-203-d68ad84730d4,hub,64,307,1,1,uniform,diffuse,online,random,N010|N025,120000,False,0.32380009394668435,0.3265084553561955,46546779,110,110,420000,420000,9,192854,1.0,1.0,0.08181818181818182,25,25,93000,93000,1,39298,1.0,1.0,0.04,85,85,323000,323000,6,177501,1.0,1.0,0.07058823529411765,110,110,416000,416000,7,216799,1.0,1.0,0.06363636363636363
sealed_holdout,3,public-hub-203-d68ad84730d4,hub,64,307,1,1,uniform,diffuse,online,failure_aware,N010|N025,120000,False,0.32380009394668435,0.3265084553561955,46546779,110,110,420000,420000,9,192854,1.0,1.0,0.08181818181818182,25,25,93000,93000,1,39298,1.0,1.0,0.04,85,85,323000,323000,6,177501,1.0,1.0,0.07058823529411765,110,110,416000,416000,7,216799,1.0,1.0,0.06363636363636363
sealed_holdout,3,public-hub-203-d68ad84730d4,hub,64,307,1,1,uniform,stationary_hotspot,public,none,,0,False,0.32380009394668435,0.32348609404170603,46426779,110,78,400000,246000,32,133447,0.7090909090909091,0.615,0.2909090909090909,25,22,91000,73000,3,36471,0.88,0.8021978021978022,0.12,85,60,317000,165000,25,77631,0.7058823529411765,0.5205047318611987,0.29411764705882354,110,82,408000,238000,28,114102,0.7454545454545455,0.5833333333333334,0.2545454545454545
sealed_holdout,3,public-hub-203-d68ad84730d4,hub,64,307,1,1,uniform,stationary_hotspot,retry,none,,0,False,0.32380009394668435,0.32414091960879216,46426779,110,97,400000,339000,64,228377,0.8818181818181818,0.8475,0.5818181818181818,25,24,91000,83000,4,46531,0.96,0.9120879120879121,0.16,85,78,317000,273000,35,173739,0.9176470588235294,0.861198738170347,0.4117647058823529,110,102,408000,356000,39,220270,0.9272727272727272,0.8725490196078431,0.35454545454545455
sealed_holdout,3,public-hub-203-d68ad84730d4,hub,64,307,1,1,uniform,stationary_hotspot,online,none,,0,False,0.32380009394668435,0.3240797627357403,46426779,110,96,400000,337000,60,228722,0.8727272727272727,0.8425,0.5454545454545454,25,24,91000,83000,3,47338,0.96,0.9120879120879121,0.12,85,79,317000,278000,27,184988,0.9294117647058824,0.8769716088328076,0.3176470588235294,110,103,408000,361000,30,232326,0.9363636363636364,0.8848039215686274,0.2727272727272727
sealed_holdout,3,public-hub-203-d68ad84730d4,hub,64,307,1,1,uniform,stationary_hotspot,oracle,none,,0,False,0.32380009394668435,0.3304759870098579,46426779,110,109,400000,392000,0,362619,0.990909090909091,0.98,0.0,25,24,91000,83000,0,46531,0.96,0.9120879120879121,0.0,85,79,317000,281000,0,179283,0.9294117647058824,0.886435331230284,0.0,110,103,408000,364000,0,225814,0.9363636363636364,0.8921568627450981,0.0
sealed_holdout,3,public-hub-203-d68ad84730d4,hub,64,307,1,1,uniform,stationary_hotspot,online,random,N010|N025,120000,False,0.32380009394668435,0.32600977214890503,46546779,110,96,400000,337000,60,228722,0.8727272727272727,0.8425,0.5454545454545454,25,25,91000,91000,0,46712,1.0,1.0,0.0,85,85,317000,317000,15,200341,1.0,1.0,0.17647058823529413,110,110,408000,408000,15,247053,1.0,1.0,0.13636363636363635
sealed_holdout,3,public-hub-203-d68ad84730d4,hub,64,307,1,1,uniform,stationary_hotspot,online,failure_aware,N054|N062,120000,True,0.32380009394668435,0.3260594089239055,46546779,110,96,400000,337000,60,228722,0.8727272727272727,0.8425,0.5454545454545454,25,25,91000,91000,0,37172,1.0,1.0,0.0,85,85,317000,317000,6,132117,1.0,1.0,0.07058823529411765,110,110,408000,408000,6,169289,1.0,1.0,0.05454545454545454
sealed_holdout,3,public-hub-203-d68ad84730d4,hub,64,307,1,1,uniform,shifted_hotspot,public,none,,0,False,0.32380009394668435,0.3241367936118101,46426779,110,78,400000,246000,32,133447,0.7090909090909091,0.615,0.2909090909090909,25,22,91000,81000,3,31029,0.88,0.8901098901098901,0.12,85,51,317000,152000,34,62699,0.6,0.4794952681388013,0.4,110,73,408000,233000,37,93728,0.6636363636363637,0.571078431372549,0.33636363636363636
sealed_holdout,3,public-hub-203-d68ad84730d4,hub,64,307,1,1,uniform,shifted_hotspot,retry,none,,0,False,0.32380009394668435,0.32188126762876373,46426779,110,97,400000,339000,64,228377,0.8818181818181818,0.8475,0.5818181818181818,25,25,91000,91000,3,34909,1.0,1.0,0.12,85,84,317000,309000,28,130851,0.9882352941176471,0.9747634069400631,0.32941176470588235,110,109,408000,400000,31,165760,0.990909090909091,0.9803921568627451,0.2818181818181818
sealed_holdout,3,public-hub-203-d68ad84730d4,hub,64,307,1,1,uniform,shifted_hotspot,online,none,,0,False,0.32380009394668435,0.3213821966545695,46426779,110,96,400000,337000,60,228722,0.8727272727272727,0.8425,0.5454545454545454,25,25,91000,91000,3,35716,1.0,1.0,0.12,85,84,317000,309000,14,137266,0.9882352941176471,0.9747634069400631,0.16470588235294117,110,109,408000,400000,17,172982,0.990909090909091,0.9803921568627451,0.15454545454545454
sealed_holdout,3,public-hub-203-d68ad84730d4,hub,64,307,1,1,uniform,shifted_hotspot,oracle,none,,0,False,0.32380009394668435,0.32821633502982944,46426779,110,109,400000,392000,0,362619,0.990909090909091,0.98,0.0,25,25,91000,91000,0,34909,1.0,1.0,0.0,85,85,317000,317000,0,136395,1.0,1.0,0.0,110,110,408000,408000,0,171304,1.0,1.0,0.0
sealed_holdout,3,public-hub-203-d68ad84730d4,hub,64,307,1,1,uniform,shifted_hotspot,online,random,N010|N025,120000,False,0.32380009394668435,0.32239557122244067,46546779,110,96,400000,337000,60,228722,0.8727272727272727,0.8425,0.5454545454545454,25,25,91000,91000,0,37282,1.0,1.0,0.0,85,85,317000,317000,6,139210,1.0,1.0,0.07058823529411765,110,110,408000,408000,6,176492,1.0,1.0,0.05454545454545454
sealed_holdout,3,public-hub-203-d68ad84730d4,hub,64,307,1,1,uniform,shifted_hotspot,online,failure_aware,N054|N062,120000,False,0.32380009394668435,0.32239557122244067,46546779,110,96,400000,337000,60,228722,0.8727272727272727,0.8425,0.5454545454545454,25,25,91000,91000,0,37282,1.0,1.0,0.0,85,85,317000,317000,6,139210,1.0,1.0,0.07058823529411765,110,110,408000,408000,6,176492,1.0,1.0,0.05454545454545454
sealed_holdout,3,public-hub-203-d68ad84730d4,hub,64,307,1,1,polarized,diffuse,public,none,,0,False,0.715773120093121,0.7061873473963526,46426779,110,85,420000,275000,25,109813,0.7727272727272727,0.6547619047619048,0.22727272727272727,25,19,93000,58000,6,23286,0.76,0.6236559139784946,0.24,85,69,323000,230000,16,110255,0.8117647058823529,0.7120743034055728,0.18823529411764706,110,88,416000,288000,22,133541,0.8,0.6923076923076923,0.2
sealed_holdout,3,public-hub-203-d68ad84730d4,hub,64,307,1,1,polarized,diffuse,retry,none,,0,False,0.715773120093121,0.6994883358925682,46426779,110,105,420000,380000,40,186800,0.9545454545454546,0.9047619047619048,0.36363636363636365,25,24,93000,85000,11,44524,0.96,0.9139784946236559,0.44,85,80,323000,283000,30,153312,0.9411764705882353,0.8761609907120743,0.35294117647058826,110,104,416000,368000,41,197836,0.9454545454545454,0.8846153846153846,0.37272727272727274
sealed_holdout,3,public-hub-203-d68ad84730d4,hub,64,307,1,1,polarized,diffuse,online,none,,0,False,0.715773120093121,0.6948278333610982,46426779,110,105,420000,380000,38,189510,0.9545454545454546,0.9047619047619048,0.34545454545454546,25,25,93000,93000,6,42693,1.0,1.0,0.24,85,80,323000,283000,30,155292,0.9411764705882353,0.8761609907120743,0.35294117647058826,110,105,416000,376000,36,197985,0.9545454545454546,0.9038461538461539,0.32727272727272727
sealed_holdout,3,public-hub-203-d68ad84730d4,hub,64,307,1,1,polarized,diffuse,oracle,none,,0,False,0.715773120093121,0.692233311072195,46426779,110,110,420000,420000,0,265941,1.0,1.0,0.0,25,25,93000,93000,0,52252,1.0,1.0,0.0,85,83,323000,307000,0,184784,0.9764705882352941,0.9504643962848297,0.0,110,108,416000,400000,0,237036,0.9818181818181818,0.9615384615384616,0.0
sealed_holdout,3,public-hub-203-d68ad84730d4,hub,64,307,1,1,polarized,diffuse,online,random,N010|N025,120000,False,0.715773120093121,0.6907091423531809,46546779,110,105,420000,380000,38,189510,0.9545454545454546,0.9047619047619048,0.34545454545454546,25,24,93000,88000,6,41274,0.96,0.946236559139785,0.24,85,81,323000,291000,21,146795,0.9529411764705882,0.9009287925696594,0.24705882352941178,110,105,416000,379000,27,188069,0.9545454545454546,0.9110576923076923,0.24545454545454545
sealed_holdout,3,public-hub-203-d68ad84730d4,hub,64,307,1,1,polarized,diffuse,online,failure_aware,N030|N032,120000,False,0.715773120093121,0.6907091423531809,46546779,110,105,420000,380000,38,189510,0.9545454545454546,0.9047619047619048,0.34545454545454546,25,24,93000,88000,6,41274,0.96,0.946236559139785,0.24,85,81,323000,291000,21,146795,0.9529411764705882,0.9009287925696594,0.24705882352941178,110,105,416000,379000,27,188069,0.9545454545454546,0.9110576923076923,0.24545454545454545
sealed_holdout,3,public-hub-203-d68ad84730d4,hub,64,307,1,1,polarized,stationary_hotspot,public,none,,0,False,0.715773120093121,0.701830084639222,46426779,110,69,400000,199000,41,96917,0.6272727272727273,0.4975,0.37272727272727274,25,20,91000,63000,5,32589,0.8,0.6923076923076923,0.2,85,50,317000,130000,35,66971,0.5882352941176471,0.41009463722397477,0.4117647058823529,110,70,408000,193000,40,99560,0.6363636363636364,0.4730392156862745,0.36363636363636365
sealed_holdout,3,public-hub-203-d68ad84730d4,hub,64,307,1,1,polarized,stationary_hotspot,retry,none,,0,False,0.715773120093121,0.6962863957811003,46426779,110,95,400000,316000,70,206919,0.8636363636363636,0.79,0.6363636363636364,25,24,91000,83000,7,49521,0.96,0.9120879120879121,0.28,85,74,317000,253000,56,167075,0.8705882352941177,0.7981072555205048,0.6588235294117647,110,98,408000,336000,63,216596,0.8909090909090909,0.8235294117647058,0.5727272727272728
sealed_holdout,3,public-hub-203-d68ad84730d4,hub,64,307,1,1,polarized,stationary_hotspot,online,none,,0,False,0.715773120093121,0.6973414325614978,46426779,110,95,400000,316000,64,209214,0.8636363636363636,0.79,0.5818181818181818,25,24,91000,83000,7,50298,0.96,0.9120879120879121,0.28,85,74,317000,253000,42,170951,0.8705882352941177,0.7981072555205048,0.49411764705882355,110,98,408000,336000,49,221249,0.8909090909090909,0.8235294117647058,0.44545454545454544
sealed_holdout,3,public-hub-203-d68ad84730d4,hub,64,307,1,1,polarized,stationary_hotspot,oracle,none,,0,False,0.715773120093121,0.6961783670951607,46426779,110,103,400000,359000,0,300342,0.9363636363636364,0.8975,0.0,25,24,91000,83000,0,49521,0.96,0.9120879120879121,0.0,85,77,317000,262000,0,175732,0.9058823529411765,0.8264984227129337,0.0,110,101,408000,345000,0,225253,0.9181818181818182,0.8455882352941176,0.0
sealed_holdout,3,public-hub-203-d68ad84730d4,hub,64,307,1,1,polarized,stationary_hotspot,online,random,N010|N025,120000,False,0.715773120093121,0.6986591937695161,46546779,110,95,400000,316000,64,209214,0.8636363636363636,0.79,0.5818181818181818,25,25,91000,91000,4,51442,1.0,1.0,0.16,85,82,317000,293000,27,189359,0.9647058823529412,0.9242902208201893,0.3176470588235294,110,107,408000,384000,31,240801,0.9727272727272728,0.9411764705882353,0.2818181818181818
sealed_holdout,3,public-hub-203-d68ad84730d4,hub,64,307,1,1,polarized,stationary_hotspot,online,failure_aware,N054|N062,120000,True,0.715773120093121,0.7034549193566424,46546779,110,95,400000,316000,64,209214,0.8636363636363636,0.79,0.5818181818181818,25,25,91000,91000,4,40766,1.0,1.0,0.16,85,83,317000,301000,17,135356,0.9764705882352941,0.9495268138801262,0.2,110,108,408000,392000,21,176122,0.9818181818181818,0.9607843137254902,0.19090909090909092
sealed_holdout,3,public-hub-203-d68ad84730d4,hub,64,307,1,1,polarized,shifted_hotspot,public,none,,0,False,0.715773120093121,0.7017430969365924,46426779,110,69,400000,199000,41,96917,0.6272727272727273,0.4975,0.37272727272727274,25,19,91000,62000,6,24669,0.76,0.6813186813186813,0.24,85,43,317000,120000,42,54999,0.5058823529411764,0.3785488958990536,0.49411764705882355,110,62,408000,182000,48,79668,0.5636363636363636,0.44607843137254904,0.43636363636363634
sealed_holdout,3,public-hub-203-d68ad84730d4,hub,64,307,1,1,polarized,shifted_hotspot,retry,none,,0,False,0.715773120093121,0.6910246123130342,46426779,110,95,400000,316000,70,206919,0.8636363636363636,0.79,0.6363636363636364,25,24,91000,86000,9,37305,0.96,0.945054945054945,0.36,85,79,317000,284000,49,118481,0.9294117647058824,0.8958990536277602,0.5764705882352941,110,103,408000,370000,58,155786,0.9363636363636364,0.9068627450980392,0.5272727272727272
sealed_holdout,3,public-hub-203-d68ad84730d4,hub,64,307,1,1,polarized,shifted_hotspot,online,none,,0,False,0.715773120093121,0.691823068722859,46426779,110,95,400000,316000,64,209214,0.8636363636363636,0.79,0.5818181818181818,25,24,91000,86000,10,38570,0.96,0.945054945054945,0.4,85,79,317000,284000,29,123971,0.9294117647058824,0.8958990536277602,0.3411764705882353,110,103,408000,370000,39,162541,0.9363636363636364,0.9068627450980392,0.35454545454545455
sealed_holdout,3,public-hub-203-d68ad84730d4,hub,64,307,1,1,polarized,shifted_hotspot,oracle,none,,0,False,0.715773120093121,0.6908280075218328,46426779,110,103,400000,359000,0,300342,0.9363636363636364,0.8975,0.0,25,24,91000,86000,0,37305,0.96,0.945054945054945,0.0,85,82,317000,293000,0,127138,0.9647058823529412,0.9242902208201893,0.0,110,106,408000,379000,0,164443,0.9636363636363636,0.928921568627451,0.0
sealed_holdout,3,public-hub-203-d68ad84730d4,hub,64,307,1,1,polarized,shifted_hotspot,online,random,N010|N025,120000,False,0.715773120093121,0.6961511511075152,46546779,110,95,400000,316000,64,209214,0.8636363636363636,0.79,0.5818181818181818,25,24,91000,86000,6,38425,0.96,0.945054945054945,0.24,85,82,317000,293000,19,135399,0.9647058823529412,0.9242902208201893,0.2235294117647059,110,106,408000,379000,25,173824,0.9636363636363636,0.928921568627451,0.22727272727272727
sealed_holdout,3,public-hub-203-d68ad84730d4,hub,64,307,1,1,polarized,shifted_hotspot,online,failure_aware,N054|N062,120000,False,0.715773120093121,0.6971537970374367,46546779,110,95,400000,316000,64,209214,0.8636363636363636,0.79,0.5818181818181818,25,24,91000,86000,6,38425,0.96,0.945054945054945,0.24,85,83,317000,301000,18,143281,0.9764705882352941,0.9495268138801262,0.21176470588235294,110,107,408000,387000,24,181706,0.9727272727272728,0.9485294117647058,0.21818181818181817
sealed_holdout,4,public-random-204-e8ffd9130831,random,64,204,19,0,balanced_band,diffuse,public,none,,0,False,0.057265179555506286,0.0731384197296875,30344505,110,109,452000,447000,1,128909,0.990909090909091,0.9889380530973452,0.00909090909090909,25,25,83000,83000,0,29730,1.0,1.0,0.0,85,81,374000,351000,4,108461,0.9529411764705882,0.9385026737967914,0.047058823529411764,110,106,457000,434000,4,138191,0.9636363636363636,0.949671772428884,0.03636363636363636
sealed_holdout,4,public-random-204-e8ffd9130831,random,64,204,19,0,balanced_band,diffuse,retry,none,,0,False,0.057265179555506286,0.07353591159186394,30344505,110,110,452000,452000,1,130969,1.0,1.0,0.00909090909090909,25,25,83000,83000,0,29730,1.0,1.0,0.0,85,84,374000,369000,6,115295,0.9882352941176471,0.9866310160427807,0.07058823529411765,110,109,457000,452000,6,145025,0.990909090909091,0.9890590809628009,0.05454545454545454
sealed_holdout,4,public-random-204-e8ffd9130831,random,64,204,19,0,balanced_band,diffuse,online,none,,0,False,0.057265179555506286,0.073174831892123,30344505,110,110,452000,452000,1,134208,1.0,1.0,0.00909090909090909,25,25,83000,83000,1,30515,1.0,1.0,0.04,85,84,374000,369000,8,114203,0.9882352941176471,0.9866310160427807,0.09411764705882353,110,109,457000,452000,9,144718,0.990909090909091,0.9890590809628009,0.08181818181818182
sealed_holdout,4,public-random-204-e8ffd9130831,random,64,204,19,0,balanced_band,diffuse,oracle,none,,0,False,0.057265179555506286,0.07353591159186394,30344505,110,110,452000,452000,0,130969,1.0,1.0,0.0,25,25,83000,83000,0,29730,1.0,1.0,0.0,85,84,374000,369000,0,115295,0.9882352941176471,0.9866310160427807,0.0,110,109,457000,452000,0,145025,0.990909090909091,0.9890590809628009,0.0
sealed_holdout,4,public-random-204-e8ffd9130831,random,64,204,19,0,balanced_band,diffuse,online,random,N004|N010,120000,False,0.057265179555506286,0.07075839791248056,30464505,110,110,452000,452000,1,134208,1.0,1.0,0.00909090909090909,25,25,83000,83000,1,30400,1.0,1.0,0.04,85,84,374000,369000,8,99004,0.9882352941176471,0.9866310160427807,0.09411764705882353,110,109,457000,452000,9,129404,0.990909090909091,0.9890590809628009,0.08181818181818182
sealed_holdout,4,public-random-204-e8ffd9130831,random,64,204,19,0,balanced_band,diffuse,online,failure_aware,N004|N010,120000,False,0.057265179555506286,0.07075839791248056,30464505,110,110,452000,452000,1,134208,1.0,1.0,0.00909090909090909,25,25,83000,83000,1,30400,1.0,1.0,0.04,85,84,374000,369000,8,99004,0.9882352941176471,0.9866310160427807,0.09411764705882353,110,109,457000,452000,9,129404,0.990909090909091,0.9890590809628009,0.08181818181818182
sealed_holdout,4,public-random-204-e8ffd9130831,random,64,204,19,0,balanced_band,stationary_hotspot,public,none,,0,False,0.057265179555506286,0.07433054970580837,30344505,110,87,408000,297000,23,112186,0.7909090909090909,0.7279411764705882,0.20909090909090908,25,19,120000,87000,6,41882,0.76,0.725,0.24,85,61,320000,224000,24,64079,0.7176470588235294,0.7,0.2823529411764706,110,80,440000,311000,30,105961,0.7272727272727273,0.7068181818181818,0.2727272727272727
sealed_holdout,4,public-random-204-e8ffd9130831,random,64,204,19,0,balanced_band,stationary_hotspot,retry,none,,0,False,0.057265179555506286,0.0743155467943415,30344505,110,103,408000,390000,41,152380,0.9363636363636364,0.9558823529411765,0.37272727272727274,25,21,120000,100000,13,46305,0.84,0.8333333333333334,0.52,85,70,320000,270000,54,89420,0.8235294117647058,0.84375,0.6352941176470588,110,91,440000,370000,67,135725,0.8272727272727273,0.8409090909090909,0.6090909090909091
sealed_holdout,4,public-random-204-e8ffd9130831,random,64,204,19,0,balanced_band,stationary_hotspot,online,none,,0,False,0.057265179555506286,0.07983970838508138,30344505,110,103,408000,390000,43,165196,0.9363636363636364,0.9558823529411765,0.39090909090909093,25,23,120000,116000,9,53634,0.92,0.9666666666666667,0.36,85,80,320000,299000,27,128845,0.9411764705882353,0.934375,0.3176470588235294,110,103,440000,415000,36,182479,0.9363636363636364,0.9431818181818182,0.32727272727272727
sealed_holdout,4,public-random-204-e8ffd9130831,random,64,204,19,0,balanced_band,stationary_hotspot,oracle,none,,0,False,0.057265179555506286,0.07817123105356248,30344505,110,110,408000,408000,0,173440,1.0,1.0,0.0,25,25,120000,120000,0,58381,1.0,1.0,0.0,85,82,320000,302000,0,129706,0.9647058823529412,0.94375,0.0,110,107,440000,422000,0,188087,0.9727272727272728,0.9590909090909091,0.0
sealed_holdout,4,public-random-204-e8ffd9130831,random,64,204,19,0,balanced_band,stationary_hotspot,online,random,N004|N010,120000,False,0.057265179555506286,0.08311837956565896,30464505,110,103,408000,390000,43,165196,0.9363636363636364,0.9558823529411765,0.39090909090909093,25,25,120000,120000,3,45314,1.0,1.0,0.12,85,85,320000,320000,12,124792,1.0,1.0,0.1411764705882353,110,110,440000,440000,15,170106,1.0,1.0,0.13636363636363635
sealed_holdout,4,public-random-204-e8ffd9130831,random,64,204,19,0,balanced_band,stationary_hotspot,online,failure_aware,N053|N060,120000,True,0.057265179555506286,0.08200865927826778,30464505,110,103,408000,390000,43,165196,0.9363636363636364,0.9558823529411765,0.39090909090909093,25,25,120000,120000,3,41046,1.0,1.0,0.12,85,85,320000,320000,8,110798,1.0,1.0,0.09411764705882353,110,110,440000,440000,11,151844,1.0,1.0,0.1
sealed_holdout,4,public-random-204-e8ffd9130831,random,64,204,19,0,balanced_band,shifted_hotspot,public,none,,0,False,0.057265179555506286,0.07624320339676348,30344505,110,87,408000,297000,23,112186,0.7909090909090909,0.7279411764705882,0.20909090909090908,25,24,120000,112000,1,55719,0.96,0.9333333333333333,0.04,85,74,320000,270000,11,97038,0.8705882352941177,0.84375,0.12941176470588237,110,98,440000,382000,12,152757,0.8909090909090909,0.8681818181818182,0.10909090909090909
sealed_holdout,4,public-random-204-e8ffd9130831,random,64,204,19,0,balanced_band,shifted_hotspot,retry,none,,0,False,0.057265179555506286,0.07665508330965105,30344505,110,103,408000,390000,41,152380,0.9363636363636364,0.9558823529411765,0.37272727272727274,25,25,120000,120000,1,57127,1.0,1.0,0.04,85,76,320000,286000,29,103086,0.8941176470588236,0.89375,0.3411764705882353,110,101,440000,406000,30,160213,0.9181818181818182,0.9227272727272727,0.2727272727272727
sealed_holdout,4,public-random-204-e8ffd9130831,random,64,204,19,0,balanced_band,shifted_hotspot,online,none,,0,False,0.057265179555506286,0.08318777092359372,30344505,110,103,408000,390000,43,165196,0.9363636363636364,0.9558823529411765,0.39090909090909093,25,25,120000,120000,0,57256,1.0,1.0,0.0,85,76,320000,286000,31,110893,0.8941176470588236,0.89375,0.36470588235294116,110,101,440000,406000,31,168149,0.9181818181818182,0.9227272727272727,0.2818181818181818
sealed_holdout,4,public-random-204-e8ffd9130831,random,64,204,19,0,balanced_band,shifted_hotspot,oracle,none,,0,False,0.057265179555506286,0.07673967615032601,30344505,110,110,408000,408000,0,173440,1.0,1.0,0.0,25,25,120000,120000,0,57127,1.0,1.0,0.0,85,76,320000,286000,0,106870,0.8941176470588236,0.89375,0.0,110,101,440000,406000,0,163997,0.9181818181818182,0.9227272727272727,0.0
sealed_holdout,4,public-random-204-e8ffd9130831,random,64,204,19,0,balanced_band,shifted_hotspot,online,random,N004|N010,120000,False,0.057265179555506286,0.08224320451780621,30464505,110,103,408000,390000,43,165196,0.9363636363636364,0.9558823529411765,0.39090909090909093,25,25,120000,120000,3,52651,1.0,1.0,0.12,85,76,320000,286000,33,116247,0.8941176470588236,0.89375,0.38823529411764707,110,101,440000,406000,36,168898,0.9181818181818182,0.9227272727272727,0.32727272727272727
sealed_holdout,4,public-random-204-e8ffd9130831,random,64,204,19,0,balanced_band,shifted_hotspot,online,failure_aware,N053|N060,120000,False,0.057265179555506286,0.08224320451780621,30464505,110,103,408000,390000,43,165196,0.9363636363636364,0.9558823529411765,0.39090909090909093,25,25,120000,120000,3,52651,1.0,1.0,0.12,85,76,320000,286000,33,116247,0.8941176470588236,0.89375,0.38823529411764707,110,101,440000,406000,36,168898,0.9181818181818182,0.9227272727272727,0.32727272727272727
sealed_holdout,4,public-random-204-e8ffd9130831,random,64,204,19,0,uniform,diffuse,public,none,,0,False,0.32984790789324575,0.338419545156092,30344505,110,103,452000,411000,7,121478,0.9363636363636364,0.9092920353982301,0.06363636363636363,25,21,83000,67000,4,23936,0.84,0.8072289156626506,0.16,85,77,374000,328000,8,102461,0.9058823529411765,0.8770053475935828,0.09411764705882353,110,98,457000,395000,12,126397,0.8909090909090909,0.8643326039387309,0.10909090909090909
sealed_holdout,4,public-random-204-e8ffd9130831,random,64,204,19,0,uniform,diffuse,retry,none,,0,False,0.32984790789324575,0.338787557808222,30344505,110,106,452000,426000,10,127512,0.9636363636363636,0.9424778761061947,0.09090909090909091,25,24,83000,75000,7,27727,0.96,0.9036144578313253,0.28,85,85,374000,374000,9,118862,1.0,1.0,0.10588235294117647,110,109,457000,449000,16,146589,0.990909090909091,0.9824945295404814,0.14545454545454545
sealed_holdout,4,public-random-204-e8ffd9130831,random,64,204,19,0,uniform,diffuse,online,none,,0,False,0.32984790789324575,0.3330811297585652,30344505,110,107,452000,431000,9,129221,0.9727272727272728,0.9535398230088495,0.08181818181818182,25,24,83000,75000,6,27382,0.96,0.9036144578313253,0.24,85,84,374000,366000,13,118960,0.9882352941176471,0.9786096256684492,0.15294117647058825,110,108,457000,441000,19,146342,0.9818181818181818,0.9649890590809628,0.17272727272727273
sealed_holdout,4,public-random-204-e8ffd9130831,random,64,204,19,0,uniform,diffuse,oracle,none,,0,False,0.32984790789324575,0.3391944493118101,30344505,110,107,452000,431000,0,129897,0.9727272727272728,0.9535398230088495,0.0,25,24,83000,75000,0,27727,0.96,0.9036144578313253,0.0,85,85,374000,374000,0,118862,1.0,1.0,0.0,110,109,457000,449000,0,146589,0.990909090909091,0.9824945295404814,0.0
sealed_holdout,4,public-random-204-e8ffd9130831,random,64,204,19,0,uniform,diffuse,online,random,N004|N010,120000,False,0.32984790789324575,0.3301284048976113,30464505,110,107,452000,431000,9,129221,0.9727272727272728,0.9535398230088495,0.08181818181818182,25,24,83000,75000,7,28104,0.96,0.9036144578313253,0.28,85,84,374000,366000,11,100900,0.9882352941176471,0.9786096256684492,0.12941176470588237,110,108,457000,441000,18,129004,0.9818181818181818,0.9649890590809628,0.16363636363636364
sealed_holdout,4,public-random-204-e8ffd9130831,random,64,204,19,0,uniform,diffuse,online,failure_aware,N018|N059,120000,False,0.32984790789324575,0.3301284048976113,30464505,110,107,452000,431000,9,129221,0.9727272727272728,0.9535398230088495,0.08181818181818182,25,24,83000,75000,7,28104,0.96,0.9036144578313253,0.28,85,84,374000,366000,11,100900,0.9882352941176471,0.9786096256684492,0.12941176470588237,110,108,457000,441000,18,129004,0.9818181818181818,0.9649890590809628,0.16363636363636364
sealed_holdout,4,public-random-204-e8ffd9130831,random,64,204,19,0,uniform,stationary_hotspot,public,none,,0,False,0.32984790789324575,0.3389822493156051,30344505,110,80,408000,254000,30,99590,0.7272727272727273,0.6225490196078431,0.2727272727272727,25,19,120000,87000,6,40711,0.76,0.725,0.24,85,59,320000,204000,26,62744,0.6941176470588235,0.6375,0.3058823529411765,110,78,440000,291000,32,103455,0.7090909090909091,0.6613636363636364,0.2909090909090909
sealed_holdout,4,public-random-204-e8ffd9130831,random,64,204,19,0,uniform,stationary_hotspot,retry,none,,0,False,0.32984790789324575,0.3354910698534327,30344505,110,100,408000,364000,57,149321,0.9090909090909091,0.8921568627450981,0.5181818181818182,25,22,120000,108000,14,49718,0.88,0.9,0.56,85,72,320000,279000,52,92416,0.8470588235294118,0.871875,0.611764705882353,110,94,440000,387000,66,142134,0.8545454545454545,0.8795454545454545,0.6
sealed_holdout,4,public-random-204-e8ffd9130831,random,64,204,19,0,uniform,stationary_hotspot,online,none,,0,False,0.32984790789324575,0.33562591149748666,30344505,110,98,408000,354000,59,149142,0.8909090909090909,0.8676470588235294,0.5363636363636364,25,24,120000,118000,7,56748,0.96,0.9833333333333333,0.28,85,85,320000,320000,17,145062,1.0,1.0,0.2,110,109,440000,438000,24,201810,0.990909090909091,0.9954545454545455,0.21818181818181817
sealed_holdout,4,public-random-204-e8ffd9130831,random,64,204,19,0,uniform,stationary_hotspot,oracle,none,,0,False,0.32984790789324575,0.33750821610667503,30344505,110,108,408000,392000,0,173416,0.9818181818181818,0.9607843137254902,0.0,25,25,120000,120000,0,58762,1.0,1.0,0.0,85,83,320000,307000,0,131306,0.9764705882352941,0.959375,0.0,110,108,440000,427000,0,190068,0.9818181818181818,0.9704545454545455,0.0
sealed_holdout,4,public-random-204-e8ffd9130831,random,64,204,19,0,uniform,stationary_hotspot,online,random,N004|N010,120000,False,0.32984790789324575,0.3406000907294701,30464505,110,98,408000,354000,59,149142,0.8909090909090909,0.8676470588235294,0.5363636363636364,25,25,120000,120000,2,42317,1.0,1.0,0.08,85,85,320000,320000,9,126459,1.0,1.0,0.10588235294117647,110,110,440000,440000,11,168776,1.0,1.0,0.1
sealed_holdout,4,public-random-204-e8ffd9130831,random,64,204,19,0,uniform,stationary_hotspot,online,failure_aware,N053|N060,120000,True,0.32984790789324575,0.34344467817388646,30464505,110,98,408000,354000,59,149142,0.8909090909090909,0.8676470588235294,0.5363636363636364,25,25,120000,120000,2,38049,1.0,1.0,0.08,85,85,320000,320000,14,113586,1.0,1.0,0.16470588235294117,110,110,440000,440000,16,151635,1.0,1.0,0.14545454545454545
sealed_holdout,4,public-random-204-e8ffd9130831,random,64,204,19,0,uniform,shifted_hotspot,public,none,,0,False,0.32984790789324575,0.33833731168409525,30344505,110,80,408000,254000,30,99590,0.7272727272727273,0.6225490196078431,0.2727272727272727,25,23,120000,104000,2,51751,0.92,0.8666666666666667,0.08,85,68,320000,242000,17,88815,0.8,0.75625,0.2,110,91,440000,346000,19,140566,0.8272727272727273,0.7863636363636364,0.17272727272727273
sealed_holdout,4,public-random-204-e8ffd9130831,random,64,204,19,0,uniform,shifted_hotspot,retry,none,,0,False,0.32984790789324575,0.33601166893283135,30344505,110,100,408000,364000,57,149321,0.9090909090909091,0.8921568627450981,0.5181818181818182,25,24,120000,112000,4,53775,0.96,0.9333333333333333,0.16,85,74,320000,281000,39,100233,0.8705882352941177,0.878125,0.4588235294117647,110,98,440000,393000,43,154008,0.8909090909090909,0.8931818181818182,0.39090909090909093
sealed_holdout,4,public-random-204-e8ffd9130831,random,64,204,19,0,uniform,shifted_hotspot,online,none,,0,False,0.32984790789324575,0.3433778503822487,30344505,110,98,408000,354000,59,149142,0.8909090909090909,0.8676470588235294,0.5363636363636364,25,24,120000,112000,4,55583,0.96,0.9333333333333333,0.16,85,74,320000,281000,39,102023,0.8705882352941177,0.878125,0.4588235294117647,110,98,440000,393000,43,157606,0.8909090909090909,0.8931818181818182,0.39090909090909093
sealed_holdout,4,public-random-204-e8ffd9130831,random,64,204,19,0,uniform,shifted_hotspot,oracle,none,,0,False,0.32984790789324575,0.3358363278951641,30344505,110,108,408000,392000,0,173416,0.9818181818181818,0.9607843137254902,0.0,25,24,120000,112000,0,53775,0.96,0.9333333333333333,0.0,85,74,320000,281000,0,104017,0.8705882352941177,0.878125,0.0,110,98,440000,393000,0,157792,0.8909090909090909,0.8931818181818182,0.0
sealed_holdout,4,public-random-204-e8ffd9130831,random,64,204,19,0,uniform,shifted_hotspot,online,random,N004|N010,120000,False,0.32984790789324575,0.33900566368142515,30464505,110,98,408000,354000,59,149142,0.8909090909090909,0.8676470588235294,0.5363636363636364,25,24,120000,112000,5,45089,0.96,0.9333333333333333,0.2,85,74,320000,281000,46,117165,0.8705882352941177,0.878125,0.5411764705882353,110,98,440000,393000,51,162254,0.8909090909090909,0.8931818181818182,0.4636363636363636
sealed_holdout,4,public-random-204-e8ffd9130831,random,64,204,19,0,uniform,shifted_hotspot,online,failure_aware,N053|N060,120000,False,0.32984790789324575,0.3391293514972524,30464505,110,98,408000,354000,59,149142,0.8909090909090909,0.8676470588235294,0.5363636363636364,25,24,120000,112000,5,45089,0.96,0.9333333333333333,0.2,85,74,320000,281000,46,117325,0.8705882352941177,0.878125,0.5411764705882353,110,98,440000,393000,51,162414,0.8909090909090909,0.8931818181818182,0.4636363636363636
sealed_holdout,4,public-random-204-e8ffd9130831,random,64,204,19,0,polarized,diffuse,public,none,,0,False,0.7241971194019912,0.71373239078929,30344505,110,85,452000,300000,25,94445,0.7727272727272727,0.6637168141592921,0.22727272727272727,25,18,83000,56000,7,20366,0.72,0.6746987951807228,0.28,85,59,374000,237000,26,63372,0.6941176470588235,0.6336898395721925,0.3058823529411765,110,77,457000,293000,33,83738,0.7,0.6411378555798687,0.3
sealed_holdout,4,public-random-204-e8ffd9130831,random,64,204,19,0,polarized,diffuse,retry,none,,0,False,0.7241971194019912,0.7076330360148027,30344505,110,95,452000,356000,49,109664,0.8636363636363636,0.7876106194690266,0.44545454545454544,25,22,83000,65000,12,31087,0.88,0.7831325301204819,0.48,85,74,374000,308000,48,94260,0.8705882352941177,0.8235294117647058,0.5647058823529412,110,96,457000,373000,60,125347,0.8727272727272727,0.8161925601750547,0.5454545454545454
sealed_holdout,4,public-random-204-e8ffd9130831,random,64,204,19,0,polarized,diffuse,online,none,,0,False,0.7241971194019912,0.7013833457255756,30344505,110,95,452000,356000,50,114065,0.8636363636363636,0.7876106194690266,0.45454545454545453,25,22,83000,65000,15,31336,0.88,0.7831325301204819,0.6,85,75,374000,313000,48,96810,0.8823529411764706,0.8368983957219251,0.5647058823529412,110,97,457000,378000,63,128146,0.8818181818181818,0.8271334792122538,0.5727272727272728
sealed_holdout,4,public-random-204-e8ffd9130831,random,64,204,19,0,polarized,diffuse,oracle,none,,0,False,0.7241971194019912,0.7069652225358807,30344505,110,98,452000,374000,0,123900,0.8909090909090909,0.827433628318584,0.0,25,22,83000,65000,0,30187,0.88,0.7831325301204819,0.0,85,77,374000,329000,0,117526,0.9058823529411765,0.8796791443850267,0.0,110,99,457000,394000,0,147713,0.9,0.862144420131291,0.0
sealed_holdout,4,public-random-204-e8ffd9130831,random,64,204,19,0,polarized,diffuse,online,random,N004|N010,120000,False,0.7241971194019912,0.6987599554509695,30464505,110,95,452000,356000,50,114065,0.8636363636363636,0.7876106194690266,0.45454545454545453,25,22,83000,65000,17,29170,0.88,0.7831325301204819,0.68,85,76,374000,324000,41,99982,0.8941176470588236,0.8663101604278075,0.4823529411764706,110,98,457000,389000,58,129152,0.8909090909090909,0.8512035010940919,0.5272727272727272
sealed_holdout,4,public-random-204-e8ffd9130831,random,64,204,19,0,polarized,diffuse,online,failure_aware,N046|N048,120000,False,0.7241971194019912,0.6984864585532721,30464505,110,95,452000,356000,50,114065,0.8636363636363636,0.7876106194690266,0.45454545454545453,25,22,83000,65000,17,29170,0.88,0.7831325301204819,0.68,85,76,374000,324000,40,99982,0.8941176470588236,0.8663101604278075,0.47058823529411764,110,98,457000,389000,57,129152,0.8909090909090909,0.8512035010940919,0.5181818181818182
sealed_holdout,4,public-random-204-e8ffd9130831,random,64,204,19,0,polarized,stationary_hotspot,public,none,,0,False,0.7241971194019912,0.7103340815947359,30344505,110,70,408000,204000,40,87828,0.6363636363636364,0.5,0.36363636363636365,25,13,120000,54000,12,18274,0.52,0.45,0.48,85,49,320000,148000,36,45528,0.5764705882352941,0.4625,0.4235294117647059,110,62,440000,202000,48,63802,0.5636363636363636,0.4590909090909091,0.43636363636363634
sealed_holdout,4,public-random-204-e8ffd9130831,random,64,204,19,0,polarized,stationary_hotspot,retry,none,,0,False,0.7241971194019912,0.7029240722142984,30344505,110,92,408000,322000,83,141142,0.8363636363636363,0.7892156862745098,0.7545454545454545,25,20,120000,101000,21,46476,0.8,0.8416666666666667,0.84,85,62,320000,215000,75,71740,0.7294117647058823,0.671875,0.8823529411764706,110,82,440000,316000,96,118216,0.7454545454545455,0.7181818181818181,0.8727272727272727
sealed_holdout,4,public-random-204-e8ffd9130831,random,64,204,19,0,polarized,stationary_hotspot,online,none,,0,False,0.7241971194019912,0.7065152281033193,30344505,110,97,408000,322000,65,156893,0.8818181818181818,0.7892156862745098,0.5909090909090909,25,19,120000,99000,26,44609,0.76,0.825,1.04,85,64,320000,227000,76,79305,0.7529411764705882,0.709375,0.8941176470588236,110,83,440000,326000,102,123914,0.7545454545454545,0.740909090909091,0.9272727272727272
sealed_holdout,4,public-random-204-e8ffd9130831,random,64,204,19,0,polarized,stationary_hotspot,oracle,none,,0,False,0.7241971194019912,0.6987230453194571,30344505,110,103,408000,367000,0,169967,0.9363636363636364,0.8995098039215687,0.0,25,23,120000,113000,0,55520,0.92,0.9416666666666667,0.0,85,81,320000,297000,0,137967,0.9529411764705882,0.928125,0.0,110,104,440000,410000,0,193487,0.9454545454545454,0.9318181818181818,0.0
sealed_holdout,4,public-random-204-e8ffd9130831,random,64,204,19,0,polarized,stationary_hotspot,online,random,N004|N010,120000,False,0.7241971194019912,0.6991875629286831,30464505,110,97,408000,322000,65,156893,0.8818181818181818,0.7892156862745098,0.5909090909090909,25,21,120000,97000,16,36094,0.84,0.8083333333333333,0.64,85,77,320000,274000,41,109306,0.9058823529411765,0.85625,0.4823529411764706,110,98,440000,371000,57,145400,0.8909090909090909,0.8431818181818181,0.5181818181818182
sealed_holdout,4,public-random-204-e8ffd9130831,random,64,204,19,0,polarized,stationary_hotspot,online,failure_aware,N053|N060,120000,True,0.7241971194019912,0.702647286867684,30464505,110,97,408000,322000,65,156893,0.8818181818181818,0.7892156862745098,0.5909090909090909,25,20,120000,89000,17,29898,0.8,0.7416666666666667,0.68,85,76,320000,266000,41,92811,0.8941176470588236,0.83125,0.4823529411764706,110,96,440000,355000,58,122709,0.8727272727272727,0.8068181818181818,0.5272727272727272
sealed_holdout,4,public-random-204-e8ffd9130831,random,64,204,19,0,polarized,shifted_hotspot,public,none,,0,False,0.7241971194019912,0.7102752272844233,30344505,110,70,408000,204000,40,87828,0.6363636363636364,0.5,0.36363636363636365,25,16,120000,69000,9,26100,0.64,0.575,0.36,85,60,320000,189000,25,74272,0.7058823529411765,0.590625,0.29411764705882354,110,76,440000,258000,34,100372,0.6909090909090909,0.5863636363636363,0.3090909090909091
sealed_holdout,4,public-random-204-e8ffd9130831,random,64,204,19,0,polarized,shifted_hotspot,retry,none,,0,False,0.7241971194019912,0.7030050807099484,30344505,110,92,408000,322000,83,141142,0.8363636363636363,0.7892156862745098,0.7545454545454545,25,22,120000,105000,13,51477,0.88,0.875,0.52,85,68,320000,224000,54,86358,0.8,0.7,0.6352941176470588,110,90,440000,329000,67,137835,0.8181818181818182,0.7477272727272727,0.6090909090909091
sealed_holdout,4,public-random-204-e8ffd9130831,random,64,204,19,0,polarized,shifted_hotspot,online,none,,0,False,0.7241971194019912,0.7072550637286582,30344505,110,97,408000,322000,65,156893,0.8818181818181818,0.7892156862745098,0.5909090909090909,25,22,120000,105000,14,51613,0.88,0.875,0.56,85,68,320000,230000,59,89739,0.8,0.71875,0.6941176470588235,110,90,440000,335000,73,141352,0.8181818181818182,0.7613636363636364,0.6636363636363637
sealed_holdout,4,public-random-204-e8ffd9130831,random,64,204,19,0,polarized,shifted_hotspot,oracle,none,,0,False,0.7241971194019912,0.6939432195581666,30344505,110,103,408000,367000,0,169967,0.9363636363636364,0.8995098039215687,0.0,25,22,120000,105000,0,51477,0.88,0.875,0.0,85,72,320000,256000,0,105008,0.8470588235294118,0.8,0.0,110,94,440000,361000,0,156485,0.8545454545454545,0.8204545454545454,0.0
sealed_holdout,4,public-random-204-e8ffd9130831,random,64,204,19,0,polarized,shifted_hotspot,online,random,N004|N010,120000,False,0.7241971194019912,0.7035265570188072,30464505,110,97,408000,322000,65,156893,0.8818181818181818,0.7892156862745098,0.5909090909090909,25,19,120000,81000,22,37503,0.76,0.675,0.88,85,68,320000,233000,72,105080,0.8,0.728125,0.8470588235294118,110,87,440000,314000,94,142583,0.7909090909090909,0.7136363636363636,0.8545454545454545
sealed_holdout,4,public-random-204-e8ffd9130831,random,64,204,19,0,polarized,shifted_hotspot,online,failure_aware,N053|N060,120000,False,0.7241971194019912,0.7023988235720512,30464505,110,97,408000,322000,65,156893,0.8818181818181818,0.7892156862745098,0.5909090909090909,25,19,120000,81000,22,37503,0.76,0.675,0.88,85,67,320000,225000,72,102072,0.788235294117647,0.703125,0.8470588235294118,110,86,440000,306000,94,139575,0.7818181818181819,0.6954545454545454,0.8545454545454545
sealed_holdout,4,public-random-204-e8ffd9130831,random,64,204,19,1,balanced_band,diffuse,public,none,,0,False,0.05309111285242432,0.06703247955006424,30344505,110,106,450000,424000,4,119441,0.9636363636363636,0.9422222222222222,0.03636363636363636,25,25,93000,93000,0,26074,1.0,1.0,0.0,85,83,318000,302000,2,84723,0.9764705882352941,0.949685534591195,0.023529411764705882,110,108,411000,395000,2,110797,0.9818181818181818,0.9610705596107056,0.01818181818181818
sealed_holdout,4,public-random-204-e8ffd9130831,random,64,204,19,1,balanced_band,diffuse,retry,none,,0,False,0.05309111285242432,0.06734005695753398,30344505,110,107,450000,432000,10,120769,0.9727272727272728,0.96,0.09090909090909091,25,25,93000,93000,0,26074,1.0,1.0,0.0,85,85,318000,318000,2,91704,1.0,1.0,0.023529411764705882,110,110,411000,411000,2,117778,1.0,1.0,0.01818181818181818
sealed_holdout,4,public-random-204-e8ffd9130831,random,64,204,19,1,balanced_band,diffuse,online,none,,0,False,0.05309111285242432,0.07616647932697913,30344505,110,107,450000,432000,12,124738,0.9727272727272728,0.96,0.10909090909090909,25,25,93000,93000,0,26788,1.0,1.0,0.0,85,85,318000,318000,4,95500,1.0,1.0,0.047058823529411764,110,110,411000,411000,4,122288,1.0,1.0,0.03636363636363636
sealed_holdout,4,public-random-204-e8ffd9130831,random,64,204,19,1,balanced_band,diffuse,oracle,none,,0,False,0.05309111285242432,0.06734005695753398,30344505,110,107,450000,432000,0,120769,0.9727272727272728,0.96,0.0,25,25,93000,93000,0,26074,1.0,1.0,0.0,85,85,318000,318000,0,91704,1.0,1.0,0.0,110,110,411000,411000,0,117778,1.0,1.0,0.0
sealed_holdout,4,public-random-204-e8ffd9130831,random,64,204,19,1,balanced_band,diffuse,online,random,N005|N010,120000,False,0.05309111285242432,0.07493830405790519,30464505,110,107,450000,432000,12,124738,0.9727272727272728,0.96,0.10909090909090909,25,25,93000,93000,0,26954,1.0,1.0,0.0,85,85,318000,318000,6,96595,1.0,1.0,0.07058823529411765,110,110,411000,411000,6,123549,1.0,1.0,0.05454545454545454
sealed_holdout,4,public-random-204-e8ffd9130831,random,64,204,19,1,balanced_band,diffuse,online,failure_aware,N027|N059,120000,False,0.05309111285242432,0.07542586847414486,30464505,110,107,450000,432000,12,124738,0.9727272727272728,0.96,0.10909090909090909,25,25,93000,93000,0,26954,1.0,1.0,0.0,85,85,318000,318000,5,96298,1.0,1.0,0.058823529411764705,110,110,411000,411000,5,123252,1.0,1.0,0.045454545454545456
sealed_holdout,4,public-random-204-e8ffd9130831,random,64,204,19,1,balanced_band,stationary_hotspot,public,none,,0,False,0.05309111285242432,0.0679272784668478,30344505,110,99,451000,378000,11,125038,0.9,0.8381374722838137,0.1,25,25,94000,94000,0,34182,1.0,1.0,0.0,85,72,303000,238000,13,82396,0.8470588235294118,0.7854785478547854,0.15294117647058825,110,97,397000,332000,13,116578,0.8818181818181818,0.836272040302267,0.11818181818181818
sealed_holdout,4,public-random-204-e8ffd9130831,random,64,204,19,1,balanced_band,stationary_hotspot,retry,none,,0,False,0.05309111285242432,0.06979672469522723,30344505,110,101,451000,391000,26,134557,0.9181818181818182,0.8669623059866962,0.23636363636363636,25,25,94000,94000,0,34182,1.0,1.0,0.0,85,73,303000,246000,35,83724,0.8588235294117647,0.8118811881188119,0.4117647058823529,110,98,397000,340000,35,117906,0.8909090909090909,0.8564231738035264,0.3181818181818182
sealed_holdout,4,public-random-204-e8ffd9130831,random,64,204,19,1,balanced_band,stationary_hotspot,online,none,,0,False,0.05309111285242432,0.06982720254633666,30344505,110,101,451000,391000,27,137453,0.9181818181818182,0.8669623059866962,0.24545454545454545,25,25,94000,94000,0,34400,1.0,1.0,0.0,85,73,303000,246000,36,85895,0.8588235294117647,0.8118811881188119,0.4235294117647059,110,98,397000,340000,36,120295,0.8909090909090909,0.8564231738035264,0.32727272727272727
sealed_holdout,4,public-random-204-e8ffd9130831,random,64,204,19,1,balanced_band,stationary_hotspot,oracle,none,,0,False,0.05309111285242432,0.06979672469522723,30344505,110,101,451000,391000,0,134557,0.9181818181818182,0.8669623059866962,0.0,25,25,94000,94000,0,34182,1.0,1.0,0.0,85,73,303000,246000,0,83724,0.8588235294117647,0.8118811881188119,0.0,110,98,397000,340000,0,117906,0.8909090909090909,0.8564231738035264,0.0
sealed_holdout,4,public-random-204-e8ffd9130831,random,64,204,19,1,balanced_band,stationary_hotspot,online,random,N005|N010,120000,False,0.05309111285242432,0.06832256608543127,30464505,110,101,451000,391000,27,137453,0.9181818181818182,0.8669623059866962,0.24545454545454545,25,25,94000,94000,1,33273,1.0,1.0,0.04,85,73,303000,246000,36,89188,0.8588235294117647,0.8118811881188119,0.4235294117647059,110,98,397000,340000,37,122461,0.8909090909090909,0.8564231738035264,0.33636363636363636
sealed_holdout,4,public-random-204-e8ffd9130831,random,64,204,19,1,balanced_band,stationary_hotspot,online,failure_aware,N045|N050,120000,True,0.05309111285242432,0.07001903420709146,30464505,110,101,451000,391000,27,137453,0.9181818181818182,0.8669623059866962,0.24545454545454545,25,25,94000,94000,1,33671,1.0,1.0,0.04,85,82,303000,288000,13,102349,0.9647058823529412,0.9504950495049505,0.15294117647058825,110,107,397000,382000,14,136020,0.9727272727272728,0.9622166246851386,0.12727272727272726
sealed_holdout,4,public-random-204-e8ffd9130831,random,64,204,19,1,balanced_band,shifted_hotspot,public,none,,0,False,0.05309111285242432,0.07939775146488585,30344505,110,99,451000,378000,11,125038,0.9,0.8381374722838137,0.1,25,25,94000,94000,0,43330,1.0,1.0,0.0,85,59,303000,196000,26,74332,0.6941176470588235,0.6468646864686468,0.3058823529411765,110,84,397000,290000,26,117662,0.7636363636363637,0.7304785894206549,0.23636363636363636
sealed_holdout,4,public-random-204-e8ffd9130831,random,64,204,19,1,balanced_band,shifted_hotspot,retry,none,,0,False,0.05309111285242432,0.07855994397366593,30344505,110,101,451000,391000,26,134557,0.9181818181818182,0.8669623059866962,0.23636363636363636,25,25,94000,94000,0,43330,1.0,1.0,0.0,85,82,303000,288000,42,129912,0.9647058823529412,0.9504950495049505,0.49411764705882355,110,107,397000,382000,42,173242,0.9727272727272728,0.9622166246851386,0.38181818181818183
sealed_holdout,4,public-random-204-e8ffd9130831,random,64,204,19,1,balanced_band,shifted_hotspot,online,none,,0,False,0.05309111285242432,0.08223439509533668,30344505,110,101,451000,391000,27,137453,0.9181818181818182,0.8669623059866962,0.24545454545454545,25,25,94000,94000,2,44111,1.0,1.0,0.08,85,82,303000,288000,32,129191,0.9647058823529412,0.9504950495049505,0.3764705882352941,110,107,397000,382000,34,173302,0.9727272727272728,0.9622166246851386,0.3090909090909091
sealed_holdout,4,public-random-204-e8ffd9130831,random,64,204,19,1,balanced_band,shifted_hotspot,oracle,none,,0,False,0.05309111285242432,0.07855994397366593,30344505,110,101,451000,391000,0,134557,0.9181818181818182,0.8669623059866962,0.0,25,25,94000,94000,0,43330,1.0,1.0,0.0,85,82,303000,288000,0,129912,0.9647058823529412,0.9504950495049505,0.0,110,107,397000,382000,0,173242,0.9727272727272728,0.9622166246851386,0.0
sealed_holdout,4,public-random-204-e8ffd9130831,random,64,204,19,1,balanced_band,shifted_hotspot,online,random,N005|N010,120000,False,0.05309111285242432,0.07755845458684406,30464505,110,101,451000,391000,27,137453,0.9181818181818182,0.8669623059866962,0.24545454545454545,25,25,94000,94000,1,44444,1.0,1.0,0.04,85,82,303000,288000,18,137702,0.9647058823529412,0.9504950495049505,0.21176470588235294,110,107,397000,382000,19,182146,0.9727272727272728,0.9622166246851386,0.17272727272727273
sealed_holdout,4,public-random-204-e8ffd9130831,random,64,204,19,1,balanced_band,shifted_hotspot,online,failure_aware,N045|N050,120000,False,0.05309111285242432,0.07708766239368209,30464505,110,101,451000,391000,27,137453,0.9181818181818182,0.8669623059866962,0.24545454545454545,25,25,94000,94000,1,44842,1.0,1.0,0.04,85,82,303000,288000,20,137673,0.9647058823529412,0.9504950495049505,0.23529411764705882,110,107,397000,382000,21,182515,0.9727272727272728,0.9622166246851386,0.19090909090909092
sealed_holdout,4,public-random-204-e8ffd9130831,random,64,204,19,1,uniform,diffuse,public,none,,0,False,0.3058045621102321,0.3109438830989596,30344505,110,100,450000,394000,10,111817,0.9090909090909091,0.8755555555555555,0.09090909090909091,25,23,93000,77000,2,22267,0.92,0.8279569892473119,0.08,85,78,318000,274000,7,78145,0.9176470588235294,0.8616352201257862,0.08235294117647059,110,101,411000,351000,9,100412,0.9181818181818182,0.8540145985401459,0.08181818181818182
sealed_holdout,4,public-random-204-e8ffd9130831,random,64,204,19,1,uniform,diffuse,retry,none,,0,False,0.3058045621102321,0.307103995374162,30344505,110,105,450000,419000,20,120691,0.9545454545454546,0.9311111111111111,0.18181818181818182,25,24,93000,85000,4,26875,0.96,0.9139784946236559,0.16,85,83,318000,308000,11,90749,0.9764705882352941,0.9685534591194969,0.12941176470588237,110,107,411000,393000,15,117624,0.9727272727272728,0.9562043795620438,0.13636363636363635
sealed_holdout,4,public-random-204-e8ffd9130831,random,64,204,19,1,uniform,diffuse,online,none,,0,False,0.3058045621102321,0.3179711477230159,30344505,110,105,450000,419000,23,124891,0.9545454545454546,0.9311111111111111,0.20909090909090908,25,24,93000,85000,6,29070,0.96,0.9139784946236559,0.24,85,80,318000,287000,27,94508,0.9411764705882353,0.9025157232704403,0.3176470588235294,110,104,411000,372000,33,123578,0.9454545454545454,0.9051094890510949,0.3
sealed_holdout,4,public-random-204-e8ffd9130831,random,64,204,19,1,uniform,diffuse,oracle,none,,0,False,0.3058045621102321,0.3070935129535252,30344505,110,106,450000,427000,0,126772,0.9636363636363636,0.9488888888888889,0.0,25,25,93000,93000,0,29482,1.0,1.0,0.0,85,83,318000,308000,0,90749,0.9764705882352941,0.9685534591194969,0.0,110,108,411000,401000,0,120231,0.9818181818181818,0.975669099756691,0.0
sealed_holdout,4,public-random-204-e8ffd9130831,random,64,204,19,1,uniform,diffuse,online,random,N005|N010,120000,False,0.3058045621102321,0.31350315881834845,30464505,110,105,450000,419000,23,124891,0.9545454545454546,0.9311111111111111,0.20909090909090908,25,24,93000,85000,5,27443,0.96,0.9139784946236559,0.2,85,83,318000,308000,16,102120,0.9764705882352941,0.9685534591194969,0.18823529411764706,110,107,411000,393000,21,129563,0.9727272727272728,0.9562043795620438,0.19090909090909092
sealed_holdout,4,public-random-204-e8ffd9130831,random,64,204,19,1,uniform,diffuse,online,failure_aware,N046|N059,120000,False,0.3058045621102321,0.31350315881834845,30464505,110,105,450000,419000,23,124891,0.9545454545454546,0.9311111111111111,0.20909090909090908,25,24,93000,85000,5,27443,0.96,0.9139784946236559,0.2,85,83,318000,308000,16,102120,0.9764705882352941,0.9685534591194969,0.18823529411764706,110,107,411000,393000,21,129563,0.9727272727272728,0.9562043795620438,0.19090909090909092
sealed_holdout,4,public-random-204-e8ffd9130831,random,64,204,19,1,uniform,stationary_hotspot,public,none,,0,False,0.3058045621102321,0.3153710635761258,30344505,110,92,451000,334000,18,116200,0.8363636363636363,0.7405764966740577,0.16363636363636364,25,25,94000,94000,0,34182,1.0,1.0,0.0,85,70,303000,225000,15,77083,0.8235294117647058,0.7425742574257426,0.17647058823529413,110,95,397000,319000,15,111265,0.8636363636363636,0.8035264483627204,0.13636363636363635
sealed_holdout,4,public-random-204-e8ffd9130831,random,64,204,19,1,uniform,stationary_hotspot,retry,none,,0,False,0.3058045621102321,0.3167067637430012,30344505,110,95,451000,352000,45,130406,0.8636363636363636,0.7804878048780488,0.4090909090909091,25,25,94000,94000,0,34182,1.0,1.0,0.0,85,72,303000,238000,39,81941,0.8470588235294118,0.7854785478547854,0.4588235294117647,110,97,397000,332000,39,116123,0.8818181818181818,0.836272040302267,0.35454545454545455
sealed_holdout,4,public-random-204-e8ffd9130831,random,64,204,19,1,uniform,stationary_hotspot,online,none,,0,False,0.3058045621102321,0.31602558161521555,30344505,110,95,451000,352000,47,132892,0.8636363636363636,0.7804878048780488,0.42727272727272725,25,25,94000,94000,0,35321,1.0,1.0,0.0,85,72,303000,238000,43,85779,0.8470588235294118,0.7854785478547854,0.5058823529411764,110,97,397000,332000,43,121100,0.8818181818181818,0.836272040302267,0.39090909090909093
sealed_holdout,4,public-random-204-e8ffd9130831,random,64,204,19,1,uniform,stationary_hotspot,oracle,none,,0,False,0.3058045621102321,0.31603593237061445,30344505,110,96,451000,360000,0,133013,0.8727272727272727,0.7982261640798226,0.0,25,25,94000,94000,0,34182,1.0,1.0,0.0,85,72,303000,238000,0,81941,0.8470588235294118,0.7854785478547854,0.0,110,97,397000,332000,0,116123,0.8818181818181818,0.836272040302267,0.0
sealed_holdout,4,public-random-204-e8ffd9130831,random,64,204,19,1,uniform,stationary_hotspot,online,random,N005|N010,120000,False,0.3058045621102321,0.31214666953806136,30464505,110,95,451000,352000,47,132892,0.8636363636363636,0.7804878048780488,0.42727272727272725,25,25,94000,94000,0,33005,1.0,1.0,0.0,85,72,303000,238000,42,87541,0.8470588235294118,0.7854785478547854,0.49411764705882355,110,97,397000,332000,42,120546,0.8818181818181818,0.836272040302267,0.38181818181818183
sealed_holdout,4,public-random-204-e8ffd9130831,random,64,204,19,1,uniform,stationary_hotspot,online,failure_aware,N045|N050,120000,True,0.3058045621102321,0.31510023811321003,30464505,110,95,451000,352000,47,132892,0.8636363636363636,0.7804878048780488,0.42727272727272725,25,25,94000,94000,0,33403,1.0,1.0,0.0,85,81,303000,280000,23,100696,0.9529411764705882,0.9240924092409241,0.27058823529411763,110,106,397000,374000,23,134099,0.9636363636363636,0.9420654911838791,0.20909090909090908
sealed_holdout,4,public-random-204-e8ffd9130831,random,64,204,19,1,uniform,shifted_hotspot,public,none,,0,False,0.3058045621102321,0.3256573727593477,30344505,110,92,451000,334000,18,116200,0.8363636363636363,0.7405764966740577,0.16363636363636364,25,25,94000,94000,0,43330,1.0,1.0,0.0,85,54,303000,178000,31,68465,0.6352941176470588,0.5874587458745875,0.36470588235294116,110,79,397000,272000,31,111795,0.7181818181818181,0.6851385390428212,0.2818181818181818
sealed_holdout,4,public-random-204-e8ffd9130831,random,64,204,19,1,uniform,shifted_hotspot,retry,none,,0,False,0.3058045621102321,0.32064894081403755,30344505,110,95,451000,352000,45,130406,0.8636363636363636,0.7804878048780488,0.4090909090909091,25,25,94000,94000,0,43330,1.0,1.0,0.0,85,80,303000,275000,51,127854,0.9411764705882353,0.9075907590759076,0.6,110,105,397000,369000,51,171184,0.9545454545454546,0.929471032745592,0.4636363636363636
sealed_holdout,4,public-random-204-e8ffd9130831,random,64,204,19,1,uniform,shifted_hotspot,online,none,,0,False,0.3058045621102321,0.3227456687676638,30344505,110,95,451000,352000,47,132892,0.8636363636363636,0.7804878048780488,0.42727272727272725,25,25,94000,94000,2,44877,1.0,1.0,0.08,85,80,303000,272000,39,128612,0.9411764705882353,0.8976897689768977,0.4588235294117647,110,105,397000,366000,41,173489,0.9545454545454546,0.9219143576826196,0.37272727272727274
sealed_holdout,4,public-random-204-e8ffd9130831,random,64,204,19,1,uniform,shifted_hotspot,oracle,none,,0,False,0.3058045621102321,0.32189527548355423,30344505,110,96,451000,360000,0,133013,0.8727272727272727,0.7982261640798226,0.0,25,25,94000,94000,0,43330,1.0,1.0,0.0,85,81,303000,280000,0,131759,0.9529411764705882,0.9240924092409241,0.0,110,106,397000,374000,0,175089,0.9636363636363636,0.9420654911838791,0.0
sealed_holdout,4,public-random-204-e8ffd9130831,random,64,204,19,1,uniform,shifted_hotspot,online,random,N005|N010,120000,False,0.3058045621102321,0.31564042217498556,30464505,110,95,451000,352000,47,132892,0.8636363636363636,0.7804878048780488,0.42727272727272725,25,25,94000,94000,0,45365,1.0,1.0,0.0,85,79,303000,267000,28,124409,0.9294117647058824,0.8811881188118812,0.32941176470588235,110,104,397000,361000,28,169774,0.9454545454545454,0.9093198992443325,0.2545454545454545
sealed_holdout,4,public-random-204-e8ffd9130831,random,64,204,19,1,uniform,shifted_hotspot,online,failure_aware,N045|N050,120000,False,0.3058045621102321,0.3151686726685956,30464505,110,95,451000,352000,47,132892,0.8636363636363636,0.7804878048780488,0.42727272727272725,25,25,94000,94000,0,45763,1.0,1.0,0.0,85,79,303000,267000,30,124380,0.9294117647058824,0.8811881188118812,0.35294117647058826,110,104,397000,361000,30,170143,0.9454545454545454,0.9093198992443325,0.2727272727272727
sealed_holdout,4,public-random-204-e8ffd9130831,random,64,204,19,1,polarized,diffuse,public,none,,0,False,0.7078110900737055,0.691740277394586,30344505,110,74,450000,233000,36,80489,0.6727272727272727,0.5177777777777778,0.32727272727272727,25,20,93000,59000,5,17837,0.8,0.6344086021505376,0.2,85,62,318000,203000,23,60194,0.7294117647058823,0.6383647798742138,0.27058823529411763,110,82,411000,262000,28,78031,0.7454545454545455,0.6374695863746959,0.2545454545454545
sealed_holdout,4,public-random-204-e8ffd9130831,random,64,204,19,1,polarized,diffuse,retry,none,,0,False,0.7078110900737055,0.6875141096304683,30344505,110,93,450000,340000,65,110931,0.8454545454545455,0.7555555555555555,0.5909090909090909,25,23,93000,77000,10,25157,0.92,0.8279569892473119,0.4,85,80,318000,281000,40,91259,0.9411764705882353,0.8836477987421384,0.47058823529411764,110,103,411000,358000,50,116416,0.9363636363636364,0.8710462287104623,0.45454545454545453
sealed_holdout,4,public-random-204-e8ffd9130831,random,64,204,19,1,polarized,diffuse,online,none,,0,False,0.7078110900737055,0.6859622189581696,30344505,110,93,450000,340000,70,114457,0.8454545454545455,0.7555555555555555,0.6363636363636364,25,23,93000,77000,9,25979,0.92,0.8279569892473119,0.36,85,80,318000,281000,33,94447,0.9411764705882353,0.8836477987421384,0.38823529411764707,110,103,411000,358000,42,120426,0.9363636363636364,0.8710462287104623,0.38181818181818183
sealed_holdout,4,public-random-204-e8ffd9130831,random,64,204,19,1,polarized,diffuse,oracle,none,,0,False,0.7078110900737055,0.679020443083777,30344505,110,100,450000,393000,0,187542,0.9090909090909091,0.8733333333333333,0.0,25,23,93000,77000,0,26084,0.92,0.8279569892473119,0.0,85,81,318000,286000,0,99314,0.9529411764705882,0.89937106918239,0.0,110,104,411000,363000,0,125398,0.9454545454545454,0.8832116788321168,0.0
sealed_holdout,4,public-random-204-e8ffd9130831,random,64,204,19,1,polarized,diffuse,online,random,N005|N010,120000,False,0.7078110900737055,0.6827998348781559,30464505,110,93,450000,340000,70,114457,0.8454545454545455,0.7555555555555555,0.6363636363636364,25,22,93000,69000,11,24159,0.88,0.7419354838709677,0.44,85,79,318000,282000,37,94958,0.9294117647058824,0.8867924528301887,0.43529411764705883,110,101,411000,351000,48,119117,0.9181818181818182,0.8540145985401459,0.43636363636363634
sealed_holdout,4,public-random-204-e8ffd9130831,random,64,204,19,1,polarized,diffuse,online,failure_aware,N046|N059,120000,False,0.7078110900737055,0.682931128203127,30464505,110,93,450000,340000,70,114457,0.8454545454545455,0.7555555555555555,0.6363636363636364,25,22,93000,69000,11,24159,0.88,0.7419354838709677,0.44,85,79,318000,282000,35,94748,0.9294117647058824,0.8867924528301887,0.4117647058823529,110,101,411000,351000,46,118907,0.9181818181818182,0.8540145985401459,0.41818181818181815
sealed_holdout,4,public-random-204-e8ffd9130831,random,64,204,19,1,polarized,stationary_hotspot,public,none,,0,False,0.7078110900737055,0.7038406944683947,30344505,110,75,451000,230000,35,88916,0.6818181818181818,0.5099778270509978,0.3181818181818182,25,18,94000,57000,7,22437,0.72,0.6063829787234043,0.28,85,56,303000,145000,29,61445,0.6588235294117647,0.47854785478547857,0.3411764705882353,110,74,397000,202000,36,83882,0.6727272727272727,0.5088161209068011,0.32727272727272727
sealed_holdout,4,public-random-204-e8ffd9130831,random,64,204,19,1,polarized,stationary_hotspot,retry,none,,0,False,0.7078110900737055,0.7002974259161672,30344505,110,82,451000,274000,94,108785,0.7454545454545455,0.6075388026607539,0.8545454545454545,25,23,94000,78000,13,33591,0.92,0.8297872340425532,0.52,85,64,303000,182000,68,72936,0.7529411764705882,0.6006600660066007,0.8,110,87,397000,260000,81,106527,0.7909090909090909,0.654911838790932,0.7363636363636363
sealed_holdout,4,public-random-204-e8ffd9130831,random,64,204,19,1,polarized,stationary_hotspot,online,none,,0,False,0.7078110900737055,0.7030973726482074,30344505,110,80,451000,261000,101,107478,0.7272727272727273,0.5787139689578714,0.9181818181818182,25,22,94000,77000,17,35055,0.88,0.8191489361702128,0.68,85,62,303000,178000,70,69048,0.7294117647058823,0.5874587458745875,0.8235294117647058,110,84,397000,255000,87,104103,0.7636363636363637,0.6423173803526449,0.7909090909090909
sealed_holdout,4,public-random-204-e8ffd9130831,random,64,204,19,1,polarized,stationary_hotspot,oracle,none,,0,False,0.7078110900737055,0.6935104132586678,30344505,110,87,451000,311000,0,204593,0.7909090909090909,0.6895787139689579,0.0,25,25,94000,94000,0,42605,1.0,1.0,0.0,85,71,303000,219000,0,89560,0.8352941176470589,0.7227722772277227,0.0,110,96,397000,313000,0,132165,0.8727272727272727,0.7884130982367759,0.0
sealed_holdout,4,public-random-204-e8ffd9130831,random,64,204,19,1,polarized,stationary_hotspot,online,random,N005|N010,120000,False,0.7078110900737055,0.6974747470183504,30464505,110,80,451000,261000,101,107478,0.7272727272727273,0.5787139689578714,0.9181818181818182,25,25,94000,94000,12,47050,1.0,1.0,0.48,85,68,303000,214000,56,87242,0.8,0.7062706270627063,0.6588235294117647,110,93,397000,308000,68,134292,0.8454545454545455,0.7758186397984886,0.6181818181818182
sealed_holdout,4,public-random-204-e8ffd9130831,random,64,204,19,1,polarized,stationary_hotspot,online,failure_aware,N045|N050,120000,True,0.7078110900737055,0.700689129065149,30464505,110,80,451000,261000,101,107478,0.7272727272727273,0.5787139689578714,0.9181818181818182,25,25,94000,94000,9,38821,1.0,1.0,0.36,85,77,303000,264000,31,103062,0.9058823529411765,0.8712871287128713,0.36470588235294116,110,102,397000,358000,40,141883,0.9272727272727272,0.9017632241813602,0.36363636363636365
sealed_holdout,4,public-random-204-e8ffd9130831,random,64,204,19,1,polarized,shifted_hotspot,public,none,,0,False,0.7078110900737055,0.7069269861510512,30344505,110,75,451000,230000,35,88916,0.6818181818181818,0.5099778270509978,0.3181818181818182,25,14,94000,44000,11,25248,0.56,0.46808510638297873,0.44,85,35,303000,99000,50,37816,0.4117647058823529,0.32673267326732675,0.5882352941176471,110,49,397000,143000,61,63064,0.44545454545454544,0.3602015113350126,0.5545454545454546
sealed_holdout,4,public-random-204-e8ffd9130831,random,64,204,19,1,polarized,shifted_hotspot,retry,none,,0,False,0.7078110900737055,0.6992856482486702,30344505,110,82,451000,274000,94,108785,0.7454545454545455,0.6075388026607539,0.8545454545454545,25,22,94000,73000,19,38251,0.88,0.776595744680851,0.76,85,67,303000,193000,94,108756,0.788235294117647,0.636963696369637,1.1058823529411765,110,89,397000,266000,113,147007,0.8090909090909091,0.6700251889168766,1.0272727272727273
sealed_holdout,4,public-random-204-e8ffd9130831,random,64,204,19,1,polarized,shifted_hotspot,online,none,,0,False,0.7078110900737055,0.7032521949275494,30344505,110,80,451000,261000,101,107478,0.7272727272727273,0.5787139689578714,0.9181818181818182,25,21,94000,71000,18,36678,0.84,0.7553191489361702,0.72,85,67,303000,196000,71,108787,0.788235294117647,0.6468646864686468,0.8352941176470589,110,88,397000,267000,89,145465,0.8,0.672544080604534,0.8090909090909091
sealed_holdout,4,public-random-204-e8ffd9130831,random,64,204,19,1,polarized,shifted_hotspot,oracle,none,,0,False,0.7078110900737055,0.6950330898749254,30344505,110,87,451000,311000,0,204593,0.7909090909090909,0.6895787139689579,0.0,25,22,94000,73000,0,38251,0.88,0.776595744680851,0.0,85,73,303000,238000,0,280449,0.8588235294117647,0.7854785478547854,0.0,110,95,397000,311000,0,318700,0.8636363636363636,0.783375314861461,0.0
sealed_holdout,4,public-random-204-e8ffd9130831,random,64,204,19,1,polarized,shifted_hotspot,online,random,N005|N010,120000,False,0.7078110900737055,0.6930425626268747,30464505,110,80,451000,261000,101,107478,0.7272727272727273,0.5787139689578714,0.9181818181818182,25,21,94000,71000,15,38051,0.84,0.7553191489361702,0.6,85,67,303000,202000,75,121115,0.788235294117647,0.6666666666666666,0.8823529411764706,110,88,397000,273000,90,159166,0.8,0.6876574307304786,0.8181818181818182
sealed_holdout,4,public-random-204-e8ffd9130831,random,64,204,19,1,polarized,shifted_hotspot,online,failure_aware,N045|N050,120000,False,0.7078110900737055,0.6928678865867134,30464505,110,80,451000,261000,101,107478,0.7272727272727273,0.5787139689578714,0.9181818181818182,25,22,94000,73000,14,40453,0.88,0.776595744680851,0.56,85,68,303000,204000,74,123570,0.8,0.6732673267326733,0.8705882352941177,110,90,397000,277000,88,164023,0.8181818181818182,0.6977329974811083,0.8
sealed_holdout,5,public-periphery-205-6362453384ed,periphery,64,74,50,0,balanced_band,diffuse,public,none,,0,False,0.044424344240764455,0.06131907094097507,14002262,110,110,377000,377000,0,201731,1.0,1.0,0.0,25,25,86000,86000,0,48268,1.0,1.0,0.0,85,82,384000,363000,3,150715,0.9647058823529412,0.9453125,0.03529411764705882,110,107,470000,449000,3,198983,0.9727272727272728,0.9553191489361702,0.02727272727272727
sealed_holdout,5,public-periphery-205-6362453384ed,periphery,64,74,50,0,balanced_band,diffuse,retry,none,,0,False,0.044424344240764455,0.06285323422330202,14002262,110,110,377000,377000,0,201731,1.0,1.0,0.0,25,25,86000,86000,0,48268,1.0,1.0,0.0,85,84,384000,376000,3,158128,0.9882352941176471,0.9791666666666666,0.03529411764705882,110,109,470000,462000,3,206396,0.990909090909091,0.9829787234042553,0.02727272727272727
sealed_holdout,5,public-periphery-205-6362453384ed,periphery,64,74,50,0,balanced_band,diffuse,online,none,,0,False,0.044424344240764455,0.06465834678539244,14002262,110,110,377000,377000,0,205979,1.0,1.0,0.0,25,25,86000,86000,0,50351,1.0,1.0,0.0,85,84,384000,376000,3,161133,0.9882352941176471,0.9791666666666666,0.03529411764705882,110,109,470000,462000,3,211484,0.990909090909091,0.9829787234042553,0.02727272727272727
sealed_holdout,5,public-periphery-205-6362453384ed,periphery,64,74,50,0,balanced_band,diffuse,oracle,none,,0,False,0.044424344240764455,0.06285323422330202,14002262,110,110,377000,377000,0,201731,1.0,1.0,0.0,25,25,86000,86000,0,48268,1.0,1.0,0.0,85,84,384000,376000,0,158128,0.9882352941176471,0.9791666666666666,0.0,110,109,470000,462000,0,206396,0.990909090909091,0.9829787234042553,0.0
sealed_holdout,5,public-periphery-205-6362453384ed,periphery,64,74,50,0,balanced_band,diffuse,online,random,N001|N021,120000,False,0.044424344240764455,0.06210952977318734,14122262,110,110,377000,377000,0,205979,1.0,1.0,0.0,25,25,86000,86000,0,49472,1.0,1.0,0.0,85,84,384000,376000,4,163160,0.9882352941176471,0.9791666666666666,0.047058823529411764,110,109,470000,462000,4,212632,0.990909090909091,0.9829787234042553,0.03636363636363636
sealed_holdout,5,public-periphery-205-6362453384ed,periphery,64,74,50,0,balanced_band,diffuse,online,failure_aware,N001|N021,120000,False,0.044424344240764455,0.06210952977318734,14122262,110,110,377000,377000,0,205979,1.0,1.0,0.0,25,25,86000,86000,0,49472,1.0,1.0,0.0,85,84,384000,376000,4,163160,0.9882352941176471,0.9791666666666666,0.047058823529411764,110,109,470000,462000,4,212632,0.990909090909091,0.9829787234042553,0.03636363636363636
sealed_holdout,5,public-periphery-205-6362453384ed,periphery,64,74,50,0,balanced_band,stationary_hotspot,public,none,,0,False,0.044424344240764455,0.07089375790171014,14002262,110,94,468000,379000,16,174780,0.8545454545454545,0.8098290598290598,0.14545454545454545,25,20,106000,75000,5,35523,0.8,0.7075471698113207,0.2,85,63,411000,290000,22,117577,0.7411764705882353,0.7055961070559611,0.25882352941176473,110,83,517000,365000,27,153100,0.7545454545454545,0.7059961315280464,0.24545454545454545
sealed_holdout,5,public-periphery-205-6362453384ed,periphery,64,74,50,0,balanced_band,stationary_hotspot,retry,none,,0,False,0.044424344240764455,0.07089375790171014,14002262,110,94,468000,379000,48,174780,0.8545454545454545,0.8098290598290598,0.43636363636363634,25,20,106000,75000,15,35523,0.8,0.7075471698113207,0.6,85,63,411000,290000,62,117577,0.7411764705882353,0.7055961070559611,0.7294117647058823,110,83,517000,365000,77,153100,0.7545454545454545,0.7059961315280464,0.7
sealed_holdout,5,public-periphery-205-6362453384ed,periphery,64,74,50,0,balanced_band,stationary_hotspot,online,none,,0,False,0.044424344240764455,0.07109469115517775,14002262,110,94,468000,379000,48,175500,0.8545454545454545,0.8098290598290598,0.43636363636363634,25,20,106000,75000,15,35523,0.8,0.7075471698113207,0.6,85,63,411000,290000,62,118297,0.7411764705882353,0.7055961070559611,0.7294117647058823,110,83,517000,365000,77,153820,0.7545454545454545,0.7059961315280464,0.7
sealed_holdout,5,public-periphery-205-6362453384ed,periphery,64,74,50,0,balanced_band,stationary_hotspot,oracle,none,,0,False,0.044424344240764455,0.07089375790171014,14002262,110,94,468000,379000,0,174780,0.8545454545454545,0.8098290598290598,0.0,25,20,106000,75000,0,35523,0.8,0.7075471698113207,0.0,85,63,411000,290000,0,117577,0.7411764705882353,0.7055961070559611,0.0,110,83,517000,365000,0,153100,0.7545454545454545,0.7059961315280464,0.0
sealed_holdout,5,public-periphery-205-6362453384ed,periphery,64,74,50,0,balanced_band,stationary_hotspot,online,random,N001|N021,120000,False,0.044424344240764455,0.08408403244303463,14122262,110,94,468000,379000,48,175500,0.8545454545454545,0.8098290598290598,0.43636363636363634,25,20,106000,75000,15,41012,0.8,0.7075471698113207,0.6,85,63,411000,290000,64,128689,0.7411764705882353,0.7055961070559611,0.7529411764705882,110,83,517000,365000,79,169701,0.7545454545454545,0.7059961315280464,0.7181818181818181
sealed_holdout,5,public-periphery-205-6362453384ed,periphery,64,74,50,0,balanced_band,stationary_hotspot,online,failure_aware,N037|N051,120000,True,0.044424344240764455,0.1017214268801221,14122262,110,94,468000,379000,48,175500,0.8545454545454545,0.8098290598290598,0.43636363636363634,25,25,106000,106000,0,46528,1.0,1.0,0.0,85,70,411000,319000,50,139893,0.8235294117647058,0.7761557177615572,0.5882352941176471,110,95,517000,425000,50,186421,0.8636363636363636,0.8220502901353965,0.45454545454545453
sealed_holdout,5,public-periphery-205-6362453384ed,periphery,64,74,50,0,balanced_band,shifted_hotspot,public,none,,0,False,0.044424344240764455,0.0748277955991405,14002262,110,94,468000,379000,16,174780,0.8545454545454545,0.8098290598290598,0.14545454545454545,25,23,106000,93000,2,42141,0.92,0.8773584905660378,0.08,85,60,411000,269000,25,111748,0.7058823529411765,0.6545012165450121,0.29411764705882354,110,83,517000,362000,27,153889,0.7545454545454545,0.7001934235976789,0.24545454545454545
sealed_holdout,5,public-periphery-205-6362453384ed,periphery,64,74,50,0,balanced_band,shifted_hotspot,retry,none,,0,False,0.044424344240764455,0.09339086384848334,14002262,110,94,468000,379000,48,174780,0.8545454545454545,0.8098290598290598,0.43636363636363634,25,25,106000,106000,2,47467,1.0,1.0,0.08,85,69,411000,314000,51,134731,0.8117647058823529,0.7639902676399026,0.6,110,94,517000,420000,53,182198,0.8545454545454545,0.8123791102514507,0.4818181818181818
sealed_holdout,5,public-periphery-205-6362453384ed,periphery,64,74,50,0,balanced_band,shifted_hotspot,online,none,,0,False,0.044424344240764455,0.09059257402804306,14002262,110,94,468000,379000,48,175500,0.8545454545454545,0.8098290598290598,0.43636363636363634,25,25,106000,106000,2,48180,1.0,1.0,0.08,85,69,411000,314000,53,135760,0.8117647058823529,0.7639902676399026,0.6235294117647059,110,94,517000,420000,55,183940,0.8545454545454545,0.8123791102514507,0.5
sealed_holdout,5,public-periphery-205-6362453384ed,periphery,64,74,50,0,balanced_band,shifted_hotspot,oracle,none,,0,False,0.044424344240764455,0.09339086384848334,14002262,110,94,468000,379000,0,174780,0.8545454545454545,0.8098290598290598,0.0,25,25,106000,106000,0,47467,1.0,1.0,0.0,85,69,411000,314000,0,134731,0.8117647058823529,0.7639902676399026,0.0,110,94,517000,420000,0,182198,0.8545454545454545,0.8123791102514507,0.0
sealed_holdout,5,public-periphery-205-6362453384ed,periphery,64,74,50,0,balanced_band,shifted_hotspot,online,random,N001|N021,120000,False,0.044424344240764455,0.09981532691833375,14122262,110,94,468000,379000,48,175500,0.8545454545454545,0.8098290598290598,0.43636363636363634,25,25,106000,106000,0,53604,1.0,1.0,0.0,85,69,411000,314000,47,145089,0.8117647058823529,0.7639902676399026,0.5529411764705883,110,94,517000,420000,47,198693,0.8545454545454545,0.8123791102514507,0.42727272727272725
sealed_holdout,5,public-periphery-205-6362453384ed,periphery,64,74,50,0,balanced_band,shifted_hotspot,online,failure_aware,N037|N051,120000,False,0.044424344240764455,0.10105412762893809,14122262,110,94,468000,379000,48,175500,0.8545454545454545,0.8098290598290598,0.43636363636363634,25,25,106000,106000,0,53604,1.0,1.0,0.0,85,70,411000,322000,47,149705,0.8235294117647058,0.7834549878345499,0.5529411764705883,110,95,517000,428000,47,203309,0.8636363636363636,0.8278529980657641,0.42727272727272725
sealed_holdout,5,public-periphery-205-6362453384ed,periphery,64,74,50,0,uniform,diffuse,public,none,,0,False,0.25588362298233375,0.2527242521218551,14002262,110,104,377000,348000,6,189875,0.9454545454545454,0.9230769230769231,0.05454545454545454,25,25,86000,86000,0,48268,1.0,1.0,0.0,85,77,384000,335000,8,141660,0.9058823529411765,0.8723958333333334,0.09411764705882353,110,102,470000,421000,8,189928,0.9272727272727272,0.8957446808510638,0.07272727272727272
sealed_holdout,5,public-periphery-205-6362453384ed,periphery,64,74,50,0,uniform,diffuse,retry,none,,0,False,0.25588362298233375,0.2556828492481523,14002262,110,105,377000,356000,11,194285,0.9545454545454546,0.9442970822281167,0.1,25,25,86000,86000,0,48268,1.0,1.0,0.0,85,77,384000,338000,11,144058,0.9058823529411765,0.8802083333333334,0.12941176470588237,110,102,470000,424000,11,192326,0.9272727272727272,0.902127659574468,0.1
sealed_holdout,5,public-periphery-205-6362453384ed,periphery,64,74,50,0,uniform,diffuse,online,none,,0,False,0.25588362298233375,0.2619918054133249,14002262,110,105,377000,356000,12,197535,0.9545454545454546,0.9442970822281167,0.10909090909090909,25,25,86000,86000,0,50351,1.0,1.0,0.0,85,77,384000,338000,10,145386,0.9058823529411765,0.8802083333333334,0.11764705882352941,110,102,470000,424000,10,195737,0.9272727272727272,0.902127659574468,0.09090909090909091
sealed_holdout,5,public-periphery-205-6362453384ed,periphery,64,74,50,0,uniform,diffuse,oracle,none,,0,False,0.25588362298233375,0.2556828492481523,14002262,110,105,377000,356000,0,194285,0.9545454545454546,0.9442970822281167,0.0,25,25,86000,86000,0,48268,1.0,1.0,0.0,85,77,384000,338000,0,144058,0.9058823529411765,0.8802083333333334,0.0,110,102,470000,424000,0,192326,0.9272727272727272,0.902127659574468,0.0
sealed_holdout,5,public-periphery-205-6362453384ed,periphery,64,74,50,0,uniform,diffuse,online,random,N001|N021,120000,False,0.25588362298233375,0.25562735782310814,14122262,110,105,377000,356000,12,197535,0.9545454545454546,0.9442970822281167,0.10909090909090909,25,25,86000,86000,0,49472,1.0,1.0,0.0,85,78,384000,343000,9,152095,0.9176470588235294,0.8932291666666666,0.10588235294117647,110,103,470000,429000,9,201567,0.9363636363636364,0.9127659574468086,0.08181818181818182
sealed_holdout,5,public-periphery-205-6362453384ed,periphery,64,74,50,0,uniform,diffuse,online,failure_aware,N040|N058,120000,False,0.25588362298233375,0.25740262809393943,14122262,110,105,377000,356000,12,197535,0.9545454545454546,0.9442970822281167,0.10909090909090909,25,25,86000,86000,0,49472,1.0,1.0,0.0,85,78,384000,346000,11,152275,0.9176470588235294,0.9010416666666666,0.12941176470588237,110,103,470000,432000,11,201747,0.9363636363636364,0.9191489361702128,0.1
sealed_holdout,5,public-periphery-205-6362453384ed,periphery,64,74,50,0,uniform,stationary_hotspot,public,none,,0,False,0.25588362298233375,0.2755396276095698,14002262,110,87,468000,341000,23,160729,0.7909090909090909,0.7286324786324786,0.20909090909090908,25,17,106000,51000,8,29475,0.68,0.4811320754716981,0.32,85,63,411000,287000,22,117883,0.7411764705882353,0.6982968369829684,0.25882352941176473,110,80,517000,338000,30,147358,0.7272727272727273,0.6537717601547389,0.2727272727272727
sealed_holdout,5,public-periphery-205-6362453384ed,periphery,64,74,50,0,uniform,stationary_hotspot,retry,none,,0,False,0.25588362298233375,0.2755396276095698,14002262,110,87,468000,341000,65,160729,0.7909090909090909,0.7286324786324786,0.5909090909090909,25,17,106000,51000,18,29475,0.68,0.4811320754716981,0.72,85,63,411000,287000,62,117883,0.7411764705882353,0.6982968369829684,0.7294117647058823,110,80,517000,338000,80,147358,0.7272727272727273,0.6537717601547389,0.7272727272727273
sealed_holdout,5,public-periphery-205-6362453384ed,periphery,64,74,50,0,uniform,stationary_hotspot,online,none,,0,False,0.25588362298233375,0.2740246423944372,14002262,110,87,468000,341000,65,161449,0.7909090909090909,0.7286324786324786,0.5909090909090909,25,17,106000,51000,18,29475,0.68,0.4811320754716981,0.72,85,63,411000,287000,63,120683,0.7411764705882353,0.6982968369829684,0.7411764705882353,110,80,517000,338000,81,150158,0.7272727272727273,0.6537717601547389,0.7363636363636363
sealed_holdout,5,public-periphery-205-6362453384ed,periphery,64,74,50,0,uniform,stationary_hotspot,oracle,none,,0,False,0.25588362298233375,0.2755396276095698,14002262,110,87,468000,341000,0,160729,0.7909090909090909,0.7286324786324786,0.0,25,17,106000,51000,0,29475,0.68,0.4811320754716981,0.0,85,63,411000,287000,0,117883,0.7411764705882353,0.6982968369829684,0.0,110,80,517000,338000,0,147358,0.7272727272727273,0.6537717601547389,0.0
sealed_holdout,5,public-periphery-205-6362453384ed,periphery,64,74,50,0,uniform,stationary_hotspot,online,random,N001|N021,120000,False,0.25588362298233375,0.2757430042469614,14122262,110,87,468000,341000,65,161449,0.7909090909090909,0.7286324786324786,0.5909090909090909,25,17,106000,51000,18,34964,0.68,0.4811320754716981,0.72,85,63,411000,287000,63,128595,0.7411764705882353,0.6982968369829684,0.7411764705882353,110,80,517000,338000,81,163559,0.7272727272727273,0.6537717601547389,0.7363636363636363
sealed_holdout,5,public-periphery-205-6362453384ed,periphery,64,74,50,0,uniform,stationary_hotspot,online,failure_aware,N037|N051,120000,True,0.25588362298233375,0.2849994976906051,14122262,110,87,468000,341000,65,161449,0.7909090909090909,0.7286324786324786,0.5909090909090909,25,22,106000,82000,3,40480,0.88,0.7735849056603774,0.12,85,69,411000,304000,46,123677,0.8117647058823529,0.7396593673965937,0.5411764705882353,110,91,517000,386000,49,164157,0.8272727272727273,0.746615087040619,0.44545454545454544
sealed_holdout,5,public-periphery-205-6362453384ed,periphery,64,74,50,0,uniform,shifted_hotspot,public,none,,0,False,0.25588362298233375,0.27635585250203476,14002262,110,87,468000,341000,23,160729,0.7909090909090909,0.7286324786324786,0.20909090909090908,25,20,106000,69000,5,36093,0.8,0.6509433962264151,0.2,85,61,411000,273000,24,113656,0.7176470588235294,0.6642335766423357,0.2823529411764706,110,81,517000,342000,29,149749,0.7363636363636363,0.6615087040618955,0.2636363636363636
sealed_holdout,5,public-periphery-205-6362453384ed,periphery,64,74,50,0,uniform,shifted_hotspot,retry,none,,0,False,0.25588362298233375,0.27635585250203476,14002262,110,87,468000,341000,65,160729,0.7909090909090909,0.7286324786324786,0.5909090909090909,25,20,106000,69000,9,36093,0.8,0.6509433962264151,0.36,85,61,411000,273000,64,113656,0.7176470588235294,0.6642335766423357,0.7529411764705882,110,81,517000,342000,73,149749,0.7363636363636363,0.6615087040618955,0.6636363636363637
sealed_holdout,5,public-periphery-205-6362453384ed,periphery,64,74,50,0,uniform,shifted_hotspot,online,none,,0,False,0.25588362298233375,0.2756835666226729,14002262,110,87,468000,341000,65,161449,0.7909090909090909,0.7286324786324786,0.5909090909090909,25,20,106000,69000,9,36093,0.8,0.6509433962264151,0.36,85,61,411000,273000,65,116456,0.7176470588235294,0.6642335766423357,0.7647058823529411,110,81,517000,342000,74,152549,0.7363636363636363,0.6615087040618955,0.6727272727272727
sealed_holdout,5,public-periphery-205-6362453384ed,periphery,64,74,50,0,uniform,shifted_hotspot,oracle,none,,0,False,0.25588362298233375,0.27635585250203476,14002262,110,87,468000,341000,0,160729,0.7909090909090909,0.7286324786324786,0.0,25,20,106000,69000,0,36093,0.8,0.6509433962264151,0.0,85,61,411000,273000,0,113656,0.7176470588235294,0.6642335766423357,0.0,110,81,517000,342000,0,149749,0.7363636363636363,0.6615087040618955,0.0
sealed_holdout,5,public-periphery-205-6362453384ed,periphery,64,74,50,0,uniform,shifted_hotspot,online,random,N001|N021,120000,False,0.25588362298233375,0.2791356892315088,14122262,110,87,468000,341000,65,161449,0.7909090909090909,0.7286324786324786,0.5909090909090909,25,20,106000,69000,9,42230,0.8,0.6509433962264151,0.36,85,61,411000,273000,66,124322,0.7176470588235294,0.6642335766423357,0.7764705882352941,110,81,517000,342000,75,166552,0.7363636363636363,0.6615087040618955,0.6818181818181818
sealed_holdout,5,public-periphery-205-6362453384ed,periphery,64,74,50,0,uniform,shifted_hotspot,online,failure_aware,N037|N051,120000,False,0.25588362298233375,0.2791356892315088,14122262,110,87,468000,341000,65,161449,0.7909090909090909,0.7286324786324786,0.5909090909090909,25,20,106000,69000,9,42230,0.8,0.6509433962264151,0.36,85,61,411000,273000,68,124322,0.7176470588235294,0.6642335766423357,0.8,110,81,517000,342000,77,166552,0.7363636363636363,0.6615087040618955,0.7
sealed_holdout,5,public-periphery-205-6362453384ed,periphery,64,74,50,0,polarized,diffuse,public,none,,0,False,0.6922557266397124,0.6467257121925648,14002262,110,96,377000,300000,14,174786,0.8727272727272727,0.7957559681697612,0.12727272727272726,25,24,86000,78000,1,46252,0.96,0.9069767441860465,0.04,85,73,384000,309000,12,133328,0.8588235294117647,0.8046875,0.1411764705882353,110,97,470000,387000,13,179580,0.8818181818181818,0.823404255319149,0.11818181818181818
sealed_holdout,5,public-periphery-205-6362453384ed,periphery,64,74,50,0,polarized,diffuse,retry,none,,0,False,0.6922557266397124,0.6361071724582322,14002262,110,96,377000,300000,28,174786,0.8727272727272727,0.7957559681697612,0.2545454545454545,25,24,86000,78000,1,46252,0.96,0.9069767441860465,0.04,85,76,384000,327000,16,151164,0.8941176470588236,0.8515625,0.18823529411764706,110,100,470000,405000,17,197416,0.9090909090909091,0.8617021276595744,0.15454545454545454
sealed_holdout,5,public-periphery-205-6362453384ed,periphery,64,74,50,0,polarized,diffuse,online,none,,0,False,0.6922557266397124,0.6361409238986994,14002262,110,96,377000,300000,32,177381,0.8727272727272727,0.7957559681697612,0.2909090909090909,25,24,86000,78000,1,46747,0.96,0.9069767441860465,0.04,85,76,384000,327000,18,153268,0.8941176470588236,0.8515625,0.21176470588235294,110,100,470000,405000,19,200015,0.9090909090909091,0.8617021276595744,0.17272727272727273
sealed_holdout,5,public-periphery-205-6362453384ed,periphery,64,74,50,0,polarized,diffuse,oracle,none,,0,False,0.6922557266397124,0.6361071724582322,14002262,110,96,377000,300000,0,174786,0.8727272727272727,0.7957559681697612,0.0,25,24,86000,78000,0,46252,0.96,0.9069767441860465,0.0,85,76,384000,327000,0,151164,0.8941176470588236,0.8515625,0.0,110,100,470000,405000,0,197416,0.9090909090909091,0.8617021276595744,0.0
sealed_holdout,5,public-periphery-205-6362453384ed,periphery,64,74,50,0,polarized,diffuse,online,random,N001|N021,120000,False,0.6922557266397124,0.6287137773328244,14122262,110,96,377000,300000,32,177381,0.8727272727272727,0.7957559681697612,0.2909090909090909,25,24,86000,78000,1,47456,0.96,0.9069767441860465,0.04,85,77,384000,332000,12,160331,0.9058823529411765,0.8645833333333334,0.1411764705882353,110,101,470000,410000,13,207787,0.9181818181818182,0.8723404255319149,0.11818181818181818
sealed_holdout,5,public-periphery-205-6362453384ed,periphery,64,74,50,0,polarized,diffuse,online,failure_aware,N046|N051,120000,False,0.6922557266397124,0.6301410407255311,14122262,110,96,377000,300000,32,177381,0.8727272727272727,0.7957559681697612,0.2909090909090909,25,24,86000,78000,1,47456,0.96,0.9069767441860465,0.04,85,76,384000,327000,14,156821,0.8941176470588236,0.8515625,0.16470588235294117,110,100,470000,405000,15,204277,0.9090909090909091,0.8617021276595744,0.13636363636363635
sealed_holdout,5,public-periphery-205-6362453384ed,periphery,64,74,50,0,polarized,stationary_hotspot,public,none,,0,False,0.6922557266397124,0.6909976105929987,14002262,110,68,468000,208000,42,119723,0.6181818181818182,0.4444444444444444,0.38181818181818183,25,18,106000,56000,7,31480,0.72,0.5283018867924528,0.28,85,53,411000,228000,32,97254,0.6235294117647059,0.5547445255474452,0.3764705882352941,110,71,517000,284000,39,128734,0.6454545454545455,0.5493230174081238,0.35454545454545455
sealed_holdout,5,public-periphery-205-6362453384ed,periphery,64,74,50,0,polarized,stationary_hotspot,retry,none,,0,False,0.6922557266397124,0.6780001583474533,14002262,110,75,468000,262000,91,146498,0.6818181818181818,0.5598290598290598,0.8272727272727273,25,17,106000,51000,18,29475,0.68,0.4811320754716981,0.72,85,54,411000,237000,74,101863,0.6352941176470588,0.5766423357664233,0.8705882352941177,110,71,517000,288000,92,131338,0.6454545454545455,0.5570599613152805,0.8363636363636363
sealed_holdout,5,public-periphery-205-6362453384ed,periphery,64,74,50,0,polarized,stationary_hotspot,online,none,,0,False,0.6922557266397124,0.6766091716147808,14002262,110,75,468000,262000,91,147719,0.6818181818181818,0.5598290598290598,0.8272727272727273,25,17,106000,51000,18,30176,0.68,0.4811320754716981,0.72,85,54,411000,237000,75,104862,0.6352941176470588,0.5766423357664233,0.8823529411764706,110,71,517000,288000,93,135038,0.6454545454545455,0.5570599613152805,0.8454545454545455
sealed_holdout,5,public-periphery-205-6362453384ed,periphery,64,74,50,0,polarized,stationary_hotspot,oracle,none,,0,False,0.6922557266397124,0.6780001583474533,14002262,110,75,468000,262000,0,146498,0.6818181818181818,0.5598290598290598,0.0,25,17,106000,51000,0,29475,0.68,0.4811320754716981,0.0,85,54,411000,237000,0,101863,0.6352941176470588,0.5766423357664233,0.0,110,71,517000,288000,0,131338,0.6454545454545455,0.5570599613152805,0.0
sealed_holdout,5,public-periphery-205-6362453384ed,periphery,64,74,50,0,polarized,stationary_hotspot,online,random,N001|N021,120000,False,0.6922557266397124,0.6722183098504558,14122262,110,75,468000,262000,91,147719,0.6818181818181818,0.5598290598290598,0.8272727272727273,25,17,106000,51000,18,34394,0.68,0.4811320754716981,0.72,85,56,411000,250000,75,121622,0.6588235294117647,0.6082725060827251,0.8823529411764706,110,73,517000,301000,93,156016,0.6636363636363637,0.5822050290135397,0.8454545454545455
sealed_holdout,5,public-periphery-205-6362453384ed,periphery,64,74,50,0,polarized,stationary_hotspot,online,failure_aware,N037|N051,120000,True,0.6922557266397124,0.6889860256755815,14122262,110,75,468000,262000,91,147719,0.6818181818181818,0.5598290598290598,0.8272727272727273,25,22,106000,82000,3,37462,0.88,0.7735849056603774,0.12,85,60,411000,258000,57,109669,0.7058823529411765,0.6277372262773723,0.6705882352941176,110,82,517000,340000,60,147131,0.7454545454545455,0.6576402321083172,0.5454545454545454
sealed_holdout,5,public-periphery-205-6362453384ed,periphery,64,74,50,0,polarized,shifted_hotspot,public,none,,0,False,0.6922557266397124,0.6893679501880121,14002262,110,68,468000,208000,42,119723,0.6181818181818182,0.4444444444444444,0.38181818181818183,25,18,106000,59000,7,32083,0.72,0.5566037735849056,0.28,85,53,411000,219000,32,96634,0.6235294117647059,0.5328467153284672,0.3764705882352941,110,71,517000,278000,39,128717,0.6454545454545455,0.5377176015473888,0.35454545454545455
sealed_holdout,5,public-periphery-205-6362453384ed,periphery,64,74,50,0,polarized,shifted_hotspot,retry,none,,0,False,0.6922557266397124,0.6789005493869713,14002262,110,75,468000,262000,91,146498,0.6818181818181818,0.5598290598290598,0.8272727272727273,25,18,106000,59000,15,32083,0.72,0.5566037735849056,0.6,85,54,411000,227000,72,101042,0.6352941176470588,0.5523114355231143,0.8470588235294118,110,72,517000,286000,87,133125,0.6545454545454545,0.5531914893617021,0.7909090909090909
sealed_holdout,5,public-periphery-205-6362453384ed,periphery,64,74,50,0,polarized,shifted_hotspot,online,none,,0,False,0.6922557266397124,0.6776582743017877,14002262,110,75,468000,262000,91,147719,0.6818181818181818,0.5598290598290598,0.8272727272727273,25,18,106000,59000,15,32784,0.72,0.5566037735849056,0.6,85,54,411000,227000,73,104041,0.6352941176470588,0.5523114355231143,0.8588235294117647,110,72,517000,286000,88,136825,0.6545454545454545,0.5531914893617021,0.8
sealed_holdout,5,public-periphery-205-6362453384ed,periphery,64,74,50,0,polarized,shifted_hotspot,oracle,none,,0,False,0.6922557266397124,0.6789005493869713,14002262,110,75,468000,262000,0,146498,0.6818181818181818,0.5598290598290598,0.0,25,18,106000,59000,0,32083,0.72,0.5566037735849056,0.0,85,54,411000,227000,0,101042,0.6352941176470588,0.5523114355231143,0.0,110,72,517000,286000,0,133125,0.6545454545454545,0.5531914893617021,0.0
sealed_holdout,5,public-periphery-205-6362453384ed,periphery,64,74,50,0,polarized,shifted_hotspot,online,random,N001|N021,120000,False,0.6922557266397124,0.6734922274417683,14122262,110,75,468000,262000,91,147719,0.6818181818181818,0.5598290598290598,0.8272727272727273,25,18,106000,59000,15,37210,0.72,0.5566037735849056,0.6,85,56,411000,240000,74,123932,0.6588235294117647,0.583941605839416,0.8705882352941177,110,74,517000,299000,89,161142,0.6727272727272727,0.5783365570599613,0.8090909090909091
sealed_holdout,5,public-periphery-205-6362453384ed,periphery,64,74,50,0,polarized,shifted_hotspot,online,failure_aware,N037|N051,120000,False,0.6922557266397124,0.6703196755721279,14122262,110,75,468000,262000,91,147719,0.6818181818181818,0.5598290598290598,0.8272727272727273,25,18,106000,59000,15,37210,0.72,0.5566037735849056,0.6,85,55,411000,235000,74,121222,0.6470588235294118,0.5717761557177615,0.8705882352941177,110,73,517000,294000,89,158432,0.6636363636363637,0.5686653771760155,0.8090909090909091
sealed_holdout,5,public-periphery-205-6362453384ed,periphery,64,74,50,1,balanced_band,diffuse,public,none,,0,False,0.060406835130822435,0.07792237519754858,14002262,110,109,359000,351000,1,197484,0.990909090909091,0.9777158774373259,0.00909090909090909,25,24,104000,96000,1,44571,0.96,0.9230769230769231,0.04,85,83,329000,316000,2,150661,0.9764705882352941,0.9604863221884499,0.023529411764705882,110,107,433000,412000,3,195232,0.9727272727272728,0.9515011547344111,0.02727272727272727
sealed_holdout,5,public-periphery-205-6362453384ed,periphery,64,74,50,1,balanced_band,diffuse,retry,none,,0,False,0.060406835130822435,0.07792237519754858,14002262,110,109,359000,351000,3,197484,0.990909090909091,0.9777158774373259,0.02727272727272727,25,24,104000,96000,1,44571,0.96,0.9230769230769231,0.04,85,83,329000,316000,4,150661,0.9764705882352941,0.9604863221884499,0.047058823529411764,110,107,433000,412000,5,195232,0.9727272727272728,0.9515011547344111,0.045454545454545456
sealed_holdout,5,public-periphery-205-6362453384ed,periphery,64,74,50,1,balanced_band,diffuse,online,none,,0,False,0.060406835130822435,0.08251628712142545,14002262,110,109,359000,351000,3,201668,0.990909090909091,0.9777158774373259,0.02727272727272727,25,24,104000,96000,1,45066,0.96,0.9230769230769231,0.04,85,83,329000,316000,4,151357,0.9764705882352941,0.9604863221884499,0.047058823529411764,110,107,433000,412000,5,196423,0.9727272727272728,0.9515011547344111,0.045454545454545456
sealed_holdout,5,public-periphery-205-6362453384ed,periphery,64,74,50,1,balanced_band,diffuse,oracle,none,,0,False,0.060406835130822435,0.07792237519754858,14002262,110,109,359000,351000,0,197484,0.990909090909091,0.9777158774373259,0.0,25,24,104000,96000,0,44571,0.96,0.9230769230769231,0.0,85,83,329000,316000,0,150661,0.9764705882352941,0.9604863221884499,0.0,110,107,433000,412000,0,195232,0.9727272727272728,0.9515011547344111,0.0
sealed_holdout,5,public-periphery-205-6362453384ed,periphery,64,74,50,1,balanced_band,diffuse,online,random,N003|N024,120000,False,0.060406835130822435,0.07814449165481921,14122262,110,109,359000,351000,3,201668,0.990909090909091,0.9777158774373259,0.02727272727272727,25,25,104000,104000,1,49972,1.0,1.0,0.04,85,83,329000,316000,4,152240,0.9764705882352941,0.9604863221884499,0.047058823529411764,110,108,433000,420000,5,202212,0.9818181818181818,0.9699769053117783,0.045454545454545456
sealed_holdout,5,public-periphery-205-6362453384ed,periphery,64,74,50,1,balanced_band,diffuse,online,failure_aware,N001|N024,120000,False,0.060406835130822435,0.0799259622966918,14122262,110,109,359000,351000,3,201668,0.990909090909091,0.9777158774373259,0.02727272727272727,25,25,104000,104000,1,49972,1.0,1.0,0.04,85,83,329000,316000,4,152240,0.9764705882352941,0.9604863221884499,0.047058823529411764,110,108,433000,420000,5,202212,0.9818181818181818,0.9699769053117783,0.045454545454545456
sealed_holdout,5,public-periphery-205-6362453384ed,periphery,64,74,50,1,balanced_band,stationary_hotspot,public,none,,0,False,0.060406835130822435,0.06470765326200086,14002262,110,93,438000,342000,17,162666,0.8454545454545455,0.7808219178082192,0.15454545454545454,25,23,97000,81000,2,39684,0.92,0.8350515463917526,0.08,85,72,359000,285000,13,128044,0.8470588235294118,0.7938718662952646,0.15294117647058825,110,95,456000,366000,15,167728,0.8636363636363636,0.8026315789473685,0.13636363636363635
sealed_holdout,5,public-periphery-205-6362453384ed,periphery,64,74,50,1,balanced_band,stationary_hotspot,retry,none,,0,False,0.060406835130822435,0.06470765326200086,14002262,110,93,438000,342000,51,162666,0.8454545454545455,0.7808219178082192,0.4636363636363636,25,23,97000,81000,6,39684,0.92,0.8350515463917526,0.24,85,72,359000,285000,37,128044,0.8470588235294118,0.7938718662952646,0.43529411764705883,110,95,456000,366000,43,167728,0.8636363636363636,0.8026315789473685,0.39090909090909093
sealed_holdout,5,public-periphery-205-6362453384ed,periphery,64,74,50,1,balanced_band,stationary_hotspot,online,none,,0,False,0.060406835130822435,0.06603888810699413,14002262,110,93,438000,342000,51,163161,0.8454545454545455,0.7808219178082192,0.4636363636363636,25,23,97000,81000,6,39684,0.92,0.8350515463917526,0.24,85,72,359000,285000,37,128304,0.8470588235294118,0.7938718662952646,0.43529411764705883,110,95,456000,366000,43,167988,0.8636363636363636,0.8026315789473685,0.39090909090909093
sealed_holdout,5,public-periphery-205-6362453384ed,periphery,64,74,50,1,balanced_band,stationary_hotspot,oracle,none,,0,False,0.060406835130822435,0.06470765326200086,14002262,110,93,438000,342000,0,162666,0.8454545454545455,0.7808219178082192,0.0,25,23,97000,81000,0,39684,0.92,0.8350515463917526,0.0,85,72,359000,285000,0,128044,0.8470588235294118,0.7938718662952646,0.0,110,95,456000,366000,0,167728,0.8636363636363636,0.8026315789473685,0.0
sealed_holdout,5,public-periphery-205-6362453384ed,periphery,64,74,50,1,balanced_band,stationary_hotspot,online,random,N003|N024,120000,False,0.060406835130822435,0.07838285293332486,14122262,110,93,438000,342000,51,163161,0.8454545454545455,0.7808219178082192,0.4636363636363636,25,23,97000,81000,6,43193,0.92,0.8350515463917526,0.24,85,72,359000,285000,37,145259,0.8470588235294118,0.7938718662952646,0.43529411764705883,110,95,456000,366000,43,188452,0.8636363636363636,0.8026315789473685,0.39090909090909093
sealed_holdout,5,public-periphery-205-6362453384ed,periphery,64,74,50,1,balanced_band,stationary_hotspot,online,failure_aware,N024|N037,120000,True,0.060406835130822435,0.07022313073835339,14122262,110,93,438000,342000,51,163161,0.8454545454545455,0.7808219178082192,0.4636363636363636,25,25,97000,97000,0,42375,1.0,1.0,0.0,85,83,359000,346000,5,142461,0.9764705882352941,0.9637883008356546,0.058823529411764705,110,108,456000,443000,5,184836,0.9818181818181818,0.9714912280701754,0.045454545454545456
sealed_holdout,5,public-periphery-205-6362453384ed,periphery,64,74,50,1,balanced_band,shifted_hotspot,public,none,,0,False,0.060406835130822435,0.06992623561295962,14002262,110,93,438000,342000,17,162666,0.8454545454545455,0.7808219178082192,0.15454545454545454,25,25,97000,97000,0,44900,1.0,1.0,0.0,85,76,359000,315000,9,138073,0.8941176470588236,0.8774373259052924,0.10588235294117647,110,101,456000,412000,9,182973,0.9181818181818182,0.9035087719298246,0.08181818181818182
sealed_holdout,5,public-periphery-205-6362453384ed,periphery,64,74,50,1,balanced_band,shifted_hotspot,retry,none,,0,False,0.060406835130822435,0.06968641927360193,14002262,110,93,438000,342000,51,162666,0.8454545454545455,0.7808219178082192,0.4636363636363636,25,25,97000,97000,0,44900,1.0,1.0,0.0,85,79,359000,327000,16,144998,0.9294117647058824,0.9108635097493036,0.18823529411764706,110,104,456000,424000,16,189898,0.9454545454545454,0.9298245614035088,0.14545454545454545
sealed_holdout,5,public-periphery-205-6362453384ed,periphery,64,74,50,1,balanced_band,shifted_hotspot,online,none,,0,False,0.060406835130822435,0.07003180588681039,14002262,110,93,438000,342000,51,163161,0.8454545454545455,0.7808219178082192,0.4636363636363636,25,25,97000,97000,0,44900,1.0,1.0,0.0,85,79,359000,327000,17,144701,0.9294117647058824,0.9108635097493036,0.2,110,104,456000,424000,17,189601,0.9454545454545454,0.9298245614035088,0.15454545454545454
sealed_holdout,5,public-periphery-205-6362453384ed,periphery,64,74,50,1,balanced_band,shifted_hotspot,oracle,none,,0,False,0.060406835130822435,0.06968641927360193,14002262,110,93,438000,342000,0,162666,0.8454545454545455,0.7808219178082192,0.0,25,25,97000,97000,0,44900,1.0,1.0,0.0,85,79,359000,327000,0,144998,0.9294117647058824,0.9108635097493036,0.0,110,104,456000,424000,0,189898,0.9454545454545454,0.9298245614035088,0.0
sealed_holdout,5,public-periphery-205-6362453384ed,periphery,64,74,50,1,balanced_band,shifted_hotspot,online,random,N003|N024,120000,False,0.060406835130822435,0.07781606208282918,14122262,110,93,438000,342000,51,163161,0.8454545454545455,0.7808219178082192,0.4636363636363636,25,25,97000,97000,0,49325,1.0,1.0,0.0,85,80,359000,328000,16,171145,0.9411764705882353,0.9136490250696379,0.18823529411764706,110,105,456000,425000,16,220470,0.9545454545454546,0.9320175438596491,0.14545454545454545
sealed_holdout,5,public-periphery-205-6362453384ed,periphery,64,74,50,1,balanced_band,shifted_hotspot,online,failure_aware,N024|N037,120000,False,0.060406835130822435,0.07782039159509614,14122262,110,93,438000,342000,51,163161,0.8454545454545455,0.7808219178082192,0.4636363636363636,25,25,97000,97000,0,49325,1.0,1.0,0.0,85,80,359000,328000,16,171471,0.9411764705882353,0.9136490250696379,0.18823529411764706,110,105,456000,425000,16,220796,0.9545454545454546,0.9320175438596491,0.14545454545454545
sealed_holdout,5,public-periphery-205-6362453384ed,periphery,64,74,50,1,uniform,diffuse,public,none,,0,False,0.3479437540430094,0.35042001874987866,14002262,110,101,359000,317000,9,181618,0.9181818181818182,0.883008356545961,0.08181818181818182,25,23,104000,88000,2,42555,0.92,0.8461538461538461,0.08,85,78,329000,282000,7,140593,0.9176470588235294,0.8571428571428571,0.08235294117647059,110,101,433000,370000,9,183148,0.9181818181818182,0.8545034642032333,0.08181818181818182
sealed_holdout,5,public-periphery-205-6362453384ed,periphery,64,74,50,1,uniform,diffuse,retry,none,,0,False,0.3479437540430094,0.3491723314628567,14002262,110,102,359000,319000,15,183622,0.9272727272727272,0.8885793871866295,0.13636363636363635,25,23,104000,88000,2,42555,0.92,0.8461538461538461,0.08,85,79,329000,290000,9,151201,0.9294117647058824,0.8814589665653495,0.10588235294117647,110,102,433000,378000,11,193756,0.9272727272727272,0.8729792147806005,0.1
sealed_holdout,5,public-periphery-205-6362453384ed,periphery,64,74,50,1,uniform,diffuse,online,none,,0,False,0.3479437540430094,0.34732367270755443,14002262,110,102,359000,319000,16,188821,0.9272727272727272,0.8885793871866295,0.14545454545454545,25,23,104000,88000,2,42555,0.92,0.8461538461538461,0.08,85,79,329000,290000,9,151897,0.9294117647058824,0.8814589665653495,0.10588235294117647,110,102,433000,378000,11,194452,0.9272727272727272,0.8729792147806005,0.1
sealed_holdout,5,public-periphery-205-6362453384ed,periphery,64,74,50,1,uniform,diffuse,oracle,none,,0,False,0.3479437540430094,0.3491723314628567,14002262,110,102,359000,319000,0,183622,0.9272727272727272,0.8885793871866295,0.0,25,23,104000,88000,0,42555,0.92,0.8461538461538461,0.0,85,79,329000,290000,0,151201,0.9294117647058824,0.8814589665653495,0.0,110,102,433000,378000,0,193756,0.9272727272727272,0.8729792147806005,0.0
sealed_holdout,5,public-periphery-205-6362453384ed,periphery,64,74,50,1,uniform,diffuse,online,random,N003|N024,120000,False,0.3479437540430094,0.34565646966173924,14122262,110,102,359000,319000,16,188821,0.9272727272727272,0.8885793871866295,0.14545454545454545,25,24,104000,96000,2,47956,0.96,0.9230769230769231,0.08,85,79,329000,290000,9,154219,0.9294117647058824,0.8814589665653495,0.10588235294117647,110,103,433000,386000,11,202175,0.9363636363636364,0.8914549653579676,0.1
sealed_holdout,5,public-periphery-205-6362453384ed,periphery,64,74,50,1,uniform,diffuse,online,failure_aware,N040|N058,120000,False,0.3479437540430094,0.3452784719647636,14122262,110,102,359000,319000,16,188821,0.9272727272727272,0.8885793871866295,0.14545454545454545,25,23,104000,88000,3,44140,0.92,0.8461538461538461,0.12,85,79,329000,290000,9,154219,0.9294117647058824,0.8814589665653495,0.10588235294117647,110,102,433000,378000,12,198359,0.9272727272727272,0.8729792147806005,0.10909090909090909
sealed_holdout,5,public-periphery-205-6362453384ed,periphery,64,74,50,1,uniform,stationary_hotspot,public,none,,0,False,0.3479437540430094,0.3230060921648734,14002262,110,84,438000,292000,26,144667,0.7636363636363637,0.6666666666666666,0.23636363636363636,25,23,97000,81000,2,39684,0.92,0.8350515463917526,0.08,85,70,359000,272000,15,124018,0.8235294117647058,0.7576601671309192,0.17647058823529413,110,93,456000,353000,17,163702,0.8454545454545455,0.7741228070175439,0.15454545454545454
sealed_holdout,5,public-periphery-205-6362453384ed,periphery,64,74,50,1,uniform,stationary_hotspot,retry,none,,0,False,0.3479437540430094,0.3203445936564821,14002262,110,88,438000,305000,66,155085,0.8,0.6963470319634704,0.6,25,23,97000,81000,6,39684,0.92,0.8350515463917526,0.24,85,70,359000,272000,39,124018,0.8235294117647058,0.7576601671309192,0.4588235294117647,110,93,456000,353000,45,163702,0.8454545454545455,0.7741228070175439,0.4090909090909091
sealed_holdout,5,public-periphery-205-6362453384ed,periphery,64,74,50,1,uniform,stationary_hotspot,online,none,,0,False,0.3479437540430094,0.32097139341727177,14002262,110,88,438000,305000,65,156287,0.8,0.6963470319634704,0.5909090909090909,25,23,97000,81000,6,39944,0.92,0.8350515463917526,0.24,85,70,359000,272000,39,124278,0.8235294117647058,0.7576601671309192,0.4588235294117647,110,93,456000,353000,45,164222,0.8454545454545455,0.7741228070175439,0.4090909090909091
sealed_holdout,5,public-periphery-205-6362453384ed,periphery,64,74,50,1,uniform,stationary_hotspot,oracle,none,,0,False,0.3479437540430094,0.3203445936564821,14002262,110,88,438000,305000,0,155085,0.8,0.6963470319634704,0.0,25,23,97000,81000,0,39684,0.92,0.8350515463917526,0.0,85,70,359000,272000,0,124018,0.8235294117647058,0.7576601671309192,0.0,110,93,456000,353000,0,163702,0.8454545454545455,0.7741228070175439,0.0
sealed_holdout,5,public-periphery-205-6362453384ed,periphery,64,74,50,1,uniform,stationary_hotspot,online,random,N003|N024,120000,False,0.3479437540430094,0.3308638511911159,14122262,110,88,438000,305000,65,156287,0.8,0.6963470319634704,0.5909090909090909,25,23,97000,81000,7,43602,0.92,0.8350515463917526,0.28,85,70,359000,272000,44,139781,0.8235294117647058,0.7576601671309192,0.5176470588235295,110,93,456000,353000,51,183383,0.8454545454545455,0.7741228070175439,0.4636363636363636
sealed_holdout,5,public-periphery-205-6362453384ed,periphery,64,74,50,1,uniform,stationary_hotspot,online,failure_aware,N024|N037,120000,True,0.3479437540430094,0.3237523663097662,14122262,110,88,438000,305000,65,156287,0.8,0.6963470319634704,0.5909090909090909,25,25,97000,97000,0,43210,1.0,1.0,0.0,85,81,359000,333000,7,138435,0.9529411764705882,0.9275766016713092,0.08235294117647059,110,106,456000,430000,7,181645,0.9636363636363636,0.9429824561403509,0.06363636363636363
sealed_holdout,5,public-periphery-205-6362453384ed,periphery,64,74,50,1,uniform,shifted_hotspot,public,none,,0,False,0.3479437540430094,0.32504008701507286,14002262,110,84,438000,292000,26,144667,0.7636363636363637,0.6666666666666666,0.23636363636363636,25,25,97000,97000,0,44900,1.0,1.0,0.0,85,73,359000,291000,12,130836,0.8588235294117647,0.8105849582172702,0.1411764705882353,110,98,456000,388000,12,175736,0.8909090909090909,0.8508771929824561,0.10909090909090909
sealed_holdout,5,public-periphery-205-6362453384ed,periphery,64,74,50,1,uniform,shifted_hotspot,retry,none,,0,False,0.3479437540430094,0.3250431363364644,14002262,110,88,438000,305000,66,155085,0.8,0.6963470319634704,0.6,25,25,97000,97000,0,44900,1.0,1.0,0.0,85,79,359000,324000,15,146794,0.9294117647058824,0.9025069637883009,0.17647058823529413,110,104,456000,421000,15,191694,0.9454545454545454,0.9232456140350878,0.13636363636363635
sealed_holdout,5,public-periphery-205-6362453384ed,periphery,64,74,50,1,uniform,shifted_hotspot,online,none,,0,False,0.3479437540430094,0.3256168898273986,14002262,110,88,438000,305000,65,156287,0.8,0.6963470319634704,0.5909090909090909,25,25,97000,97000,0,45160,1.0,1.0,0.0,85,79,359000,324000,17,148656,0.9294117647058824,0.9025069637883009,0.2,110,104,456000,421000,17,193816,0.9454545454545454,0.9232456140350878,0.15454545454545454
sealed_holdout,5,public-periphery-205-6362453384ed,periphery,64,74,50,1,uniform,shifted_hotspot,oracle,none,,0,False,0.3479437540430094,0.3250431363364644,14002262,110,88,438000,305000,0,155085,0.8,0.6963470319634704,0.0,25,25,97000,97000,0,44900,1.0,1.0,0.0,85,79,359000,324000,0,146794,0.9294117647058824,0.9025069637883009,0.0,110,104,456000,421000,0,191694,0.9454545454545454,0.9232456140350878,0.0
sealed_holdout,5,public-periphery-205-6362453384ed,periphery,64,74,50,1,uniform,shifted_hotspot,online,random,N003|N024,120000,False,0.3479437540430094,0.33953210239284193,14122262,110,88,438000,305000,65,156287,0.8,0.6963470319634704,0.5909090909090909,25,25,97000,97000,1,50186,1.0,1.0,0.04,85,80,359000,325000,17,168879,0.9411764705882353,0.9052924791086351,0.2,110,105,456000,422000,18,219065,0.9545454545454546,0.9254385964912281,0.16363636363636364
sealed_holdout,5,public-periphery-205-6362453384ed,periphery,64,74,50,1,uniform,shifted_hotspot,online,failure_aware,N024|N037,120000,False,0.3479437540430094,0.339397545921835,14122262,110,88,438000,305000,65,156287,0.8,0.6963470319634704,0.5909090909090909,25,25,97000,97000,1,50186,1.0,1.0,0.04,85,80,359000,325000,15,168653,0.9411764705882353,0.9052924791086351,0.17647058823529413,110,105,456000,422000,16,218839,0.9545454545454546,0.9254385964912281,0.14545454545454545
sealed_holdout,5,public-periphery-205-6362453384ed,periphery,64,74,50,1,polarized,diffuse,public,none,,0,False,0.7396479234611137,0.7303902574911847,14002262,110,86,359000,261000,24,153196,0.7818181818181819,0.7270194986072424,0.21818181818181817,25,22,104000,83000,3,40545,0.88,0.7980769230769231,0.12,85,73,329000,264000,12,131062,0.8588235294117647,0.8024316109422492,0.1411764705882353,110,95,433000,347000,15,171607,0.8636363636363636,0.8013856812933026,0.13636363636363635
sealed_holdout,5,public-periphery-205-6362453384ed,periphery,64,74,50,1,polarized,diffuse,retry,none,,0,False,0.7396479234611137,0.7160739715116536,14002262,110,90,359000,278000,37,164830,0.8181818181818182,0.7743732590529248,0.33636363636363636,25,21,104000,75000,6,38529,0.84,0.7211538461538461,0.24,85,75,329000,264000,17,148848,0.8823529411764706,0.8024316109422492,0.2,110,96,433000,339000,23,187377,0.8727272727272727,0.7829099307159353,0.20909090909090908
sealed_holdout,5,public-periphery-205-6362453384ed,periphery,64,74,50,1,polarized,diffuse,online,none,,0,False,0.7396479234611137,0.7147464748252504,14002262,110,90,359000,278000,37,165630,0.8181818181818182,0.7743732590529248,0.33636363636363636,25,21,104000,75000,6,38529,0.84,0.7211538461538461,0.24,85,75,329000,264000,16,149544,0.8823529411764706,0.8024316109422492,0.18823529411764706,110,96,433000,339000,22,188073,0.8727272727272727,0.7829099307159353,0.2
sealed_holdout,5,public-periphery-205-6362453384ed,periphery,64,74,50,1,polarized,diffuse,oracle,none,,0,False,0.7396479234611137,0.7160739715116536,14002262,110,90,359000,278000,0,164830,0.8181818181818182,0.7743732590529248,0.0,25,21,104000,75000,0,38529,0.84,0.7211538461538461,0.0,85,75,329000,264000,0,148848,0.8823529411764706,0.8024316109422492,0.0,110,96,433000,339000,0,187377,0.8727272727272727,0.7829099307159353,0.0
sealed_holdout,5,public-periphery-205-6362453384ed,periphery,64,74,50,1,polarized,diffuse,online,random,N003|N024,120000,False,0.7396479234611137,0.705819519724163,14122262,110,90,359000,278000,37,165630,0.8181818181818182,0.7743732590529248,0.33636363636363636,25,22,104000,83000,8,45278,0.88,0.7980769230769231,0.32,85,75,329000,264000,18,154563,0.8823529411764706,0.8024316109422492,0.21176470588235294,110,97,433000,347000,26,199841,0.8818181818181818,0.8013856812933026,0.23636363636363636
sealed_holdout,5,public-periphery-205-6362453384ed,periphery,64,74,50,1,polarized,diffuse,online,failure_aware,N051|N062,120000,False,0.7396479234611137,0.7064850889299769,14122262,110,90,359000,278000,37,165630,0.8181818181818182,0.7743732590529248,0.33636363636363636,25,21,104000,75000,8,41462,0.84,0.7211538461538461,0.32,85,76,329000,266000,25,157367,0.8941176470588236,0.8085106382978723,0.29411764705882354,110,97,433000,341000,33,198829,0.8818181818181818,0.7875288683602771,0.3
sealed_holdout,5,public-periphery-205-6362453384ed,periphery,64,74,50,1,polarized,stationary_hotspot,public,none,,0,False,0.7396479234611137,0.6936956274919378,14002262,110,77,438000,245000,33,131198,0.7,0.5593607305936074,0.3,25,21,97000,68000,4,35658,0.84,0.7010309278350515,0.16,85,57,359000,204000,28,100969,0.6705882352941176,0.5682451253481894,0.32941176470588235,110,78,456000,272000,32,136627,0.7090909090909091,0.5964912280701754,0.2909090909090909
sealed_holdout,5,public-periphery-205-6362453384ed,periphery,64,74,50,1,polarized,stationary_hotspot,retry,none,,0,False,0.7396479234611137,0.6895429710824033,14002262,110,81,438000,270000,78,143032,0.7363636363636363,0.6164383561643836,0.7090909090909091,25,21,97000,68000,8,35658,0.84,0.7010309278350515,0.32,85,65,359000,244000,51,125454,0.7647058823529411,0.6796657381615598,0.6,110,86,456000,312000,59,161112,0.7818181818181819,0.6842105263157895,0.5363636363636364
sealed_holdout,5,public-periphery-205-6362453384ed,periphery,64,74,50,1,polarized,stationary_hotspot,online,none,,0,False,0.7396479234611137,0.6857852287158469,14002262,110,81,438000,270000,79,145442,0.7363636363636363,0.6164383561643836,0.7181818181818181,25,21,97000,68000,8,35918,0.84,0.7010309278350515,0.32,85,66,359000,252000,52,130733,0.7764705882352941,0.7019498607242339,0.611764705882353,110,87,456000,320000,60,166651,0.7909090909090909,0.7017543859649122,0.5454545454545454
sealed_holdout,5,public-periphery-205-6362453384ed,periphery,64,74,50,1,polarized,stationary_hotspot,oracle,none,,0,False,0.7396479234611137,0.6893721886621214,14002262,110,81,438000,270000,0,143032,0.7363636363636363,0.6164383561643836,0.0,25,21,97000,68000,0,35658,0.84,0.7010309278350515,0.0,85,66,359000,252000,0,129070,0.7764705882352941,0.7019498607242339,0.0,110,87,456000,320000,0,164728,0.7909090909090909,0.7017543859649122,0.0
sealed_holdout,5,public-periphery-205-6362453384ed,periphery,64,74,50,1,polarized,stationary_hotspot,online,random,N003|N024,120000,False,0.7396479234611137,0.6864446292342005,14122262,110,81,438000,270000,79,145442,0.7363636363636363,0.6164383561643836,0.7181818181818181,25,22,97000,73000,9,43512,0.88,0.7525773195876289,0.36,85,68,359000,253000,56,146816,0.8,0.7047353760445683,0.6588235294117647,110,90,456000,326000,65,190328,0.8181818181818182,0.7149122807017544,0.5909090909090909
sealed_holdout,5,public-periphery-205-6362453384ed,periphery,64,74,50,1,polarized,stationary_hotspot,online,failure_aware,N024|N037,120000,True,0.7396479234611137,0.6934154215398453,14122262,110,81,438000,270000,79,145442,0.7363636363636363,0.6164383561643836,0.7181818181818181,25,23,97000,84000,2,39184,0.92,0.865979381443299,0.08,85,76,359000,305000,21,141977,0.8941176470588236,0.8495821727019499,0.24705882352941178,110,99,456000,389000,23,181161,0.9,0.8530701754385965,0.20909090909090908
sealed_holdout,5,public-periphery-205-6362453384ed,periphery,64,74,50,1,polarized,shifted_hotspot,public,none,,0,False,0.7396479234611137,0.6959397711478273,14002262,110,77,438000,245000,33,131198,0.7,0.5593607305936074,0.3,25,20,97000,63000,5,33653,0.8,0.6494845360824743,0.2,85,59,359000,198000,26,100862,0.6941176470588235,0.5515320334261838,0.3058823529411765,110,79,456000,261000,31,134515,0.7181818181818181,0.5723684210526315,0.2818181818181818
sealed_holdout,5,public-periphery-205-6362453384ed,periphery,64,74,50,1,polarized,shifted_hotspot,retry,none,,0,False,0.7396479234611137,0.6886245641295536,14002262,110,81,438000,270000,78,143032,0.7363636363636363,0.6164383561643836,0.7090909090909091,25,22,97000,79000,5,38869,0.88,0.8144329896907216,0.2,85,68,359000,254000,40,127921,0.8,0.7075208913649025,0.47058823529411764,110,90,456000,333000,45,166790,0.8181818181818182,0.7302631578947368,0.4090909090909091
sealed_holdout,5,public-periphery-205-6362453384ed,periphery,64,74,50,1,polarized,shifted_hotspot,online,none,,0,False,0.7396479234611137,0.6774660730249988,14002262,110,81,438000,270000,79,145442,0.7363636363636363,0.6164383561643836,0.7181818181818181,25,22,97000,79000,5,39129,0.88,0.8144329896907216,0.2,85,75,359000,298000,28,157875,0.8823529411764706,0.83008356545961,0.32941176470588235,110,97,456000,377000,33,197004,0.8818181818181818,0.8267543859649122,0.3
sealed_holdout,5,public-periphery-205-6362453384ed,periphery,64,74,50,1,polarized,shifted_hotspot,oracle,none,,0,False,0.7396479234611137,0.6758335433903059,14002262,110,81,438000,270000,0,143032,0.7363636363636363,0.6164383561643836,0.0,25,22,97000,79000,0,38869,0.88,0.8144329896907216,0.0,85,76,359000,303000,0,161264,0.8941176470588236,0.8440111420612814,0.0,110,98,456000,382000,0,200133,0.8909090909090909,0.8377192982456141,0.0
sealed_holdout,5,public-periphery-205-6362453384ed,periphery,64,74,50,1,polarized,shifted_hotspot,online,random,N003|N024,120000,False,0.7396479234611137,0.6712007701616363,14122262,110,81,438000,270000,79,145442,0.7363636363636363,0.6164383561643836,0.7181818181818181,25,23,97000,84000,7,48782,0.92,0.865979381443299,0.28,85,77,359000,304000,24,182008,0.9058823529411765,0.8467966573816156,0.2823529411764706,110,100,456000,388000,31,230790,0.9090909090909091,0.8508771929824561,0.2818181818181818
sealed_holdout,5,public-periphery-205-6362453384ed,periphery,64,74,50,1,polarized,shifted_hotspot,online,failure_aware,N024|N037,120000,False,0.7396479234611137,0.6715113376015288,14122262,110,81,438000,270000,79,145442,0.7363636363636363,0.6164383561643836,0.7181818181818181,25,22,97000,79000,7,45272,0.88,0.8144329896907216,0.28,85,77,359000,304000,25,181908,0.9058823529411765,0.8467966573816156,0.29411764705882354,110,99,456000,383000,32,227180,0.9,0.8399122807017544,0.2909090909090909
sealed_holdout,6,public-hub-206-b91c0f2a462f,hub,64,90,42,0,balanced_band,diffuse,public,none,,0,False,0.06606535468682258,0.07785995683241237,13971180,110,110,480000,480000,0,702652,1.0,1.0,0.0,25,25,102000,102000,0,521189,1.0,1.0,0.0,85,82,305000,287000,3,605017,0.9647058823529412,0.940983606557377,0.03529411764705882,110,107,407000,389000,3,1126206,0.9727272727272728,0.9557739557739557,0.02727272727272727
sealed_holdout,6,public-hub-206-b91c0f2a462f,hub,64,90,42,0,balanced_band,diffuse,retry,none,,0,False,0.06606535468682258,0.0807039366079175,13971180,110,110,480000,480000,0,702652,1.0,1.0,0.0,25,25,102000,102000,0,521189,1.0,1.0,0.0,85,84,305000,300000,3,608342,0.9882352941176471,0.9836065573770492,0.03529411764705882,110,109,407000,402000,3,1129531,0.990909090909091,0.9877149877149877,0.02727272727272727
sealed_holdout,6,public-hub-206-b91c0f2a462f,hub,64,90,42,0,balanced_band,diffuse,online,none,,0,False,0.06606535468682258,0.09425405636308432,13971180,110,109,480000,479000,3,701912,0.990909090909091,0.9979166666666667,0.02727272727272727,25,25,102000,102000,1,522029,1.0,1.0,0.04,85,84,305000,300000,5,611436,0.9882352941176471,0.9836065573770492,0.058823529411764705,110,109,407000,402000,6,1133465,0.990909090909091,0.9877149877149877,0.05454545454545454
sealed_holdout,6,public-hub-206-b91c0f2a462f,hub,64,90,42,0,balanced_band,diffuse,oracle,none,,0,False,0.06606535468682258,0.0807039366079175,13971180,110,110,480000,480000,0,702652,1.0,1.0,0.0,25,25,102000,102000,0,521189,1.0,1.0,0.0,85,84,305000,300000,0,608342,0.9882352941176471,0.9836065573770492,0.0,110,109,407000,402000,0,1129531,0.990909090909091,0.9877149877149877,0.0
sealed_holdout,6,public-hub-206-b91c0f2a462f,hub,64,90,42,0,balanced_band,diffuse,online,random,N016|N040,120000,False,0.06606535468682258,0.10073092286979728,14091180,110,109,480000,479000,3,701912,0.990909090909091,0.9979166666666667,0.02727272727272727,25,25,102000,102000,1,517543,1.0,1.0,0.04,85,84,305000,300000,6,608640,0.9882352941176471,0.9836065573770492,0.07058823529411765,110,109,407000,402000,7,1126183,0.990909090909091,0.9877149877149877,0.06363636363636363
sealed_holdout,6,public-hub-206-b91c0f2a462f,hub,64,90,42,0,balanced_band,diffuse,online,failure_aware,N022|N052,120000,False,0.06606535468682258,0.10073092286979728,14091180,110,109,480000,479000,3,701912,0.990909090909091,0.9979166666666667,0.02727272727272727,25,25,102000,102000,1,517543,1.0,1.0,0.04,85,84,305000,300000,6,608640,0.9882352941176471,0.9836065573770492,0.07058823529411765,110,109,407000,402000,7,1126183,0.990909090909091,0.9877149877149877,0.06363636363636363
sealed_holdout,6,public-hub-206-b91c0f2a462f,hub,64,90,42,0,balanced_band,stationary_hotspot,public,none,,0,False,0.06606535468682258,0.07952129006756424,13971180,110,109,503000,501000,1,707879,0.990909090909091,0.9960238568588469,0.00909090909090909,25,25,92000,92000,0,68725,1.0,1.0,0.0,85,65,328000,218000,20,229052,0.7647058823529411,0.6646341463414634,0.23529411764705882,110,90,420000,310000,20,297777,0.8181818181818182,0.7380952380952381,0.18181818181818182
sealed_holdout,6,public-hub-206-b91c0f2a462f,hub,64,90,42,0,balanced_band,stationary_hotspot,retry,none,,0,False,0.06606535468682258,0.081116943684543,13971180,110,110,503000,503000,1,709181,1.0,1.0,0.00909090909090909,25,25,92000,92000,0,68725,1.0,1.0,0.0,85,67,328000,234000,20,233412,0.788235294117647,0.7134146341463414,0.23529411764705882,110,92,420000,326000,20,302137,0.8363636363636363,0.7761904761904762,0.18181818181818182
sealed_holdout,6,public-hub-206-b91c0f2a462f,hub,64,90,42,0,balanced_band,stationary_hotspot,online,none,,0,False,0.06606535468682258,0.08585416507768678,13971180,110,110,503000,503000,2,709445,1.0,1.0,0.01818181818181818,25,25,92000,92000,0,68725,1.0,1.0,0.0,85,67,328000,234000,18,234214,0.788235294117647,0.7134146341463414,0.21176470588235294,110,92,420000,326000,18,302939,0.8363636363636363,0.7761904761904762,0.16363636363636364
sealed_holdout,6,public-hub-206-b91c0f2a462f,hub,64,90,42,0,balanced_band,stationary_hotspot,oracle,none,,0,False,0.06606535468682258,0.081116943684543,13971180,110,110,503000,503000,0,709181,1.0,1.0,0.0,25,25,92000,92000,0,68725,1.0,1.0,0.0,85,67,328000,234000,0,233412,0.788235294117647,0.7134146341463414,0.0,110,92,420000,326000,0,302137,0.8363636363636363,0.7761904761904762,0.0
sealed_holdout,6,public-hub-206-b91c0f2a462f,hub,64,90,42,0,balanced_band,stationary_hotspot,online,random,N016|N040,120000,False,0.06606535468682258,0.08478729462088275,14091180,110,110,503000,503000,2,709445,1.0,1.0,0.01818181818181818,25,25,92000,92000,0,68725,1.0,1.0,0.0,85,67,328000,234000,19,231646,0.788235294117647,0.7134146341463414,0.2235294117647059,110,92,420000,326000,19,300371,0.8363636363636363,0.7761904761904762,0.17272727272727273
sealed_holdout,6,public-hub-206-b91c0f2a462f,hub,64,90,42,0,balanced_band,stationary_hotspot,online,failure_aware,N016|N040,120000,False,0.06606535468682258,0.08478729462088275,14091180,110,110,503000,503000,2,709445,1.0,1.0,0.01818181818181818,25,25,92000,92000,0,68725,1.0,1.0,0.0,85,67,328000,234000,19,231646,0.788235294117647,0.7134146341463414,0.2235294117647059,110,92,420000,326000,19,300371,0.8363636363636363,0.7761904761904762,0.17272727272727273
sealed_holdout,6,public-hub-206-b91c0f2a462f,hub,64,90,42,0,balanced_band,shifted_hotspot,public,none,,0,False,0.06606535468682258,0.07819123231710864,13971180,110,109,503000,501000,1,707879,0.990909090909091,0.9960238568588469,0.00909090909090909,25,25,92000,92000,0,72820,1.0,1.0,0.0,85,66,328000,215000,19,256744,0.7764705882352941,0.6554878048780488,0.2235294117647059,110,91,420000,307000,19,329564,0.8272727272727273,0.7309523809523809,0.17272727272727273
sealed_holdout,6,public-hub-206-b91c0f2a462f,hub,64,90,42,0,balanced_band,shifted_hotspot,retry,none,,0,False,0.06606535468682258,0.07978688593408742,13971180,110,110,503000,503000,1,709181,1.0,1.0,0.00909090909090909,25,25,92000,92000,0,72820,1.0,1.0,0.0,85,68,328000,231000,19,261104,0.8,0.7042682926829268,0.2235294117647059,110,93,420000,323000,19,333924,0.8454545454545455,0.7690476190476191,0.17272727272727273
sealed_holdout,6,public-hub-206-b91c0f2a462f,hub,64,90,42,0,balanced_band,shifted_hotspot,online,none,,0,False,0.06606535468682258,0.0845241073272312,13971180,110,110,503000,503000,2,709445,1.0,1.0,0.01818181818181818,25,25,92000,92000,0,72820,1.0,1.0,0.0,85,68,328000,231000,17,261906,0.8,0.7042682926829268,0.2,110,93,420000,323000,17,334726,0.8454545454545455,0.7690476190476191,0.15454545454545454
sealed_holdout,6,public-hub-206-b91c0f2a462f,hub,64,90,42,0,balanced_band,shifted_hotspot,oracle,none,,0,False,0.06606535468682258,0.07978688593408742,13971180,110,110,503000,503000,0,709181,1.0,1.0,0.0,25,25,92000,92000,0,72820,1.0,1.0,0.0,85,68,328000,231000,0,261104,0.8,0.7042682926829268,0.0,110,93,420000,323000,0,333924,0.8454545454545455,0.7690476190476191,0.0
sealed_holdout,6,public-hub-206-b91c0f2a462f,hub,64,90,42,0,balanced_band,shifted_hotspot,online,random,N016|N040,120000,False,0.06606535468682258,0.08346856359608497,14091180,110,110,503000,503000,2,709445,1.0,1.0,0.01818181818181818,25,25,92000,92000,0,72820,1.0,1.0,0.0,85,68,328000,231000,18,259338,0.8,0.7042682926829268,0.21176470588235294,110,93,420000,323000,18,332158,0.8454545454545455,0.7690476190476191,0.16363636363636364
sealed_holdout,6,public-hub-206-b91c0f2a462f,hub,64,90,42,0,balanced_band,shifted_hotspot,online,failure_aware,N016|N040,120000,False,0.06606535468682258,0.08346856359608497,14091180,110,110,503000,503000,2,709445,1.0,1.0,0.01818181818181818,25,25,92000,92000,0,72820,1.0,1.0,0.0,85,68,328000,231000,18,259338,0.8,0.7042682926829268,0.21176470588235294,110,93,420000,323000,18,332158,0.8454545454545455,0.7690476190476191,0.16363636363636364
sealed_holdout,6,public-hub-206-b91c0f2a462f,hub,64,90,42,0,uniform,diffuse,public,none,,0,False,0.38053655197176284,0.3672713921704834,13971180,110,106,480000,451000,4,628346,0.9636363636363636,0.9395833333333333,0.03636363636363636,25,24,102000,94000,1,518669,0.96,0.9215686274509803,0.04,85,81,305000,279000,4,603360,0.9529411764705882,0.9147540983606557,0.047058823529411764,110,105,407000,373000,5,1122029,0.9545454545454546,0.9164619164619164,0.045454545454545456
sealed_holdout,6,public-hub-206-b91c0f2a462f,hub,64,90,42,0,uniform,diffuse,retry,none,,0,False,0.38053655197176284,0.367271297235973,13971180,110,109,480000,475000,4,649020,0.990909090909091,0.9895833333333334,0.03636363636363636,25,25,102000,102000,1,521189,1.0,1.0,0.04,85,83,305000,292000,4,606685,0.9764705882352941,0.9573770491803278,0.047058823529411764,110,108,407000,394000,5,1127874,0.9818181818181818,0.9680589680589681,0.045454545454545456
sealed_holdout,6,public-hub-206-b91c0f2a462f,hub,64,90,42,0,uniform,diffuse,online,none,,0,False,0.38053655197176284,0.37426714389275056,13971180,110,109,480000,475000,6,649850,0.990909090909091,0.9895833333333334,0.05454545454545454,25,25,102000,102000,2,522029,1.0,1.0,0.08,85,83,305000,292000,9,608609,0.9764705882352941,0.9573770491803278,0.10588235294117647,110,108,407000,394000,11,1130638,0.9818181818181818,0.9680589680589681,0.1
sealed_holdout,6,public-hub-206-b91c0f2a462f,hub,64,90,42,0,uniform,diffuse,oracle,none,,0,False,0.38053655197176284,0.367271297235973,13971180,110,109,480000,475000,0,649020,0.990909090909091,0.9895833333333334,0.0,25,25,102000,102000,0,521189,1.0,1.0,0.0,85,83,305000,292000,0,606685,0.9764705882352941,0.9573770491803278,0.0,110,108,407000,394000,0,1127874,0.9818181818181818,0.9680589680589681,0.0
sealed_holdout,6,public-hub-206-b91c0f2a462f,hub,64,90,42,0,uniform,diffuse,online,random,N016|N040,120000,False,0.38053655197176284,0.37702556711171653,14091180,110,109,480000,475000,6,649850,0.990909090909091,0.9895833333333334,0.05454545454545454,25,25,102000,102000,3,517739,1.0,1.0,0.12,85,83,305000,292000,8,606801,0.9764705882352941,0.9573770491803278,0.09411764705882353,110,108,407000,394000,11,1124540,0.9818181818181818,0.9680589680589681,0.1
sealed_holdout,6,public-hub-206-b91c0f2a462f,hub,64,90,42,0,uniform,diffuse,online,failure_aware,N015|N054,120000,False,0.38053655197176284,0.37720355178992965,14091180,110,109,480000,475000,6,649850,0.990909090909091,0.9895833333333334,0.05454545454545454,25,25,102000,102000,2,490019,1.0,1.0,0.08,85,83,305000,292000,9,588941,0.9764705882352941,0.9573770491803278,0.10588235294117647,110,108,407000,394000,11,1078960,0.9818181818181818,0.9680589680589681,0.1
sealed_holdout,6,public-hub-206-b91c0f2a462f,hub,64,90,42,0,uniform,stationary_hotspot,public,none,,0,False,0.38053655197176284,0.37254120395416895,13971180,110,97,503000,436000,13,513007,0.8818181818181818,0.8667992047713717,0.11818181818181818,25,24,92000,87000,1,67375,0.96,0.9456521739130435,0.04,85,64,328000,203000,21,225509,0.7529411764705882,0.6189024390243902,0.24705882352941178,110,88,420000,290000,22,292884,0.8,0.6904761904761905,0.2
sealed_holdout,6,public-hub-206-b91c0f2a462f,hub,64,90,42,0,uniform,stationary_hotspot,retry,none,,0,False,0.38053655197176284,0.3780125548435318,13971180,110,101,503000,456000,15,523002,0.9181818181818182,0.9065606361829026,0.13636363636363635,25,24,92000,87000,1,67375,0.96,0.9456521739130435,0.04,85,66,328000,219000,21,229869,0.7764705882352941,0.6676829268292683,0.24705882352941178,110,90,420000,306000,22,297244,0.8181818181818182,0.7285714285714285,0.2
sealed_holdout,6,public-hub-206-b91c0f2a462f,hub,64,90,42,0,uniform,stationary_hotspot,online,none,,0,False,0.38053655197176284,0.3806278381214465,13971180,110,101,503000,456000,15,523506,0.9181818181818182,0.9065606361829026,0.13636363636363635,25,24,92000,87000,2,67715,0.96,0.9456521739130435,0.08,85,65,328000,211000,26,230219,0.7647058823529411,0.6432926829268293,0.3058823529411765,110,89,420000,298000,28,297934,0.8090909090909091,0.7095238095238096,0.2545454545454545
sealed_holdout,6,public-hub-206-b91c0f2a462f,hub,64,90,42,0,uniform,stationary_hotspot,oracle,none,,0,False,0.38053655197176284,0.3780125548435318,13971180,110,101,503000,456000,0,523002,0.9181818181818182,0.9065606361829026,0.0,25,24,92000,87000,0,67375,0.96,0.9456521739130435,0.0,85,66,328000,219000,0,229869,0.7764705882352941,0.6676829268292683,0.0,110,90,420000,306000,0,297244,0.8181818181818182,0.7285714285714285,0.0
sealed_holdout,6,public-hub-206-b91c0f2a462f,hub,64,90,42,0,uniform,stationary_hotspot,online,random,N016|N040,120000,False,0.38053655197176284,0.3701070553867125,14091180,110,101,503000,456000,15,523506,0.9181818181818182,0.9065606361829026,0.13636363636363635,25,24,92000,87000,3,67715,0.96,0.9456521739130435,0.12,85,66,328000,219000,22,227631,0.7764705882352941,0.6676829268292683,0.25882352941176473,110,90,420000,306000,25,295346,0.8181818181818182,0.7285714285714285,0.22727272727272727
sealed_holdout,6,public-hub-206-b91c0f2a462f,hub,64,90,42,0,uniform,stationary_hotspot,online,failure_aware,N057|N061,120000,True,0.38053655197176284,0.3786230206926699,14091180,110,101,503000,456000,15,523506,0.9181818181818182,0.9065606361829026,0.13636363636363635,25,25,92000,92000,3,69215,1.0,1.0,0.12,85,76,328000,274000,25,242756,0.8941176470588236,0.8353658536585366,0.29411764705882354,110,101,420000,366000,28,311971,0.9181818181818182,0.8714285714285714,0.2545454545454545
sealed_holdout,6,public-hub-206-b91c0f2a462f,hub,64,90,42,0,uniform,shifted_hotspot,public,none,,0,False,0.38053655197176284,0.3745480132537181,13971180,110,97,503000,436000,13,513007,0.8818181818181818,0.8667992047713717,0.11818181818181818,25,25,92000,92000,0,72820,1.0,1.0,0.0,85,66,328000,212000,19,256654,0.7764705882352941,0.6463414634146342,0.2235294117647059,110,91,420000,304000,19,329474,0.8272727272727273,0.7238095238095238,0.17272727272727273
sealed_holdout,6,public-hub-206-b91c0f2a462f,hub,64,90,42,0,uniform,shifted_hotspot,retry,none,,0,False,0.38053655197176284,0.3801061261150506,13971180,110,101,503000,456000,15,523002,0.9181818181818182,0.9065606361829026,0.13636363636363635,25,25,92000,92000,0,72820,1.0,1.0,0.0,85,68,328000,228000,19,261014,0.8,0.6951219512195121,0.2235294117647059,110,93,420000,320000,19,333834,0.8454545454545455,0.7619047619047619,0.17272727272727273
sealed_holdout,6,public-hub-206-b91c0f2a462f,hub,64,90,42,0,uniform,shifted_hotspot,online,none,,0,False,0.38053655197176284,0.38272140939296523,13971180,110,101,503000,456000,15,523506,0.9181818181818182,0.9065606361829026,0.13636363636363635,25,25,92000,92000,1,73160,1.0,1.0,0.04,85,67,328000,220000,24,261364,0.788235294117647,0.6707317073170732,0.2823529411764706,110,92,420000,312000,25,334524,0.8363636363636363,0.7428571428571429,0.22727272727272727
sealed_holdout,6,public-hub-206-b91c0f2a462f,hub,64,90,42,0,uniform,shifted_hotspot,oracle,none,,0,False,0.38053655197176284,0.3801061261150506,13971180,110,101,503000,456000,0,523002,0.9181818181818182,0.9065606361829026,0.0,25,25,92000,92000,0,72820,1.0,1.0,0.0,85,68,328000,228000,0,261014,0.8,0.6951219512195121,0.0,110,93,420000,320000,0,333834,0.8454545454545455,0.7619047619047619,0.0
sealed_holdout,6,public-hub-206-b91c0f2a462f,hub,64,90,42,0,uniform,shifted_hotspot,online,random,N016|N040,120000,False,0.38053655197176284,0.37218279787791747,14091180,110,101,503000,456000,15,523506,0.9181818181818182,0.9065606361829026,0.13636363636363635,25,25,92000,92000,2,73160,1.0,1.0,0.08,85,68,328000,228000,20,258776,0.8,0.6951219512195121,0.23529411764705882,110,93,420000,320000,22,331936,0.8454545454545455,0.7619047619047619,0.2
sealed_holdout,6,public-hub-206-b91c0f2a462f,hub,64,90,42,0,uniform,shifted_hotspot,online,failure_aware,N057|N061,120000,False,0.38053655197176284,0.37218279787791747,14091180,110,101,503000,456000,15,523506,0.9181818181818182,0.9065606361829026,0.13636363636363635,25,25,92000,92000,2,73160,1.0,1.0,0.08,85,68,328000,228000,20,258776,0.8,0.6951219512195121,0.23529411764705882,110,93,420000,320000,22,331936,0.8454545454545455,0.7619047619047619,0.2
sealed_holdout,6,public-hub-206-b91c0f2a462f,hub,64,90,42,0,polarized,diffuse,public,none,,0,False,0.7467827152664744,0.6918318934896247,13971180,110,92,480000,381000,18,600742,0.8363636363636363,0.79375,0.16363636363636364,25,22,102000,81000,3,345720,0.88,0.7941176470588235,0.12,85,77,305000,263000,8,594325,0.9058823529411765,0.8622950819672132,0.09411764705882353,110,99,407000,344000,11,940045,0.9,0.8452088452088452,0.1
sealed_holdout,6,public-hub-206-b91c0f2a462f,hub,64,90,42,0,polarized,diffuse,retry,none,,0,False,0.7467827152664744,0.6949093811002863,13971180,110,102,480000,428000,23,632337,0.9272727272727272,0.8916666666666667,0.20909090909090908,25,24,102000,97000,5,519314,0.96,0.9509803921568627,0.2,85,80,305000,275000,12,604190,0.9411764705882353,0.9016393442622951,0.1411764705882353,110,104,407000,372000,17,1123504,0.9454545454545454,0.914004914004914,0.15454545454545454
sealed_holdout,6,public-hub-206-b91c0f2a462f,hub,64,90,42,0,polarized,diffuse,online,none,,0,False,0.7467827152664744,0.6976030499412601,13971180,110,102,480000,428000,19,633847,0.9272727272727272,0.8916666666666667,0.17272727272727273,25,24,102000,97000,5,519704,0.96,0.9509803921568627,0.2,85,80,305000,275000,17,604394,0.9411764705882353,0.9016393442622951,0.2,110,104,407000,372000,22,1124098,0.9454545454545454,0.914004914004914,0.2
sealed_holdout,6,public-hub-206-b91c0f2a462f,hub,64,90,42,0,polarized,diffuse,oracle,none,,0,False,0.7467827152664744,0.6949093811002863,13971180,110,102,480000,428000,0,632337,0.9272727272727272,0.8916666666666667,0.0,25,24,102000,97000,0,519314,0.96,0.9509803921568627,0.0,85,80,305000,275000,0,604190,0.9411764705882353,0.9016393442622951,0.0,110,104,407000,372000,0,1123504,0.9454545454545454,0.914004914004914,0.0
sealed_holdout,6,public-hub-206-b91c0f2a462f,hub,64,90,42,0,polarized,diffuse,online,random,N016|N040,120000,False,0.7467827152664744,0.6881692072447738,14091180,110,102,480000,428000,19,633847,0.9272727272727272,0.8916666666666667,0.17272727272727273,25,24,102000,97000,7,519808,0.96,0.9509803921568627,0.28,85,79,305000,267000,19,601454,0.9294117647058824,0.8754098360655738,0.2235294117647059,110,103,407000,364000,26,1121262,0.9363636363636364,0.8943488943488943,0.23636363636363636
sealed_holdout,6,public-hub-206-b91c0f2a462f,hub,64,90,42,0,polarized,diffuse,online,failure_aware,N058|N062,120000,False,0.7467827152664744,0.6885467482429812,14091180,110,102,480000,428000,19,633847,0.9272727272727272,0.8916666666666667,0.17272727272727273,25,24,102000,97000,7,519475,0.96,0.9509803921568627,0.28,85,79,305000,267000,20,601454,0.9294117647058824,0.8754098360655738,0.23529411764705882,110,103,407000,364000,27,1120929,0.9363636363636364,0.8943488943488943,0.24545454545454545
sealed_holdout,6,public-hub-206-b91c0f2a462f,hub,64,90,42,0,polarized,stationary_hotspot,public,none,,0,False,0.7467827152664744,0.7093516625260048,13971180,110,71,503000,280000,39,458213,0.6454545454545455,0.5566600397614314,0.35454545454545455,25,21,92000,75000,4,34000,0.84,0.8152173913043478,0.16,85,59,328000,186000,26,216409,0.6941176470588235,0.5670731707317073,0.3058823529411765,110,80,420000,261000,30,250409,0.7272727272727273,0.6214285714285714,0.2727272727272727
sealed_holdout,6,public-hub-206-b91c0f2a462f,hub,64,90,42,0,polarized,stationary_hotspot,retry,none,,0,False,0.7467827152664744,0.7141060461868703,13971180,110,91,503000,378000,40,511377,0.8272727272727273,0.7514910536779325,0.36363636363636365,25,23,92000,85000,4,37255,0.92,0.9239130434782609,0.16,85,64,328000,203000,23,226664,0.7529411764705882,0.6189024390243902,0.27058823529411763,110,87,420000,288000,27,263919,0.7909090909090909,0.6857142857142857,0.24545454545454545
sealed_holdout,6,public-hub-206-b91c0f2a462f,hub,64,90,42,0,polarized,stationary_hotspot,online,none,,0,False,0.7467827152664744,0.7128587486309576,13971180,110,91,503000,378000,38,511849,0.8272727272727273,0.7514910536779325,0.34545454545454546,25,23,92000,85000,5,37255,0.92,0.9239130434782609,0.2,85,64,328000,203000,24,227414,0.7529411764705882,0.6189024390243902,0.2823529411764706,110,87,420000,288000,29,264669,0.7909090909090909,0.6857142857142857,0.2636363636363636
sealed_holdout,6,public-hub-206-b91c0f2a462f,hub,64,90,42,0,polarized,stationary_hotspot,oracle,none,,0,False,0.7467827152664744,0.7145701883399393,13971180,110,92,503000,383000,0,514927,0.8363636363636363,0.7614314115308151,0.0,25,23,92000,85000,0,37255,0.92,0.9239130434782609,0.0,85,65,328000,211000,0,228489,0.7647058823529411,0.6432926829268293,0.0,110,88,420000,296000,0,265744,0.8,0.7047619047619048,0.0
sealed_holdout,6,public-hub-206-b91c0f2a462f,hub,64,90,42,0,polarized,stationary_hotspot,online,random,N016|N040,120000,False,0.7467827152664744,0.7027391636517899,14091180,110,91,503000,378000,38,511849,0.8272727272727273,0.7514910536779325,0.34545454545454546,25,23,92000,85000,6,37255,0.92,0.9239130434782609,0.24,85,64,328000,203000,23,224908,0.7529411764705882,0.6189024390243902,0.27058823529411763,110,87,420000,288000,29,262163,0.7909090909090909,0.6857142857142857,0.2636363636363636
sealed_holdout,6,public-hub-206-b91c0f2a462f,hub,64,90,42,0,polarized,stationary_hotspot,online,failure_aware,N057|N061,120000,True,0.7467827152664744,0.7112551289577472,14091180,110,91,503000,378000,38,511849,0.8272727272727273,0.7514910536779325,0.34545454545454546,25,24,92000,90000,6,38755,0.96,0.9782608695652174,0.24,85,74,328000,258000,25,240033,0.8705882352941177,0.7865853658536586,0.29411764705882354,110,98,420000,348000,31,278788,0.8909090909090909,0.8285714285714286,0.2818181818181818
sealed_holdout,6,public-hub-206-b91c0f2a462f,hub,64,90,42,0,polarized,shifted_hotspot,public,none,,0,False,0.7467827152664744,0.7094767195754136,13971180,110,71,503000,280000,39,458213,0.6454545454545455,0.5566600397614314,0.35454545454545455,25,21,92000,75000,4,37045,0.84,0.8152173913043478,0.16,85,61,328000,198000,24,246884,0.7176470588235294,0.6036585365853658,0.2823529411764706,110,82,420000,273000,28,283929,0.7454545454545455,0.65,0.2545454545454545
sealed_holdout,6,public-hub-206-b91c0f2a462f,hub,64,90,42,0,polarized,shifted_hotspot,retry,none,,0,False,0.7467827152664744,0.7143466786271382,13971180,110,91,503000,378000,40,511377,0.8272727272727273,0.7514910536779325,0.36363636363636365,25,23,92000,85000,4,40300,0.92,0.9239130434782609,0.16,85,65,328000,214000,22,255969,0.7647058823529411,0.6524390243902439,0.25882352941176473,110,88,420000,299000,26,296269,0.8,0.7119047619047619,0.23636363636363636
sealed_holdout,6,public-hub-206-b91c0f2a462f,hub,64,90,42,0,polarized,shifted_hotspot,online,none,,0,False,0.7467827152664744,0.7130993810712253,13971180,110,91,503000,378000,38,511849,0.8272727272727273,0.7514910536779325,0.34545454545454546,25,23,92000,85000,5,40300,0.92,0.9239130434782609,0.2,85,65,328000,214000,23,256719,0.7647058823529411,0.6524390243902439,0.27058823529411763,110,88,420000,299000,28,297019,0.8,0.7119047619047619,0.2545454545454545
sealed_holdout,6,public-hub-206-b91c0f2a462f,hub,64,90,42,0,polarized,shifted_hotspot,oracle,none,,0,False,0.7467827152664744,0.7148108207802071,13971180,110,92,503000,383000,0,514927,0.8363636363636363,0.7614314115308151,0.0,25,23,92000,85000,0,40300,0.92,0.9239130434782609,0.0,85,66,328000,222000,0,257794,0.7764705882352941,0.676829268292683,0.0,110,89,420000,307000,0,298094,0.8090909090909091,0.7309523809523809,0.0
sealed_holdout,6,public-hub-206-b91c0f2a462f,hub,64,90,42,0,polarized,shifted_hotspot,online,random,N016|N040,120000,False,0.7467827152664744,0.7029777468745448,14091180,110,91,503000,378000,38,511849,0.8272727272727273,0.7514910536779325,0.34545454545454546,25,23,92000,85000,6,40300,0.92,0.9239130434782609,0.24,85,65,328000,214000,22,254213,0.7647058823529411,0.6524390243902439,0.25882352941176473,110,88,420000,299000,28,294513,0.8,0.7119047619047619,0.2545454545454545
sealed_holdout,6,public-hub-206-b91c0f2a462f,hub,64,90,42,0,polarized,shifted_hotspot,online,failure_aware,N057|N061,120000,False,0.7467827152664744,0.7029777468745448,14091180,110,91,503000,378000,38,511849,0.8272727272727273,0.7514910536779325,0.34545454545454546,25,23,92000,85000,6,40300,0.92,0.9239130434782609,0.24,85,65,328000,214000,22,254213,0.7647058823529411,0.6524390243902439,0.25882352941176473,110,88,420000,299000,28,294513,0.8,0.7119047619047619,0.2545454545454545
sealed_holdout,6,public-hub-206-b91c0f2a462f,hub,64,90,42,1,balanced_band,diffuse,public,none,,0,False,0.058581377433511855,0.08374472566204151,13971180,110,109,430000,422000,1,1114565,0.990909090909091,0.9813953488372092,0.00909090909090909,25,25,83000,83000,0,293401,1.0,1.0,0.0,85,81,332000,309000,4,897810,0.9529411764705882,0.9307228915662651,0.047058823529411764,110,106,415000,392000,4,1191211,0.9636363636363636,0.944578313253012,0.03636363636363636
sealed_holdout,6,public-hub-206-b91c0f2a462f,hub,64,90,42,1,balanced_band,diffuse,retry,none,,0,False,0.058581377433511855,0.08264174053826003,13971180,110,110,430000,430000,1,1118205,1.0,1.0,0.00909090909090909,25,25,83000,83000,0,293401,1.0,1.0,0.0,85,84,332000,327000,5,907480,0.9882352941176471,0.9849397590361446,0.058823529411764705,110,109,415000,410000,5,1200881,0.990909090909091,0.9879518072289156,0.045454545454545456
sealed_holdout,6,public-hub-206-b91c0f2a462f,hub,64,90,42,1,balanced_band,diffuse,online,none,,0,False,0.058581377433511855,0.08707706080854546,13971180,110,110,430000,430000,1,1120199,1.0,1.0,0.00909090909090909,25,24,83000,81000,5,294621,0.96,0.9759036144578314,0.2,85,84,332000,327000,5,909280,0.9882352941176471,0.9849397590361446,0.058823529411764705,110,108,415000,408000,10,1203901,0.9818181818181818,0.983132530120482,0.09090909090909091
sealed_holdout,6,public-hub-206-b91c0f2a462f,hub,64,90,42,1,balanced_band,diffuse,oracle,none,,0,False,0.058581377433511855,0.08264174053826003,13971180,110,110,430000,430000,0,1118205,1.0,1.0,0.0,25,25,83000,83000,0,293401,1.0,1.0,0.0,85,84,332000,327000,0,907480,0.9882352941176471,0.9849397590361446,0.0,110,109,415000,410000,0,1200881,0.990909090909091,0.9879518072289156,0.0
sealed_holdout,6,public-hub-206-b91c0f2a462f,hub,64,90,42,1,balanced_band,diffuse,online,random,N047|N052,120000,False,0.058581377433511855,0.08646700925065584,14091180,110,110,430000,430000,1,1120199,1.0,1.0,0.00909090909090909,25,25,83000,83000,3,295676,1.0,1.0,0.12,85,84,332000,327000,5,905002,0.9882352941176471,0.9849397590361446,0.058823529411764705,110,109,415000,410000,8,1200678,0.990909090909091,0.9879518072289156,0.07272727272727272
sealed_holdout,6,public-hub-206-b91c0f2a462f,hub,64,90,42,1,balanced_band,diffuse,online,failure_aware,N047|N052,120000,False,0.058581377433511855,0.08646700925065584,14091180,110,110,430000,430000,1,1120199,1.0,1.0,0.00909090909090909,25,25,83000,83000,3,295676,1.0,1.0,0.12,85,84,332000,327000,5,905002,0.9882352941176471,0.9849397590361446,0.058823529411764705,110,109,415000,410000,8,1200678,0.990909090909091,0.9879518072289156,0.07272727272727272
sealed_holdout,6,public-hub-206-b91c0f2a462f,hub,64,90,42,1,balanced_band,stationary_hotspot,public,none,,0,False,0.058581377433511855,0.08110114550564133,13971180,110,91,452000,377000,19,842491,0.8272727272727273,0.834070796460177,0.17272727272727273,25,23,100000,90000,2,57186,0.92,0.9,0.08,85,74,328000,271000,11,552334,0.8705882352941177,0.8262195121951219,0.12941176470588237,110,97,428000,361000,13,609520,0.8818181818181818,0.8434579439252337,0.11818181818181818
sealed_holdout,6,public-hub-206-b91c0f2a462f,hub,64,90,42,1,balanced_band,stationary_hotspot,retry,none,,0,False,0.058581377433511855,0.08211375946987141,13971180,110,94,452000,391000,51,846371,0.8545454545454545,0.8650442477876106,0.4636363636363636,25,23,100000,90000,6,57186,0.92,0.9,0.24,85,75,328000,276000,29,553684,0.8823529411764706,0.8414634146341463,0.3411764705882353,110,98,428000,366000,35,610870,0.8909090909090909,0.8551401869158879,0.3181818181818182
sealed_holdout,6,public-hub-206-b91c0f2a462f,hub,64,90,42,1,balanced_band,stationary_hotspot,online,none,,0,False,0.058581377433511855,0.08431035672262416,13971180,110,97,452000,391000,44,849099,0.8818181818181818,0.8650442477876106,0.4,25,23,100000,90000,7,57236,0.92,0.9,0.28,85,74,328000,274000,33,553564,0.8705882352941177,0.8353658536585366,0.38823529411764707,110,97,428000,364000,40,610800,0.8818181818181818,0.8504672897196262,0.36363636363636365
sealed_holdout,6,public-hub-206-b91c0f2a462f,hub,64,90,42,1,balanced_band,stationary_hotspot,oracle,none,,0,False,0.058581377433511855,0.08211375946987141,13971180,110,94,452000,391000,0,846371,0.8545454545454545,0.8650442477876106,0.0,25,23,100000,90000,0,57186,0.92,0.9,0.0,85,75,328000,276000,0,553684,0.8823529411764706,0.8414634146341463,0.0,110,98,428000,366000,0,610870,0.8909090909090909,0.8551401869158879,0.0
sealed_holdout,6,public-hub-206-b91c0f2a462f,hub,64,90,42,1,balanced_band,stationary_hotspot,online,random,N047|N052,120000,False,0.058581377433511855,0.08399974582168016,14091180,110,97,452000,391000,44,849099,0.8818181818181818,0.8650442477876106,0.4,25,23,100000,90000,7,57236,0.92,0.9,0.28,85,75,328000,276000,30,547207,0.8823529411764706,0.8414634146341463,0.35294117647058826,110,98,428000,366000,37,604443,0.8909090909090909,0.8551401869158879,0.33636363636363636
sealed_holdout,6,public-hub-206-b91c0f2a462f,hub,64,90,42,1,balanced_band,stationary_hotspot,online,failure_aware,N058|N060,120000,True,0.058581377433511855,0.09138974529448557,14091180,110,97,452000,391000,44,849099,0.8818181818181818,0.8650442477876106,0.4,25,24,100000,95000,5,61066,0.96,0.95,0.2,85,83,328000,322000,19,560587,0.9764705882352941,0.9817073170731707,0.2235294117647059,110,107,428000,417000,24,621653,0.9727272727272728,0.9742990654205608,0.21818181818181817
sealed_holdout,6,public-hub-206-b91c0f2a462f,hub,64,90,42,1,balanced_band,shifted_hotspot,public,none,,0,False,0.058581377433511855,0.08164895976052591,13971180,110,91,452000,377000,19,842491,0.8272727272727273,0.834070796460177,0.17272727272727273,25,24,100000,95000,1,627342,0.96,0.95,0.04,85,83,328000,322000,2,3010527,0.9764705882352941,0.9817073170731707,0.023529411764705882,110,107,428000,417000,3,3637869,0.9727272727272728,0.9742990654205608,0.02727272727272727
sealed_holdout,6,public-hub-206-b91c0f2a462f,hub,64,90,42,1,balanced_band,shifted_hotspot,retry,none,,0,False,0.058581377433511855,0.08388004738896664,13971180,110,94,452000,391000,51,846371,0.8545454545454545,0.8650442477876106,0.4636363636363636,25,24,100000,95000,3,627342,0.96,0.95,0.12,85,83,328000,322000,4,3010527,0.9764705882352941,0.9817073170731707,0.047058823529411764,110,107,428000,417000,7,3637869,0.9727272727272728,0.9742990654205608,0.06363636363636363
sealed_holdout,6,public-hub-206-b91c0f2a462f,hub,64,90,42,1,balanced_band,shifted_hotspot,online,none,,0,False,0.058581377433511855,0.08649062569614903,13971180,110,97,452000,391000,44,849099,0.8818181818181818,0.8650442477876106,0.4,25,24,100000,95000,4,627392,0.96,0.95,0.16,85,83,328000,322000,5,3011247,0.9764705882352941,0.9817073170731707,0.058823529411764705,110,107,428000,417000,9,3638639,0.9727272727272728,0.9742990654205608,0.08181818181818182
sealed_holdout,6,public-hub-206-b91c0f2a462f,hub,64,90,42,1,balanced_band,shifted_hotspot,oracle,none,,0,False,0.058581377433511855,0.08388004738896664,13971180,110,94,452000,391000,0,846371,0.8545454545454545,0.8650442477876106,0.0,25,24,100000,95000,0,627342,0.96,0.95,0.0,85,83,328000,322000,0,3010527,0.9764705882352941,0.9817073170731707,0.0,110,107,428000,417000,0,3637869,0.9727272727272728,0.9742990654205608,0.0
sealed_holdout,6,public-hub-206-b91c0f2a462f,hub,64,90,42,1,balanced_band,shifted_hotspot,online,random,N047|N052,120000,False,0.058581377433511855,0.08640096654887251,14091180,110,97,452000,391000,44,849099,0.8818181818181818,0.8650442477876106,0.4,25,24,100000,95000,4,627392,0.96,0.95,0.16,85,83,328000,322000,5,3004050,0.9764705882352941,0.9817073170731707,0.058823529411764705,110,107,428000,417000,9,3631442,0.9727272727272728,0.9742990654205608,0.08181818181818182
sealed_holdout,6,public-hub-206-b91c0f2a462f,hub,64,90,42,1,balanced_band,shifted_hotspot,online,failure_aware,N058|N060,120000,False,0.058581377433511855,0.08656334023484481,14091180,110,97,452000,391000,44,849099,0.8818181818181818,0.8650442477876106,0.4,25,24,100000,95000,4,628122,0.96,0.95,0.16,85,83,328000,322000,5,3004050,0.9764705882352941,0.9817073170731707,0.058823529411764705,110,107,428000,417000,9,3632172,0.9727272727272728,0.9742990654205608,0.08181818181818182
sealed_holdout,6,public-hub-206-b91c0f2a462f,hub,64,90,42,1,uniform,diffuse,public,none,,0,False,0.3374304732768051,0.3446267888122401,13971180,110,102,430000,378000,8,1090546,0.9272727272727272,0.8790697674418605,0.07272727272727272,25,23,83000,73000,2,284865,0.92,0.8795180722891566,0.08,85,75,332000,285000,10,864504,0.8823529411764706,0.858433734939759,0.11764705882352941,110,98,415000,358000,12,1149369,0.8909090909090909,0.8626506024096385,0.10909090909090909
sealed_holdout,6,public-hub-206-b91c0f2a462f,hub,64,90,42,1,uniform,diffuse,retry,none,,0,False,0.3374304732768051,0.3479534789131411,13971180,110,107,430000,415000,11,1113342,0.9727272727272728,0.9651162790697675,0.1,25,24,83000,81000,4,287193,0.96,0.9759036144578314,0.16,85,83,332000,322000,9,905775,0.9764705882352941,0.9698795180722891,0.10588235294117647,110,107,415000,403000,13,1192968,0.9727272727272728,0.9710843373493976,0.11818181818181818
sealed_holdout,6,public-hub-206-b91c0f2a462f,hub,64,90,42,1,uniform,diffuse,online,none,,0,False,0.3374304732768051,0.3459098041337438,13971180,110,107,430000,415000,13,1118122,0.9727272727272728,0.9651162790697675,0.11818181818181818,25,24,83000,81000,6,287997,0.96,0.9759036144578314,0.24,85,83,332000,322000,8,906035,0.9764705882352941,0.9698795180722891,0.09411764705882353,110,107,415000,403000,14,1194032,0.9727272727272728,0.9710843373493976,0.12727272727272726
sealed_holdout,6,public-hub-206-b91c0f2a462f,hub,64,90,42,1,uniform,diffuse,oracle,none,,0,False,0.3374304732768051,0.3479534789131411,13971180,110,107,430000,415000,0,1113342,0.9727272727272728,0.9651162790697675,0.0,25,24,83000,81000,0,287193,0.96,0.9759036144578314,0.0,85,83,332000,322000,0,905775,0.9764705882352941,0.9698795180722891,0.0,110,107,415000,403000,0,1192968,0.9727272727272728,0.9710843373493976,0.0
sealed_holdout,6,public-hub-206-b91c0f2a462f,hub,64,90,42,1,uniform,diffuse,online,random,N047|N052,120000,False,0.3374304732768051,0.34014758624613745,14091180,110,107,430000,415000,13,1118122,0.9727272727272728,0.9651162790697675,0.11818181818181818,25,24,83000,81000,8,288327,0.96,0.9759036144578314,0.32,85,83,332000,322000,9,904745,0.9764705882352941,0.9698795180722891,0.10588235294117647,110,107,415000,403000,17,1193072,0.9727272727272728,0.9710843373493976,0.15454545454545454
sealed_holdout,6,public-hub-206-b91c0f2a462f,hub,64,90,42,1,uniform,diffuse,online,failure_aware,N031|N059,120000,False,0.3374304732768051,0.3401769337859489,14091180,110,107,430000,415000,13,1118122,0.9727272727272728,0.9651162790697675,0.11818181818181818,25,24,83000,81000,8,287463,0.96,0.9759036144578314,0.32,85,84,332000,327000,9,908450,0.9882352941176471,0.9849397590361446,0.10588235294117647,110,108,415000,408000,17,1195913,0.9818181818181818,0.983132530120482,0.15454545454545454
sealed_holdout,6,public-hub-206-b91c0f2a462f,hub,64,90,42,1,uniform,stationary_hotspot,public,none,,0,False,0.3374304732768051,0.3603651367636691,13971180,110,91,452000,374000,19,841981,0.8272727272727273,0.827433628318584,0.17272727272727273,25,23,100000,90000,2,57186,0.92,0.9,0.08,85,70,328000,247000,15,547168,0.8235294117647058,0.7530487804878049,0.17647058823529413,110,93,428000,337000,17,604354,0.8454545454545455,0.7873831775700935,0.15454545454545454
sealed_holdout,6,public-hub-206-b91c0f2a462f,hub,64,90,42,1,uniform,stationary_hotspot,retry,none,,0,False,0.3374304732768051,0.35991978950894626,13971180,110,95,452000,380000,46,845001,0.8636363636363636,0.8407079646017699,0.41818181818181815,25,23,100000,94000,7,57866,0.92,0.94,0.28,85,74,328000,270000,35,553025,0.8705882352941177,0.823170731707317,0.4117647058823529,110,97,428000,364000,42,610891,0.8818181818181818,0.8504672897196262,0.38181818181818183
sealed_holdout,6,public-hub-206-b91c0f2a462f,hub,64,90,42,1,uniform,stationary_hotspot,online,none,,0,False,0.3374304732768051,0.3564608007415077,13971180,110,95,452000,380000,49,845609,0.8636363636363636,0.8407079646017699,0.44545454545454544,25,23,100000,94000,8,57916,0.92,0.94,0.32,85,74,328000,270000,34,553025,0.8705882352941177,0.823170731707317,0.4,110,97,428000,364000,42,610941,0.8818181818181818,0.8504672897196262,0.38181818181818183
sealed_holdout,6,public-hub-206-b91c0f2a462f,hub,64,90,42,1,uniform,stationary_hotspot,oracle,none,,0,False,0.3374304732768051,0.35991978950894626,13971180,110,95,452000,380000,0,845001,0.8636363636363636,0.8407079646017699,0.0,25,23,100000,94000,0,57866,0.92,0.94,0.0,85,74,328000,270000,0,553025,0.8705882352941177,0.823170731707317,0.0,110,97,428000,364000,0,610891,0.8818181818181818,0.8504672897196262,0.0
sealed_holdout,6,public-hub-206-b91c0f2a462f,hub,64,90,42,1,uniform,stationary_hotspot,online,random,N047|N052,120000,False,0.3374304732768051,0.3532136639371048,14091180,110,95,452000,380000,49,845609,0.8636363636363636,0.8407079646017699,0.44545454545454544,25,23,100000,94000,8,57916,0.92,0.94,0.32,85,74,328000,270000,34,546128,0.8705882352941177,0.823170731707317,0.4,110,97,428000,364000,42,604044,0.8818181818181818,0.8504672897196262,0.38181818181818183
sealed_holdout,6,public-hub-206-b91c0f2a462f,hub,64,90,42,1,uniform,stationary_hotspot,online,failure_aware,N058|N060,120000,True,0.3374304732768051,0.36016198899449675,14091180,110,95,452000,380000,49,845609,0.8636363636363636,0.8407079646017699,0.44545454545454544,25,24,100000,95000,4,61066,0.96,0.95,0.16,85,82,328000,313000,22,558558,0.9647058823529412,0.9542682926829268,0.25882352941176473,110,106,428000,408000,26,619624,0.9636363636363636,0.9532710280373832,0.23636363636363636
sealed_holdout,6,public-hub-206-b91c0f2a462f,hub,64,90,42,1,uniform,shifted_hotspot,public,none,,0,False,0.3374304732768051,0.3499581526870566,13971180,110,91,452000,374000,19,841981,0.8272727272727273,0.827433628318584,0.17272727272727273,25,24,100000,95000,1,627342,0.96,0.95,0.04,85,79,328000,298000,6,3005361,0.9294117647058824,0.9085365853658537,0.07058823529411765,110,103,428000,393000,7,3632703,0.9363636363636364,0.9182242990654206,0.06363636363636363
sealed_holdout,6,public-hub-206-b91c0f2a462f,hub,64,90,42,1,uniform,shifted_hotspot,retry,none,,0,False,0.3374304732768051,0.35068954051117146,13971180,110,95,452000,380000,46,845001,0.8636363636363636,0.8407079646017699,0.41818181818181815,25,24,100000,95000,3,627342,0.96,0.95,0.12,85,83,328000,318000,6,3010708,0.9764705882352941,0.9695121951219512,0.07058823529411765,110,107,428000,413000,9,3638050,0.9727272727272728,0.9649532710280374,0.08181818181818182
sealed_holdout,6,public-hub-206-b91c0f2a462f,hub,64,90,42,1,uniform,shifted_hotspot,online,none,,0,False,0.3374304732768051,0.34607410851031883,13971180,110,95,452000,380000,49,845609,0.8636363636363636,0.8407079646017699,0.44545454545454544,25,24,100000,95000,4,627392,0.96,0.95,0.16,85,83,328000,318000,6,3010708,0.9764705882352941,0.9695121951219512,0.07058823529411765,110,107,428000,413000,10,3638100,0.9727272727272728,0.9649532710280374,0.09090909090909091
sealed_holdout,6,public-hub-206-b91c0f2a462f,hub,64,90,42,1,uniform,shifted_hotspot,oracle,none,,0,False,0.3374304732768051,0.35068954051117146,13971180,110,95,452000,380000,0,845001,0.8636363636363636,0.8407079646017699,0.0,25,24,100000,95000,0,627342,0.96,0.95,0.0,85,83,328000,318000,0,3010708,0.9764705882352941,0.9695121951219512,0.0,110,107,428000,413000,0,3638050,0.9727272727272728,0.9649532710280374,0.0
sealed_holdout,6,public-hub-206-b91c0f2a462f,hub,64,90,42,1,uniform,shifted_hotspot,online,random,N047|N052,120000,False,0.3374304732768051,0.34382524669140513,14091180,110,95,452000,380000,49,845609,0.8636363636363636,0.8407079646017699,0.44545454545454544,25,24,100000,95000,4,627392,0.96,0.95,0.16,85,83,328000,318000,6,3003811,0.9764705882352941,0.9695121951219512,0.07058823529411765,110,107,428000,413000,10,3631203,0.9727272727272728,0.9649532710280374,0.09090909090909091
sealed_holdout,6,public-hub-206-b91c0f2a462f,hub,64,90,42,1,uniform,shifted_hotspot,online,failure_aware,N058|N060,120000,False,0.3374304732768051,0.34392245570269675,14091180,110,95,452000,380000,49,845609,0.8636363636363636,0.8407079646017699,0.44545454545454544,25,24,100000,95000,4,628122,0.96,0.95,0.16,85,83,328000,318000,6,3003811,0.9764705882352941,0.9695121951219512,0.07058823529411765,110,107,428000,413000,10,3631933,0.9727272727272728,0.9649532710280374,0.09090909090909091
sealed_holdout,6,public-hub-206-b91c0f2a462f,hub,64,90,42,1,polarized,diffuse,public,none,,0,False,0.7262259289540055,0.7041561563477979,13971180,110,89,430000,302000,21,840062,0.8090909090909091,0.7023255813953488,0.19090909090909092,25,16,83000,41000,9,270511,0.64,0.4939759036144578,0.36,85,69,332000,247000,16,678069,0.8117647058823529,0.7439759036144579,0.18823529411764706,110,85,415000,288000,25,948580,0.7727272727272727,0.6939759036144578,0.22727272727272727
sealed_holdout,6,public-hub-206-b91c0f2a462f,hub,64,90,42,1,polarized,diffuse,retry,none,,0,False,0.7262259289540055,0.6970916060775847,13971180,110,95,430000,328000,40,969073,0.8636363636363636,0.7627906976744186,0.36363636363636365,25,21,83000,63000,15,302838,0.84,0.7590361445783133,0.6,85,81,332000,309000,17,898605,0.9529411764705882,0.9307228915662651,0.2,110,102,415000,372000,32,1201443,0.9272727272727272,0.8963855421686747,0.2909090909090909
sealed_holdout,6,public-hub-206-b91c0f2a462f,hub,64,90,42,1,polarized,diffuse,online,none,,0,False,0.7262259289540055,0.6839437678192956,13971180,110,95,430000,334000,38,973004,0.8636363636363636,0.7767441860465116,0.34545454545454546,25,21,83000,63000,15,300616,0.84,0.7590361445783133,0.6,85,81,332000,309000,12,903634,0.9529411764705882,0.9307228915662651,0.1411764705882353,110,102,415000,372000,27,1204250,0.9272727272727272,0.8963855421686747,0.24545454545454545
sealed_holdout,6,public-hub-206-b91c0f2a462f,hub,64,90,42,1,polarized,diffuse,oracle,none,,0,False,0.7262259289540055,0.6940956022992497,13971180,110,96,430000,336000,0,981588,0.8727272727272727,0.7813953488372093,0.0,25,22,83000,71000,0,305331,0.88,0.8554216867469879,0.0,85,81,332000,309000,0,899345,0.9529411764705882,0.9307228915662651,0.0,110,103,415000,380000,0,1204676,0.9363636363636364,0.9156626506024096,0.0
sealed_holdout,6,public-hub-206-b91c0f2a462f,hub,64,90,42,1,polarized,diffuse,online,random,N047|N052,120000,False,0.7262259289540055,0.6778484858651829,14091180,110,95,430000,334000,38,973004,0.8636363636363636,0.7767441860465116,0.34545454545454546,25,20,83000,58000,17,289113,0.8,0.6987951807228916,0.68,85,81,332000,309000,11,899148,0.9529411764705882,0.9307228915662651,0.12941176470588237,110,101,415000,367000,28,1188261,0.9181818181818182,0.8843373493975903,0.2545454545454545
sealed_holdout,6,public-hub-206-b91c0f2a462f,hub,64,90,42,1,polarized,diffuse,online,failure_aware,N032|N053,120000,False,0.7262259289540055,0.6770151222400259,14091180,110,95,430000,334000,38,973004,0.8636363636363636,0.7767441860465116,0.34545454545454546,25,21,83000,60000,17,291985,0.84,0.7228915662650602,0.68,85,81,332000,309000,11,899148,0.9529411764705882,0.9307228915662651,0.12941176470588237,110,102,415000,369000,28,1191133,0.9272727272727272,0.8891566265060241,0.2545454545454545
sealed_holdout,6,public-hub-206-b91c0f2a462f,hub,64,90,42,1,polarized,stationary_hotspot,public,none,,0,False,0.7262259289540055,0.7152213921790689,13971180,110,77,452000,283000,33,699940,0.7,0.6261061946902655,0.3,25,22,100000,82000,3,54546,0.88,0.82,0.12,85,62,328000,199000,23,419452,0.7294117647058823,0.6067073170731707,0.27058823529411763,110,84,428000,281000,26,473998,0.7636363636363637,0.6565420560747663,0.23636363636363636
sealed_holdout,6,public-hub-206-b91c0f2a462f,hub,64,90,42,1,polarized,stationary_hotspot,retry,none,,0,False,0.7262259289540055,0.7136976730685751,13971180,110,83,452000,315000,78,737898,0.7545454545454545,0.6969026548672567,0.7090909090909091,25,22,100000,82000,7,54546,0.88,0.82,0.28,85,67,328000,230000,53,449403,0.788235294117647,0.7012195121951219,0.6235294117647059,110,89,428000,312000,60,503949,0.8090909090909091,0.7289719626168224,0.5454545454545454
sealed_holdout,6,public-hub-206-b91c0f2a462f,hub,64,90,42,1,polarized,stationary_hotspot,online,none,,0,False,0.7262259289540055,0.7182085790213535,13971180,110,82,452000,301000,89,733450,0.7454545454545455,0.665929203539823,0.8090909090909091,25,20,100000,80000,16,53836,0.8,0.8,0.64,85,70,328000,248000,58,461962,0.8235294117647058,0.7560975609756098,0.6823529411764706,110,90,428000,328000,74,515798,0.8181818181818182,0.7663551401869159,0.6727272727272727
sealed_holdout,6,public-hub-206-b91c0f2a462f,hub,64,90,42,1,polarized,stationary_hotspot,oracle,none,,0,False,0.7262259289540055,0.715976699569171,13971180,110,84,452000,311000,0,737928,0.7636363636363637,0.6880530973451328,0.0,25,22,100000,86000,0,55526,0.88,0.86,0.0,85,68,328000,238000,0,454131,0.8,0.725609756097561,0.0,110,90,428000,324000,0,509657,0.8181818181818182,0.7570093457943925,0.0
sealed_holdout,6,public-hub-206-b91c0f2a462f,hub,64,90,42,1,polarized,stationary_hotspot,online,random,N047|N052,120000,False,0.7262259289540055,0.711617819182229,14091180,110,82,452000,301000,89,733450,0.7454545454545455,0.665929203539823,0.8090909090909091,25,20,100000,80000,16,53836,0.8,0.8,0.64,85,70,328000,248000,61,462322,0.8235294117647058,0.7560975609756098,0.7176470588235294,110,90,428000,328000,77,516158,0.8181818181818182,0.7663551401869159,0.7
sealed_holdout,6,public-hub-206-b91c0f2a462f,hub,64,90,42,1,polarized,stationary_hotspot,online,failure_aware,N058|N060,120000,True,0.7262259289540055,0.7154325490530536,14091180,110,82,452000,301000,89,733450,0.7454545454545455,0.665929203539823,0.8090909090909091,25,23,100000,87000,6,59006,0.92,0.87,0.24,85,78,328000,291000,45,469802,0.9176470588235294,0.8871951219512195,0.5294117647058824,110,101,428000,378000,51,528808,0.9181818181818182,0.883177570093458,0.4636363636363636
sealed_holdout,6,public-hub-206-b91c0f2a462f,hub,64,90,42,1,polarized,shifted_hotspot,public,none,,0,False,0.7262259289540055,0.6956075489654236,13971180,110,77,452000,283000,33,699940,0.7,0.6261061946902655,0.3,25,23,100000,87000,2,624702,0.92,0.87,0.08,85,71,328000,250000,14,2877645,0.8352941176470589,0.7621951219512195,0.16470588235294117,110,94,428000,337000,16,3502347,0.8545454545454545,0.7873831775700935,0.14545454545454545
sealed_holdout,6,public-hub-206-b91c0f2a462f,hub,64,90,42,1,polarized,shifted_hotspot,retry,none,,0,False,0.7262259289540055,0.6961779120126578,13971180,110,83,452000,315000,78,737898,0.7545454545454545,0.6969026548672567,0.7090909090909091,25,23,100000,87000,4,624702,0.92,0.87,0.16,85,76,328000,278000,24,2907086,0.8941176470588236,0.8475609756097561,0.2823529411764706,110,99,428000,365000,28,3531788,0.9,0.852803738317757,0.2545454545454545
sealed_holdout,6,public-hub-206-b91c0f2a462f,hub,64,90,42,1,polarized,shifted_hotspot,online,none,,0,False,0.7262259289540055,0.6910211461993455,13971180,110,82,452000,301000,89,733450,0.7454545454545455,0.665929203539823,0.8090909090909091,25,23,100000,87000,5,625062,0.92,0.87,0.2,85,79,328000,296000,25,2914725,0.9294117647058824,0.9024390243902439,0.29411764705882354,110,102,428000,383000,30,3539787,0.9272727272727272,0.8948598130841121,0.2727272727272727
sealed_holdout,6,public-hub-206-b91c0f2a462f,hub,64,90,42,1,polarized,shifted_hotspot,oracle,none,,0,False,0.7262259289540055,0.6921860293045172,13971180,110,84,452000,311000,0,737928,0.7636363636363637,0.6880530973451328,0.0,25,23,100000,87000,0,624702,0.92,0.87,0.0,85,77,328000,286000,0,2912394,0.9058823529411765,0.8719512195121951,0.0,110,100,428000,373000,0,3537096,0.9090909090909091,0.8714953271028038,0.0
sealed_holdout,6,public-hub-206-b91c0f2a462f,hub,64,90,42,1,polarized,shifted_hotspot,online,random,N047|N052,120000,False,0.7262259289540055,0.6840229370840052,14091180,110,82,452000,301000,89,733450,0.7454545454545455,0.665929203539823,0.8090909090909091,25,23,100000,87000,5,625062,0.92,0.87,0.2,85,79,328000,296000,28,2915045,0.9294117647058824,0.9024390243902439,0.32941176470588235,110,102,428000,383000,33,3540107,0.9272727272727272,0.8948598130841121,0.3
sealed_holdout,6,public-hub-206-b91c0f2a462f,hub,64,90,42,1,polarized,shifted_hotspot,online,failure_aware,N058|N060,120000,False,0.7262259289540055,0.6836618132674805,14091180,110,82,452000,301000,89,733450,0.7454545454545455,0.665929203539823,0.8090909090909091,25,23,100000,87000,5,626052,0.92,0.87,0.2,85,79,328000,296000,28,2915045,0.9294117647058824,0.9024390243902439,0.32941176470588235,110,102,428000,383000,33,3541097,0.9272727272727272,0.8948598130841121,0.3
sealed_holdout,7,public-random-207-df4abcd277bf,random,64,109,30,0,balanced_band,diffuse,public,none,,0,False,0.04906833145744195,0.06605509493296399,15247902,110,110,444000,444000,0,1099979,1.0,1.0,0.0,25,25,80000,80000,0,227883,1.0,1.0,0.0,85,81,344000,315000,4,688640,0.9529411764705882,0.9156976744186046,0.047058823529411764,110,106,424000,395000,4,916523,0.9636363636363636,0.9316037735849056,0.03636363636363636
sealed_holdout,7,public-random-207-df4abcd277bf,random,64,109,30,0,balanced_band,diffuse,retry,none,,0,False,0.04906833145744195,0.07538440600614803,15247902,110,110,444000,444000,0,1099979,1.0,1.0,0.0,25,25,80000,80000,0,227883,1.0,1.0,0.0,85,85,344000,344000,4,740756,1.0,1.0,0.047058823529411764,110,110,424000,424000,4,968639,1.0,1.0,0.03636363636363636
sealed_holdout,7,public-random-207-df4abcd277bf,random,64,109,30,0,balanced_band,diffuse,online,none,,0,False,0.04906833145744195,0.07961956656517181,15247902,110,110,444000,444000,1,1103771,1.0,1.0,0.00909090909090909,25,25,80000,80000,0,227905,1.0,1.0,0.0,85,85,344000,344000,1,742003,1.0,1.0,0.011764705882352941,110,110,424000,424000,1,969908,1.0,1.0,0.00909090909090909
sealed_holdout,7,public-random-207-df4abcd277bf,random,64,109,30,0,balanced_band,diffuse,oracle,none,,0,False,0.04906833145744195,0.07538440600614803,15247902,110,110,444000,444000,0,1099979,1.0,1.0,0.0,25,25,80000,80000,0,227883,1.0,1.0,0.0,85,85,344000,344000,0,740756,1.0,1.0,0.0,110,110,424000,424000,0,968639,1.0,1.0,0.0
sealed_holdout,7,public-random-207-df4abcd277bf,random,64,109,30,0,balanced_band,diffuse,online,random,N006|N039,120000,False,0.04906833145744195,0.08347510086596772,15367902,110,110,444000,444000,1,1103771,1.0,1.0,0.00909090909090909,25,25,80000,80000,0,226910,1.0,1.0,0.0,85,85,344000,344000,1,738500,1.0,1.0,0.011764705882352941,110,110,424000,424000,1,965410,1.0,1.0,0.00909090909090909
sealed_holdout,7,public-random-207-df4abcd277bf,random,64,109,30,0,balanced_band,diffuse,online,failure_aware,N006|N039,120000,False,0.04906833145744195,0.08347510086596772,15367902,110,110,444000,444000,1,1103771,1.0,1.0,0.00909090909090909,25,25,80000,80000,0,226910,1.0,1.0,0.0,85,85,344000,344000,1,738500,1.0,1.0,0.011764705882352941,110,110,424000,424000,1,965410,1.0,1.0,0.00909090909090909
sealed_holdout,7,public-random-207-df4abcd277bf,random,64,109,30,0,balanced_band,stationary_hotspot,public,none,,0,False,0.04906833145744195,0.07278677850486455,15247902,110,105,427000,393000,5,952864,0.9545454545454546,0.9203747072599532,0.045454545454545456,25,25,103000,103000,0,176334,1.0,1.0,0.0,85,73,311000,249000,12,627824,0.8588235294117647,0.8006430868167203,0.1411764705882353,110,98,414000,352000,12,804158,0.8909090909090909,0.8502415458937198,0.10909090909090909
sealed_holdout,7,public-random-207-df4abcd277bf,random,64,109,30,0,balanced_band,stationary_hotspot,retry,none,,0,False,0.04906833145744195,0.07914433156610601,15247902,110,109,427000,419000,7,973030,0.990909090909091,0.9812646370023419,0.06363636363636363,25,25,103000,103000,0,176334,1.0,1.0,0.0,85,75,311000,262000,32,634165,0.8823529411764706,0.842443729903537,0.3764705882352941,110,100,414000,365000,32,810499,0.9090909090909091,0.8816425120772947,0.2909090909090909
sealed_holdout,7,public-random-207-df4abcd277bf,random,64,109,30,0,balanced_band,stationary_hotspot,online,none,,0,False,0.04906833145744195,0.08222384233790136,15247902,110,109,427000,419000,7,973593,0.990909090909091,0.9812646370023419,0.06363636363636363,25,25,103000,103000,0,177029,1.0,1.0,0.0,85,75,311000,262000,33,637055,0.8823529411764706,0.842443729903537,0.38823529411764707,110,100,414000,365000,33,814084,0.9090909090909091,0.8816425120772947,0.3
sealed_holdout,7,public-random-207-df4abcd277bf,random,64,109,30,0,balanced_band,stationary_hotspot,oracle,none,,0,False,0.04906833145744195,0.07914433156610601,15247902,110,109,427000,419000,0,973030,0.990909090909091,0.9812646370023419,0.0,25,25,103000,103000,0,176334,1.0,1.0,0.0,85,75,311000,262000,0,634165,0.8823529411764706,0.842443729903537,0.0,110,100,414000,365000,0,810499,0.9090909090909091,0.8816425120772947,0.0
sealed_holdout,7,public-random-207-df4abcd277bf,random,64,109,30,0,balanced_band,stationary_hotspot,online,random,N006|N039,120000,False,0.04906833145744195,0.0828176908359741,15367902,110,109,427000,419000,7,973593,0.990909090909091,0.9812646370023419,0.06363636363636363,25,25,103000,103000,0,177029,1.0,1.0,0.0,85,75,311000,262000,33,624655,0.8823529411764706,0.842443729903537,0.38823529411764707,110,100,414000,365000,33,801684,0.9090909090909091,0.8816425120772947,0.3
sealed_holdout,7,public-random-207-df4abcd277bf,random,64,109,30,0,balanced_band,stationary_hotspot,online,failure_aware,N014|N030,120000,False,0.04906833145744195,0.08304711981413108,15367902,110,109,427000,419000,7,973593,0.990909090909091,0.9812646370023419,0.06363636363636363,25,25,103000,103000,0,177029,1.0,1.0,0.0,85,75,311000,262000,33,610936,0.8823529411764706,0.842443729903537,0.38823529411764707,110,100,414000,365000,33,787965,0.9090909090909091,0.8816425120772947,0.3
sealed_holdout,7,public-random-207-df4abcd277bf,random,64,109,30,0,balanced_band,shifted_hotspot,public,none,,0,False,0.04906833145744195,0.1086304573261265,15247902,110,105,427000,393000,5,952864,0.9545454545454546,0.9203747072599532,0.045454545454545456,25,24,103000,95000,1,125904,0.96,0.9223300970873787,0.04,85,68,311000,247000,17,575615,0.8,0.7942122186495176,0.2,110,92,414000,342000,18,701519,0.8363636363636363,0.8260869565217391,0.16363636363636364
sealed_holdout,7,public-random-207-df4abcd277bf,random,64,109,30,0,balanced_band,shifted_hotspot,retry,none,,0,False,0.04906833145744195,0.10272055110873361,15247902,110,109,427000,419000,7,973030,0.990909090909091,0.9812646370023419,0.06363636363636363,25,25,103000,103000,1,167962,1.0,1.0,0.04,85,82,311000,296000,16,616748,0.9647058823529412,0.9517684887459807,0.18823529411764706,110,107,414000,399000,17,784710,0.9727272727272728,0.9637681159420289,0.15454545454545454
sealed_holdout,7,public-random-207-df4abcd277bf,random,64,109,30,0,balanced_band,shifted_hotspot,online,none,,0,False,0.04906833145744195,0.10975673541450318,15247902,110,109,427000,419000,7,973593,0.990909090909091,0.9812646370023419,0.06363636363636363,25,25,103000,103000,0,167608,1.0,1.0,0.0,85,82,311000,296000,10,619082,0.9647058823529412,0.9517684887459807,0.11764705882352941,110,107,414000,399000,10,786690,0.9727272727272728,0.9637681159420289,0.09090909090909091
sealed_holdout,7,public-random-207-df4abcd277bf,random,64,109,30,0,balanced_band,shifted_hotspot,oracle,none,,0,False,0.04906833145744195,0.10272055110873361,15247902,110,109,427000,419000,0,973030,0.990909090909091,0.9812646370023419,0.0,25,25,103000,103000,0,167962,1.0,1.0,0.0,85,82,311000,296000,0,616748,0.9647058823529412,0.9517684887459807,0.0,110,107,414000,399000,0,784710,0.9727272727272728,0.9637681159420289,0.0
sealed_holdout,7,public-random-207-df4abcd277bf,random,64,109,30,0,balanced_band,shifted_hotspot,online,random,N006|N039,120000,False,0.04906833145744195,0.0899401243849995,15367902,110,109,427000,419000,7,973593,0.990909090909091,0.9812646370023419,0.06363636363636363,25,25,103000,103000,0,164655,1.0,1.0,0.0,85,82,311000,296000,9,594415,0.9647058823529412,0.9517684887459807,0.10588235294117647,110,107,414000,399000,9,759070,0.9727272727272728,0.9637681159420289,0.08181818181818182
sealed_holdout,7,public-random-207-df4abcd277bf,random,64,109,30,0,balanced_band,shifted_hotspot,online,failure_aware,N014|N030,120000,False,0.04906833145744195,0.09027906732658496,15367902,110,109,427000,419000,7,973593,0.990909090909091,0.9812646370023419,0.06363636363636363,25,25,103000,103000,0,164655,1.0,1.0,0.0,85,82,311000,296000,9,580696,0.9647058823529412,0.9517684887459807,0.10588235294117647,110,107,414000,399000,9,745351,0.9727272727272728,0.9637681159420289,0.08181818181818182
sealed_holdout,7,public-random-207-df4abcd277bf,random,64,109,30,0,uniform,diffuse,public,none,,0,False,0.2826306512516912,0.2721675854458749,15247902,110,102,444000,395000,8,1014495,0.9272727272727272,0.8896396396396397,0.07272727272727272,25,25,80000,80000,0,227883,1.0,1.0,0.0,85,80,344000,307000,5,687631,0.9411764705882353,0.8924418604651163,0.058823529411764705,110,105,424000,387000,5,915514,0.9545454545454546,0.9127358490566038,0.045454545454545456
sealed_holdout,7,public-random-207-df4abcd277bf,random,64,109,30,0,uniform,diffuse,retry,none,,0,False,0.2826306512516912,0.28045439479277334,15247902,110,104,444000,405000,17,1030198,0.9454545454545454,0.9121621621621622,0.15454545454545454,25,25,80000,80000,0,227883,1.0,1.0,0.0,85,83,344000,328000,9,736723,0.9764705882352941,0.9534883720930233,0.10588235294117647,110,108,424000,408000,9,964606,0.9818181818181818,0.9622641509433962,0.08181818181818182
sealed_holdout,7,public-random-207-df4abcd277bf,random,64,109,30,0,uniform,diffuse,online,none,,0,False,0.2826306512516912,0.2857708003067986,15247902,110,104,444000,405000,17,1032801,0.9454545454545454,0.9121621621621622,0.15454545454545454,25,25,80000,80000,0,228449,1.0,1.0,0.0,85,83,344000,328000,12,739756,0.9764705882352941,0.9534883720930233,0.1411764705882353,110,108,424000,408000,12,968205,0.9818181818181818,0.9622641509433962,0.10909090909090909
sealed_holdout,7,public-random-207-df4abcd277bf,random,64,109,30,0,uniform,diffuse,oracle,none,,0,False,0.2826306512516912,0.28048808426973243,15247902,110,105,444000,413000,0,1050667,0.9545454545454546,0.9301801801801802,0.0,25,25,80000,80000,0,227883,1.0,1.0,0.0,85,83,344000,328000,0,736723,0.9764705882352941,0.9534883720930233,0.0,110,108,424000,408000,0,964606,0.9818181818181818,0.9622641509433962,0.0
sealed_holdout,7,public-random-207-df4abcd277bf,random,64,109,30,0,uniform,diffuse,online,random,N006|N039,120000,False,0.2826306512516912,0.28236896662329963,15367902,110,104,444000,405000,17,1032801,0.9454545454545454,0.9121621621621622,0.15454545454545454,25,25,80000,80000,0,227454,1.0,1.0,0.0,85,83,344000,328000,16,743582,0.9764705882352941,0.9534883720930233,0.18823529411764706,110,108,424000,408000,16,971036,0.9818181818181818,0.9622641509433962,0.14545454545454545
sealed_holdout,7,public-random-207-df4abcd277bf,random,64,109,30,0,uniform,diffuse,online,failure_aware,N040|N060,120000,False,0.2826306512516912,0.2809483311198764,15367902,110,104,444000,405000,17,1032801,0.9454545454545454,0.9121621621621622,0.15454545454545454,25,25,80000,80000,0,227454,1.0,1.0,0.0,85,83,344000,328000,18,744182,0.9764705882352941,0.9534883720930233,0.21176470588235294,110,108,424000,408000,18,971636,0.9818181818181818,0.9622641509433962,0.16363636363636364
sealed_holdout,7,public-random-207-df4abcd277bf,random,64,109,30,0,uniform,stationary_hotspot,public,none,,0,False,0.2826306512516912,0.28511444342134423,15247902,110,96,427000,340000,14,839815,0.8727272727272727,0.7962529274004684,0.12727272727272726,25,23,103000,87000,2,133309,0.92,0.8446601941747572,0.08,85,73,311000,255000,12,663994,0.8588235294117647,0.819935691318328,0.1411764705882353,110,96,414000,342000,14,797303,0.8727272727272727,0.8260869565217391,0.12727272727272726
sealed_holdout,7,public-random-207-df4abcd277bf,random,64,109,30,0,uniform,stationary_hotspot,retry,none,,0,False,0.2826306512516912,0.29934949090960083,15247902,110,103,427000,384000,19,922322,0.9363636363636364,0.8992974238875878,0.17272727272727273,25,24,103000,95000,4,136374,0.96,0.9223300970873787,0.16,85,78,311000,276000,29,676336,0.9176470588235294,0.887459807073955,0.3411764705882353,110,102,414000,371000,33,812710,0.9272727272727272,0.8961352657004831,0.3
sealed_holdout,7,public-random-207-df4abcd277bf,random,64,109,30,0,uniform,stationary_hotspot,online,none,,0,False,0.2826306512516912,0.3016198657266065,15247902,110,103,427000,384000,20,923604,0.9363636363636364,0.8992974238875878,0.18181818181818182,25,24,103000,95000,4,136919,0.96,0.9223300970873787,0.16,85,78,311000,276000,28,676694,0.9176470588235294,0.887459807073955,0.32941176470588235,110,102,414000,371000,32,813613,0.9272727272727272,0.8961352657004831,0.2909090909090909
sealed_holdout,7,public-random-207-df4abcd277bf,random,64,109,30,0,uniform,stationary_hotspot,oracle,none,,0,False,0.2826306512516912,0.29934949090960083,15247902,110,103,427000,384000,0,922322,0.9363636363636364,0.8992974238875878,0.0,25,24,103000,95000,0,136374,0.96,0.9223300970873787,0.0,85,78,311000,276000,0,676336,0.9176470588235294,0.887459807073955,0.0,110,102,414000,371000,0,812710,0.9272727272727272,0.8961352657004831,0.0
sealed_holdout,7,public-random-207-df4abcd277bf,random,64,109,30,0,uniform,stationary_hotspot,online,random,N006|N039,120000,False,0.2826306512516912,0.2995352174012901,15367902,110,103,427000,384000,20,923604,0.9363636363636364,0.8992974238875878,0.18181818181818182,25,24,103000,95000,4,136919,0.96,0.9223300970873787,0.16,85,78,311000,276000,29,666105,0.9176470588235294,0.887459807073955,0.3411764705882353,110,102,414000,371000,33,803024,0.9272727272727272,0.8961352657004831,0.3
sealed_holdout,7,public-random-207-df4abcd277bf,random,64,109,30,0,uniform,stationary_hotspot,online,failure_aware,N047|N061,120000,False,0.2826306512516912,0.30159725617917804,15367902,110,103,427000,384000,20,923604,0.9363636363636364,0.8992974238875878,0.18181818181818182,25,24,103000,95000,4,136919,0.96,0.9223300970873787,0.16,85,79,311000,281000,28,681954,0.9294117647058824,0.9035369774919614,0.32941176470588235,110,103,414000,376000,32,818873,0.9363636363636364,0.9082125603864735,0.2909090909090909
sealed_holdout,7,public-random-207-df4abcd277bf,random,64,109,30,0,uniform,shifted_hotspot,public,none,,0,False,0.2826306512516912,0.3091543404844417,15247902,110,96,427000,340000,14,839815,0.8727272727272727,0.7962529274004684,0.12727272727272726,25,22,103000,79000,3,82879,0.88,0.7669902912621359,0.12,85,57,311000,214000,28,589650,0.6705882352941176,0.6881028938906752,0.32941176470588235,110,79,414000,293000,31,672529,0.7181818181818181,0.7077294685990339,0.2818181818181818
sealed_holdout,7,public-random-207-df4abcd277bf,random,64,109,30,0,uniform,shifted_hotspot,retry,none,,0,False,0.2826306512516912,0.3047857485890967,15247902,110,103,427000,384000,19,922322,0.9363636363636364,0.8992974238875878,0.17272727272727273,25,24,103000,95000,5,126953,0.96,0.9223300970873787,0.2,85,80,311000,286000,39,658285,0.9411764705882353,0.9196141479099679,0.4588235294117647,110,104,414000,381000,44,785238,0.9454545454545454,0.9202898550724637,0.4
sealed_holdout,7,public-random-207-df4abcd277bf,random,64,109,30,0,uniform,shifted_hotspot,online,none,,0,False,0.2826306512516912,0.3080612405829835,15247902,110,103,427000,384000,20,923604,0.9363636363636364,0.8992974238875878,0.18181818181818182,25,24,103000,95000,5,127498,0.96,0.9223300970873787,0.2,85,80,311000,292000,38,660175,0.9411764705882353,0.9389067524115756,0.4470588235294118,110,104,414000,387000,43,787673,0.9454545454545454,0.9347826086956522,0.39090909090909093
sealed_holdout,7,public-random-207-df4abcd277bf,random,64,109,30,0,uniform,shifted_hotspot,oracle,none,,0,False,0.2826306512516912,0.30580669390410486,15247902,110,103,427000,384000,0,922322,0.9363636363636364,0.8992974238875878,0.0,25,24,103000,95000,0,126953,0.96,0.9223300970873787,0.0,85,81,311000,294000,0,661723,0.9529411764705882,0.9453376205787781,0.0,110,105,414000,389000,0,788676,0.9545454545454546,0.9396135265700483,0.0
sealed_holdout,7,public-random-207-df4abcd277bf,random,64,109,30,0,uniform,shifted_hotspot,online,random,N006|N039,120000,False,0.2826306512516912,0.30848502620875023,15367902,110,103,427000,384000,20,923604,0.9363636363636364,0.8992974238875878,0.18181818181818182,25,24,103000,95000,4,124545,0.96,0.9223300970873787,0.16,85,81,311000,294000,20,623222,0.9529411764705882,0.9453376205787781,0.23529411764705882,110,105,414000,389000,24,747767,0.9545454545454546,0.9396135265700483,0.21818181818181817
sealed_holdout,7,public-random-207-df4abcd277bf,random,64,109,30,0,uniform,shifted_hotspot,online,failure_aware,N047|N061,120000,False,0.2826306512516912,0.3104413420450875,15367902,110,103,427000,384000,20,923604,0.9363636363636364,0.8992974238875878,0.18181818181818182,25,24,103000,95000,4,124545,0.96,0.9223300970873787,0.16,85,82,311000,299000,20,640066,0.9647058823529412,0.9614147909967846,0.23529411764705882,110,106,414000,394000,24,764611,0.9636363636363636,0.9516908212560387,0.21818181818181817
sealed_holdout,7,public-random-207-df4abcd277bf,random,64,109,30,0,polarized,diffuse,public,none,,0,False,0.7012718703634271,0.641844570892815,15247902,110,88,444000,316000,22,884055,0.8,0.7117117117117117,0.2,25,23,80000,70000,2,216589,0.92,0.875,0.08,85,72,344000,265000,13,581480,0.8470588235294118,0.7703488372093024,0.15294117647058825,110,95,424000,335000,15,798069,0.8636363636363636,0.7900943396226415,0.13636363636363635
sealed_holdout,7,public-random-207-df4abcd277bf,random,64,109,30,0,polarized,diffuse,retry,none,,0,False,0.7012718703634271,0.6513489896985363,15247902,110,93,444000,341000,52,970761,0.8454545454545455,0.7680180180180181,0.4727272727272727,25,23,80000,70000,4,216589,0.92,0.875,0.16,85,77,344000,283000,27,684205,0.9058823529411765,0.8226744186046512,0.3176470588235294,110,100,424000,353000,31,900794,0.9090909090909091,0.8325471698113207,0.2818181818181818
sealed_holdout,7,public-random-207-df4abcd277bf,random,64,109,30,0,polarized,diffuse,online,none,,0,False,0.7012718703634271,0.6500853306064854,15247902,110,94,444000,349000,50,984887,0.8545454545454545,0.786036036036036,0.45454545454545453,25,23,80000,70000,4,218103,0.92,0.875,0.16,85,76,344000,275000,32,634718,0.8941176470588236,0.7994186046511628,0.3764705882352941,110,99,424000,345000,36,852821,0.9,0.8136792452830188,0.32727272727272727
sealed_holdout,7,public-random-207-df4abcd277bf,random,64,109,30,0,polarized,diffuse,oracle,none,,0,False,0.7012718703634271,0.6460126493990118,15247902,110,96,444000,356000,0,1031833,0.8727272727272727,0.8018018018018018,0.0,25,23,80000,70000,0,216589,0.92,0.875,0.0,85,81,344000,312000,0,843449,0.9529411764705882,0.9069767441860465,0.0,110,104,424000,382000,0,1060038,0.9454545454545454,0.9009433962264151,0.0
sealed_holdout,7,public-random-207-df4abcd277bf,random,64,109,30,0,polarized,diffuse,online,random,N006|N039,120000,False,0.7012718703634271,0.6440371033190851,15367902,110,94,444000,349000,50,984887,0.8545454545454545,0.786036036036036,0.45454545454545453,25,23,80000,70000,4,217108,0.92,0.875,0.16,85,76,344000,281000,36,657000,0.8941176470588236,0.8168604651162791,0.4235294117647059,110,99,424000,351000,40,874108,0.9,0.8278301886792453,0.36363636363636365
sealed_holdout,7,public-random-207-df4abcd277bf,random,64,109,30,0,polarized,diffuse,online,failure_aware,N040|N060,120000,False,0.7012718703634271,0.6440371033190851,15367902,110,94,444000,349000,50,984887,0.8545454545454545,0.786036036036036,0.45454545454545453,25,23,80000,70000,4,217108,0.92,0.875,0.16,85,76,344000,281000,36,657000,0.8941176470588236,0.8168604651162791,0.4235294117647059,110,99,424000,351000,40,874108,0.9,0.8278301886792453,0.36363636363636365
sealed_holdout,7,public-random-207-df4abcd277bf,random,64,109,30,0,polarized,stationary_hotspot,public,none,,0,False,0.7012718703634271,0.6787328061227577,15247902,110,87,427000,275000,23,673153,0.7909090909090909,0.6440281030444965,0.20909090909090908,25,22,103000,82000,3,130289,0.88,0.7961165048543689,0.12,85,67,311000,206000,18,518052,0.788235294117647,0.662379421221865,0.21176470588235294,110,89,414000,288000,21,648341,0.8090909090909091,0.6956521739130435,0.19090909090909092
sealed_holdout,7,public-random-207-df4abcd277bf,random,64,109,30,0,polarized,stationary_hotspot,retry,none,,0,False,0.7012718703634271,0.6831465647219561,15247902,110,91,427000,298000,51,718277,0.8272727272727273,0.6978922716627635,0.4636363636363636,25,23,103000,87000,8,133909,0.92,0.8446601941747572,0.32,85,77,311000,265000,33,567439,0.9058823529411765,0.8520900321543409,0.38823529411764707,110,100,414000,352000,41,701348,0.9090909090909091,0.8502415458937198,0.37272727272727274
sealed_holdout,7,public-random-207-df4abcd277bf,random,64,109,30,0,polarized,stationary_hotspot,online,none,,0,False,0.7012718703634271,0.6654806951251429,15247902,110,92,427000,306000,52,743041,0.8363636363636363,0.7166276346604216,0.4727272727272727,25,22,103000,79000,10,113518,0.88,0.7669902912621359,0.4,85,76,311000,257000,36,564386,0.8941176470588236,0.8263665594855305,0.4235294117647059,110,98,414000,336000,46,677904,0.8909090909090909,0.8115942028985508,0.41818181818181815
sealed_holdout,7,public-random-207-df4abcd277bf,random,64,109,30,0,polarized,stationary_hotspot,oracle,none,,0,False,0.7012718703634271,0.6647917012379623,15247902,110,96,427000,338000,0,896588,0.8727272727272727,0.7915690866510539,0.0,25,24,103000,95000,0,177950,0.96,0.9223300970873787,0.0,85,77,311000,265000,0,569290,0.9058823529411765,0.8520900321543409,0.0,110,101,414000,360000,0,747240,0.9181818181818182,0.8695652173913043,0.0
sealed_holdout,7,public-random-207-df4abcd277bf,random,64,109,30,0,polarized,stationary_hotspot,online,random,N006|N039,120000,False,0.7012718703634271,0.6583897539238591,15367902,110,92,427000,306000,52,743041,0.8363636363636363,0.7166276346604216,0.4727272727272727,25,22,103000,79000,10,113320,0.88,0.7669902912621359,0.4,85,77,311000,265000,33,556192,0.9058823529411765,0.8520900321543409,0.38823529411764707,110,99,414000,344000,43,669512,0.9,0.8309178743961353,0.39090909090909093
sealed_holdout,7,public-random-207-df4abcd277bf,random,64,109,30,0,polarized,stationary_hotspot,online,failure_aware,N051|N061,120000,False,0.7012718703634271,0.6585422054954232,15367902,110,92,427000,306000,52,743041,0.8363636363636363,0.7166276346604216,0.4727272727272727,25,22,103000,79000,10,113320,0.88,0.7669902912621359,0.4,85,77,311000,265000,33,568531,0.9058823529411765,0.8520900321543409,0.38823529411764707,110,99,414000,344000,43,681851,0.9,0.8309178743961353,0.39090909090909093
sealed_holdout,7,public-random-207-df4abcd277bf,random,64,109,30,0,polarized,shifted_hotspot,public,none,,0,False,0.7012718703634271,0.6845035146356668,15247902,110,87,427000,275000,23,673153,0.7909090909090909,0.6440281030444965,0.20909090909090908,25,21,103000,74000,4,79859,0.84,0.7184466019417476,0.16,85,44,311000,139000,41,430379,0.5176470588235295,0.44694533762057875,0.4823529411764706,110,65,414000,213000,45,510238,0.5909090909090909,0.5144927536231884,0.4090909090909091
sealed_holdout,7,public-random-207-df4abcd277bf,random,64,109,30,0,polarized,shifted_hotspot,retry,none,,0,False,0.7012718703634271,0.6802133267064311,15247902,110,91,427000,298000,51,718277,0.8272727272727273,0.6978922716627635,0.4636363636363636,25,23,103000,87000,9,125537,0.92,0.8446601941747572,0.36,85,71,311000,229000,62,526505,0.8352941176470589,0.7363344051446945,0.7294117647058823,110,94,414000,316000,71,652042,0.8545454545454545,0.7632850241545893,0.6454545454545455
sealed_holdout,7,public-random-207-df4abcd277bf,random,64,109,30,0,polarized,shifted_hotspot,online,none,,0,False,0.7012718703634271,0.6724828906486807,15247902,110,92,427000,306000,52,743041,0.8363636363636363,0.7166276346604216,0.4727272727272727,25,22,103000,79000,12,106067,0.88,0.7669902912621359,0.48,85,74,311000,247000,50,536601,0.8705882352941177,0.7942122186495176,0.5882352941176471,110,96,414000,326000,62,642668,0.8727272727272727,0.7874396135265701,0.5636363636363636
sealed_holdout,7,public-random-207-df4abcd277bf,random,64,109,30,0,polarized,shifted_hotspot,oracle,none,,0,False,0.7012718703634271,0.6658165657551491,15247902,110,96,427000,338000,0,896588,0.8727272727272727,0.7915690866510539,0.0,25,24,103000,95000,0,169578,0.96,0.9223300970873787,0.0,85,76,311000,257000,0,546452,0.8941176470588236,0.8263665594855305,0.0,110,100,414000,352000,0,716030,0.9090909090909091,0.8502415458937198,0.0
sealed_holdout,7,public-random-207-df4abcd277bf,random,64,109,30,0,polarized,shifted_hotspot,online,random,N006|N039,120000,False,0.7012718703634271,0.6664884303178555,15367902,110,92,427000,306000,52,743041,0.8363636363636363,0.7166276346604216,0.4727272727272727,25,22,103000,79000,10,100946,0.88,0.7669902912621359,0.4,85,77,311000,265000,35,504393,0.9058823529411765,0.8520900321543409,0.4117647058823529,110,99,414000,344000,45,605339,0.9,0.8309178743961353,0.4090909090909091
sealed_holdout,7,public-random-207-df4abcd277bf,random,64,109,30,0,polarized,shifted_hotspot,online,failure_aware,N051|N061,120000,False,0.7012718703634271,0.6665997510147698,15367902,110,92,427000,306000,52,743041,0.8363636363636363,0.7166276346604216,0.4727272727272727,25,22,103000,79000,10,100946,0.88,0.7669902912621359,0.4,85,77,311000,265000,35,516732,0.9058823529411765,0.8520900321543409,0.4117647058823529,110,99,414000,344000,45,617678,0.9,0.8309178743961353,0.4090909090909091
sealed_holdout,7,public-random-207-df4abcd277bf,random,64,109,30,1,balanced_band,diffuse,public,none,,0,False,0.04482419340794718,0.06923275885185536,15247902,110,105,455000,418000,5,2296432,0.9545454545454546,0.9186813186813186,0.045454545454545456,25,24,90000,82000,1,181014,0.96,0.9111111111111111,0.04,85,82,334000,313000,3,2044503,0.9647058823529412,0.937125748502994,0.03529411764705882,110,106,424000,395000,4,2225517,0.9636363636363636,0.9316037735849056,0.03636363636363636
sealed_holdout,7,public-random-207-df4abcd277bf,random,64,109,30,1,balanced_band,diffuse,retry,none,,0,False,0.04482419340794718,0.07209093443021973,15247902,110,108,455000,439000,9,2327827,0.9818181818181818,0.9648351648351648,0.08181818181818182,25,25,90000,90000,1,187222,1.0,1.0,0.04,85,83,334000,324000,7,2060188,0.9764705882352941,0.9700598802395209,0.08235294117647059,110,108,424000,414000,8,2247410,0.9818181818181818,0.9764150943396226,0.07272727272727272
sealed_holdout,7,public-random-207-df4abcd277bf,random,64,109,30,1,balanced_band,diffuse,online,none,,0,False,0.04482419340794718,0.07538712257269907,15247902,110,108,455000,439000,9,2328588,0.9818181818181818,0.9648351648351648,0.08181818181818182,25,25,90000,90000,1,187542,1.0,1.0,0.04,85,83,334000,324000,7,2063833,0.9764705882352941,0.9700598802395209,0.08235294117647059,110,108,424000,414000,8,2251375,0.9818181818181818,0.9764150943396226,0.07272727272727272
sealed_holdout,7,public-random-207-df4abcd277bf,random,64,109,30,1,balanced_band,diffuse,oracle,none,,0,False,0.04482419340794718,0.07363906988995808,15247902,110,109,455000,447000,0,2371436,0.990909090909091,0.9824175824175824,0.0,25,25,90000,90000,0,187222,1.0,1.0,0.0,85,84,334000,326000,0,2067858,0.9882352941176471,0.9760479041916168,0.0,110,109,424000,416000,0,2255080,0.990909090909091,0.9811320754716981,0.0
sealed_holdout,7,public-random-207-df4abcd277bf,random,64,109,30,1,balanced_band,diffuse,online,random,N000|N035,120000,False,0.04482419340794718,0.07621821553580835,15367902,110,108,455000,439000,9,2328588,0.9818181818181818,0.9648351648351648,0.08181818181818182,25,25,90000,90000,1,186862,1.0,1.0,0.04,85,83,334000,324000,7,2065697,0.9764705882352941,0.9700598802395209,0.08235294117647059,110,108,424000,414000,8,2252559,0.9818181818181818,0.9764150943396226,0.07272727272727272
sealed_holdout,7,public-random-207-df4abcd277bf,random,64,109,30,1,balanced_band,diffuse,online,failure_aware,N023|N051,120000,False,0.04482419340794718,0.07592159487631976,15367902,110,108,455000,439000,9,2328588,0.9818181818181818,0.9648351648351648,0.08181818181818182,25,25,90000,90000,1,186862,1.0,1.0,0.04,85,83,334000,324000,7,2064707,0.9764705882352941,0.9700598802395209,0.08235294117647059,110,108,424000,414000,8,2251569,0.9818181818181818,0.9764150943396226,0.07272727272727272
sealed_holdout,7,public-random-207-df4abcd277bf,random,64,109,30,1,balanced_band,stationary_hotspot,public,none,,0,False,0.04482419340794718,0.06966014377110394,15247902,110,100,451000,407000,10,1973243,0.9090909090909091,0.9024390243902439,0.09090909090909091,25,22,100000,82000,3,279481,0.88,0.82,0.12,85,73,351000,273000,12,1272409,0.8588235294117647,0.7777777777777778,0.1411764705882353,110,95,451000,355000,15,1551890,0.8636363636363636,0.7871396895787139,0.13636363636363635
sealed_holdout,7,public-random-207-df4abcd277bf,random,64,109,30,1,balanced_band,stationary_hotspot,retry,none,,0,False,0.04482419340794718,0.07142169648287715,15247902,110,105,451000,417000,22,1989518,0.9545454545454546,0.9246119733924612,0.2,25,22,100000,82000,9,279481,0.88,0.82,0.36,85,75,351000,286000,30,1277780,0.8823529411764706,0.8148148148148148,0.35294117647058826,110,97,451000,368000,39,1557261,0.8818181818181818,0.8159645232815964,0.35454545454545455
sealed_holdout,7,public-random-207-df4abcd277bf,random,64,109,30,1,balanced_band,stationary_hotspot,online,none,,0,False,0.04482419340794718,0.07892285332942332,15247902,110,105,451000,417000,22,1992138,0.9545454545454546,0.9246119733924612,0.2,25,22,100000,82000,11,280442,0.88,0.82,0.44,85,79,351000,312000,22,1291299,0.9294117647058824,0.8888888888888888,0.25882352941176473,110,101,451000,394000,33,1571741,0.9181818181818182,0.8736141906873615,0.3
sealed_holdout,7,public-random-207-df4abcd277bf,random,64,109,30,1,balanced_band,stationary_hotspot,oracle,none,,0,False,0.04482419340794718,0.0805438117134511,15247902,110,109,451000,443000,0,2002428,0.990909090909091,0.9822616407982262,0.0,25,22,100000,82000,0,279481,0.88,0.82,0.0,85,76,351000,288000,0,1280902,0.8941176470588236,0.8205128205128205,0.0,110,98,451000,370000,0,1560383,0.8909090909090909,0.8203991130820399,0.0
sealed_holdout,7,public-random-207-df4abcd277bf,random,64,109,30,1,balanced_band,stationary_hotspot,online,random,N000|N035,120000,False,0.04482419340794718,0.07812604880786714,15367902,110,105,451000,417000,22,1992138,0.9545454545454546,0.9246119733924612,0.2,25,22,100000,82000,11,280442,0.88,0.82,0.44,85,79,351000,312000,22,1290727,0.9294117647058824,0.8888888888888888,0.25882352941176473,110,101,451000,394000,33,1571169,0.9181818181818182,0.8736141906873615,0.3
sealed_holdout,7,public-random-207-df4abcd277bf,random,64,109,30,1,balanced_band,stationary_hotspot,online,failure_aware,N032|N063,120000,True,0.04482419340794718,0.07835338913716566,15367902,110,105,451000,417000,22,1992138,0.9545454545454546,0.9246119733924612,0.2,25,25,100000,100000,0,276822,1.0,1.0,0.0,85,81,351000,325000,17,1284787,0.9529411764705882,0.9259259259259259,0.2,110,106,451000,425000,17,1561609,0.9636363636363636,0.9423503325942351,0.15454545454545454
sealed_holdout,7,public-random-207-df4abcd277bf,random,64,109,30,1,balanced_band,shifted_hotspot,public,none,,0,False,0.04482419340794718,0.07211001376492539,15247902,110,100,451000,407000,10,1973243,0.9090909090909091,0.9024390243902439,0.09090909090909091,25,25,100000,100000,0,267785,1.0,1.0,0.0,85,75,351000,280000,10,1251668,0.8823529411764706,0.7977207977207977,0.11764705882352941,110,100,451000,380000,10,1519453,0.9090909090909091,0.8425720620842572,0.09090909090909091
sealed_holdout,7,public-random-207-df4abcd277bf,random,64,109,30,1,balanced_band,shifted_hotspot,retry,none,,0,False,0.04482419340794718,0.07580830735864758,15247902,110,105,451000,417000,22,1989518,0.9545454545454546,0.9246119733924612,0.2,25,25,100000,100000,0,267785,1.0,1.0,0.0,85,77,351000,296000,24,1257042,0.9058823529411765,0.8433048433048433,0.2823529411764706,110,102,451000,396000,24,1524827,0.9272727272727272,0.8780487804878049,0.21818181818181817
sealed_holdout,7,public-random-207-df4abcd277bf,random,64,109,30,1,balanced_band,shifted_hotspot,online,none,,0,False,0.04482419340794718,0.07567381146100786,15247902,110,105,451000,417000,22,1992138,0.9545454545454546,0.9246119733924612,0.2,25,25,100000,100000,0,269253,1.0,1.0,0.0,85,77,351000,296000,23,1257557,0.9058823529411765,0.8433048433048433,0.27058823529411763,110,102,451000,396000,23,1526810,0.9272727272727272,0.8780487804878049,0.20909090909090908
sealed_holdout,7,public-random-207-df4abcd277bf,random,64,109,30,1,balanced_band,shifted_hotspot,oracle,none,,0,False,0.04482419340794718,0.08420226756451073,15247902,110,109,451000,443000,0,2002428,0.990909090909091,0.9822616407982262,0.0,25,25,100000,100000,0,267785,1.0,1.0,0.0,85,77,351000,296000,0,1257042,0.9058823529411765,0.8433048433048433,0.0,110,102,451000,396000,0,1524827,0.9272727272727272,0.8780487804878049,0.0
sealed_holdout,7,public-random-207-df4abcd277bf,random,64,109,30,1,balanced_band,shifted_hotspot,online,random,N000|N035,120000,False,0.04482419340794718,0.0749023770273277,15367902,110,105,451000,417000,22,1992138,0.9545454545454546,0.9246119733924612,0.2,25,25,100000,100000,0,269253,1.0,1.0,0.0,85,77,351000,296000,23,1256985,0.9058823529411765,0.8433048433048433,0.27058823529411763,110,102,451000,396000,23,1526238,0.9272727272727272,0.8780487804878049,0.20909090909090908
sealed_holdout,7,public-random-207-df4abcd277bf,random,64,109,30,1,balanced_band,shifted_hotspot,online,failure_aware,N032|N063,120000,False,0.04482419340794718,0.07468213173878537,15367902,110,105,451000,417000,22,1992138,0.9545454545454546,0.9246119733924612,0.2,25,25,100000,100000,0,269253,1.0,1.0,0.0,85,77,351000,296000,23,1257870,0.9058823529411765,0.8433048433048433,0.27058823529411763,110,102,451000,396000,23,1527123,0.9272727272727272,0.8780487804878049,0.20909090909090908
sealed_holdout,7,public-random-207-df4abcd277bf,random,64,109,30,1,uniform,diffuse,public,none,,0,False,0.25818718165822,0.26893349079587225,15247902,110,103,455000,411000,7,2258536,0.9363636363636364,0.9032967032967033,0.06363636363636363,25,24,90000,82000,1,181014,0.96,0.9111111111111111,0.04,85,78,334000,291000,7,1966676,0.9176470588235294,0.8712574850299402,0.08235294117647059,110,102,424000,373000,8,2147690,0.9272727272727272,0.8797169811320755,0.07272727272727272
sealed_holdout,7,public-random-207-df4abcd277bf,random,64,109,30,1,uniform,diffuse,retry,none,,0,False,0.25818718165822,0.27139555228639234,15247902,110,107,455000,434000,14,2304243,0.9727272727272728,0.9538461538461539,0.12727272727272726,25,25,90000,90000,2,190531,1.0,1.0,0.08,85,79,334000,298000,18,1982968,0.9294117647058824,0.8922155688622755,0.21176470588235294,110,104,424000,388000,20,2173499,0.9454545454545454,0.9150943396226415,0.18181818181818182
sealed_holdout,7,public-random-207-df4abcd277bf,random,64,109,30,1,uniform,diffuse,online,none,,0,False,0.25818718165822,0.2723603504373274,15247902,110,107,455000,434000,13,2305874,0.9727272727272728,0.9538461538461539,0.11818181818181818,25,25,90000,90000,2,190851,1.0,1.0,0.08,85,79,334000,298000,18,1986138,0.9294117647058824,0.8922155688622755,0.21176470588235294,110,104,424000,388000,20,2176989,0.9454545454545454,0.9150943396226415,0.18181818181818182
sealed_holdout,7,public-random-207-df4abcd277bf,random,64,109,30,1,uniform,diffuse,oracle,none,,0,False,0.25818718165822,0.27599506540942403,15247902,110,109,455000,447000,0,2385354,0.990909090909091,0.9824175824175824,0.0,25,25,90000,90000,0,190531,1.0,1.0,0.0,85,81,334000,305000,0,2006193,0.9529411764705882,0.9131736526946108,0.0,110,106,424000,395000,0,2196724,0.9636363636363636,0.9316037735849056,0.0
sealed_holdout,7,public-random-207-df4abcd277bf,random,64,109,30,1,uniform,diffuse,online,random,N000|N035,120000,False,0.25818718165822,0.2688228179824604,15367902,110,107,455000,434000,13,2305874,0.9727272727272728,0.9538461538461539,0.11818181818181818,25,25,90000,90000,2,190756,1.0,1.0,0.08,85,79,334000,298000,17,1987631,0.9294117647058824,0.8922155688622755,0.2,110,104,424000,388000,19,2178387,0.9454545454545454,0.9150943396226415,0.17272727272727273
sealed_holdout,7,public-random-207-df4abcd277bf,random,64,109,30,1,uniform,diffuse,online,failure_aware,N023|N051,120000,False,0.25818718165822,0.2688785808157788,15367902,110,107,455000,434000,13,2305874,0.9727272727272728,0.9538461538461539,0.11818181818181818,25,25,90000,90000,2,190756,1.0,1.0,0.08,85,79,334000,298000,17,1986641,0.9294117647058824,0.8922155688622755,0.2,110,104,424000,388000,19,2177397,0.9454545454545454,0.9150943396226415,0.17272727272727273
sealed_holdout,7,public-random-207-df4abcd277bf,random,64,109,30,1,uniform,stationary_hotspot,public,none,,0,False,0.25818718165822,0.27466946289669447,15247902,110,97,451000,386000,13,1912109,0.8818181818181818,0.8558758314855875,0.11818181818181818,25,22,100000,82000,3,279481,0.88,0.82,0.12,85,72,351000,268000,13,1272407,0.8470588235294118,0.7635327635327636,0.15294117647058825,110,94,451000,350000,16,1551888,0.8545454545454545,0.7760532150776053,0.14545454545454545
sealed_holdout,7,public-random-207-df4abcd277bf,random,64,109,30,1,uniform,stationary_hotspot,retry,none,,0,False,0.25818718165822,0.2735235129764462,15247902,110,102,451000,407000,32,1982497,0.9272727272727272,0.9024390243902439,0.2909090909090909,25,21,100000,80000,14,276695,0.84,0.8,0.56,85,73,351000,279000,34,1274796,0.8588235294117647,0.7948717948717948,0.4,110,94,451000,359000,48,1551491,0.8545454545454545,0.7960088691796009,0.43636363636363634
sealed_holdout,7,public-random-207-df4abcd277bf,random,64,109,30,1,uniform,stationary_hotspot,online,none,,0,False,0.25818718165822,0.271634461517695,15247902,110,103,451000,412000,30,1986408,0.9363636363636364,0.9135254988913526,0.2727272727272727,25,21,100000,80000,13,277156,0.84,0.8,0.52,85,73,351000,279000,33,1275110,0.8588235294117647,0.7948717948717948,0.38823529411764707,110,94,451000,359000,46,1552266,0.8545454545454545,0.7960088691796009,0.41818181818181815
sealed_holdout,7,public-random-207-df4abcd277bf,random,64,109,30,1,uniform,stationary_hotspot,oracle,none,,0,False,0.25818718165822,0.2756740740989066,15247902,110,104,451000,409000,0,1988567,0.9454545454545454,0.9068736141906873,0.0,25,22,100000,82000,0,279765,0.88,0.82,0.0,85,74,351000,281000,0,1277866,0.8705882352941177,0.8005698005698005,0.0,110,96,451000,363000,0,1557631,0.8727272727272727,0.8048780487804879,0.0
sealed_holdout,7,public-random-207-df4abcd277bf,random,64,109,30,1,uniform,stationary_hotspot,online,random,N000|N035,120000,False,0.25818718165822,0.26945337354115717,15367902,110,103,451000,412000,30,1986408,0.9363636363636364,0.9135254988913526,0.2727272727272727,25,21,100000,80000,13,277156,0.84,0.8,0.52,85,73,351000,279000,33,1274739,0.8588235294117647,0.7948717948717948,0.38823529411764707,110,94,451000,359000,46,1551895,0.8545454545454545,0.7960088691796009,0.41818181818181815
sealed_holdout,7,public-random-207-df4abcd277bf,random,64,109,30,1,uniform,stationary_hotspot,online,failure_aware,N032|N063,120000,True,0.25818718165822,0.2773555602293456,15367902,110,103,451000,412000,30,1986408,0.9363636363636364,0.9135254988913526,0.2727272727272727,25,25,100000,100000,0,276822,1.0,1.0,0.0,85,80,351000,317000,17,1284642,0.9411764705882353,0.9031339031339032,0.2,110,105,451000,417000,17,1561464,0.9545454545454546,0.9246119733924612,0.15454545454545454
sealed_holdout,7,public-random-207-df4abcd277bf,random,64,109,30,1,uniform,shifted_hotspot,public,none,,0,False,0.25818718165822,0.28289759599028125,15247902,110,97,451000,386000,13,1912109,0.8818181818181818,0.8558758314855875,0.11818181818181818,25,25,100000,100000,0,267785,1.0,1.0,0.0,85,74,351000,278000,11,1251741,0.8705882352941177,0.792022792022792,0.12941176470588237,110,99,451000,378000,11,1519526,0.9,0.8381374722838137,0.1
sealed_holdout,7,public-random-207-df4abcd277bf,random,64,109,30,1,uniform,shifted_hotspot,retry,none,,0,False,0.25818718165822,0.28568453369147906,15247902,110,102,451000,407000,32,1982497,0.9272727272727272,0.9024390243902439,0.2909090909090909,25,25,100000,100000,0,267785,1.0,1.0,0.0,85,76,351000,294000,25,1257115,0.8941176470588236,0.8376068376068376,0.29411764705882354,110,101,451000,394000,25,1524900,0.9181818181818182,0.8736141906873615,0.22727272727272727
sealed_holdout,7,public-random-207-df4abcd277bf,random,64,109,30,1,uniform,shifted_hotspot,online,none,,0,False,0.25818718165822,0.2802404160034422,15247902,110,103,451000,412000,30,1986408,0.9363636363636364,0.9135254988913526,0.2727272727272727,25,25,100000,100000,0,269253,1.0,1.0,0.0,85,75,351000,286000,26,1254364,0.8823529411764706,0.8148148148148148,0.3058823529411765,110,100,451000,386000,26,1523617,0.9090909090909091,0.8558758314855875,0.23636363636363636
sealed_holdout,7,public-random-207-df4abcd277bf,random,64,109,30,1,uniform,shifted_hotspot,oracle,none,,0,False,0.25818718165822,0.2863281532250705,15247902,110,104,451000,409000,0,1988567,0.9454545454545454,0.9068736141906873,0.0,25,25,100000,100000,0,267785,1.0,1.0,0.0,85,76,351000,294000,0,1257115,0.8941176470588236,0.8376068376068376,0.0,110,101,451000,394000,0,1524900,0.9181818181818182,0.8736141906873615,0.0
sealed_holdout,7,public-random-207-df4abcd277bf,random,64,109,30,1,uniform,shifted_hotspot,online,random,N000|N035,120000,False,0.25818718165822,0.2779921285784508,15367902,110,103,451000,412000,30,1986408,0.9363636363636364,0.9135254988913526,0.2727272727272727,25,25,100000,100000,0,269253,1.0,1.0,0.0,85,75,351000,286000,26,1253993,0.8823529411764706,0.8148148148148148,0.3058823529411765,110,100,451000,386000,26,1523246,0.9090909090909091,0.8558758314855875,0.23636363636363636
sealed_holdout,7,public-random-207-df4abcd277bf,random,64,109,30,1,uniform,shifted_hotspot,online,failure_aware,N032|N063,120000,False,0.25818718165822,0.2777011587930738,15367902,110,103,451000,412000,30,1986408,0.9363636363636364,0.9135254988913526,0.2727272727272727,25,25,100000,100000,0,269253,1.0,1.0,0.0,85,75,351000,286000,26,1254878,0.8823529411764706,0.8148148148148148,0.3058823529411765,110,100,451000,386000,26,1524131,0.9090909090909091,0.8558758314855875,0.23636363636363636
sealed_holdout,7,public-random-207-df4abcd277bf,random,64,109,30,1,polarized,diffuse,public,none,,0,False,0.6913857979400084,0.6456273551261226,15247902,110,89,455000,333000,21,1652102,0.8090909090909091,0.7318681318681318,0.19090909090909092,25,23,90000,77000,2,130013,0.92,0.8555555555555555,0.08,85,62,334000,205000,23,769900,0.7294117647058823,0.6137724550898204,0.27058823529411763,110,85,424000,282000,25,899913,0.7727272727272727,0.6650943396226415,0.22727272727272727
sealed_holdout,7,public-random-207-df4abcd277bf,random,64,109,30,1,polarized,diffuse,retry,none,,0,False,0.6913857979400084,0.6572577248986844,15247902,110,100,455000,384000,44,1776067,0.9090909090909091,0.843956043956044,0.4,25,24,90000,82000,3,181014,0.96,0.9111111111111111,0.12,85,70,334000,255000,42,1859634,0.8235294117647058,0.7634730538922155,0.49411764705882355,110,94,424000,337000,45,2040648,0.8545454545454545,0.7948113207547169,0.4090909090909091
sealed_holdout,7,public-random-207-df4abcd277bf,random,64,109,30,1,polarized,diffuse,online,none,,0,False,0.6913857979400084,0.6534539070759614,15247902,110,100,455000,384000,40,1776933,0.9090909090909091,0.843956043956044,0.36363636363636365,25,24,90000,82000,3,181222,0.96,0.9111111111111111,0.12,85,70,334000,259000,40,1862783,0.8235294117647058,0.7754491017964071,0.47058823529411764,110,94,424000,341000,43,2044005,0.8545454545454545,0.8042452830188679,0.39090909090909093
sealed_holdout,7,public-random-207-df4abcd277bf,random,64,109,30,1,polarized,diffuse,oracle,none,,0,False,0.6913857979400084,0.6546673993111145,15247902,110,101,455000,389000,0,1813569,0.9181818181818182,0.8549450549450549,0.0,25,24,90000,82000,0,181014,0.96,0.9111111111111111,0.0,85,73,334000,269000,0,1936476,0.8588235294117647,0.8053892215568862,0.0,110,97,424000,351000,0,2117490,0.8818181818181818,0.8278301886792453,0.0
sealed_holdout,7,public-random-207-df4abcd277bf,random,64,109,30,1,polarized,diffuse,online,random,N000|N035,120000,False,0.6913857979400084,0.6487434180147867,15367902,110,100,455000,384000,40,1776933,0.9090909090909091,0.843956043956044,0.36363636363636365,25,24,90000,82000,3,181222,0.96,0.9111111111111111,0.12,85,69,334000,251000,44,1834107,0.8117647058823529,0.7514970059880239,0.5176470588235295,110,93,424000,333000,47,2015329,0.8454545454545455,0.785377358490566,0.42727272727272725
sealed_holdout,7,public-random-207-df4abcd277bf,random,64,109,30,1,polarized,diffuse,online,failure_aware,N050|N061,120000,False,0.6913857979400084,0.6461162036018913,15367902,110,100,455000,384000,40,1776933,0.9090909090909091,0.843956043956044,0.36363636363636365,25,24,90000,82000,3,181222,0.96,0.9111111111111111,0.12,85,69,334000,251000,46,889492,0.8117647058823529,0.7514970059880239,0.5411764705882353,110,93,424000,333000,49,1070714,0.8454545454545455,0.785377358490566,0.44545454545454544
sealed_holdout,7,public-random-207-df4abcd277bf,random,64,109,30,1,polarized,stationary_hotspot,public,none,,0,False,0.6913857979400084,0.6674772013051393,15247902,110,75,451000,274000,35,1395607,0.6818181818181818,0.6075388026607539,0.3181818181818182,25,18,100000,59000,7,166042,0.72,0.59,0.28,85,60,351000,209000,25,769394,0.7058823529411765,0.5954415954415955,0.29411764705882354,110,78,451000,268000,32,935436,0.7090909090909091,0.5942350332594235,0.2909090909090909
sealed_holdout,7,public-random-207-df4abcd277bf,random,64,109,30,1,polarized,stationary_hotspot,retry,none,,0,False,0.6913857979400084,0.6627397047036445,15247902,110,83,451000,310000,84,1515831,0.7545454545454545,0.6873614190687362,0.7636363636363637,25,17,100000,58000,20,110041,0.68,0.58,0.8,85,64,351000,228000,58,807219,0.7529411764705882,0.6495726495726496,0.6823529411764706,110,81,451000,286000,78,917260,0.7363636363636363,0.6341463414634146,0.7090909090909091
sealed_holdout,7,public-random-207-df4abcd277bf,random,64,109,30,1,polarized,stationary_hotspot,online,none,,0,False,0.6913857979400084,0.6626486926314465,15247902,110,84,451000,312000,82,1522895,0.7636363636363637,0.6917960088691796,0.7454545454545455,25,17,100000,58000,20,110041,0.68,0.58,0.8,85,64,351000,228000,57,805850,0.7529411764705882,0.6495726495726496,0.6705882352941176,110,81,451000,286000,77,915891,0.7363636363636363,0.6341463414634146,0.7
sealed_holdout,7,public-random-207-df4abcd277bf,random,64,109,30,1,polarized,stationary_hotspot,oracle,none,,0,False,0.6913857979400084,0.6626995307421455,15247902,110,85,451000,320000,0,1583051,0.7727272727272727,0.7095343680709535,0.0,25,17,100000,58000,0,110041,0.68,0.58,0.0,85,65,351000,233000,0,824014,0.7647058823529411,0.6638176638176638,0.0,110,82,451000,291000,0,934055,0.7454545454545455,0.6452328159645233,0.0
sealed_holdout,7,public-random-207-df4abcd277bf,random,64,109,30,1,polarized,stationary_hotspot,online,random,N000|N035,120000,False,0.6913857979400084,0.6570404127283789,15367902,110,84,451000,312000,82,1522895,0.7636363636363637,0.6917960088691796,0.7454545454545455,25,17,100000,58000,20,110041,0.68,0.58,0.8,85,64,351000,228000,57,805545,0.7529411764705882,0.6495726495726496,0.6705882352941176,110,81,451000,286000,77,915586,0.7363636363636363,0.6341463414634146,0.7
sealed_holdout,7,public-random-207-df4abcd277bf,random,64,109,30,1,polarized,stationary_hotspot,online,failure_aware,N032|N063,120000,True,0.6913857979400084,0.6644565909060688,15367902,110,84,451000,312000,82,1522895,0.7636363636363637,0.6917960088691796,0.7454545454545455,25,21,100000,78000,8,104755,0.84,0.78,0.32,85,71,351000,266000,37,798478,0.8352941176470589,0.7578347578347578,0.43529411764705883,110,92,451000,344000,45,903233,0.8363636363636363,0.7627494456762749,0.4090909090909091
sealed_holdout,7,public-random-207-df4abcd277bf,random,64,109,30,1,polarized,shifted_hotspot,public,none,,0,False,0.6913857979400084,0.6792510239445182,15247902,110,75,451000,274000,35,1395607,0.6818181818181818,0.6075388026607539,0.3181818181818182,25,18,100000,53000,7,112822,0.72,0.53,0.28,85,64,351000,226000,21,752365,0.7529411764705882,0.6438746438746439,0.24705882352941178,110,82,451000,279000,28,865187,0.7454545454545455,0.6186252771618626,0.2545454545454545
sealed_holdout,7,public-random-207-df4abcd277bf,random,64,109,30,1,polarized,shifted_hotspot,retry,none,,0,False,0.6913857979400084,0.6718800525076034,15247902,110,83,451000,310000,84,1515831,0.7545454545454545,0.6873614190687362,0.7636363636363637,25,20,100000,73000,17,104120,0.8,0.73,0.68,85,67,351000,240000,53,788196,0.788235294117647,0.6837606837606838,0.6235294117647059,110,87,451000,313000,70,892316,0.7909090909090909,0.6940133037694013,0.6363636363636364
sealed_holdout,7,public-random-207-df4abcd277bf,random,64,109,30,1,polarized,shifted_hotspot,online,none,,0,False,0.6913857979400084,0.6707515440196563,15247902,110,84,451000,312000,82,1522895,0.7636363636363637,0.6917960088691796,0.7454545454545455,25,19,100000,65000,20,102930,0.76,0.65,0.8,85,68,351000,245000,50,791822,0.8,0.698005698005698,0.5882352941176471,110,87,451000,310000,70,894752,0.7909090909090909,0.6873614190687362,0.6363636363636364
sealed_holdout,7,public-random-207-df4abcd277bf,random,64,109,30,1,polarized,shifted_hotspot,oracle,none,,0,False,0.6913857979400084,0.6660361799330882,15247902,110,85,451000,320000,0,1583051,0.7727272727272727,0.7095343680709535,0.0,25,20,100000,73000,0,104120,0.8,0.73,0.0,85,71,351000,260000,0,829425,0.8352941176470589,0.7407407407407407,0.0,110,91,451000,333000,0,933545,0.8272727272727273,0.738359201773836,0.0
sealed_holdout,7,public-random-207-df4abcd277bf,random,64,109,30,1,polarized,shifted_hotspot,online,random,N000|N035,120000,False,0.6913857979400084,0.6670588166534006,15367902,110,84,451000,312000,82,1522895,0.7636363636363637,0.6917960088691796,0.7454545454545455,25,19,100000,65000,20,102930,0.76,0.65,0.8,85,68,351000,245000,50,767506,0.8,0.698005698005698,0.5882352941176471,110,87,451000,310000,70,870436,0.7909090909090909,0.6873614190687362,0.6363636363636364
sealed_holdout,7,public-random-207-df4abcd277bf,random,64,109,30,1,polarized,shifted_hotspot,online,failure_aware,N032|N063,120000,False,0.6913857979400084,0.6673850837363948,15367902,110,84,451000,312000,82,1522895,0.7636363636363637,0.6917960088691796,0.7454545454545455,25,19,100000,65000,20,102930,0.76,0.65,0.8,85,68,351000,245000,50,767360,0.8,0.698005698005698,0.5882352941176471,110,87,451000,310000,70,870290,0.7909090909090909,0.6873614190687362,0.6363636363636364
sealed_holdout,8,public-periphery-208-96ea25058347,periphery,64,180,17,0,balanced_band,diffuse,public,none,,0,False,0.06461442980879444,0.08316114546373841,27452858,110,105,479000,452000,5,200108501,0.9545454545454546,0.9436325678496869,0.045454545454545456,25,25,94000,94000,0,40021073,1.0,1.0,0.0,85,76,322000,280000,9,60085797,0.8941176470588236,0.8695652173913043,0.10588235294117647,110,101,416000,374000,9,100106870,0.9181818181818182,0.8990384615384616,0.08181818181818182
sealed_holdout,8,public-periphery-208-96ea25058347,periphery,64,180,17,0,balanced_band,diffuse,retry,none,,0,False,0.06461442980879444,0.08195595306221273,27452858,110,110,479000,479000,5,200120255,1.0,1.0,0.045454545454545456,25,25,94000,94000,0,40021073,1.0,1.0,0.0,85,80,322000,288000,22,60126754,0.9411764705882353,0.8944099378881988,0.25882352941176473,110,105,416000,382000,22,100147827,0.9545454545454546,0.9182692307692307,0.2
sealed_holdout,8,public-periphery-208-96ea25058347,periphery,64,180,17,0,balanced_band,diffuse,online,none,,0,False,0.06461442980879444,0.08570892225868382,27452858,110,110,479000,479000,5,200124612,1.0,1.0,0.045454545454545456,25,25,94000,94000,0,40022191,1.0,1.0,0.0,85,80,322000,288000,22,60135797,0.9411764705882353,0.8944099378881988,0.25882352941176473,110,105,416000,382000,22,100157988,0.9545454545454546,0.9182692307692307,0.2
sealed_holdout,8,public-periphery-208-96ea25058347,periphery,64,180,17,0,balanced_band,diffuse,oracle,none,,0,False,0.06461442980879444,0.08177005887969427,27452858,110,110,479000,479000,0,200120255,1.0,1.0,0.0,25,25,94000,94000,0,40021073,1.0,1.0,0.0,85,82,322000,298000,0,60134750,0.9647058823529412,0.9254658385093167,0.0,110,107,416000,392000,0,100155823,0.9727272727272728,0.9423076923076923,0.0
sealed_holdout,8,public-periphery-208-96ea25058347,periphery,64,180,17,0,balanced_band,diffuse,online,random,N025|N055,120000,False,0.06461442980879444,0.08611763286782739,27572858,110,110,479000,479000,5,200124612,1.0,1.0,0.045454545454545456,25,25,94000,94000,0,40023618,1.0,1.0,0.0,85,80,322000,288000,20,60151632,0.9411764705882353,0.8944099378881988,0.23529411764705882,110,105,416000,382000,20,100175250,0.9545454545454546,0.9182692307692307,0.18181818181818182
sealed_holdout,8,public-periphery-208-96ea25058347,periphery,64,180,17,0,balanced_band,diffuse,online,failure_aware,N025|N055,120000,False,0.06461442980879444,0.08611763286782739,27572858,110,110,479000,479000,5,200124612,1.0,1.0,0.045454545454545456,25,25,94000,94000,0,40023618,1.0,1.0,0.0,85,80,322000,288000,20,60151632,0.9411764705882353,0.8944099378881988,0.23529411764705882,110,105,416000,382000,20,100175250,0.9545454545454546,0.9182692307692307,0.18181818181818182
sealed_holdout,8,public-periphery-208-96ea25058347,periphery,64,180,17,0,balanced_band,stationary_hotspot,public,none,,0,False,0.06461442980879444,0.07124110823802586,27452858,110,96,447000,365000,14,160086056,0.8727272727272727,0.8165548098434005,0.12727272727272726,25,21,114000,88000,4,70022113,0.84,0.7719298245614035,0.16,85,76,327000,281000,9,40072661,0.8941176470588236,0.8593272171253823,0.10588235294117647,110,97,441000,369000,13,110094774,0.8818181818181818,0.8367346938775511,0.11818181818181818
sealed_holdout,8,public-periphery-208-96ea25058347,periphery,64,180,17,0,balanced_band,stationary_hotspot,retry,none,,0,False,0.06461442980879444,0.07023091340140414,27452858,110,98,447000,381000,38,160092404,0.8909090909090909,0.8523489932885906,0.34545454545454546,25,22,114000,96000,10,70023513,0.88,0.8421052631578947,0.4,85,76,327000,281000,26,40072781,0.8941176470588236,0.8593272171253823,0.3058823529411765,110,98,441000,377000,36,110096294,0.8909090909090909,0.854875283446712,0.32727272727272727
sealed_holdout,8,public-periphery-208-96ea25058347,periphery,64,180,17,0,balanced_band,stationary_hotspot,online,none,,0,False,0.06461442980879444,0.07095057520391197,27452858,110,98,447000,381000,45,160095930,0.8909090909090909,0.8523489932885906,0.4090909090909091,25,22,114000,96000,13,70024998,0.88,0.8421052631578947,0.52,85,76,327000,281000,26,40076752,0.8941176470588236,0.8593272171253823,0.3058823529411765,110,98,441000,377000,39,110101750,0.8909090909090909,0.854875283446712,0.35454545454545455
sealed_holdout,8,public-periphery-208-96ea25058347,periphery,64,180,17,0,balanced_band,stationary_hotspot,oracle,none,,0,False,0.06461442980879444,0.07047205772092292,27452858,110,99,447000,389000,0,160152727,0.9,0.8702460850111857,0.0,25,22,114000,96000,0,70023513,0.88,0.8421052631578947,0.0,85,76,327000,281000,0,40072781,0.8941176470588236,0.8593272171253823,0.0,110,98,441000,377000,0,110096294,0.8909090909090909,0.854875283446712,0.0
sealed_holdout,8,public-periphery-208-96ea25058347,periphery,64,180,17,0,balanced_band,stationary_hotspot,online,random,N025|N055,120000,False,0.06461442980879444,0.07044826109041648,27572858,110,98,447000,381000,45,160095930,0.8909090909090909,0.8523489932885906,0.4090909090909091,25,22,114000,96000,12,70025904,0.88,0.8421052631578947,0.48,85,76,327000,281000,32,40094819,0.8941176470588236,0.8593272171253823,0.3764705882352941,110,98,441000,377000,44,110120723,0.8909090909090909,0.854875283446712,0.4
sealed_holdout,8,public-periphery-208-96ea25058347,periphery,64,180,17,0,balanced_band,stationary_hotspot,online,failure_aware,N013|N017,120000,True,0.06461442980879444,0.07387378133992177,27572858,110,98,447000,381000,45,160095930,0.8909090909090909,0.8523489932885906,0.4090909090909091,25,25,114000,114000,3,70030990,1.0,1.0,0.12,85,84,327000,322000,19,40102437,0.9882352941176471,0.9847094801223242,0.2235294117647059,110,109,441000,436000,22,110133427,0.990909090909091,0.9886621315192744,0.2
sealed_holdout,8,public-periphery-208-96ea25058347,periphery,64,180,17,0,balanced_band,shifted_hotspot,public,none,,0,False,0.06461442980879444,0.0670484167495811,27452858,110,96,447000,365000,14,160086056,0.8727272727272727,0.8165548098434005,0.12727272727272726,25,21,114000,88000,4,160010874,0.84,0.7719298245614035,0.16,85,74,327000,271000,11,789978399,0.8705882352941177,0.8287461773700305,0.12941176470588237,110,95,441000,359000,15,949989273,0.8636363636363636,0.8140589569160998,0.13636363636363635
sealed_holdout,8,public-periphery-208-96ea25058347,periphery,64,180,17,0,balanced_band,shifted_hotspot,retry,none,,0,False,0.06461442980879444,0.06795803408500027,27452858,110,98,447000,381000,38,160092404,0.8909090909090909,0.8523489932885906,0.34545454545454546,25,22,114000,96000,8,160012274,0.88,0.8421052631578947,0.32,85,74,327000,271000,33,789978399,0.8705882352941177,0.8287461773700305,0.38823529411764707,110,96,441000,367000,41,949990673,0.8727272727272727,0.8321995464852607,0.37272727272727274
sealed_holdout,8,public-periphery-208-96ea25058347,periphery,64,180,17,0,balanced_band,shifted_hotspot,online,none,,0,False,0.06461442980879444,0.06792879735283401,27452858,110,98,447000,381000,45,160095930,0.8909090909090909,0.8523489932885906,0.4090909090909091,25,22,114000,96000,11,160013759,0.88,0.8421052631578947,0.44,85,74,327000,271000,34,789982340,0.8705882352941177,0.8287461773700305,0.4,110,96,441000,367000,45,949996099,0.8727272727272727,0.8321995464852607,0.4090909090909091
sealed_holdout,8,public-periphery-208-96ea25058347,periphery,64,180,17,0,balanced_band,shifted_hotspot,oracle,none,,0,False,0.06461442980879444,0.06819917840451904,27452858,110,99,447000,389000,0,160152727,0.9,0.8702460850111857,0.0,25,22,114000,96000,0,160012274,0.88,0.8421052631578947,0.0,85,74,327000,271000,0,789978399,0.8705882352941177,0.8287461773700305,0.0,110,96,441000,367000,0,949990673,0.8727272727272727,0.8321995464852607,0.0
sealed_holdout,8,public-periphery-208-96ea25058347,periphery,64,180,17,0,balanced_band,shifted_hotspot,online,random,N025|N055,120000,False,0.06461442980879444,0.06791593043644603,27572858,110,98,447000,381000,45,160095930,0.8909090909090909,0.8523489932885906,0.4090909090909091,25,22,114000,96000,11,160014815,0.88,0.8421052631578947,0.44,85,74,327000,271000,33,789994881,0.8705882352941177,0.8287461773700305,0.38823529411764707,110,96,441000,367000,44,950009696,0.8727272727272727,0.8321995464852607,0.4
sealed_holdout,8,public-periphery-208-96ea25058347,periphery,64,180,17,0,balanced_band,shifted_hotspot,online,failure_aware,N013|N017,120000,False,0.06461442980879444,0.06828562957633176,27572858,110,98,447000,381000,45,160095930,0.8909090909090909,0.8523489932885906,0.4090909090909091,25,22,114000,96000,11,160015213,0.88,0.8421052631578947,0.44,85,74,327000,271000,33,789995978,0.8705882352941177,0.8287461773700305,0.38823529411764707,110,96,441000,367000,44,950011191,0.8727272727272727,0.8321995464852607,0.4
sealed_holdout,8,public-periphery-208-96ea25058347,periphery,64,180,17,0,uniform,diffuse,public,none,,0,False,0.3721782342291203,0.3779993473796968,27452858,110,97,479000,408000,13,180101202,0.8818181818181818,0.8517745302713987,0.11818181818181818,25,25,94000,94000,0,40021073,1.0,1.0,0.0,85,71,322000,237000,14,60076035,0.8352941176470589,0.7360248447204969,0.16470588235294117,110,96,416000,331000,14,100097108,0.8727272727272727,0.7956730769230769,0.12727272727272726
sealed_holdout,8,public-periphery-208-96ea25058347,periphery,64,180,17,0,uniform,diffuse,retry,none,,0,False,0.3721782342291203,0.3799716469730887,27452858,110,102,479000,445000,32,180151377,0.9272727272727272,0.9290187891440501,0.2909090909090909,25,25,94000,94000,0,40021073,1.0,1.0,0.0,85,79,322000,280000,25,60126287,0.9294117647058824,0.8695652173913043,0.29411764705882354,110,104,416000,374000,25,100147360,0.9454545454545454,0.8990384615384616,0.22727272727272727
sealed_holdout,8,public-periphery-208-96ea25058347,periphery,64,180,17,0,uniform,diffuse,online,none,,0,False,0.3721782342291203,0.38264384981502997,27452858,110,102,479000,445000,34,180156550,0.9272727272727272,0.9290187891440501,0.3090909090909091,25,25,94000,94000,1,40022454,1.0,1.0,0.04,85,80,322000,285000,20,60165859,0.9411764705882353,0.8850931677018633,0.23529411764705882,110,105,416000,379000,21,100188313,0.9545454545454546,0.9110576923076923,0.19090909090909092
sealed_holdout,8,public-periphery-208-96ea25058347,periphery,64,180,17,0,uniform,diffuse,oracle,none,,0,False,0.3721782342291203,0.37857873449474083,27452858,110,105,479000,454000,0,180194239,0.9545454545454546,0.9478079331941545,0.0,25,25,94000,94000,0,40021073,1.0,1.0,0.0,85,81,322000,293000,0,60171768,0.9529411764705882,0.9099378881987578,0.0,110,106,416000,387000,0,100192841,0.9636363636363636,0.9302884615384616,0.0
sealed_holdout,8,public-periphery-208-96ea25058347,periphery,64,180,17,0,uniform,diffuse,online,random,N025|N055,120000,False,0.3721782342291203,0.37389509438581997,27572858,110,102,479000,445000,34,180156550,0.9272727272727272,0.9290187891440501,0.3090909090909091,25,25,94000,94000,1,40025698,1.0,1.0,0.04,85,79,322000,277000,26,60177425,0.9294117647058824,0.860248447204969,0.3058823529411765,110,104,416000,371000,27,100203123,0.9454545454545454,0.8918269230769231,0.24545454545454545
sealed_holdout,8,public-periphery-208-96ea25058347,periphery,64,180,17,0,uniform,diffuse,online,failure_aware,N058|N059,120000,False,0.3721782342291203,0.37459940726684526,27572858,110,102,479000,445000,34,180156550,0.9272727272727272,0.9290187891440501,0.3090909090909091,25,25,94000,94000,1,40025698,1.0,1.0,0.04,85,78,322000,269000,28,60102251,0.9176470588235294,0.8354037267080745,0.32941176470588235,110,103,416000,363000,29,100127949,0.9363636363636364,0.8725961538461539,0.2636363636363636
sealed_holdout,8,public-periphery-208-96ea25058347,periphery,64,180,17,0,uniform,stationary_hotspot,public,none,,0,False,0.3721782342291203,0.36088948404843824,27452858,110,90,447000,339000,20,160076077,0.8181818181818182,0.7583892617449665,0.18181818181818182,25,20,114000,86000,5,50023753,0.8,0.7543859649122807,0.2,85,75,327000,276000,10,40071656,0.8823529411764706,0.8440366972477065,0.11764705882352941,110,95,441000,362000,15,90095409,0.8636363636363636,0.8208616780045351,0.13636363636363635
sealed_holdout,8,public-periphery-208-96ea25058347,periphery,64,180,17,0,uniform,stationary_hotspot,retry,none,,0,False,0.3721782342291203,0.3605631731714708,27452858,110,95,447000,367000,48,160086850,0.8636363636363636,0.8210290827740492,0.43636363636363634,25,21,114000,94000,13,50025153,0.84,0.8245614035087719,0.52,85,76,327000,281000,26,40075266,0.8941176470588236,0.8593272171253823,0.3058823529411765,110,97,441000,375000,39,90100419,0.8818181818181818,0.8503401360544217,0.35454545454545455
sealed_holdout,8,public-periphery-208-96ea25058347,periphery,64,180,17,0,uniform,stationary_hotspot,online,none,,0,False,0.3721782342291203,0.3578351481626315,27452858,110,95,447000,367000,56,160092854,0.8636363636363636,0.8210290827740492,0.509090909090909,25,21,114000,94000,15,50026915,0.84,0.8245614035087719,0.6,85,76,327000,281000,33,40085091,0.8941176470588236,0.8593272171253823,0.38823529411764707,110,97,441000,375000,48,90112006,0.8818181818181818,0.8503401360544217,0.43636363636363634
sealed_holdout,8,public-periphery-208-96ea25058347,periphery,64,180,17,0,uniform,stationary_hotspot,oracle,none,,0,False,0.3721782342291203,0.3585859439705387,27452858,110,96,447000,375000,0,160149177,0.8727272727272727,0.8389261744966443,0.0,25,21,114000,94000,0,50025153,0.84,0.8245614035087719,0.0,85,76,327000,281000,0,40075266,0.8941176470588236,0.8593272171253823,0.0,110,97,441000,375000,0,90100419,0.8818181818181818,0.8503401360544217,0.0
sealed_holdout,8,public-periphery-208-96ea25058347,periphery,64,180,17,0,uniform,stationary_hotspot,online,random,N025|N055,120000,False,0.3721782342291203,0.3540146655872879,27572858,110,95,447000,367000,56,160092854,0.8636363636363636,0.8210290827740492,0.509090909090909,25,21,114000,94000,17,50027230,0.84,0.8245614035087719,0.68,85,76,327000,281000,35,40091539,0.8941176470588236,0.8593272171253823,0.4117647058823529,110,97,441000,375000,52,90118769,0.8818181818181818,0.8503401360544217,0.4727272727272727
sealed_holdout,8,public-periphery-208-96ea25058347,periphery,64,180,17,0,uniform,stationary_hotspot,online,failure_aware,N013|N017,120000,True,0.3721782342291203,0.3542845112564946,27572858,110,95,447000,367000,56,160092854,0.8636363636363636,0.8210290827740492,0.509090909090909,25,24,114000,112000,7,50032252,0.96,0.9824561403508771,0.28,85,84,327000,322000,22,40106677,0.9882352941176471,0.9847094801223242,0.25882352941176473,110,108,441000,434000,29,90138929,0.9818181818181818,0.9841269841269841,0.2636363636363636
sealed_holdout,8,public-periphery-208-96ea25058347,periphery,64,180,17,0,uniform,shifted_hotspot,public,none,,0,False,0.3721782342291203,0.35840492464649826,27452858,110,90,447000,339000,20,160076077,0.8181818181818182,0.7583892617449665,0.18181818181818182,25,20,114000,90000,5,180008964,0.8,0.7894736842105263,0.2,85,72,327000,265000,13,779978344,0.8470588235294118,0.8103975535168195,0.15294117647058825,110,92,441000,355000,18,959987308,0.8363636363636363,0.8049886621315193,0.16363636363636364
sealed_holdout,8,public-periphery-208-96ea25058347,periphery,64,180,17,0,uniform,shifted_hotspot,retry,none,,0,False,0.3721782342291203,0.357689669612324,27452858,110,95,447000,367000,48,160086850,0.8636363636363636,0.8210290827740492,0.43636363636363634,25,21,114000,98000,13,180010364,0.84,0.8596491228070176,0.52,85,73,327000,270000,37,779981954,0.8588235294117647,0.8256880733944955,0.43529411764705883,110,94,441000,368000,50,959992318,0.8545454545454545,0.8344671201814059,0.45454545454545453
sealed_holdout,8,public-periphery-208-96ea25058347,periphery,64,180,17,0,uniform,shifted_hotspot,online,none,,0,False,0.3721782342291203,0.35203685415832453,27452858,110,95,447000,367000,56,160092854,0.8636363636363636,0.8210290827740492,0.509090909090909,25,21,114000,98000,15,180011767,0.84,0.8596491228070176,0.6,85,73,327000,270000,39,779988895,0.8588235294117647,0.8256880733944955,0.4588235294117647,110,94,441000,368000,54,960000662,0.8545454545454545,0.8344671201814059,0.4909090909090909
sealed_holdout,8,public-periphery-208-96ea25058347,periphery,64,180,17,0,uniform,shifted_hotspot,oracle,none,,0,False,0.3721782342291203,0.35571413825806003,27452858,110,96,447000,375000,0,160149177,0.8727272727272727,0.8389261744966443,0.0,25,21,114000,98000,0,180010364,0.84,0.8596491228070176,0.0,85,73,327000,270000,0,779981954,0.8588235294117647,0.8256880733944955,0.0,110,94,441000,368000,0,959992318,0.8545454545454545,0.8344671201814059,0.0
sealed_holdout,8,public-periphery-208-96ea25058347,periphery,64,180,17,0,uniform,shifted_hotspot,online,random,N025|N055,120000,False,0.3721782342291203,0.35027537378037066,27572858,110,95,447000,367000,56,160092854,0.8636363636363636,0.8210290827740492,0.509090909090909,25,21,114000,98000,17,180012218,0.84,0.8596491228070176,0.68,85,73,327000,270000,41,779997651,0.8588235294117647,0.8256880733944955,0.4823529411764706,110,94,441000,368000,58,960009869,0.8545454545454545,0.8344671201814059,0.5272727272727272
sealed_holdout,8,public-periphery-208-96ea25058347,periphery,64,180,17,0,uniform,shifted_hotspot,online,failure_aware,N013|N017,120000,False,0.3721782342291203,0.34892062764359594,27572858,110,95,447000,367000,56,160092854,0.8636363636363636,0.8210290827740492,0.509090909090909,25,21,114000,98000,17,180012458,0.84,0.8596491228070176,0.68,85,73,327000,270000,37,779998732,0.8588235294117647,0.8256880733944955,0.43529411764705883,110,94,441000,368000,54,960011190,0.8545454545454545,0.8344671201814059,0.4909090909090909
sealed_holdout,8,public-periphery-208-96ea25058347,periphery,64,180,17,0,polarized,diffuse,public,none,,0,False,0.7414098665808907,0.7242766389468733,27452858,110,73,479000,269000,37,180062595,0.6636363636363637,0.5615866388308977,0.33636363636363636,25,22,94000,76000,3,40014727,0.88,0.8085106382978723,0.12,85,67,322000,219000,18,50070840,0.788235294117647,0.6801242236024845,0.21176470588235294,110,89,416000,295000,21,90085567,0.8090909090909091,0.7091346153846154,0.19090909090909092
sealed_holdout,8,public-periphery-208-96ea25058347,periphery,64,180,17,0,polarized,diffuse,retry,none,,0,False,0.7414098665808907,0.719233106403974,27452858,110,92,479000,390000,75,180140691,0.8363636363636363,0.81419624217119,0.6818181818181818,25,22,94000,76000,5,40014727,0.88,0.8085106382978723,0.2,85,72,322000,240000,43,60114343,0.8470588235294118,0.7453416149068323,0.5058823529411764,110,94,416000,316000,48,100129070,0.8545454545454545,0.7596153846153846,0.43636363636363634
sealed_holdout,8,public-periphery-208-96ea25058347,periphery,64,180,17,0,polarized,diffuse,online,none,,0,False,0.7414098665808907,0.7129633979781681,27452858,110,92,479000,390000,73,180143565,0.8363636363636363,0.81419624217119,0.6636363636363637,25,22,94000,76000,6,40017846,0.88,0.8085106382978723,0.24,85,73,322000,248000,41,60121201,0.8588235294117647,0.7701863354037267,0.4823529411764706,110,95,416000,324000,47,100139047,0.8636363636363636,0.7788461538461539,0.42727272727272725
sealed_holdout,8,public-periphery-208-96ea25058347,periphery,64,180,17,0,polarized,diffuse,oracle,none,,0,False,0.7414098665808907,0.7106100435340887,27452858,110,97,479000,421000,0,180246056,0.8818181818181818,0.8789144050104384,0.0,25,23,94000,84000,0,40040167,0.92,0.8936170212765957,0.0,85,76,322000,269000,0,60165232,0.8941176470588236,0.8354037267080745,0.0,110,99,416000,353000,0,100205399,0.9,0.8485576923076923,0.0
sealed_holdout,8,public-periphery-208-96ea25058347,periphery,64,180,17,0,polarized,diffuse,online,random,N025|N055,120000,False,0.7414098665808907,0.7027355806812378,27572858,110,92,479000,390000,73,180143565,0.8363636363636363,0.81419624217119,0.6636363636363637,25,22,94000,76000,6,40019321,0.88,0.8085106382978723,0.24,85,75,322000,261000,39,60182970,0.8823529411764706,0.8105590062111802,0.4588235294117647,110,97,416000,337000,45,100202291,0.8818181818181818,0.8100961538461539,0.4090909090909091
sealed_holdout,8,public-periphery-208-96ea25058347,periphery,64,180,17,0,polarized,diffuse,online,failure_aware,N058|N059,120000,False,0.7414098665808907,0.705662600125051,27572858,110,92,479000,390000,73,180143565,0.8363636363636363,0.81419624217119,0.6636363636363637,25,22,94000,76000,6,40019321,0.88,0.8085106382978723,0.24,85,74,322000,253000,44,60143298,0.8705882352941177,0.7857142857142857,0.5176470588235295,110,96,416000,329000,50,100162619,0.8727272727272727,0.7908653846153846,0.45454545454545453
sealed_holdout,8,public-periphery-208-96ea25058347,periphery,64,180,17,0,polarized,stationary_hotspot,public,none,,0,False,0.7414098665808907,0.7130309615819554,27452858,110,61,447000,187000,49,160035359,0.5545454545454546,0.41834451901565994,0.44545454545454544,25,16,114000,61000,9,50018839,0.64,0.5350877192982456,0.36,85,59,327000,176000,26,40044177,0.6941176470588235,0.5382262996941896,0.3058823529411765,110,75,441000,237000,35,90063016,0.6818181818181818,0.5374149659863946,0.3181818181818182
sealed_holdout,8,public-periphery-208-96ea25058347,periphery,64,180,17,0,polarized,stationary_hotspot,retry,none,,0,False,0.7414098665808907,0.7038812760788709,27452858,110,86,447000,326000,82,160079533,0.7818181818181819,0.7293064876957495,0.7454545454545455,25,20,114000,93000,20,50027839,0.8,0.8157894736842105,0.8,85,69,327000,240000,52,40064702,0.8117647058823529,0.7339449541284404,0.611764705882353,110,89,441000,333000,72,90092541,0.8090909090909091,0.7551020408163265,0.6545454545454545
sealed_holdout,8,public-periphery-208-96ea25058347,periphery,64,180,17,0,polarized,stationary_hotspot,online,none,,0,False,0.7414098665808907,0.6937310433774392,27452858,110,87,447000,334000,85,160084536,0.7909090909090909,0.7472035794183445,0.7727272727272727,25,20,114000,93000,20,50028384,0.8,0.8157894736842105,0.8,85,70,327000,245000,49,40070894,0.8235294117647058,0.7492354740061162,0.5764705882352941,110,90,441000,338000,69,90099278,0.8181818181818182,0.7664399092970522,0.6272727272727273
sealed_holdout,8,public-periphery-208-96ea25058347,periphery,64,180,17,0,polarized,stationary_hotspot,oracle,none,,0,False,0.7414098665808907,0.6935663437202668,27452858,110,91,447000,360000,0,160155274,0.8272727272727273,0.8053691275167785,0.0,25,21,114000,94000,0,50028281,0.84,0.8245614035087719,0.0,85,74,327000,271000,0,40095574,0.8705882352941177,0.8287461773700305,0.0,110,95,441000,365000,0,90123855,0.8636363636363636,0.8276643990929705,0.0
sealed_holdout,8,public-periphery-208-96ea25058347,periphery,64,180,17,0,polarized,stationary_hotspot,online,random,N025|N055,120000,False,0.7414098665808907,0.6934317854446203,27572858,110,87,447000,334000,85,160084536,0.7909090909090909,0.7472035794183445,0.7727272727272727,25,20,114000,93000,21,50029617,0.8,0.8157894736842105,0.84,85,71,327000,249000,58,40091577,0.8352941176470589,0.7614678899082569,0.6823529411764706,110,91,441000,342000,79,90121194,0.8272727272727273,0.7755102040816326,0.7181818181818181
sealed_holdout,8,public-periphery-208-96ea25058347,periphery,64,180,17,0,polarized,stationary_hotspot,online,failure_aware,N013|N017,120000,True,0.7414098665808907,0.6917797847356547,27572858,110,87,447000,334000,85,160084536,0.7909090909090909,0.7472035794183445,0.7727272727272727,25,23,114000,111000,12,50033944,0.92,0.9736842105263158,0.48,85,79,327000,294000,29,40105081,0.9294117647058824,0.8990825688073395,0.3411764705882353,110,102,441000,405000,41,90139025,0.9272727272727272,0.9183673469387755,0.37272727272727274
sealed_holdout,8,public-periphery-208-96ea25058347,periphery,64,180,17,0,polarized,shifted_hotspot,public,none,,0,False,0.7414098665808907,0.7125750008932811,27452858,110,61,447000,187000,49,160035359,0.5545454545454546,0.41834451901565994,0.44545454545454544,25,18,114000,74000,7,190005268,0.72,0.6491228070175439,0.28,85,55,327000,178000,30,340007905,0.6470588235294118,0.5443425076452599,0.35294117647058826,110,73,441000,252000,37,530013173,0.6636363636363637,0.5714285714285714,0.33636363636363636
sealed_holdout,8,public-periphery-208-96ea25058347,periphery,64,180,17,0,polarized,shifted_hotspot,retry,none,,0,False,0.7414098665808907,0.7016792366550667,27452858,110,86,447000,326000,82,160079533,0.7818181818181819,0.7293064876957495,0.7454545454545455,25,21,114000,98000,17,190012100,0.84,0.8596491228070176,0.68,85,61,327000,215000,78,480004226,0.7176470588235294,0.6574923547400612,0.9176470588235294,110,82,441000,313000,95,670016326,0.7454545454545455,0.7097505668934241,0.8636363636363636
sealed_holdout,8,public-periphery-208-96ea25058347,periphery,64,180,17,0,polarized,shifted_hotspot,online,none,,0,False,0.7414098665808907,0.6918764048652454,27452858,110,87,447000,334000,85,160084536,0.7909090909090909,0.7472035794183445,0.7727272727272727,25,21,114000,98000,17,190012645,0.84,0.8596491228070176,0.68,85,64,327000,236000,71,639995940,0.7529411764705882,0.7217125382262997,0.8352941176470589,110,85,441000,334000,88,830008585,0.7727272727272727,0.7573696145124716,0.8
sealed_holdout,8,public-periphery-208-96ea25058347,periphery,64,180,17,0,polarized,shifted_hotspot,oracle,none,,0,False,0.7414098665808907,0.6903596616499459,27452858,110,91,447000,360000,0,160155274,0.8272727272727273,0.8053691275167785,0.0,25,22,114000,99000,0,190012542,0.88,0.868421052631579,0.0,85,71,327000,260000,0,780002262,0.8352941176470589,0.7951070336391437,0.0,110,93,441000,359000,0,970014804,0.8454545454545455,0.8140589569160998,0.0
sealed_holdout,8,public-periphery-208-96ea25058347,periphery,64,180,17,0,polarized,shifted_hotspot,online,random,N025|N055,120000,False,0.7414098665808907,0.6911517904045407,27572858,110,87,447000,334000,85,160084536,0.7909090909090909,0.7472035794183445,0.7727272727272727,25,21,114000,98000,20,190014028,0.84,0.8596491228070176,0.8,85,68,327000,242000,57,779994468,0.8,0.7400611620795107,0.6705882352941176,110,89,441000,340000,77,970008496,0.8090909090909091,0.7709750566893424,0.7
sealed_holdout,8,public-periphery-208-96ea25058347,periphery,64,180,17,0,polarized,shifted_hotspot,online,failure_aware,N013|N017,120000,False,0.7414098665808907,0.6900356938642382,27572858,110,87,447000,334000,85,160084536,0.7909090909090909,0.7472035794183445,0.7727272727272727,25,21,114000,98000,19,190013885,0.84,0.8596491228070176,0.76,85,68,327000,242000,55,780004392,0.8,0.7400611620795107,0.6470588235294118,110,89,441000,340000,74,970018277,0.8090909090909091,0.7709750566893424,0.6727272727272727
sealed_holdout,8,public-periphery-208-96ea25058347,periphery,64,180,17,1,balanced_band,diffuse,public,none,,0,False,0.0646478378405659,0.08480373417036167,27452858,110,108,473000,466000,2,160124751,0.9818181818181818,0.985200845665962,0.01818181818181818,25,24,98000,90000,1,10023489,0.96,0.9183673469387755,0.04,85,83,352000,339000,2,20108849,0.9764705882352941,0.9630681818181818,0.023529411764705882,110,107,450000,429000,3,30132338,0.9727272727272728,0.9533333333333334,0.02727272727272727
sealed_holdout,8,public-periphery-208-96ea25058347,periphery,64,180,17,1,balanced_band,diffuse,retry,none,,0,False,0.0646478378405659,0.08567635535208938,27452858,110,109,473000,471000,4,160126011,0.990909090909091,0.9957716701902748,0.03636363636363636,25,25,98000,98000,2,10030265,1.0,1.0,0.08,85,84,352000,344000,6,20111162,0.9882352941176471,0.9772727272727273,0.07058823529411765,110,109,450000,442000,8,30141427,0.990909090909091,0.9822222222222222,0.07272727272727272
sealed_holdout,8,public-periphery-208-96ea25058347,periphery,64,180,17,1,balanced_band,diffuse,online,none,,0,False,0.0646478378405659,0.08421422897116357,27452858,110,109,473000,471000,6,160132150,0.990909090909091,0.9957716701902748,0.05454545454545454,25,25,98000,98000,2,10031628,1.0,1.0,0.08,85,83,352000,336000,8,20111668,0.9764705882352941,0.9545454545454546,0.09411764705882353,110,108,450000,434000,10,30143296,0.9818181818181818,0.9644444444444444,0.09090909090909091
sealed_holdout,8,public-periphery-208-96ea25058347,periphery,64,180,17,1,balanced_band,diffuse,oracle,none,,0,False,0.0646478378405659,0.08567635535208938,27452858,110,109,473000,471000,0,160126011,0.990909090909091,0.9957716701902748,0.0,25,25,98000,98000,0,10030265,1.0,1.0,0.0,85,84,352000,344000,0,20111162,0.9882352941176471,0.9772727272727273,0.0,110,109,450000,442000,0,30141427,0.990909090909091,0.9822222222222222,0.0
sealed_holdout,8,public-periphery-208-96ea25058347,periphery,64,180,17,1,balanced_band,diffuse,online,random,N007|N026,120000,False,0.0646478378405659,0.08807993307033588,27572858,110,109,473000,471000,6,160132150,0.990909090909091,0.9957716701902748,0.05454545454545454,25,25,98000,98000,1,10031988,1.0,1.0,0.04,85,84,352000,344000,8,20115097,0.9882352941176471,0.9772727272727273,0.09411764705882353,110,109,450000,442000,9,30147085,0.990909090909091,0.9822222222222222,0.08181818181818182
sealed_holdout,8,public-periphery-208-96ea25058347,periphery,64,180,17,1,balanced_band,diffuse,online,failure_aware,N043|N049,120000,False,0.0646478378405659,0.08827262144284505,27572858,110,109,473000,471000,6,160132150,0.990909090909091,0.9957716701902748,0.05454545454545454,25,25,98000,98000,1,33867,1.0,1.0,0.04,85,84,352000,344000,8,119716,0.9882352941176471,0.9772727272727273,0.09411764705882353,110,109,450000,442000,9,153583,0.990909090909091,0.9822222222222222,0.08181818181818182
sealed_holdout,8,public-periphery-208-96ea25058347,periphery,64,180,17,1,balanced_band,stationary_hotspot,public,none,,0,False,0.0646478378405659,0.07586271008460242,27452858,110,104,421000,376000,6,80115249,0.9454545454545454,0.8931116389548693,0.05454545454545454,25,25,112000,112000,0,31352,1.0,1.0,0.0,85,81,342000,316000,4,30089995,0.9529411764705882,0.9239766081871345,0.047058823529411764,110,106,454000,428000,4,30121347,0.9636363636363636,0.9427312775330396,0.03636363636363636
sealed_holdout,8,public-periphery-208-96ea25058347,periphery,64,180,17,1,balanced_band,stationary_hotspot,retry,none,,0,False,0.0646478378405659,0.07560695629944288,27452858,110,105,421000,384000,16,80122025,0.9545454545454546,0.9121140142517815,0.14545454545454545,25,25,112000,112000,0,31352,1.0,1.0,0.0,85,82,342000,324000,11,30149800,0.9647058823529412,0.9473684210526315,0.12941176470588237,110,107,454000,436000,11,30181152,0.9727272727272728,0.960352422907489,0.1
sealed_holdout,8,public-periphery-208-96ea25058347,periphery,64,180,17,1,balanced_band,stationary_hotspot,online,none,,0,False,0.0646478378405659,0.08440416910560522,27452858,110,105,421000,384000,27,80127936,0.9545454545454546,0.9121140142517815,0.24545454545454545,25,25,112000,112000,2,33992,1.0,1.0,0.08,85,81,342000,316000,16,30151974,0.9529411764705882,0.9239766081871345,0.18823529411764706,110,106,454000,428000,18,30185966,0.9636363636363636,0.9427312775330396,0.16363636363636364
sealed_holdout,8,public-periphery-208-96ea25058347,periphery,64,180,17,1,balanced_band,stationary_hotspot,oracle,none,,0,False,0.0646478378405659,0.07560695629944288,27452858,110,105,421000,384000,0,80122025,0.9545454545454546,0.9121140142517815,0.0,25,25,112000,112000,0,31352,1.0,1.0,0.0,85,82,342000,324000,0,30149800,0.9647058823529412,0.9473684210526315,0.0,110,107,454000,436000,0,30181152,0.9727272727272728,0.960352422907489,0.0
sealed_holdout,8,public-periphery-208-96ea25058347,periphery,64,180,17,1,balanced_band,stationary_hotspot,online,random,N007|N026,120000,False,0.0646478378405659,0.07957978435977561,27572858,110,105,421000,384000,27,80127936,0.9545454545454546,0.9121140142517815,0.24545454545454545,25,25,112000,112000,1,33203,1.0,1.0,0.04,85,82,342000,324000,14,30158307,0.9647058823529412,0.9473684210526315,0.16470588235294117,110,107,454000,436000,15,30191510,0.9727272727272728,0.960352422907489,0.13636363636363635
sealed_holdout,8,public-periphery-208-96ea25058347,periphery,64,180,17,1,balanced_band,stationary_hotspot,online,failure_aware,N004|N013,120000,True,0.0646478378405659,0.08186836345074872,27572858,110,105,421000,384000,27,80127936,0.9545454545454546,0.9121140142517815,0.24545454545454545,25,25,112000,112000,1,33203,1.0,1.0,0.04,85,85,342000,342000,5,30162628,1.0,1.0,0.058823529411764705,110,110,454000,454000,6,30195831,1.0,1.0,0.05454545454545454
sealed_holdout,8,public-periphery-208-96ea25058347,periphery,64,180,17,1,balanced_band,shifted_hotspot,public,none,,0,False,0.0646478378405659,0.07815633637449482,27452858,110,104,421000,376000,6,80115249,0.9454545454545454,0.8931116389548693,0.05454545454545454,25,25,112000,112000,0,23352,1.0,1.0,0.0,85,82,342000,321000,3,30066250,0.9647058823529412,0.9385964912280702,0.03529411764705882,110,107,454000,433000,3,30089602,0.9727272727272728,0.9537444933920705,0.02727272727272727
sealed_holdout,8,public-periphery-208-96ea25058347,periphery,64,180,17,1,balanced_band,shifted_hotspot,retry,none,,0,False,0.0646478378405659,0.07877757662063054,27452858,110,105,421000,384000,16,80122025,0.9545454545454546,0.9121140142517815,0.14545454545454545,25,25,112000,112000,0,23352,1.0,1.0,0.0,85,85,342000,342000,4,30126988,1.0,1.0,0.047058823529411764,110,110,454000,454000,4,30150340,1.0,1.0,0.03636363636363636
sealed_holdout,8,public-periphery-208-96ea25058347,periphery,64,180,17,1,balanced_band,shifted_hotspot,online,none,,0,False,0.0646478378405659,0.08319793677580983,27452858,110,105,421000,384000,27,80127936,0.9545454545454546,0.9121140142517815,0.24545454545454545,25,25,112000,112000,2,24197,1.0,1.0,0.08,85,85,342000,342000,8,30133359,1.0,1.0,0.09411764705882353,110,110,454000,454000,10,30157556,1.0,1.0,0.09090909090909091
sealed_holdout,8,public-periphery-208-96ea25058347,periphery,64,180,17,1,balanced_band,shifted_hotspot,oracle,none,,0,False,0.0646478378405659,0.07877757662063054,27452858,110,105,421000,384000,0,80122025,0.9545454545454546,0.9121140142517815,0.0,25,25,112000,112000,0,23352,1.0,1.0,0.0,85,85,342000,342000,0,30126988,1.0,1.0,0.0,110,110,454000,454000,0,30150340,1.0,1.0,0.0
sealed_holdout,8,public-periphery-208-96ea25058347,periphery,64,180,17,1,balanced_band,shifted_hotspot,online,random,N007|N026,120000,False,0.0646478378405659,0.08070397629612171,27572858,110,105,421000,384000,27,80127936,0.9545454545454546,0.9121140142517815,0.24545454545454545,25,25,112000,112000,2,25203,1.0,1.0,0.08,85,85,342000,342000,3,30135545,1.0,1.0,0.03529411764705882,110,110,454000,454000,5,30160748,1.0,1.0,0.045454545454545456
sealed_holdout,8,public-periphery-208-96ea25058347,periphery,64,180,17,1,balanced_band,shifted_hotspot,online,failure_aware,N004|N013,120000,False,0.0646478378405659,0.0803546680509671,27572858,110,105,421000,384000,27,80127936,0.9545454545454546,0.9121140142517815,0.24545454545454545,25,25,112000,112000,2,25203,1.0,1.0,0.08,85,85,342000,342000,3,30135665,1.0,1.0,0.03529411764705882,110,110,454000,454000,5,30160868,1.0,1.0,0.045454545454545456
sealed_holdout,8,public-periphery-208-96ea25058347,periphery,64,180,17,1,uniform,diffuse,public,none,,0,False,0.3723706763265582,0.3723498757813655,27452858,110,100,473000,411000,10,180104131,0.9090909090909091,0.86892177589852,0.09090909090909091,25,23,98000,82000,2,10021077,0.92,0.8367346938775511,0.08,85,74,352000,293000,11,20094380,0.8705882352941177,0.8323863636363636,0.12941176470588237,110,97,450000,375000,13,30115457,0.8818181818181818,0.8333333333333334,0.11818181818181818
sealed_holdout,8,public-periphery-208-96ea25058347,periphery,64,180,17,1,uniform,diffuse,retry,none,,0,False,0.3723706763265582,0.36984515772489845,27452858,110,109,473000,465000,14,180130017,0.990909090909091,0.9830866807610994,0.12727272727272726,25,24,98000,90000,5,10027853,0.96,0.9183673469387755,0.2,85,80,352000,332000,17,20107563,0.9411764705882353,0.9431818181818182,0.2,110,104,450000,422000,22,30135416,0.9454545454545454,0.9377777777777778,0.2
sealed_holdout,8,public-periphery-208-96ea25058347,periphery,64,180,17,1,uniform,diffuse,online,none,,0,False,0.3723706763265582,0.3616995953833528,27452858,110,109,473000,465000,13,180135077,0.990909090909091,0.9830866807610994,0.11818181818181818,25,24,98000,90000,6,10028865,0.96,0.9183673469387755,0.24,85,79,352000,324000,20,20109681,0.9294117647058824,0.9204545454545454,0.23529411764705882,110,103,450000,414000,26,30138546,0.9363636363636364,0.92,0.23636363636363636
sealed_holdout,8,public-periphery-208-96ea25058347,periphery,64,180,17,1,uniform,diffuse,oracle,none,,0,False,0.3723706763265582,0.37076683780072833,27452858,110,110,473000,473000,0,180136137,1.0,1.0,0.0,25,25,98000,98000,0,10038833,1.0,1.0,0.0,85,80,352000,332000,0,20107391,0.9411764705882353,0.9431818181818182,0.0,110,105,450000,430000,0,30146224,0.9545454545454546,0.9555555555555556,0.0
sealed_holdout,8,public-periphery-208-96ea25058347,periphery,64,180,17,1,uniform,diffuse,online,random,N007|N026,120000,False,0.3723706763265582,0.3673809010079392,27572858,110,109,473000,465000,13,180135077,0.990909090909091,0.9830866807610994,0.11818181818181818,25,25,98000,98000,3,10034676,1.0,1.0,0.12,85,78,352000,316000,24,20108135,0.9176470588235294,0.8977272727272727,0.2823529411764706,110,103,450000,414000,27,30142811,0.9363636363636364,0.92,0.24545454545454545
sealed_holdout,8,public-periphery-208-96ea25058347,periphery,64,180,17,1,uniform,diffuse,online,failure_aware,N024|N032,120000,False,0.3723706763265582,0.36730652738359565,27572858,110,109,473000,465000,13,180135077,0.990909090909091,0.9830866807610994,0.11818181818181818,25,25,98000,98000,3,10035271,1.0,1.0,0.12,85,79,352000,324000,21,20115011,0.9294117647058824,0.9204545454545454,0.24705882352941178,110,104,450000,422000,24,30150282,0.9454545454545454,0.9377777777777778,0.21818181818181817
sealed_holdout,8,public-periphery-208-96ea25058347,periphery,64,180,17,1,uniform,stationary_hotspot,public,none,,0,False,0.3723706763265582,0.3730670686425131,27452858,110,97,421000,332000,13,80104329,0.8818181818181818,0.7885985748218527,0.11818181818181818,25,22,112000,91000,3,28558,0.88,0.8125,0.12,85,76,342000,293000,9,30082773,0.8941176470588236,0.8567251461988304,0.10588235294117647,110,98,454000,384000,12,30111331,0.8909090909090909,0.8458149779735683,0.10909090909090909
sealed_holdout,8,public-periphery-208-96ea25058347,periphery,64,180,17,1,uniform,stationary_hotspot,retry,none,,0,False,0.3723706763265582,0.3705052540536037,27452858,110,101,421000,361000,33,80120159,0.9181818181818182,0.8574821852731591,0.3,25,24,112000,104000,6,33599,0.96,0.9285714285714286,0.24,85,80,342000,312000,20,30148694,0.9411764705882353,0.9122807017543859,0.23529411764705882,110,104,454000,416000,26,30182293,0.9454545454545454,0.9162995594713657,0.23636363636363636
sealed_holdout,8,public-periphery-208-96ea25058347,periphery,64,180,17,1,uniform,stationary_hotspot,online,none,,0,False,0.3723706763265582,0.3775207513790019,27452858,110,100,421000,353000,46,80129735,0.9090909090909091,0.838479809976247,0.41818181818181815,25,24,112000,104000,8,36328,0.96,0.9285714285714286,0.32,85,80,342000,312000,26,30151398,0.9411764705882353,0.9122807017543859,0.3058823529411765,110,104,454000,416000,34,30187726,0.9454545454545454,0.9162995594713657,0.3090909090909091
sealed_holdout,8,public-periphery-208-96ea25058347,periphery,64,180,17,1,uniform,stationary_hotspot,oracle,none,,0,False,0.3723706763265582,0.37027497597542625,27452858,110,102,421000,363000,0,80126801,0.9272727272727272,0.8622327790973872,0.0,25,25,112000,112000,0,90210,1.0,1.0,0.0,85,81,342000,320000,0,30153638,0.9529411764705882,0.935672514619883,0.0,110,106,454000,432000,0,30243848,0.9636363636363636,0.9515418502202643,0.0
sealed_holdout,8,public-periphery-208-96ea25058347,periphery,64,180,17,1,uniform,stationary_hotspot,online,random,N007|N026,120000,False,0.3723706763265582,0.37442876920471385,27572858,110,100,421000,353000,46,80129735,0.9090909090909091,0.838479809976247,0.41818181818181815,25,24,112000,104000,6,37217,0.96,0.9285714285714286,0.24,85,80,342000,312000,27,30159417,0.9411764705882353,0.9122807017543859,0.3176470588235294,110,104,454000,416000,33,30196634,0.9454545454545454,0.9162995594713657,0.3
sealed_holdout,8,public-periphery-208-96ea25058347,periphery,64,180,17,1,uniform,stationary_hotspot,online,failure_aware,N004|N013,120000,True,0.3723706763265582,0.37331924520335774,27572858,110,100,421000,353000,46,80129735,0.9090909090909091,0.838479809976247,0.41818181818181815,25,24,112000,104000,6,37217,0.96,0.9285714285714286,0.24,85,83,342000,326000,20,30163998,0.9764705882352941,0.9532163742690059,0.23529411764705882,110,107,454000,430000,26,30201215,0.9727272727272728,0.947136563876652,0.23636363636363636
sealed_holdout,8,public-periphery-208-96ea25058347,periphery,64,180,17,1,uniform,shifted_hotspot,public,none,,0,False,0.3723706763265582,0.3770596857002547,27452858,110,97,421000,332000,13,80104329,0.8818181818181818,0.7885985748218527,0.11818181818181818,25,22,112000,91000,3,20558,0.88,0.8125,0.12,85,76,342000,289000,9,30056824,0.8941176470588236,0.8450292397660819,0.10588235294117647,110,98,454000,380000,12,30077382,0.8909090909090909,0.8370044052863436,0.10909090909090909
sealed_holdout,8,public-periphery-208-96ea25058347,periphery,64,180,17,1,uniform,shifted_hotspot,retry,none,,0,False,0.3723706763265582,0.37473406269728,27452858,110,101,421000,361000,33,80120159,0.9181818181818182,0.8574821852731591,0.3,25,24,112000,104000,6,25599,0.96,0.9285714285714286,0.24,85,83,342000,326000,13,30125663,0.9764705882352941,0.9532163742690059,0.15294117647058825,110,107,454000,430000,19,30151262,0.9727272727272728,0.947136563876652,0.17272727272727273
sealed_holdout,8,public-periphery-208-96ea25058347,periphery,64,180,17,1,uniform,shifted_hotspot,online,none,,0,False,0.3723706763265582,0.37440519278809514,27452858,110,100,421000,353000,46,80129735,0.9090909090909091,0.838479809976247,0.41818181818181815,25,24,112000,104000,8,27458,0.96,0.9285714285714286,0.32,85,83,342000,326000,15,30131717,0.9764705882352941,0.9532163742690059,0.17647058823529413,110,107,454000,430000,23,30159175,0.9727272727272728,0.947136563876652,0.20909090909090908
sealed_holdout,8,public-periphery-208-96ea25058347,periphery,64,180,17,1,uniform,shifted_hotspot,oracle,none,,0,False,0.3723706763265582,0.3745037846191026,27452858,110,102,421000,363000,0,80126801,0.9272727272727272,0.8622327790973872,0.0,25,25,112000,112000,0,82210,1.0,1.0,0.0,85,84,342000,334000,0,30130607,0.9882352941176471,0.9766081871345029,0.0,110,109,454000,446000,0,30212817,0.990909090909091,0.9823788546255506,0.0
sealed_holdout,8,public-periphery-208-96ea25058347,periphery,64,180,17,1,uniform,shifted_hotspot,online,random,N007|N026,120000,False,0.3723706763265582,0.3711330655774099,27572858,110,100,421000,353000,46,80129735,0.9090909090909091,0.838479809976247,0.41818181818181815,25,24,112000,104000,8,29006,0.96,0.9285714285714286,0.32,85,83,342000,326000,14,30134419,0.9764705882352941,0.9532163742690059,0.16470588235294117,110,107,454000,430000,22,30163425,0.9727272727272728,0.947136563876652,0.2
sealed_holdout,8,public-periphery-208-96ea25058347,periphery,64,180,17,1,uniform,shifted_hotspot,online,failure_aware,N004|N013,120000,False,0.3723706763265582,0.37110780885555145,27572858,110,100,421000,353000,46,80129735,0.9090909090909091,0.838479809976247,0.41818181818181815,25,24,112000,104000,8,29006,0.96,0.9285714285714286,0.32,85,83,342000,326000,14,30134669,0.9764705882352941,0.9532163742690059,0.16470588235294117,110,107,454000,430000,22,30163675,0.9727272727272728,0.947136563876652,0.2
sealed_holdout,8,public-periphery-208-96ea25058347,periphery,64,180,17,1,polarized,diffuse,public,none,,0,False,0.7408390980923613,0.7213439628490906,27452858,110,81,473000,280000,29,160065183,0.7363636363636363,0.5919661733615222,0.2636363636363636,25,21,98000,69000,4,10018244,0.84,0.7040816326530612,0.16,85,71,352000,270000,14,20090496,0.8352941176470589,0.7670454545454546,0.16470588235294117,110,92,450000,339000,18,30108740,0.8363636363636363,0.7533333333333333,0.16363636363636364
sealed_holdout,8,public-periphery-208-96ea25058347,periphery,64,180,17,1,polarized,diffuse,retry,none,,0,False,0.7408390980923613,0.7054979250006529,27452858,110,101,473000,413000,50,180122608,0.9181818181818182,0.8731501057082452,0.45454545454545453,25,23,98000,82000,8,10026045,0.92,0.8367346938775511,0.32,85,77,352000,308000,26,20105486,0.9058823529411765,0.875,0.3058823529411765,110,100,450000,390000,34,30131531,0.9090909090909091,0.8666666666666667,0.3090909090909091
sealed_holdout,8,public-periphery-208-96ea25058347,periphery,64,180,17,1,polarized,diffuse,online,none,,0,False,0.7408390980923613,0.6969673541254663,27452858,110,99,473000,397000,53,180120670,0.9,0.8393234672304439,0.4818181818181818,25,23,98000,82000,12,10029669,0.92,0.8367346938775511,0.48,85,77,352000,311000,30,20112817,0.9058823529411765,0.8835227272727273,0.35294117647058826,110,100,450000,393000,42,30142486,0.9090909090909091,0.8733333333333333,0.38181818181818183
sealed_holdout,8,public-periphery-208-96ea25058347,periphery,64,180,17,1,polarized,diffuse,oracle,none,,0,False,0.7408390980923613,0.7082933902853212,27452858,110,103,473000,426000,0,180130623,0.9363636363636364,0.9006342494714588,0.0,25,23,98000,82000,0,10026045,0.92,0.8367346938775511,0.0,85,77,352000,308000,0,20105314,0.9058823529411765,0.875,0.0,110,100,450000,390000,0,30131359,0.9090909090909091,0.8666666666666667,0.0
sealed_holdout,8,public-periphery-208-96ea25058347,periphery,64,180,17,1,polarized,diffuse,online,random,N007|N026,120000,False,0.7408390980923613,0.6977188162571125,27572858,110,99,473000,397000,53,180120670,0.9,0.8393234672304439,0.4818181818181818,25,24,98000,90000,8,10033176,0.96,0.9183673469387755,0.32,85,78,352000,316000,31,20117801,0.9176470588235294,0.8977272727272727,0.36470588235294116,110,102,450000,406000,39,30150977,0.9272727272727272,0.9022222222222223,0.35454545454545455
sealed_holdout,8,public-periphery-208-96ea25058347,periphery,64,180,17,1,polarized,diffuse,online,failure_aware,N024|N032,120000,False,0.7408390980923613,0.6977310871544067,27572858,110,99,473000,397000,53,180120670,0.9,0.8393234672304439,0.4818181818181818,25,24,98000,90000,8,10034121,0.96,0.9183673469387755,0.32,85,78,352000,316000,31,20117801,0.9176470588235294,0.8977272727272727,0.36470588235294116,110,102,450000,406000,39,30151922,0.9272727272727272,0.9022222222222223,0.35454545454545455
sealed_holdout,8,public-periphery-208-96ea25058347,periphery,64,180,17,1,polarized,stationary_hotspot,public,none,,0,False,0.7408390980923613,0.7264036247289197,27452858,110,86,421000,271000,24,80081573,0.7818181818181819,0.6437054631828979,0.21818181818181817,25,21,112000,86000,4,24545,0.84,0.7678571428571429,0.16,85,71,342000,261000,14,30076925,0.8352941176470589,0.7631578947368421,0.16470588235294117,110,92,454000,347000,18,30101470,0.8363636363636363,0.76431718061674,0.16363636363636364
sealed_holdout,8,public-periphery-208-96ea25058347,periphery,64,180,17,1,polarized,stationary_hotspot,retry,none,,0,False,0.7408390980923613,0.7188631359754936,27452858,110,96,421000,333000,58,80153689,0.8727272727272727,0.7909738717339667,0.5272727272727272,25,24,112000,104000,8,32341,0.96,0.9285714285714286,0.32,85,77,342000,290000,31,30146838,0.9058823529411765,0.847953216374269,0.36470588235294116,110,101,454000,394000,39,30179179,0.9181818181818182,0.8678414096916299,0.35454545454545455
sealed_holdout,8,public-periphery-208-96ea25058347,periphery,64,180,17,1,polarized,stationary_hotspot,online,none,,0,False,0.7408390980923613,0.7162358798214925,27452858,110,96,421000,333000,67,80163063,0.8727272727272727,0.7909738717339667,0.6090909090909091,25,24,112000,104000,10,33974,0.96,0.9285714285714286,0.4,85,76,342000,282000,33,30148024,0.8941176470588236,0.8245614035087719,0.38823529411764707,110,100,454000,386000,43,30181998,0.9090909090909091,0.8502202643171806,0.39090909090909093
sealed_holdout,8,public-periphery-208-96ea25058347,periphery,64,180,17,1,polarized,stationary_hotspot,oracle,none,,0,False,0.7408390980923613,0.7152944022983279,27452858,110,98,421000,349000,0,80193601,0.8909090909090909,0.828978622327791,0.0,25,25,112000,112000,0,91452,1.0,1.0,0.0,85,79,342000,306000,0,30181252,0.9294117647058824,0.8947368421052632,0.0,110,104,454000,418000,0,30272704,0.9454545454545454,0.920704845814978,0.0
sealed_holdout,8,public-periphery-208-96ea25058347,periphery,64,180,17,1,polarized,stationary_hotspot,online,random,N007|N026,120000,False,0.7408390980923613,0.7145612829583154,27572858,110,96,421000,333000,67,80163063,0.8727272727272727,0.7909738717339667,0.6090909090909091,25,23,112000,96000,14,32575,0.92,0.8571428571428571,0.56,85,77,342000,290000,37,30153554,0.9058823529411765,0.847953216374269,0.43529411764705883,110,100,454000,386000,51,30186129,0.9090909090909091,0.8502202643171806,0.4636363636363636
sealed_holdout,8,public-periphery-208-96ea25058347,periphery,64,180,17,1,polarized,stationary_hotspot,online,failure_aware,N004|N013,120000,True,0.7408390980923613,0.7145034948259219,27572858,110,96,421000,333000,67,80163063,0.8727272727272727,0.7909738717339667,0.6090909090909091,25,24,112000,104000,8,34460,0.96,0.9285714285714286,0.32,85,77,342000,293000,37,30153758,0.9058823529411765,0.8567251461988304,0.43529411764705883,110,101,454000,397000,45,30188218,0.9181818181818182,0.8744493392070485,0.4090909090909091
sealed_holdout,8,public-periphery-208-96ea25058347,periphery,64,180,17,1,polarized,shifted_hotspot,public,none,,0,False,0.7408390980923613,0.7240398123947017,27452858,110,86,421000,271000,24,80081573,0.7818181818181819,0.6437054631828979,0.21818181818181817,25,21,112000,86000,4,16545,0.84,0.7678571428571429,0.16,85,69,342000,251000,16,30052415,0.8117647058823529,0.7339181286549707,0.18823529411764706,110,90,454000,337000,20,30068960,0.8181818181818182,0.7422907488986784,0.18181818181818182
sealed_holdout,8,public-periphery-208-96ea25058347,periphery,64,180,17,1,polarized,shifted_hotspot,retry,none,,0,False,0.7408390980923613,0.7166069943478923,27452858,110,96,421000,333000,58,80153689,0.8727272727272727,0.7909738717339667,0.5272727272727272,25,23,112000,96000,11,23933,0.92,0.8571428571428571,0.44,85,76,342000,285000,34,30122583,0.8941176470588236,0.8333333333333334,0.4,110,99,454000,381000,45,30146516,0.9,0.8392070484581498,0.4090909090909091
sealed_holdout,8,public-periphery-208-96ea25058347,periphery,64,180,17,1,polarized,shifted_hotspot,online,none,,0,False,0.7408390980923613,0.7157768795405268,27452858,110,96,421000,333000,67,80163063,0.8727272727272727,0.7909738717339667,0.6090909090909091,25,23,112000,96000,12,25566,0.92,0.8571428571428571,0.48,85,75,342000,277000,37,30123769,0.8823529411764706,0.8099415204678363,0.43529411764705883,110,98,454000,373000,49,30149335,0.8909090909090909,0.8215859030837004,0.44545454545454544
sealed_holdout,8,public-periphery-208-96ea25058347,periphery,64,180,17,1,polarized,shifted_hotspot,oracle,none,,0,False,0.7408390980923613,0.7130382606707267,27452858,110,98,421000,349000,0,80193601,0.8909090909090909,0.828978622327791,0.0,25,24,112000,104000,0,83044,0.96,0.9285714285714286,0.0,85,78,342000,301000,0,30156997,0.9176470588235294,0.8801169590643275,0.0,110,102,454000,405000,0,30240041,0.9272727272727272,0.8920704845814978,0.0
sealed_holdout,8,public-periphery-208-96ea25058347,periphery,64,180,17,1,polarized,shifted_hotspot,online,random,N007|N026,120000,False,0.7408390980923613,0.7147143941457825,27572858,110,96,421000,333000,67,80163063,0.8727272727272727,0.7909738717339667,0.6090909090909091,25,20,112000,79000,22,24696,0.8,0.7053571428571429,0.88,85,68,342000,245000,63,30126359,0.8,0.716374269005848,0.7411764705882353,110,88,454000,324000,85,30151055,0.8,0.7136563876651982,0.7727272727272727
sealed_holdout,8,public-periphery-208-96ea25058347,periphery,64,180,17,1,polarized,shifted_hotspot,online,failure_aware,N004|N013,120000,False,0.7408390980923613,0.7110540756945988,27572858,110,96,421000,333000,67,80163063,0.8727272727272727,0.7909738717339667,0.6090909090909091,25,20,112000,79000,22,25301,0.8,0.7053571428571429,0.88,85,67,342000,240000,61,30127523,0.788235294117647,0.7017543859649122,0.7176470588235294,110,87,454000,319000,83,30152824,0.7909090909090909,0.7026431718061674,0.7545454545454545
sealed_holdout,9,public-hub-209-4f91a7009088,hub,64,64,61,0,balanced_band,diffuse,public,none,,0,False,0.05207115804656442,0.14202116145172058,7627779,110,109,457000,452000,1,238613,0.990909090909091,0.9890590809628009,0.00909090909090909,25,24,86000,81000,1,57221,0.96,0.9418604651162791,0.04,85,83,335000,319000,2,176586,0.9764705882352941,0.9522388059701492,0.023529411764705882,110,107,421000,400000,3,233807,0.9727272727272728,0.9501187648456056,0.02727272727272727
sealed_holdout,9,public-hub-209-4f91a7009088,hub,64,64,61,0,balanced_band,diffuse,retry,none,,0,False,0.05207115804656442,0.14202116145172058,7627779,110,109,457000,452000,1,238613,0.990909090909091,0.9890590809628009,0.00909090909090909,25,24,86000,81000,1,57221,0.96,0.9418604651162791,0.04,85,83,335000,319000,2,176586,0.9764705882352941,0.9522388059701492,0.023529411764705882,110,107,421000,400000,3,233807,0.9727272727272728,0.9501187648456056,0.02727272727272727
sealed_holdout,9,public-hub-209-4f91a7009088,hub,64,64,61,0,balanced_band,diffuse,online,none,,0,False,0.05207115804656442,0.14002894277585215,7627779,110,109,457000,452000,1,238613,0.990909090909091,0.9890590809628009,0.00909090909090909,25,24,86000,81000,2,59411,0.96,0.9418604651162791,0.08,85,83,335000,319000,3,176836,0.9764705882352941,0.9522388059701492,0.03529411764705882,110,107,421000,400000,5,236247,0.9727272727272728,0.9501187648456056,0.045454545454545456
sealed_holdout,9,public-hub-209-4f91a7009088,hub,64,64,61,0,balanced_band,diffuse,oracle,none,,0,False,0.05207115804656442,0.14202116145172058,7627779,110,109,457000,452000,0,238613,0.990909090909091,0.9890590809628009,0.0,25,24,86000,81000,0,57221,0.96,0.9418604651162791,0.0,85,83,335000,319000,0,176586,0.9764705882352941,0.9522388059701492,0.0,110,107,421000,400000,0,233807,0.9727272727272728,0.9501187648456056,0.0
sealed_holdout,9,public-hub-209-4f91a7009088,hub,64,64,61,0,balanced_band,diffuse,online,random,N004|N012,120000,False,0.05207115804656442,0.13786013115472792,7747779,110,109,457000,452000,1,238613,0.990909090909091,0.9890590809628009,0.00909090909090909,25,24,86000,81000,2,59411,0.96,0.9418604651162791,0.08,85,83,335000,319000,3,176836,0.9764705882352941,0.9522388059701492,0.03529411764705882,110,107,421000,400000,5,236247,0.9727272727272728,0.9501187648456056,0.045454545454545456
sealed_holdout,9,public-hub-209-4f91a7009088,hub,64,64,61,0,balanced_band,diffuse,online,failure_aware,N005|N047,120000,False,0.05207115804656442,0.14149564772257234,7747779,110,109,457000,452000,1,238613,0.990909090909091,0.9890590809628009,0.00909090909090909,25,24,86000,81000,2,59411,0.96,0.9418604651162791,0.08,85,84,335000,327000,3,180636,0.9882352941176471,0.9761194029850746,0.03529411764705882,110,108,421000,408000,5,240047,0.9818181818181818,0.9691211401425178,0.045454545454545456
sealed_holdout,9,public-hub-209-4f91a7009088,hub,64,64,61,0,balanced_band,stationary_hotspot,public,none,,0,False,0.05207115804656442,0.09811139753361714,7627779,110,95,450000,379000,15,196664,0.8636363636363636,0.8422222222222222,0.13636363636363635,25,23,116000,100000,2,44586,0.92,0.8620689655172413,0.08,85,81,373000,356000,4,178749,0.9529411764705882,0.9544235924932976,0.047058823529411764,110,104,489000,456000,6,223335,0.9454545454545454,0.9325153374233128,0.05454545454545454
sealed_holdout,9,public-hub-209-4f91a7009088,hub,64,64,61,0,balanced_band,stationary_hotspot,retry,none,,0,False,0.05207115804656442,0.09811139753361714,7627779,110,95,450000,379000,15,196664,0.8636363636363636,0.8422222222222222,0.13636363636363635,25,23,116000,100000,2,44586,0.92,0.8620689655172413,0.08,85,81,373000,356000,4,178749,0.9529411764705882,0.9544235924932976,0.047058823529411764,110,104,489000,456000,6,223335,0.9454545454545454,0.9325153374233128,0.05454545454545454
sealed_holdout,9,public-hub-209-4f91a7009088,hub,64,64,61,0,balanced_band,stationary_hotspot,online,none,,0,False,0.05207115804656442,0.09814544526241882,7627779,110,95,450000,379000,15,197014,0.8636363636363636,0.8422222222222222,0.13636363636363635,25,23,116000,100000,2,44586,0.92,0.8620689655172413,0.08,85,81,373000,356000,5,179149,0.9529411764705882,0.9544235924932976,0.058823529411764705,110,104,489000,456000,7,223735,0.9454545454545454,0.9325153374233128,0.06363636363636363
sealed_holdout,9,public-hub-209-4f91a7009088,hub,64,64,61,0,balanced_band,stationary_hotspot,oracle,none,,0,False,0.05207115804656442,0.09811139753361714,7627779,110,95,450000,379000,0,196664,0.8636363636363636,0.8422222222222222,0.0,25,23,116000,100000,0,44586,0.92,0.8620689655172413,0.0,85,81,373000,356000,0,178749,0.9529411764705882,0.9544235924932976,0.0,110,104,489000,456000,0,223335,0.9454545454545454,0.9325153374233128,0.0
sealed_holdout,9,public-hub-209-4f91a7009088,hub,64,64,61,0,balanced_band,stationary_hotspot,online,random,N004|N012,120000,False,0.05207115804656442,0.09662533821864663,7747779,110,95,450000,379000,15,197014,0.8636363636363636,0.8422222222222222,0.13636363636363635,25,23,116000,100000,2,44586,0.92,0.8620689655172413,0.08,85,81,373000,356000,5,179149,0.9529411764705882,0.9544235924932976,0.058823529411764705,110,104,489000,456000,7,223735,0.9454545454545454,0.9325153374233128,0.06363636363636363
sealed_holdout,9,public-hub-209-4f91a7009088,hub,64,64,61,0,balanced_band,stationary_hotspot,online,failure_aware,N055|N060,120000,True,0.05207115804656442,0.09595624726649275,7747779,110,95,450000,379000,15,197014,0.8636363636363636,0.8422222222222222,0.13636363636363635,25,25,116000,116000,1,47068,1.0,1.0,0.04,85,85,373000,373000,2,171669,1.0,1.0,0.023529411764705882,110,110,489000,489000,3,218737,1.0,1.0,0.02727272727272727
sealed_holdout,9,public-hub-209-4f91a7009088,hub,64,64,61,0,balanced_band,shifted_hotspot,public,none,,0,False,0.05207115804656442,0.10315962069109046,7627779,110,95,450000,379000,15,196664,0.8636363636363636,0.8422222222222222,0.13636363636363635,25,25,116000,116000,0,48670,1.0,1.0,0.0,85,84,373000,371000,1,184989,0.9882352941176471,0.9946380697050938,0.011764705882352941,110,109,489000,487000,1,233659,0.990909090909091,0.9959100204498977,0.00909090909090909
sealed_holdout,9,public-hub-209-4f91a7009088,hub,64,64,61,0,balanced_band,shifted_hotspot,retry,none,,0,False,0.05207115804656442,0.10315962069109046,7627779,110,95,450000,379000,15,196664,0.8636363636363636,0.8422222222222222,0.13636363636363635,25,25,116000,116000,0,48670,1.0,1.0,0.0,85,84,373000,371000,1,184989,0.9882352941176471,0.9946380697050938,0.011764705882352941,110,109,489000,487000,1,233659,0.990909090909091,0.9959100204498977,0.00909090909090909
sealed_holdout,9,public-hub-209-4f91a7009088,hub,64,64,61,0,balanced_band,shifted_hotspot,online,none,,0,False,0.05207115804656442,0.10319366841989212,7627779,110,95,450000,379000,15,197014,0.8636363636363636,0.8422222222222222,0.13636363636363635,25,25,116000,116000,0,48670,1.0,1.0,0.0,85,84,373000,371000,2,185389,0.9882352941176471,0.9946380697050938,0.023529411764705882,110,109,489000,487000,2,234059,0.990909090909091,0.9959100204498977,0.01818181818181818
sealed_holdout,9,public-hub-209-4f91a7009088,hub,64,64,61,0,balanced_band,shifted_hotspot,oracle,none,,0,False,0.05207115804656442,0.10315962069109046,7627779,110,95,450000,379000,0,196664,0.8636363636363636,0.8422222222222222,0.0,25,25,116000,116000,0,48670,1.0,1.0,0.0,85,84,373000,371000,0,184989,0.9882352941176471,0.9946380697050938,0.0,110,109,489000,487000,0,233659,0.990909090909091,0.9959100204498977,0.0
sealed_holdout,9,public-hub-209-4f91a7009088,hub,64,64,61,0,balanced_band,shifted_hotspot,online,random,N004|N012,120000,False,0.05207115804656442,0.10159537293283874,7747779,110,95,450000,379000,15,197014,0.8636363636363636,0.8422222222222222,0.13636363636363635,25,25,116000,116000,0,48670,1.0,1.0,0.0,85,84,373000,371000,2,185389,0.9882352941176471,0.9946380697050938,0.023529411764705882,110,109,489000,487000,2,234059,0.990909090909091,0.9959100204498977,0.01818181818181818
sealed_holdout,9,public-hub-209-4f91a7009088,hub,64,64,61,0,balanced_band,shifted_hotspot,online,failure_aware,N055|N060,120000,False,0.05207115804656442,0.10159537293283874,7747779,110,95,450000,379000,15,197014,0.8636363636363636,0.8422222222222222,0.13636363636363635,25,25,116000,116000,0,48670,1.0,1.0,0.0,85,84,373000,371000,2,185389,0.9882352941176471,0.9946380697050938,0.023529411764705882,110,109,489000,487000,2,234059,0.990909090909091,0.9959100204498977,0.01818181818181818
sealed_holdout,9,public-hub-209-4f91a7009088,hub,64,64,61,0,uniform,diffuse,public,none,,0,False,0.2999278543298868,0.3411289257348827,7627779,110,96,457000,360000,14,212135,0.8727272727272727,0.787746170678337,0.12727272727272726,25,22,86000,71000,3,53216,0.88,0.8255813953488372,0.12,85,74,335000,275000,11,157098,0.8705882352941177,0.8208955223880597,0.12941176470588237,110,96,421000,346000,14,210314,0.8727272727272727,0.8218527315914489,0.12727272727272726
sealed_holdout,9,public-hub-209-4f91a7009088,hub,64,64,61,0,uniform,diffuse,retry,none,,0,False,0.2999278543298868,0.34033367929637137,7627779,110,96,457000,360000,16,212135,0.8727272727272727,0.787746170678337,0.14545454545454545,25,22,86000,71000,3,53216,0.88,0.8255813953488372,0.12,85,75,335000,280000,11,158398,0.8823529411764706,0.835820895522388,0.12941176470588237,110,97,421000,351000,14,211614,0.8818181818181818,0.833729216152019,0.12727272727272726
sealed_holdout,9,public-hub-209-4f91a7009088,hub,64,64,61,0,uniform,diffuse,online,none,,0,False,0.2999278543298868,0.34033367929637137,7627779,110,96,457000,360000,16,212135,0.8727272727272727,0.787746170678337,0.14545454545454545,25,22,86000,71000,4,53216,0.88,0.8255813953488372,0.16,85,75,335000,280000,10,158398,0.8823529411764706,0.835820895522388,0.11764705882352941,110,97,421000,351000,14,211614,0.8818181818181818,0.833729216152019,0.12727272727272726
sealed_holdout,9,public-hub-209-4f91a7009088,hub,64,64,61,0,uniform,diffuse,oracle,none,,0,False,0.2999278543298868,0.34033367929637137,7627779,110,96,457000,360000,0,212135,0.8727272727272727,0.787746170678337,0.0,25,22,86000,71000,0,53216,0.88,0.8255813953488372,0.0,85,75,335000,280000,0,158398,0.8823529411764706,0.835820895522388,0.0,110,97,421000,351000,0,211614,0.8818181818181818,0.833729216152019,0.0
sealed_holdout,9,public-hub-209-4f91a7009088,hub,64,64,61,0,uniform,diffuse,online,random,N004|N012,120000,False,0.2999278543298868,0.3350624858981647,7747779,110,96,457000,360000,16,212135,0.8727272727272727,0.787746170678337,0.14545454545454545,25,22,86000,71000,4,53216,0.88,0.8255813953488372,0.16,85,75,335000,280000,10,158398,0.8823529411764706,0.835820895522388,0.11764705882352941,110,97,421000,351000,14,211614,0.8818181818181818,0.833729216152019,0.12727272727272726
sealed_holdout,9,public-hub-209-4f91a7009088,hub,64,64,61,0,uniform,diffuse,online,failure_aware,N044|N048,120000,False,0.2999278543298868,0.3350624858981647,7747779,110,96,457000,360000,16,212135,0.8727272727272727,0.787746170678337,0.14545454545454545,25,22,86000,71000,4,53216,0.88,0.8255813953488372,0.16,85,75,335000,280000,10,158398,0.8823529411764706,0.835820895522388,0.11764705882352941,110,97,421000,351000,14,211614,0.8818181818181818,0.833729216152019,0.12727272727272726
sealed_holdout,9,public-hub-209-4f91a7009088,hub,64,64,61,0,uniform,stationary_hotspot,public,none,,0,False,0.2999278543298868,0.3168550291187461,7627779,110,91,450000,342000,19,188542,0.8272727272727273,0.76,0.17272727272727273,25,21,116000,87000,4,40576,0.84,0.75,0.16,85,77,373000,333000,8,169303,0.9058823529411765,0.8927613941018767,0.09411764705882353,110,98,489000,420000,12,209879,0.8909090909090909,0.8588957055214724,0.10909090909090909
sealed_holdout,9,public-hub-209-4f91a7009088,hub,64,64,61,0,uniform,stationary_hotspot,retry,none,,0,False,0.2999278543298868,0.3168550291187461,7627779,110,91,450000,342000,19,188542,0.8272727272727273,0.76,0.17272727272727273,25,21,116000,87000,4,40576,0.84,0.75,0.16,85,77,373000,333000,9,169303,0.9058823529411765,0.8927613941018767,0.10588235294117647,110,98,489000,420000,13,209879,0.8909090909090909,0.8588957055214724,0.11818181818181818
sealed_holdout,9,public-hub-209-4f91a7009088,hub,64,64,61,0,uniform,stationary_hotspot,online,none,,0,False,0.2999278543298868,0.31632964596054847,7627779,110,91,450000,342000,20,188992,0.8272727272727273,0.76,0.18181818181818182,25,21,116000,87000,4,40626,0.84,0.75,0.16,85,77,373000,333000,9,169303,0.9058823529411765,0.8927613941018767,0.10588235294117647,110,98,489000,420000,13,209929,0.8909090909090909,0.8588957055214724,0.11818181818181818
sealed_holdout,9,public-hub-209-4f91a7009088,hub,64,64,61,0,uniform,stationary_hotspot,oracle,none,,0,False,0.2999278543298868,0.3168550291187461,7627779,110,91,450000,342000,0,188542,0.8272727272727273,0.76,0.0,25,21,116000,87000,0,40576,0.84,0.75,0.0,85,77,373000,333000,0,169303,0.9058823529411765,0.8927613941018767,0.0,110,98,489000,420000,0,209879,0.8909090909090909,0.8588957055214724,0.0
sealed_holdout,9,public-hub-209-4f91a7009088,hub,64,64,61,0,uniform,stationary_hotspot,online,random,N004|N012,120000,False,0.2999278543298868,0.3114302344627159,7747779,110,91,450000,342000,20,188992,0.8272727272727273,0.76,0.18181818181818182,25,21,116000,87000,4,40626,0.84,0.75,0.16,85,77,373000,333000,9,169303,0.9058823529411765,0.8927613941018767,0.10588235294117647,110,98,489000,420000,13,209929,0.8909090909090909,0.8588957055214724,0.11818181818181818
sealed_holdout,9,public-hub-209-4f91a7009088,hub,64,64,61,0,uniform,stationary_hotspot,online,failure_aware,N055|N060,120000,True,0.2999278543298868,0.30885094746685743,7747779,110,91,450000,342000,20,188992,0.8272727272727273,0.76,0.18181818181818182,25,23,116000,103000,3,43108,0.92,0.8879310344827587,0.12,85,81,373000,350000,6,161823,0.9529411764705882,0.938337801608579,0.07058823529411765,110,104,489000,453000,9,204931,0.9454545454545454,0.9263803680981595,0.08181818181818182
sealed_holdout,9,public-hub-209-4f91a7009088,hub,64,64,61,0,uniform,shifted_hotspot,public,none,,0,False,0.2999278543298868,0.32709661048164984,7627779,110,91,450000,342000,19,188542,0.8272727272727273,0.76,0.17272727272727273,25,23,116000,103000,2,44660,0.92,0.8879310344827587,0.08,85,81,373000,350000,4,177551,0.9529411764705882,0.938337801608579,0.047058823529411764,110,104,489000,453000,6,222211,0.9454545454545454,0.9263803680981595,0.05454545454545454
sealed_holdout,9,public-hub-209-4f91a7009088,hub,64,64,61,0,uniform,shifted_hotspot,retry,none,,0,False,0.2999278543298868,0.32709661048164984,7627779,110,91,450000,342000,19,188542,0.8272727272727273,0.76,0.17272727272727273,25,23,116000,103000,2,44660,0.92,0.8879310344827587,0.08,85,81,373000,350000,5,177551,0.9529411764705882,0.938337801608579,0.058823529411764705,110,104,489000,453000,7,222211,0.9454545454545454,0.9263803680981595,0.06363636363636363
sealed_holdout,9,public-hub-209-4f91a7009088,hub,64,64,61,0,uniform,shifted_hotspot,online,none,,0,False,0.2999278543298868,0.3265712273234522,7627779,110,91,450000,342000,20,188992,0.8272727272727273,0.76,0.18181818181818182,25,23,116000,103000,2,44710,0.92,0.8879310344827587,0.08,85,81,373000,350000,5,177551,0.9529411764705882,0.938337801608579,0.058823529411764705,110,104,489000,453000,7,222261,0.9454545454545454,0.9263803680981595,0.06363636363636363
sealed_holdout,9,public-hub-209-4f91a7009088,hub,64,64,61,0,uniform,shifted_hotspot,oracle,none,,0,False,0.2999278543298868,0.32709661048164984,7627779,110,91,450000,342000,0,188542,0.8272727272727273,0.76,0.0,25,23,116000,103000,0,44660,0.92,0.8879310344827587,0.0,85,81,373000,350000,0,177551,0.9529411764705882,0.938337801608579,0.0,110,104,489000,453000,0,222211,0.9454545454545454,0.9263803680981595,0.0
sealed_holdout,9,public-hub-209-4f91a7009088,hub,64,64,61,0,uniform,shifted_hotspot,online,random,N004|N012,120000,False,0.2999278543298868,0.32151319104249804,7747779,110,91,450000,342000,20,188992,0.8272727272727273,0.76,0.18181818181818182,25,23,116000,103000,2,44710,0.92,0.8879310344827587,0.08,85,81,373000,350000,5,177551,0.9529411764705882,0.938337801608579,0.058823529411764705,110,104,489000,453000,7,222261,0.9454545454545454,0.9263803680981595,0.06363636363636363
sealed_holdout,9,public-hub-209-4f91a7009088,hub,64,64,61,0,uniform,shifted_hotspot,online,failure_aware,N055|N060,120000,False,0.2999278543298868,0.32151319104249804,7747779,110,91,450000,342000,20,188992,0.8272727272727273,0.76,0.18181818181818182,25,23,116000,103000,2,44710,0.92,0.8879310344827587,0.08,85,81,373000,350000,5,177551,0.9529411764705882,0.938337801608579,0.058823529411764705,110,104,489000,453000,7,222261,0.9454545454545454,0.9263803680981595,0.06363636363636363
sealed_holdout,9,public-hub-209-4f91a7009088,hub,64,64,61,0,polarized,diffuse,public,none,,0,False,0.7032795939853875,0.6627879401089151,7627779,110,82,457000,275000,28,175123,0.7454545454545455,0.6017505470459519,0.2545454545454545,25,17,86000,46000,8,41909,0.68,0.5348837209302325,0.32,85,64,335000,240000,21,138359,0.7529411764705882,0.7164179104477612,0.24705882352941178,110,81,421000,286000,29,180268,0.7363636363636363,0.6793349168646081,0.2636363636363636
sealed_holdout,9,public-hub-209-4f91a7009088,hub,64,64,61,0,polarized,diffuse,retry,none,,0,False,0.7032795939853875,0.6586791156235986,7627779,110,82,457000,275000,31,175123,0.7454545454545455,0.6017505470459519,0.2818181818181818,25,18,86000,48000,9,44949,0.72,0.5581395348837209,0.36,85,65,335000,245000,21,139659,0.7647058823529411,0.7313432835820896,0.24705882352941178,110,83,421000,293000,30,184608,0.7545454545454545,0.6959619952494062,0.2727272727272727
sealed_holdout,9,public-hub-209-4f91a7009088,hub,64,64,61,0,polarized,diffuse,online,none,,0,False,0.7032795939853875,0.6586791156235986,7627779,110,82,457000,275000,31,175123,0.7454545454545455,0.6017505470459519,0.2818181818181818,25,18,86000,48000,9,44949,0.72,0.5581395348837209,0.36,85,65,335000,245000,20,139659,0.7647058823529411,0.7313432835820896,0.23529411764705882,110,83,421000,293000,29,184608,0.7545454545454545,0.6959619952494062,0.2636363636363636
sealed_holdout,9,public-hub-209-4f91a7009088,hub,64,64,61,0,polarized,diffuse,oracle,none,,0,False,0.7032795939853875,0.6586791156235986,7627779,110,82,457000,275000,0,175123,0.7454545454545455,0.6017505470459519,0.0,25,18,86000,48000,0,44949,0.72,0.5581395348837209,0.0,85,65,335000,245000,0,139659,0.7647058823529411,0.7313432835820896,0.0,110,83,421000,293000,0,184608,0.7545454545454545,0.6959619952494062,0.0
sealed_holdout,9,public-hub-209-4f91a7009088,hub,64,64,61,0,polarized,diffuse,online,random,N004|N012,120000,False,0.7032795939853875,0.6484772895422362,7747779,110,82,457000,275000,31,175123,0.7454545454545455,0.6017505470459519,0.2818181818181818,25,18,86000,48000,9,44949,0.72,0.5581395348837209,0.36,85,65,335000,245000,20,139659,0.7647058823529411,0.7313432835820896,0.23529411764705882,110,83,421000,293000,29,184608,0.7545454545454545,0.6959619952494062,0.2636363636363636
sealed_holdout,9,public-hub-209-4f91a7009088,hub,64,64,61,0,polarized,diffuse,online,failure_aware,N044|N048,120000,False,0.7032795939853875,0.6471412862685829,7747779,110,82,457000,275000,31,175123,0.7454545454545455,0.6017505470459519,0.2818181818181818,25,18,86000,48000,9,44949,0.72,0.5581395348837209,0.36,85,66,335000,247000,20,142863,0.7764705882352941,0.7373134328358208,0.23529411764705882,110,84,421000,295000,29,187812,0.7636363636363637,0.7007125890736342,0.2636363636363636
sealed_holdout,9,public-hub-209-4f91a7009088,hub,64,64,61,0,polarized,stationary_hotspot,public,none,,0,False,0.7032795939853875,0.6911771731094217,7627779,110,76,450000,270000,34,152900,0.6909090909090909,0.6,0.3090909090909091,25,18,116000,69000,7,35164,0.72,0.5948275862068966,0.28,85,69,373000,303000,16,150454,0.8117647058823529,0.8123324396782842,0.18823529411764706,110,87,489000,372000,23,185618,0.7909090909090909,0.7607361963190185,0.20909090909090908
sealed_holdout,9,public-hub-209-4f91a7009088,hub,64,64,61,0,polarized,stationary_hotspot,retry,none,,0,False,0.7032795939853875,0.6911771731094217,7627779,110,76,450000,270000,34,152900,0.6909090909090909,0.6,0.3090909090909091,25,18,116000,69000,8,35164,0.72,0.5948275862068966,0.32,85,69,373000,303000,18,150454,0.8117647058823529,0.8123324396782842,0.21176470588235294,110,87,489000,372000,26,185618,0.7909090909090909,0.7607361963190185,0.23636363636363636
sealed_holdout,9,public-hub-209-4f91a7009088,hub,64,64,61,0,polarized,stationary_hotspot,online,none,,0,False,0.7032795939853875,0.6895458096716072,7627779,110,76,450000,270000,35,153350,0.6909090909090909,0.6,0.3181818181818182,25,18,116000,69000,8,35214,0.72,0.5948275862068966,0.32,85,69,373000,303000,18,150454,0.8117647058823529,0.8123324396782842,0.21176470588235294,110,87,489000,372000,26,185668,0.7909090909090909,0.7607361963190185,0.23636363636363636
sealed_holdout,9,public-hub-209-4f91a7009088,hub,64,64,61,0,polarized,stationary_hotspot,oracle,none,,0,False,0.7032795939853875,0.6911771731094217,7627779,110,76,450000,270000,0,152900,0.6909090909090909,0.6,0.0,25,18,116000,69000,0,35164,0.72,0.5948275862068966,0.0,85,69,373000,303000,0,150454,0.8117647058823529,0.8123324396782842,0.0,110,87,489000,372000,0,185618,0.7909090909090909,0.7607361963190185,0.0
sealed_holdout,9,public-hub-209-4f91a7009088,hub,64,64,61,0,polarized,stationary_hotspot,online,random,N004|N012,120000,False,0.7032795939853875,0.6788659106759605,7747779,110,76,450000,270000,35,153350,0.6909090909090909,0.6,0.3181818181818182,25,18,116000,69000,8,35214,0.72,0.5948275862068966,0.32,85,69,373000,303000,19,150454,0.8117647058823529,0.8123324396782842,0.2235294117647059,110,87,489000,372000,27,185668,0.7909090909090909,0.7607361963190185,0.24545454545454545
sealed_holdout,9,public-hub-209-4f91a7009088,hub,64,64,61,0,polarized,stationary_hotspot,online,failure_aware,N055|N060,120000,True,0.7032795939853875,0.6760542261736103,7747779,110,76,450000,270000,35,153350,0.6909090909090909,0.6,0.3181818181818182,25,20,116000,85000,7,37696,0.8,0.7327586206896551,0.28,85,73,373000,320000,16,142974,0.8588235294117647,0.8579088471849866,0.18823529411764706,110,93,489000,405000,23,180670,0.8454545454545455,0.8282208588957055,0.20909090909090908
sealed_holdout,9,public-hub-209-4f91a7009088,hub,64,64,61,0,polarized,shifted_hotspot,public,none,,0,False,0.7032795939853875,0.6903796791382777,7627779,110,76,450000,270000,34,152900,0.6909090909090909,0.6,0.3090909090909091,25,19,116000,84000,6,37243,0.76,0.7241379310344828,0.24,85,72,373000,312000,13,156670,0.8470588235294118,0.8364611260053619,0.15294117647058825,110,91,489000,396000,19,193913,0.8272727272727273,0.8098159509202454,0.17272727272727273
sealed_holdout,9,public-hub-209-4f91a7009088,hub,64,64,61,0,polarized,shifted_hotspot,retry,none,,0,False,0.7032795939853875,0.6903796791382777,7627779,110,76,450000,270000,34,152900,0.6909090909090909,0.6,0.3090909090909091,25,19,116000,84000,7,37243,0.76,0.7241379310344828,0.28,85,72,373000,312000,15,156670,0.8470588235294118,0.8364611260053619,0.17647058823529413,110,91,489000,396000,22,193913,0.8272727272727273,0.8098159509202454,0.2
sealed_holdout,9,public-hub-209-4f91a7009088,hub,64,64,61,0,polarized,shifted_hotspot,online,none,,0,False,0.7032795939853875,0.6887483157004631,7627779,110,76,450000,270000,35,153350,0.6909090909090909,0.6,0.3181818181818182,25,19,116000,84000,7,37293,0.76,0.7241379310344828,0.28,85,72,373000,312000,15,156670,0.8470588235294118,0.8364611260053619,0.17647058823529413,110,91,489000,396000,22,193963,0.8272727272727273,0.8098159509202454,0.2
sealed_holdout,9,public-hub-209-4f91a7009088,hub,64,64,61,0,polarized,shifted_hotspot,oracle,none,,0,False,0.7032795939853875,0.6903796791382777,7627779,110,76,450000,270000,0,152900,0.6909090909090909,0.6,0.0,25,19,116000,84000,0,37243,0.76,0.7241379310344828,0.0,85,72,373000,312000,0,156670,0.8470588235294118,0.8364611260053619,0.0,110,91,489000,396000,0,193913,0.8272727272727273,0.8098159509202454,0.0
sealed_holdout,9,public-hub-209-4f91a7009088,hub,64,64,61,0,polarized,shifted_hotspot,online,random,N004|N012,120000,False,0.7032795939853875,0.6780807685383595,7747779,110,76,450000,270000,35,153350,0.6909090909090909,0.6,0.3181818181818182,25,19,116000,84000,7,37293,0.76,0.7241379310344828,0.28,85,72,373000,312000,16,156670,0.8470588235294118,0.8364611260053619,0.18823529411764706,110,91,489000,396000,23,193963,0.8272727272727273,0.8098159509202454,0.20909090909090908
sealed_holdout,9,public-hub-209-4f91a7009088,hub,64,64,61,0,polarized,shifted_hotspot,online,failure_aware,N055|N060,120000,False,0.7032795939853875,0.6780807685383595,7747779,110,76,450000,270000,35,153350,0.6909090909090909,0.6,0.3181818181818182,25,19,116000,84000,7,37293,0.76,0.7241379310344828,0.28,85,72,373000,312000,16,156670,0.8470588235294118,0.8364611260053619,0.18823529411764706,110,91,489000,396000,23,193963,0.8272727272727273,0.8098159509202454,0.20909090909090908
sealed_holdout,9,public-hub-209-4f91a7009088,hub,64,64,61,1,balanced_band,diffuse,public,none,,0,False,0.062477937753195524,0.08592737137696352,7627779,110,109,422000,414000,1,227725,0.990909090909091,0.981042654028436,0.00909090909090909,25,25,97000,97000,0,56598,1.0,1.0,0.0,85,83,332000,316000,2,172346,0.9764705882352941,0.9518072289156626,0.023529411764705882,110,108,429000,413000,2,228944,0.9818181818181818,0.9627039627039627,0.01818181818181818
sealed_holdout,9,public-hub-209-4f91a7009088,hub,64,64,61,1,balanced_band,diffuse,retry,none,,0,False,0.062477937753195524,0.08592737137696352,7627779,110,109,422000,414000,2,227725,0.990909090909091,0.981042654028436,0.01818181818181818,25,25,97000,97000,0,56598,1.0,1.0,0.0,85,83,332000,316000,2,172346,0.9764705882352941,0.9518072289156626,0.023529411764705882,110,108,429000,413000,2,228944,0.9818181818181818,0.9627039627039627,0.01818181818181818
sealed_holdout,9,public-hub-209-4f91a7009088,hub,64,64,61,1,balanced_band,diffuse,online,none,,0,False,0.062477937753195524,0.08770298516993973,7627779,110,109,422000,414000,2,227725,0.990909090909091,0.981042654028436,0.01818181818181818,25,25,97000,97000,0,56598,1.0,1.0,0.0,85,83,332000,316000,2,172596,0.9764705882352941,0.9518072289156626,0.023529411764705882,110,108,429000,413000,2,229194,0.9818181818181818,0.9627039627039627,0.01818181818181818
sealed_holdout,9,public-hub-209-4f91a7009088,hub,64,64,61,1,balanced_band,diffuse,oracle,none,,0,False,0.062477937753195524,0.08592737137696352,7627779,110,109,422000,414000,0,227725,0.990909090909091,0.981042654028436,0.0,25,25,97000,97000,0,56598,1.0,1.0,0.0,85,83,332000,316000,0,172346,0.9764705882352941,0.9518072289156626,0.0,110,108,429000,413000,0,228944,0.9818181818181818,0.9627039627039627,0.0
sealed_holdout,9,public-hub-209-4f91a7009088,hub,64,64,61,1,balanced_band,diffuse,online,random,N000|N032,120000,False,0.062477937753195524,0.08634461418124828,7747779,110,109,422000,414000,2,227725,0.990909090909091,0.981042654028436,0.01818181818181818,25,25,97000,97000,0,56598,1.0,1.0,0.0,85,83,332000,316000,2,172596,0.9764705882352941,0.9518072289156626,0.023529411764705882,110,108,429000,413000,2,229194,0.9818181818181818,0.9627039627039627,0.01818181818181818
sealed_holdout,9,public-hub-209-4f91a7009088,hub,64,64,61,1,balanced_band,diffuse,online,failure_aware,N039|N041,120000,False,0.062477937753195524,0.08634461418124828,7747779,110,109,422000,414000,2,227725,0.990909090909091,0.981042654028436,0.01818181818181818,25,25,97000,97000,0,56598,1.0,1.0,0.0,85,83,332000,316000,2,172596,0.9764705882352941,0.9518072289156626,0.023529411764705882,110,108,429000,413000,2,229194,0.9818181818181818,0.9627039627039627,0.01818181818181818
sealed_holdout,9,public-hub-209-4f91a7009088,hub,64,64,61,1,balanced_band,stationary_hotspot,public,none,,0,False,0.062477937753195524,0.11420816428717853,7627779,110,105,452000,418000,5,212521,0.9545454545454546,0.9247787610619469,0.045454545454545456,25,23,98000,82000,2,46311,0.92,0.8367346938775511,0.08,85,76,357000,309000,9,160480,0.8941176470588236,0.865546218487395,0.10588235294117647,110,99,455000,391000,11,206791,0.9,0.8593406593406593,0.1
sealed_holdout,9,public-hub-209-4f91a7009088,hub,64,64,61,1,balanced_band,stationary_hotspot,retry,none,,0,False,0.062477937753195524,0.1152367692130501,7627779,110,106,452000,426000,5,215001,0.9636363636363636,0.9424778761061947,0.045454545454545456,25,23,98000,82000,2,46311,0.92,0.8367346938775511,0.08,85,76,357000,309000,9,160480,0.8941176470588236,0.865546218487395,0.10588235294117647,110,99,455000,391000,11,206791,0.9,0.8593406593406593,0.1
sealed_holdout,9,public-hub-209-4f91a7009088,hub,64,64,61,1,balanced_band,stationary_hotspot,online,none,,0,False,0.062477937753195524,0.11810649407950047,7627779,110,106,452000,426000,5,214851,0.9636363636363636,0.9424778761061947,0.045454545454545456,25,23,98000,82000,2,46311,0.92,0.8367346938775511,0.08,85,76,357000,309000,9,160980,0.8941176470588236,0.865546218487395,0.10588235294117647,110,99,455000,391000,11,207291,0.9,0.8593406593406593,0.1
sealed_holdout,9,public-hub-209-4f91a7009088,hub,64,64,61,1,balanced_band,stationary_hotspot,oracle,none,,0,False,0.062477937753195524,0.1152367692130501,7627779,110,106,452000,426000,0,215001,0.9636363636363636,0.9424778761061947,0.0,25,23,98000,82000,0,46311,0.92,0.8367346938775511,0.0,85,76,357000,309000,0,160480,0.8941176470588236,0.865546218487395,0.0,110,99,455000,391000,0,206791,0.9,0.8593406593406593,0.0
sealed_holdout,9,public-hub-209-4f91a7009088,hub,64,64,61,1,balanced_band,stationary_hotspot,online,random,N000|N032,120000,False,0.062477937753195524,0.1162772241313592,7747779,110,106,452000,426000,5,214851,0.9636363636363636,0.9424778761061947,0.045454545454545456,25,23,98000,82000,2,46311,0.92,0.8367346938775511,0.08,85,76,357000,309000,9,160980,0.8941176470588236,0.865546218487395,0.10588235294117647,110,99,455000,391000,11,207291,0.9,0.8593406593406593,0.1
sealed_holdout,9,public-hub-209-4f91a7009088,hub,64,64,61,1,balanced_band,stationary_hotspot,online,failure_aware,N056|N057,120000,True,0.062477937753195524,0.12869206894506116,7747779,110,106,452000,426000,5,214851,0.9636363636363636,0.9424778761061947,0.045454545454545456,25,24,98000,90000,2,48111,0.96,0.9183673469387755,0.08,85,85,357000,357000,7,171176,1.0,1.0,0.08235294117647059,110,109,455000,447000,9,219287,0.990909090909091,0.9824175824175824,0.08181818181818182
sealed_holdout,9,public-hub-209-4f91a7009088,hub,64,64,61,1,balanced_band,shifted_hotspot,public,none,,0,False,0.062477937753195524,0.12050794048076612,7627779,110,105,452000,418000,5,212521,0.9545454545454546,0.9247787610619469,0.045454545454545456,25,24,98000,90000,1,48345,0.96,0.9183673469387755,0.04,85,81,357000,331000,4,170720,0.9529411764705882,0.927170868347339,0.047058823529411764,110,105,455000,421000,5,219065,0.9545454545454546,0.9252747252747253,0.045454545454545456
sealed_holdout,9,public-hub-209-4f91a7009088,hub,64,64,61,1,balanced_band,shifted_hotspot,retry,none,,0,False,0.062477937753195524,0.12153654540663768,7627779,110,106,452000,426000,5,215001,0.9636363636363636,0.9424778761061947,0.045454545454545456,25,24,98000,90000,1,48345,0.96,0.9183673469387755,0.04,85,81,357000,331000,4,170720,0.9529411764705882,0.927170868347339,0.047058823529411764,110,105,455000,421000,5,219065,0.9545454545454546,0.9252747252747253,0.045454545454545456
sealed_holdout,9,public-hub-209-4f91a7009088,hub,64,64,61,1,balanced_band,shifted_hotspot,online,none,,0,False,0.062477937753195524,0.12440627027308807,7627779,110,106,452000,426000,5,214851,0.9636363636363636,0.9424778761061947,0.045454545454545456,25,24,98000,90000,1,48345,0.96,0.9183673469387755,0.04,85,81,357000,331000,4,171220,0.9529411764705882,0.927170868347339,0.047058823529411764,110,105,455000,421000,5,219565,0.9545454545454546,0.9252747252747253,0.045454545454545456
sealed_holdout,9,public-hub-209-4f91a7009088,hub,64,64,61,1,balanced_band,shifted_hotspot,oracle,none,,0,False,0.062477937753195524,0.12153654540663768,7627779,110,106,452000,426000,0,215001,0.9636363636363636,0.9424778761061947,0.0,25,24,98000,90000,0,48345,0.96,0.9183673469387755,0.0,85,81,357000,331000,0,170720,0.9529411764705882,0.927170868347339,0.0,110,105,455000,421000,0,219065,0.9545454545454546,0.9252747252747253,0.0
sealed_holdout,9,public-hub-209-4f91a7009088,hub,64,64,61,1,balanced_band,shifted_hotspot,online,random,N000|N032,120000,False,0.062477937753195524,0.12247942744073952,7747779,110,106,452000,426000,5,214851,0.9636363636363636,0.9424778761061947,0.045454545454545456,25,24,98000,90000,1,48345,0.96,0.9183673469387755,0.04,85,81,357000,331000,4,171220,0.9529411764705882,0.927170868347339,0.047058823529411764,110,105,455000,421000,5,219565,0.9545454545454546,0.9252747252747253,0.045454545454545456
sealed_holdout,9,public-hub-209-4f91a7009088,hub,64,64,61,1,balanced_band,shifted_hotspot,online,failure_aware,N056|N057,120000,False,0.062477937753195524,0.12247942744073952,7747779,110,106,452000,426000,5,214851,0.9636363636363636,0.9424778761061947,0.045454545454545456,25,24,98000,90000,1,48345,0.96,0.9183673469387755,0.04,85,81,357000,331000,4,171220,0.9529411764705882,0.927170868347339,0.047058823529411764,110,105,455000,421000,5,219565,0.9545454545454546,0.9252747252747253,0.045454545454545456
sealed_holdout,9,public-hub-209-4f91a7009088,hub,64,64,61,1,uniform,diffuse,public,none,,0,False,0.3598654773557831,0.31916145529526846,7627779,110,98,422000,347000,12,204565,0.8909090909090909,0.8222748815165877,0.10909090909090909,25,24,97000,89000,1,54590,0.96,0.9175257731958762,0.04,85,78,332000,295000,7,162344,0.9176470588235294,0.8885542168674698,0.08235294117647059,110,102,429000,384000,8,216934,0.9272727272727272,0.8951048951048951,0.07272727272727272
sealed_holdout,9,public-hub-209-4f91a7009088,hub,64,64,61,1,uniform,diffuse,retry,none,,0,False,0.3598654773557831,0.31916145529526846,7627779,110,98,422000,347000,14,204565,0.8909090909090909,0.8222748815165877,0.12727272727272726,25,24,97000,89000,1,54590,0.96,0.9175257731958762,0.04,85,78,332000,295000,7,162344,0.9176470588235294,0.8885542168674698,0.08235294117647059,110,102,429000,384000,8,216934,0.9272727272727272,0.8951048951048951,0.07272727272727272
sealed_holdout,9,public-hub-209-4f91a7009088,hub,64,64,61,1,uniform,diffuse,online,none,,0,False,0.3598654773557831,0.3191500388991612,7627779,110,98,422000,347000,14,204565,0.8909090909090909,0.8222748815165877,0.12727272727272726,25,24,97000,89000,1,54590,0.96,0.9175257731958762,0.04,85,78,332000,295000,7,162594,0.9176470588235294,0.8885542168674698,0.08235294117647059,110,102,429000,384000,8,217184,0.9272727272727272,0.8951048951048951,0.07272727272727272
sealed_holdout,9,public-hub-209-4f91a7009088,hub,64,64,61,1,uniform,diffuse,oracle,none,,0,False,0.3598654773557831,0.31916145529526846,7627779,110,98,422000,347000,0,204565,0.8909090909090909,0.8222748815165877,0.0,25,24,97000,89000,0,54590,0.96,0.9175257731958762,0.0,85,78,332000,295000,0,162344,0.9176470588235294,0.8885542168674698,0.0,110,102,429000,384000,0,216934,0.9272727272727272,0.8951048951048951,0.0
sealed_holdout,9,public-hub-209-4f91a7009088,hub,64,64,61,1,uniform,diffuse,online,random,N000|N032,120000,False,0.3598654773557831,0.3142069442822524,7747779,110,98,422000,347000,14,204565,0.8909090909090909,0.8222748815165877,0.12727272727272726,25,24,97000,89000,1,54590,0.96,0.9175257731958762,0.04,85,78,332000,295000,7,162594,0.9176470588235294,0.8885542168674698,0.08235294117647059,110,102,429000,384000,8,217184,0.9272727272727272,0.8951048951048951,0.07272727272727272
sealed_holdout,9,public-hub-209-4f91a7009088,hub,64,64,61,1,uniform,diffuse,online,failure_aware,N039|N041,120000,False,0.3598654773557831,0.3142069442822524,7747779,110,98,422000,347000,14,204565,0.8909090909090909,0.8222748815165877,0.12727272727272726,25,24,97000,89000,1,54590,0.96,0.9175257731958762,0.04,85,78,332000,295000,7,162594,0.9176470588235294,0.8885542168674698,0.08235294117647059,110,102,429000,384000,8,217184,0.9272727272727272,0.8951048951048951,0.07272727272727272
sealed_holdout,9,public-hub-209-4f91a7009088,hub,64,64,61,1,uniform,stationary_hotspot,public,none,,0,False,0.3598654773557831,0.36957032282283325,7627779,110,100,452000,378000,10,203073,0.9090909090909091,0.8362831858407079,0.09090909090909091,25,20,98000,61000,5,38370,0.8,0.6224489795918368,0.2,85,69,357000,277000,16,146329,0.8117647058823529,0.7759103641456583,0.18823529411764706,110,89,455000,338000,21,184699,0.8090909090909091,0.7428571428571429,0.19090909090909092
sealed_holdout,9,public-hub-209-4f91a7009088,hub,64,64,61,1,uniform,stationary_hotspot,retry,none,,0,False,0.3598654773557831,0.3695352958968896,7627779,110,101,452000,386000,11,205553,0.9181818181818182,0.8539823008849557,0.1,25,20,98000,61000,5,38370,0.8,0.6224489795918368,0.2,85,69,357000,277000,16,146329,0.8117647058823529,0.7759103641456583,0.18823529411764706,110,89,455000,338000,21,184699,0.8090909090909091,0.7428571428571429,0.19090909090909092
sealed_holdout,9,public-hub-209-4f91a7009088,hub,64,64,61,1,uniform,stationary_hotspot,online,none,,0,False,0.3598654773557831,0.3695352958968896,7627779,110,101,452000,386000,11,205553,0.9181818181818182,0.8539823008849557,0.1,25,20,98000,61000,5,38370,0.8,0.6224489795918368,0.2,85,69,357000,277000,16,146329,0.8117647058823529,0.7759103641456583,0.18823529411764706,110,89,455000,338000,21,184699,0.8090909090909091,0.7428571428571429,0.19090909090909092
sealed_holdout,9,public-hub-209-4f91a7009088,hub,64,64,61,1,uniform,stationary_hotspot,oracle,none,,0,False,0.3598654773557831,0.3695352958968896,7627779,110,101,452000,386000,0,205553,0.9181818181818182,0.8539823008849557,0.0,25,20,98000,61000,0,38370,0.8,0.6224489795918368,0.0,85,69,357000,277000,0,146329,0.8117647058823529,0.7759103641456583,0.0,110,89,455000,338000,0,184699,0.8090909090909091,0.7428571428571429,0.0
sealed_holdout,9,public-hub-209-4f91a7009088,hub,64,64,61,1,uniform,stationary_hotspot,online,random,N000|N032,120000,False,0.3598654773557831,0.3638118188194424,7747779,110,101,452000,386000,11,205553,0.9181818181818182,0.8539823008849557,0.1,25,20,98000,61000,5,38370,0.8,0.6224489795918368,0.2,85,69,357000,277000,16,146329,0.8117647058823529,0.7759103641456583,0.18823529411764706,110,89,455000,338000,21,184699,0.8090909090909091,0.7428571428571429,0.19090909090909092
sealed_holdout,9,public-hub-209-4f91a7009088,hub,64,64,61,1,uniform,stationary_hotspot,online,failure_aware,N056|N057,120000,True,0.3598654773557831,0.37847687643671024,7747779,110,101,452000,386000,11,205553,0.9181818181818182,0.8539823008849557,0.1,25,21,98000,69000,5,40170,0.84,0.7040816326530612,0.2,85,78,357000,328000,14,156528,0.9176470588235294,0.9187675070028011,0.16470588235294117,110,99,455000,397000,19,196698,0.9,0.8725274725274725,0.17272727272727273
sealed_holdout,9,public-hub-209-4f91a7009088,hub,64,64,61,1,uniform,shifted_hotspot,public,none,,0,False,0.3598654773557831,0.39286364887786274,7627779,110,100,452000,378000,10,203073,0.9090909090909091,0.8362831858407079,0.09090909090909091,25,21,98000,69000,4,40404,0.84,0.7040816326530612,0.16,85,78,357000,328000,7,164650,0.9176470588235294,0.9187675070028011,0.08235294117647059,110,99,455000,397000,11,205054,0.9,0.8725274725274725,0.1
sealed_holdout,9,public-hub-209-4f91a7009088,hub,64,64,61,1,uniform,shifted_hotspot,retry,none,,0,False,0.3598654773557831,0.3928286219519191,7627779,110,101,452000,386000,11,205553,0.9181818181818182,0.8539823008849557,0.1,25,21,98000,69000,4,40404,0.84,0.7040816326530612,0.16,85,78,357000,328000,7,164650,0.9176470588235294,0.9187675070028011,0.08235294117647059,110,99,455000,397000,11,205054,0.9,0.8725274725274725,0.1
sealed_holdout,9,public-hub-209-4f91a7009088,hub,64,64,61,1,uniform,shifted_hotspot,online,none,,0,False,0.3598654773557831,0.3928286219519191,7627779,110,101,452000,386000,11,205553,0.9181818181818182,0.8539823008849557,0.1,25,21,98000,69000,4,40404,0.84,0.7040816326530612,0.16,85,78,357000,328000,7,164650,0.9176470588235294,0.9187675070028011,0.08235294117647059,110,99,455000,397000,11,205054,0.9,0.8725274725274725,0.1
sealed_holdout,9,public-hub-209-4f91a7009088,hub,64,64,61,1,uniform,shifted_hotspot,oracle,none,,0,False,0.3598654773557831,0.3928286219519191,7627779,110,101,452000,386000,0,205553,0.9181818181818182,0.8539823008849557,0.0,25,21,98000,69000,0,40404,0.84,0.7040816326530612,0.0,85,78,357000,328000,0,164650,0.9176470588235294,0.9187675070028011,0.0,110,99,455000,397000,0,205054,0.9,0.8725274725274725,0.0
sealed_holdout,9,public-hub-209-4f91a7009088,hub,64,64,61,1,uniform,shifted_hotspot,online,random,N000|N032,120000,False,0.3598654773557831,0.3867443706285101,7747779,110,101,452000,386000,11,205553,0.9181818181818182,0.8539823008849557,0.1,25,21,98000,69000,4,40404,0.84,0.7040816326530612,0.16,85,78,357000,328000,7,164650,0.9176470588235294,0.9187675070028011,0.08235294117647059,110,99,455000,397000,11,205054,0.9,0.8725274725274725,0.1
sealed_holdout,9,public-hub-209-4f91a7009088,hub,64,64,61,1,uniform,shifted_hotspot,online,failure_aware,N056|N057,120000,False,0.3598654773557831,0.3867443706285101,7747779,110,101,452000,386000,11,205553,0.9181818181818182,0.8539823008849557,0.1,25,21,98000,69000,4,40404,0.84,0.7040816326530612,0.16,85,78,357000,328000,7,164650,0.9176470588235294,0.9187675070028011,0.08235294117647059,110,99,455000,397000,11,205054,0.9,0.8725274725274725,0.1
sealed_holdout,9,public-hub-209-4f91a7009088,hub,64,64,61,1,polarized,diffuse,public,none,,0,False,0.7376417502267586,0.6422906909115063,7627779,110,82,422000,274000,28,171325,0.7454545454545455,0.6492890995260664,0.2545454545454545,25,20,97000,67000,5,45498,0.8,0.6907216494845361,0.2,85,76,332000,275000,9,158269,0.8941176470588236,0.8283132530120482,0.10588235294117647,110,96,429000,342000,14,203767,0.8727272727272727,0.7972027972027972,0.12727272727272726
sealed_holdout,9,public-hub-209-4f91a7009088,hub,64,64,61,1,polarized,diffuse,retry,none,,0,False,0.7376417502267586,0.6422906909115063,7627779,110,82,422000,274000,31,171325,0.7454545454545455,0.6492890995260664,0.2818181818181818,25,20,97000,67000,5,45498,0.8,0.6907216494845361,0.2,85,76,332000,275000,10,158269,0.8941176470588236,0.8283132530120482,0.11764705882352941,110,96,429000,342000,15,203767,0.8727272727272727,0.7972027972027972,0.13636363636363635
sealed_holdout,9,public-hub-209-4f91a7009088,hub,64,64,61,1,polarized,diffuse,online,none,,0,False,0.7376417502267586,0.6422906909115063,7627779,110,82,422000,274000,31,171325,0.7454545454545455,0.6492890995260664,0.2818181818181818,25,20,97000,67000,5,45498,0.8,0.6907216494845361,0.2,85,76,332000,275000,10,158269,0.8941176470588236,0.8283132530120482,0.11764705882352941,110,96,429000,342000,15,203767,0.8727272727272727,0.7972027972027972,0.13636363636363635
sealed_holdout,9,public-hub-209-4f91a7009088,hub,64,64,61,1,polarized,diffuse,oracle,none,,0,False,0.7376417502267586,0.6422906909115063,7627779,110,82,422000,274000,0,171325,0.7454545454545455,0.6492890995260664,0.0,25,20,97000,67000,0,45498,0.8,0.6907216494845361,0.0,85,76,332000,275000,0,158269,0.8941176470588236,0.8283132530120482,0.0,110,96,429000,342000,0,203767,0.8727272727272727,0.7972027972027972,0.0
sealed_holdout,9,public-hub-209-4f91a7009088,hub,64,64,61,1,polarized,diffuse,online,random,N000|N032,120000,False,0.7376417502267586,0.6327393545903294,7747779,110,82,422000,274000,31,171325,0.7454545454545455,0.6492890995260664,0.2818181818181818,25,20,97000,67000,7,45548,0.8,0.6907216494845361,0.28,85,76,332000,275000,11,158269,0.8941176470588236,0.8283132530120482,0.12941176470588237,110,96,429000,342000,18,203817,0.8727272727272727,0.7972027972027972,0.16363636363636364
sealed_holdout,9,public-hub-209-4f91a7009088,hub,64,64,61,1,polarized,diffuse,online,failure_aware,N059|N060,120000,False,0.7376417502267586,0.638061739293972,7747779,110,82,422000,274000,31,171325,0.7454545454545455,0.6492890995260664,0.2818181818181818,25,20,97000,67000,6,45498,0.8,0.6907216494845361,0.24,85,77,332000,283000,12,162077,0.9058823529411765,0.8524096385542169,0.1411764705882353,110,97,429000,350000,18,207575,0.8818181818181818,0.8158508158508159,0.16363636363636364
sealed_holdout,9,public-hub-209-4f91a7009088,hub,64,64,61,1,polarized,stationary_hotspot,public,none,,0,False,0.7376417502267586,0.675004227269596,7627779,110,83,452000,308000,27,168139,0.7545454545454545,0.6814159292035398,0.24545454545454545,25,14,98000,34000,11,26274,0.56,0.3469387755102041,0.44,85,62,357000,234000,23,127844,0.7294117647058823,0.6554621848739496,0.27058823529411763,110,76,455000,268000,34,154118,0.6909090909090909,0.589010989010989,0.3090909090909091
sealed_holdout,9,public-hub-209-4f91a7009088,hub,64,64,61,1,polarized,stationary_hotspot,retry,none,,0,False,0.7376417502267586,0.6784303323295751,7627779,110,84,452000,316000,28,171307,0.7636363636363637,0.6991150442477876,0.2545454545454545,25,14,98000,34000,11,26274,0.56,0.3469387755102041,0.44,85,61,357000,229000,25,125789,0.7176470588235294,0.6414565826330533,0.29411764705882354,110,75,455000,263000,36,152063,0.6818181818181818,0.578021978021978,0.32727272727272727
sealed_holdout,9,public-hub-209-4f91a7009088,hub,64,64,61,1,polarized,stationary_hotspot,online,none,,0,False,0.7376417502267586,0.6784303323295751,7627779,110,84,452000,316000,28,171307,0.7636363636363637,0.6991150442477876,0.2545454545454545,25,14,98000,34000,11,26274,0.56,0.3469387755102041,0.44,85,61,357000,229000,25,125789,0.7176470588235294,0.6414565826330533,0.29411764705882354,110,75,455000,263000,36,152063,0.6818181818181818,0.578021978021978,0.32727272727272727
sealed_holdout,9,public-hub-209-4f91a7009088,hub,64,64,61,1,polarized,stationary_hotspot,oracle,none,,0,False,0.7376417502267586,0.6784303323295751,7627779,110,84,452000,316000,0,171307,0.7636363636363637,0.6991150442477876,0.0,25,14,98000,34000,0,26274,0.56,0.3469387755102041,0.0,85,61,357000,229000,0,125789,0.7176470588235294,0.6414565826330533,0.0,110,75,455000,263000,0,152063,0.6818181818181818,0.578021978021978,0.0
sealed_holdout,9,public-hub-209-4f91a7009088,hub,64,64,61,1,polarized,stationary_hotspot,online,random,N000|N032,120000,False,0.7376417502267586,0.6679225932885481,7747779,110,84,452000,316000,28,171307,0.7636363636363637,0.6991150442477876,0.2545454545454545,25,14,98000,34000,11,26274,0.56,0.3469387755102041,0.44,85,61,357000,229000,25,125789,0.7176470588235294,0.6414565826330533,0.29411764705882354,110,75,455000,263000,36,152063,0.6818181818181818,0.578021978021978,0.32727272727272727
sealed_holdout,9,public-hub-209-4f91a7009088,hub,64,64,61,1,polarized,stationary_hotspot,online,failure_aware,N056|N057,120000,True,0.7376417502267586,0.6833457864360067,7747779,110,84,452000,316000,28,171307,0.7636363636363637,0.6991150442477876,0.2545454545454545,25,16,98000,44000,9,27571,0.64,0.4489795918367347,0.36,85,71,357000,278000,27,137481,0.8352941176470589,0.7787114845938375,0.3176470588235294,110,87,455000,322000,36,165052,0.7909090909090909,0.7076923076923077,0.32727272727272727
sealed_holdout,9,public-hub-209-4f91a7009088,hub,64,64,61,1,polarized,shifted_hotspot,public,none,,0,False,0.7376417502267586,0.679710098721925,7627779,110,83,452000,308000,27,168139,0.7545454545454545,0.6814159292035398,0.24545454545454545,25,16,98000,44000,9,30310,0.64,0.4489795918367347,0.36,85,65,357000,248000,20,134042,0.7647058823529411,0.6946778711484594,0.23529411764705882,110,81,455000,292000,29,164352,0.7363636363636363,0.6417582417582418,0.2636363636363636
sealed_holdout,9,public-hub-209-4f91a7009088,hub,64,64,61,1,polarized,shifted_hotspot,retry,none,,0,False,0.7376417502267586,0.6831362037819042,7627779,110,84,452000,316000,28,171307,0.7636363636363637,0.6991150442477876,0.2545454545454545,25,16,98000,44000,9,30310,0.64,0.4489795918367347,0.36,85,64,357000,243000,22,131987,0.7529411764705882,0.680672268907563,0.25882352941176473,110,80,455000,287000,31,162297,0.7272727272727273,0.6307692307692307,0.2818181818181818
sealed_holdout,9,public-hub-209-4f91a7009088,hub,64,64,61,1,polarized,shifted_hotspot,online,none,,0,False,0.7376417502267586,0.6831362037819042,7627779,110,84,452000,316000,28,171307,0.7636363636363637,0.6991150442477876,0.2545454545454545,25,16,98000,44000,9,30310,0.64,0.4489795918367347,0.36,85,64,357000,243000,22,131987,0.7529411764705882,0.680672268907563,0.25882352941176473,110,80,455000,287000,31,162297,0.7272727272727273,0.6307692307692307,0.2818181818181818
sealed_holdout,9,public-hub-209-4f91a7009088,hub,64,64,61,1,polarized,shifted_hotspot,oracle,none,,0,False,0.7376417502267586,0.6831362037819042,7627779,110,84,452000,316000,0,171307,0.7636363636363637,0.6991150442477876,0.0,25,16,98000,44000,0,30310,0.64,0.4489795918367347,0.0,85,64,357000,243000,0,131987,0.7529411764705882,0.680672268907563,0.0,110,80,455000,287000,0,162297,0.7272727272727273,0.6307692307692307,0.0
sealed_holdout,9,public-hub-209-4f91a7009088,hub,64,64,61,1,polarized,shifted_hotspot,online,random,N000|N032,120000,False,0.7376417502267586,0.6725555787468034,7747779,110,84,452000,316000,28,171307,0.7636363636363637,0.6991150442477876,0.2545454545454545,25,16,98000,44000,9,30310,0.64,0.4489795918367347,0.36,85,64,357000,243000,22,131987,0.7529411764705882,0.680672268907563,0.25882352941176473,110,80,455000,287000,31,162297,0.7272727272727273,0.6307692307692307,0.2818181818181818
sealed_holdout,9,public-hub-209-4f91a7009088,hub,64,64,61,1,polarized,shifted_hotspot,online,failure_aware,N056|N057,120000,False,0.7376417502267586,0.6734969259942896,7747779,110,84,452000,316000,28,171307,0.7636363636363637,0.6991150442477876,0.2545454545454545,25,16,98000,44000,9,30310,0.64,0.4489795918367347,0.36,85,65,357000,251000,24,135803,0.7647058823529411,0.7030812324929971,0.2823529411764706,110,81,455000,295000,33,166113,0.7363636363636363,0.6483516483516484,0.3
sealed_holdout,10,public-random-210-d8a038a54ec3,random,64,106,29,0,balanced_band,diffuse,public,none,,0,False,0.043616149250852304,0.07726715169552108,15464169,110,108,475000,462000,2,623504,0.9818181818181818,0.9726315789473684,0.01818181818181818,25,24,105000,97000,1,61980,0.96,0.9238095238095239,0.04,85,81,355000,332000,4,180164,0.9529411764705882,0.9352112676056338,0.047058823529411764,110,105,460000,429000,5,242144,0.9545454545454546,0.9326086956521739,0.045454545454545456
sealed_holdout,10,public-random-210-d8a038a54ec3,random,64,106,29,0,balanced_band,diffuse,retry,none,,0,False,0.043616149250852304,0.07845819168325666,15464169,110,109,475000,470000,2,627528,0.990909090909091,0.9894736842105263,0.01818181818181818,25,25,105000,105000,0,63996,1.0,1.0,0.0,85,82,355000,337000,11,185619,0.9647058823529412,0.9492957746478873,0.12941176470588237,110,107,460000,442000,11,249615,0.9727272727272728,0.9608695652173913,0.1
sealed_holdout,10,public-random-210-d8a038a54ec3,random,64,106,29,0,balanced_band,diffuse,online,none,,0,False,0.043616149250852304,0.09247844596541852,15464169,110,109,475000,470000,2,631066,0.990909090909091,0.9894736842105263,0.01818181818181818,25,25,105000,105000,0,64318,1.0,1.0,0.0,85,82,355000,337000,11,187193,0.9647058823529412,0.9492957746478873,0.12941176470588237,110,107,460000,442000,11,251511,0.9727272727272728,0.9608695652173913,0.1
sealed_holdout,10,public-random-210-d8a038a54ec3,random,64,106,29,0,balanced_band,diffuse,oracle,none,,0,False,0.043616149250852304,0.07845819168325666,15464169,110,109,475000,470000,0,627528,0.990909090909091,0.9894736842105263,0.0,25,25,105000,105000,0,63996,1.0,1.0,0.0,85,82,355000,337000,0,185619,0.9647058823529412,0.9492957746478873,0.0,110,107,460000,442000,0,249615,0.9727272727272728,0.9608695652173913,0.0
sealed_holdout,10,public-random-210-d8a038a54ec3,random,64,106,29,0,balanced_band,diffuse,online,random,N010|N037,120000,False,0.043616149250852304,0.096981524101838,15584169,110,109,475000,470000,2,631066,0.990909090909091,0.9894736842105263,0.01818181818181818,25,25,105000,105000,0,58754,1.0,1.0,0.0,85,82,355000,337000,11,165090,0.9647058823529412,0.9492957746478873,0.12941176470588237,110,107,460000,442000,11,223844,0.9727272727272728,0.9608695652173913,0.1
sealed_holdout,10,public-random-210-d8a038a54ec3,random,64,106,29,0,balanced_band,diffuse,online,failure_aware,N029|N043,120000,False,0.043616149250852304,0.09802317794541848,15584169,110,109,475000,470000,2,631066,0.990909090909091,0.9894736842105263,0.01818181818181818,25,25,105000,105000,0,62752,1.0,1.0,0.0,85,82,355000,337000,11,182803,0.9647058823529412,0.9492957746478873,0.12941176470588237,110,107,460000,442000,11,245555,0.9727272727272728,0.9608695652173913,0.1
sealed_holdout,10,public-random-210-d8a038a54ec3,random,64,106,29,0,balanced_band,stationary_hotspot,public,none,,0,False,0.043616149250852304,0.06933037289507561,15464169,110,97,472000,389000,13,336546,0.8818181818181818,0.8241525423728814,0.11818181818181818,25,24,94000,89000,1,68543,0.96,0.9468085106382979,0.04,85,73,350000,269000,12,258718,0.8588235294117647,0.7685714285714286,0.1411764705882353,110,97,444000,358000,13,327261,0.8818181818181818,0.8063063063063063,0.11818181818181818
sealed_holdout,10,public-random-210-d8a038a54ec3,random,64,106,29,0,balanced_band,stationary_hotspot,retry,none,,0,False,0.043616149250852304,0.0754896500157347,15464169,110,98,472000,394000,37,341591,0.8909090909090909,0.8347457627118644,0.33636363636363636,25,24,94000,89000,3,68543,0.96,0.9468085106382979,0.12,85,75,350000,282000,32,268352,0.8823529411764706,0.8057142857142857,0.3764705882352941,110,99,444000,371000,35,336895,0.9,0.8355855855855856,0.3181818181818182
sealed_holdout,10,public-random-210-d8a038a54ec3,random,64,106,29,0,balanced_band,stationary_hotspot,online,none,,0,False,0.043616149250852304,0.07805462500020746,15464169,110,98,472000,394000,40,344705,0.8909090909090909,0.8347457627118644,0.36363636363636365,25,24,94000,89000,3,70583,0.96,0.9468085106382979,0.12,85,75,350000,282000,31,266910,0.8823529411764706,0.8057142857142857,0.36470588235294116,110,99,444000,371000,34,337493,0.9,0.8355855855855856,0.3090909090909091
sealed_holdout,10,public-random-210-d8a038a54ec3,random,64,106,29,0,balanced_band,stationary_hotspot,oracle,none,,0,False,0.043616149250852304,0.0759395767459464,15464169,110,98,472000,394000,0,341591,0.8909090909090909,0.8347457627118644,0.0,25,24,94000,89000,0,68543,0.96,0.9468085106382979,0.0,85,76,350000,290000,0,270448,0.8941176470588236,0.8285714285714286,0.0,110,100,444000,379000,0,338991,0.9090909090909091,0.8536036036036037,0.0
sealed_holdout,10,public-random-210-d8a038a54ec3,random,64,106,29,0,balanced_band,stationary_hotspot,online,random,N010|N037,120000,False,0.043616149250852304,0.07451333113068569,15584169,110,98,472000,394000,40,344705,0.8909090909090909,0.8347457627118644,0.36363636363636365,25,24,94000,89000,3,50370,0.96,0.9468085106382979,0.12,85,76,350000,290000,30,264457,0.8941176470588236,0.8285714285714286,0.35294117647058826,110,100,444000,379000,33,314827,0.9090909090909091,0.8536036036036037,0.3
sealed_holdout,10,public-random-210-d8a038a54ec3,random,64,106,29,0,balanced_band,stationary_hotspot,online,failure_aware,N008|N048,120000,True,0.043616149250852304,0.08521247164499879,15584169,110,98,472000,394000,40,344705,0.8909090909090909,0.8347457627118644,0.36363636363636365,25,24,94000,89000,3,59569,0.96,0.9468085106382979,0.12,85,84,350000,345000,7,251252,0.9882352941176471,0.9857142857142858,0.08235294117647059,110,108,444000,434000,10,310821,0.9818181818181818,0.9774774774774775,0.09090909090909091
sealed_holdout,10,public-random-210-d8a038a54ec3,random,64,106,29,0,balanced_band,shifted_hotspot,public,none,,0,False,0.043616149250852304,0.07257942403430706,15464169,110,97,472000,389000,13,336546,0.8818181818181818,0.8241525423728814,0.11818181818181818,25,24,94000,89000,1,55793,0.96,0.9468085106382979,0.04,85,75,350000,285000,10,216110,0.8823529411764706,0.8142857142857143,0.11764705882352941,110,99,444000,374000,11,271903,0.9,0.8423423423423423,0.1
sealed_holdout,10,public-random-210-d8a038a54ec3,random,64,106,29,0,balanced_band,shifted_hotspot,retry,none,,0,False,0.043616149250852304,0.07397271478536907,15464169,110,98,472000,394000,37,341591,0.8909090909090909,0.8347457627118644,0.33636363636363636,25,24,94000,89000,3,55793,0.96,0.9468085106382979,0.12,85,84,350000,345000,12,228360,0.9882352941176471,0.9857142857142858,0.1411764705882353,110,108,444000,434000,15,284153,0.9818181818181818,0.9774774774774775,0.13636363636363635
sealed_holdout,10,public-random-210-d8a038a54ec3,random,64,106,29,0,balanced_band,shifted_hotspot,online,none,,0,False,0.043616149250852304,0.07750470533096535,15464169,110,98,472000,394000,40,344705,0.8909090909090909,0.8347457627118644,0.36363636363636365,25,24,94000,89000,3,57833,0.96,0.9468085106382979,0.12,85,84,350000,345000,4,230158,0.9882352941176471,0.9857142857142858,0.047058823529411764,110,108,444000,434000,7,287991,0.9818181818181818,0.9774774774774775,0.06363636363636363
sealed_holdout,10,public-random-210-d8a038a54ec3,random,64,106,29,0,balanced_band,shifted_hotspot,oracle,none,,0,False,0.043616149250852304,0.07397271478536907,15464169,110,98,472000,394000,0,341591,0.8909090909090909,0.8347457627118644,0.0,25,24,94000,89000,0,55793,0.96,0.9468085106382979,0.0,85,84,350000,345000,0,228360,0.9882352941176471,0.9857142857142858,0.0,110,108,444000,434000,0,284153,0.9818181818181818,0.9774774774774775,0.0
sealed_holdout,10,public-random-210-d8a038a54ec3,random,64,106,29,0,balanced_band,shifted_hotspot,online,random,N010|N037,120000,False,0.043616149250852304,0.07388074025990678,15584169,110,98,472000,394000,40,344705,0.8909090909090909,0.8347457627118644,0.36363636363636365,25,24,94000,89000,3,37620,0.96,0.9468085106382979,0.12,85,84,350000,345000,4,225673,0.9882352941176471,0.9857142857142858,0.047058823529411764,110,108,444000,434000,7,263293,0.9818181818181818,0.9774774774774775,0.06363636363636363
sealed_holdout,10,public-random-210-d8a038a54ec3,random,64,106,29,0,balanced_band,shifted_hotspot,online,failure_aware,N008|N048,120000,False,0.043616149250852304,0.07591359435377719,15584169,110,98,472000,394000,40,344705,0.8909090909090909,0.8347457627118644,0.36363636363636365,25,24,94000,89000,3,57109,0.96,0.9468085106382979,0.12,85,84,350000,345000,4,227719,0.9882352941176471,0.9857142857142858,0.047058823529411764,110,108,444000,434000,7,284828,0.9818181818181818,0.9774774774774775,0.06363636363636363
sealed_holdout,10,public-random-210-d8a038a54ec3,random,64,106,29,0,uniform,diffuse,public,none,,0,False,0.25123073755638964,0.2775828630513349,15464169,110,102,475000,435000,8,609064,0.9272727272727272,0.9157894736842105,0.07272727272727272,25,21,105000,73000,4,57448,0.84,0.6952380952380952,0.16,85,76,355000,301000,9,166176,0.8941176470588236,0.847887323943662,0.10588235294117647,110,97,460000,374000,13,223624,0.8818181818181818,0.8130434782608695,0.11818181818181818
sealed_holdout,10,public-random-210-d8a038a54ec3,random,64,106,29,0,uniform,diffuse,retry,none,,0,False,0.25123073755638964,0.27923402266348357,15464169,110,106,475000,458000,14,621131,0.9636363636363636,0.9642105263157895,0.12727272727272726,25,22,105000,81000,5,59464,0.88,0.7714285714285715,0.2,85,79,355000,316000,15,180153,0.9294117647058824,0.8901408450704226,0.17647058823529413,110,101,460000,397000,20,239617,0.9181818181818182,0.8630434782608696,0.18181818181818182
sealed_holdout,10,public-random-210-d8a038a54ec3,random,64,106,29,0,uniform,diffuse,online,none,,0,False,0.25123073755638964,0.2907739543987261,15464169,110,106,475000,458000,15,629333,0.9636363636363636,0.9642105263157895,0.13636363636363635,25,22,105000,81000,6,62755,0.88,0.7714285714285715,0.24,85,79,355000,316000,12,182368,0.9294117647058824,0.8901408450704226,0.1411764705882353,110,101,460000,397000,18,245123,0.9181818181818182,0.8630434782608696,0.16363636363636364
sealed_holdout,10,public-random-210-d8a038a54ec3,random,64,106,29,0,uniform,diffuse,oracle,none,,0,False,0.25123073755638964,0.2801631059285519,15464169,110,107,475000,463000,0,628741,0.9727272727272728,0.9747368421052631,0.0,25,22,105000,81000,0,59464,0.88,0.7714285714285715,0.0,85,79,355000,316000,0,180153,0.9294117647058824,0.8901408450704226,0.0,110,101,460000,397000,0,239617,0.9181818181818182,0.8630434782608696,0.0
sealed_holdout,10,public-random-210-d8a038a54ec3,random,64,106,29,0,uniform,diffuse,online,random,N010|N037,120000,False,0.25123073755638964,0.2856662057509822,15584169,110,106,475000,458000,15,629333,0.9636363636363636,0.9642105263157895,0.13636363636363635,25,22,105000,81000,6,57171,0.88,0.7714285714285715,0.24,85,79,355000,316000,14,159743,0.9294117647058824,0.8901408450704226,0.16470588235294117,110,101,460000,397000,20,216914,0.9181818181818182,0.8630434782608696,0.18181818181818182
sealed_holdout,10,public-random-210-d8a038a54ec3,random,64,106,29,0,uniform,diffuse,online,failure_aware,N048|N060,120000,False,0.25123073755638964,0.28757975767971966,15584169,110,106,475000,458000,15,629333,0.9636363636363636,0.9642105263157895,0.13636363636363635,25,22,105000,81000,6,61169,0.88,0.7714285714285715,0.24,85,79,355000,316000,12,175856,0.9294117647058824,0.8901408450704226,0.1411764705882353,110,101,460000,397000,18,237025,0.9181818181818182,0.8630434782608696,0.16363636363636364
sealed_holdout,10,public-random-210-d8a038a54ec3,random,64,106,29,0,uniform,stationary_hotspot,public,none,,0,False,0.25123073755638964,0.27060184740626586,15464169,110,87,472000,345000,23,317952,0.7909090909090909,0.7309322033898306,0.20909090909090908,25,24,94000,89000,1,68543,0.96,0.9468085106382979,0.04,85,68,350000,247000,17,246500,0.8,0.7057142857142857,0.2,110,92,444000,336000,18,315043,0.8363636363636363,0.7567567567567568,0.16363636363636364
sealed_holdout,10,public-random-210-d8a038a54ec3,random,64,106,29,0,uniform,stationary_hotspot,retry,none,,0,False,0.25123073755638964,0.27614044198503374,15464169,110,91,472000,368000,59,329036,0.8272727272727273,0.7796610169491526,0.5363636363636364,25,24,94000,89000,3,68543,0.96,0.9468085106382979,0.12,85,76,350000,284000,35,278320,0.8941176470588236,0.8114285714285714,0.4117647058823529,110,100,444000,373000,38,346863,0.9090909090909091,0.8400900900900901,0.34545454545454546
sealed_holdout,10,public-random-210-d8a038a54ec3,random,64,106,29,0,uniform,stationary_hotspot,online,none,,0,False,0.25123073755638964,0.2803612445688498,15464169,110,91,472000,365000,57,329823,0.8272727272727273,0.7733050847457628,0.5181818181818182,25,24,94000,89000,3,70207,0.96,0.9468085106382979,0.12,85,76,350000,287000,38,285267,0.8941176470588236,0.82,0.4470588235294118,110,100,444000,376000,41,355474,0.9090909090909091,0.8468468468468469,0.37272727272727274
sealed_holdout,10,public-random-210-d8a038a54ec3,random,64,106,29,0,uniform,stationary_hotspot,oracle,none,,0,False,0.25123073755638964,0.2762463876449219,15464169,110,92,472000,376000,0,334444,0.8363636363636363,0.7966101694915254,0.0,25,24,94000,89000,0,68543,0.96,0.9468085106382979,0.0,85,76,350000,284000,0,276520,0.8941176470588236,0.8114285714285714,0.0,110,100,444000,373000,0,345063,0.9090909090909091,0.8400900900900901,0.0
sealed_holdout,10,public-random-210-d8a038a54ec3,random,64,106,29,0,uniform,stationary_hotspot,online,random,N010|N037,120000,False,0.25123073755638964,0.27983581482813097,15584169,110,91,472000,365000,57,329823,0.8272727272727273,0.7733050847457628,0.5181818181818182,25,24,94000,89000,3,50370,0.96,0.9468085106382979,0.12,85,76,350000,284000,38,278203,0.8941176470588236,0.8114285714285714,0.4470588235294118,110,100,444000,373000,41,328573,0.9090909090909091,0.8400900900900901,0.37272727272727274
sealed_holdout,10,public-random-210-d8a038a54ec3,random,64,106,29,0,uniform,stationary_hotspot,online,failure_aware,N008|N048,120000,True,0.25123073755638964,0.2776942898767182,15584169,110,91,472000,365000,57,329823,0.8272727272727273,0.7733050847457628,0.5181818181818182,25,24,94000,89000,3,59193,0.96,0.9468085106382979,0.12,85,83,350000,337000,10,246373,0.9764705882352941,0.9628571428571429,0.11764705882352941,110,107,444000,426000,13,305566,0.9727272727272728,0.9594594594594594,0.11818181818181818
sealed_holdout,10,public-random-210-d8a038a54ec3,random,64,106,29,0,uniform,shifted_hotspot,public,none,,0,False,0.25123073755638964,0.26930627735419344,15464169,110,87,472000,345000,23,317952,0.7909090909090909,0.7309322033898306,0.20909090909090908,25,24,94000,89000,1,55793,0.96,0.9468085106382979,0.04,85,71,350000,262000,14,210960,0.8352941176470589,0.7485714285714286,0.16470588235294117,110,95,444000,351000,15,266753,0.8636363636363636,0.7905405405405406,0.13636363636363635
sealed_holdout,10,public-random-210-d8a038a54ec3,random,64,106,29,0,uniform,shifted_hotspot,retry,none,,0,False,0.25123073755638964,0.2532842931662595,15464169,110,91,472000,368000,59,329036,0.8272727272727273,0.7796610169491526,0.5363636363636364,25,24,94000,89000,3,55793,0.96,0.9468085106382979,0.12,85,83,350000,337000,17,227352,0.9764705882352941,0.9628571428571429,0.2,110,107,444000,426000,20,283145,0.9727272727272728,0.9594594594594594,0.18181818181818182
sealed_holdout,10,public-random-210-d8a038a54ec3,random,64,106,29,0,uniform,shifted_hotspot,online,none,,0,False,0.25123073755638964,0.26514549150528693,15464169,110,91,472000,365000,57,329823,0.8272727272727273,0.7733050847457628,0.5181818181818182,25,24,94000,89000,3,57833,0.96,0.9468085106382979,0.12,85,84,350000,345000,4,230818,0.9882352941176471,0.9857142857142858,0.047058823529411764,110,108,444000,434000,7,288651,0.9818181818181818,0.9774774774774775,0.06363636363636363
sealed_holdout,10,public-random-210-d8a038a54ec3,random,64,106,29,0,uniform,shifted_hotspot,oracle,none,,0,False,0.25123073755638964,0.25039208532285406,15464169,110,92,472000,376000,0,334444,0.8363636363636363,0.7966101694915254,0.0,25,24,94000,89000,0,55793,0.96,0.9468085106382979,0.0,85,84,350000,345000,0,229448,0.9882352941176471,0.9857142857142858,0.0,110,108,444000,434000,0,285241,0.9818181818181818,0.9774774774774775,0.0
sealed_holdout,10,public-random-210-d8a038a54ec3,random,64,106,29,0,uniform,shifted_hotspot,online,random,N010|N037,120000,False,0.25123073755638964,0.25735736436493084,15584169,110,91,472000,365000,57,329823,0.8272727272727273,0.7733050847457628,0.5181818181818182,25,24,94000,89000,3,37620,0.96,0.9468085106382979,0.12,85,84,350000,345000,4,226333,0.9882352941176471,0.9857142857142858,0.047058823529411764,110,108,444000,434000,7,263953,0.9818181818181818,0.9774774774774775,0.06363636363636363
sealed_holdout,10,public-random-210-d8a038a54ec3,random,64,106,29,0,uniform,shifted_hotspot,online,failure_aware,N008|N048,120000,False,0.25123073755638964,0.2602378735959179,15584169,110,91,472000,365000,57,329823,0.8272727272727273,0.7733050847457628,0.5181818181818182,25,24,94000,89000,3,57109,0.96,0.9468085106382979,0.12,85,84,350000,345000,4,228379,0.9882352941176471,0.9857142857142858,0.047058823529411764,110,108,444000,434000,7,285488,0.9818181818181818,0.9774774774774775,0.06363636363636363
sealed_holdout,10,public-random-210-d8a038a54ec3,random,64,106,29,0,polarized,diffuse,public,none,,0,False,0.6838680837699039,0.6789247927803015,15464169,110,78,475000,305000,32,556324,0.7090909090909091,0.6421052631578947,0.2909090909090909,25,19,105000,70000,6,50327,0.76,0.6666666666666666,0.24,85,61,355000,220000,24,135368,0.7176470588235294,0.6197183098591549,0.2823529411764706,110,80,460000,290000,30,185695,0.7272727272727273,0.6304347826086957,0.2727272727272727
sealed_holdout,10,public-random-210-d8a038a54ec3,random,64,106,29,0,polarized,diffuse,retry,none,,0,False,0.6838680837699039,0.6625544013496449,15464169,110,93,475000,372000,58,607027,0.8454545454545455,0.783157894736842,0.5272727272727272,25,21,105000,80000,9,55367,0.84,0.7619047619047619,0.36,85,67,355000,259000,50,10159117,0.788235294117647,0.7295774647887324,0.5882352941176471,110,88,460000,339000,59,10214484,0.8,0.7369565217391304,0.5363636363636364
sealed_holdout,10,public-random-210-d8a038a54ec3,random,64,106,29,0,polarized,diffuse,online,none,,0,False,0.6838680837699039,0.6538320895081496,15464169,110,94,475000,380000,53,613698,0.8545454545454545,0.8,0.4818181818181818,25,21,105000,80000,9,57332,0.84,0.7619047619047619,0.36,85,67,355000,259000,53,10164869,0.788235294117647,0.7295774647887324,0.6235294117647059,110,88,460000,339000,62,10222201,0.8,0.7369565217391304,0.5636363636363636
sealed_holdout,10,public-random-210-d8a038a54ec3,random,64,106,29,0,polarized,diffuse,oracle,none,,0,False,0.6838680837699039,0.6621864822360044,15464169,110,95,475000,385000,0,615657,0.8636363636363636,0.8105263157894737,0.0,25,21,105000,80000,0,54363,0.84,0.7619047619047619,0.0,85,68,355000,261000,0,20160114,0.8,0.7352112676056338,0.0,110,89,460000,341000,0,20214477,0.8090909090909091,0.741304347826087,0.0
sealed_holdout,10,public-random-210-d8a038a54ec3,random,64,106,29,0,polarized,diffuse,online,random,N010|N037,120000,False,0.6838680837699039,0.6524951337550363,15584169,110,94,475000,380000,53,613698,0.8545454545454545,0.8,0.4818181818181818,25,21,105000,80000,9,54069,0.84,0.7619047619047619,0.36,85,67,355000,259000,57,10159124,0.788235294117647,0.7295774647887324,0.6705882352941176,110,88,460000,339000,66,10213193,0.8,0.7369565217391304,0.6
sealed_holdout,10,public-random-210-d8a038a54ec3,random,64,106,29,0,polarized,diffuse,online,failure_aware,N050|N055,120000,False,0.6838680837699039,0.6478853307902734,15584169,110,94,475000,380000,53,613698,0.8545454545454545,0.8,0.4818181818181818,25,21,105000,80000,9,56068,0.84,0.7619047619047619,0.36,85,68,355000,267000,54,10163693,0.8,0.752112676056338,0.6352941176470588,110,89,460000,347000,63,10219761,0.8090909090909091,0.7543478260869565,0.5727272727272728
sealed_holdout,10,public-random-210-d8a038a54ec3,random,64,106,29,0,polarized,stationary_hotspot,public,none,,0,False,0.6838680837699039,0.6818103569331917,15464169,110,79,472000,285000,31,301585,0.7181818181818181,0.6038135593220338,0.2818181818181818,25,17,94000,54000,8,37617,0.68,0.574468085106383,0.32,85,51,350000,157000,34,114885,0.6,0.44857142857142857,0.4,110,68,444000,211000,42,152502,0.6181818181818182,0.4752252252252252,0.38181818181818183
sealed_holdout,10,public-random-210-d8a038a54ec3,random,64,106,29,0,polarized,stationary_hotspot,retry,none,,0,False,0.6838680837699039,0.6758113717913636,15464169,110,85,472000,314000,78,319480,0.7727272727272727,0.6652542372881356,0.7090909090909091,25,21,94000,65000,15,46653,0.84,0.6914893617021277,0.6,85,62,350000,205000,80,240003,0.7294117647058823,0.5857142857142857,0.9411764705882353,110,83,444000,270000,95,286656,0.7545454545454545,0.6081081081081081,0.8636363636363636
sealed_holdout,10,public-random-210-d8a038a54ec3,random,64,106,29,0,polarized,stationary_hotspot,online,none,,0,False,0.6838680837699039,0.6533453400446091,15464169,110,86,472000,322000,98,359455,0.7818181818181819,0.6822033898305084,0.8909090909090909,25,22,94000,76000,13,64885,0.88,0.8085106382978723,0.52,85,71,350000,259000,65,311077,0.8352941176470589,0.74,0.7647058823529411,110,93,444000,335000,78,375962,0.8454545454545455,0.7545045045045045,0.7090909090909091
sealed_holdout,10,public-random-210-d8a038a54ec3,random,64,106,29,0,polarized,stationary_hotspot,oracle,none,,0,False,0.6838680837699039,0.6713830255211679,15464169,110,86,472000,322000,0,324896,0.7818181818181819,0.6822033898305084,0.0,25,23,94000,81000,0,61597,0.92,0.8617021276595744,0.0,85,71,350000,259000,0,301029,0.8352941176470589,0.74,0.0,110,94,444000,340000,0,362626,0.8545454545454545,0.7657657657657657,0.0
sealed_holdout,10,public-random-210-d8a038a54ec3,random,64,106,29,0,polarized,stationary_hotspot,online,random,N010|N037,120000,False,0.6838680837699039,0.6466443739179553,15584169,110,86,472000,322000,98,359455,0.7818181818181819,0.6822033898305084,0.8909090909090909,25,23,94000,81000,12,62367,0.92,0.8617021276595744,0.48,85,70,350000,258000,67,304185,0.8235294117647058,0.7371428571428571,0.788235294117647,110,93,444000,339000,79,366552,0.8454545454545455,0.7635135135135135,0.7181818181818181
sealed_holdout,10,public-random-210-d8a038a54ec3,random,64,106,29,0,polarized,stationary_hotspot,online,failure_aware,N008|N048,120000,True,0.6838680837699039,0.653752549842211,15584169,110,86,472000,322000,98,359455,0.7818181818181819,0.6822033898305084,0.8909090909090909,25,23,94000,81000,9,46546,0.92,0.8617021276595744,0.36,85,78,350000,312000,29,249645,0.9176470588235294,0.8914285714285715,0.3411764705882353,110,101,444000,393000,38,296191,0.9181818181818182,0.8851351351351351,0.34545454545454546
sealed_holdout,10,public-random-210-d8a038a54ec3,random,64,106,29,0,polarized,shifted_hotspot,public,none,,0,False,0.6838680837699039,0.6715491029369607,15464169,110,79,472000,285000,31,301585,0.7181818181818181,0.6038135593220338,0.2818181818181818,25,19,94000,61000,6,34531,0.76,0.648936170212766,0.24,85,46,350000,139000,39,74395,0.5411764705882353,0.39714285714285713,0.4588235294117647,110,65,444000,200000,45,108926,0.5909090909090909,0.45045045045045046,0.4090909090909091
sealed_holdout,10,public-random-210-d8a038a54ec3,random,64,106,29,0,polarized,shifted_hotspot,retry,none,,0,False,0.6838680837699039,0.6294442210335444,15464169,110,85,472000,314000,78,319480,0.7727272727272727,0.6652542372881356,0.7090909090909091,25,23,94000,81000,9,39861,0.92,0.8617021276595744,0.36,85,77,350000,307000,49,220562,0.9058823529411765,0.8771428571428571,0.5764705882352941,110,100,444000,388000,58,260423,0.9090909090909091,0.8738738738738738,0.5272727272727272
sealed_holdout,10,public-random-210-d8a038a54ec3,random,64,106,29,0,polarized,shifted_hotspot,online,none,,0,False,0.6838680837699039,0.6112747583859163,15464169,110,86,472000,322000,98,359455,0.7818181818181819,0.6822033898305084,0.8909090909090909,25,22,94000,73000,13,41381,0.88,0.776595744680851,0.52,85,78,350000,315000,29,221183,0.9176470588235294,0.9,0.3411764705882353,110,100,444000,388000,42,262564,0.9090909090909091,0.8738738738738738,0.38181818181818183
sealed_holdout,10,public-random-210-d8a038a54ec3,random,64,106,29,0,polarized,shifted_hotspot,oracle,none,,0,False,0.6838680837699039,0.6245209336181357,15464169,110,86,472000,322000,0,324896,0.7818181818181819,0.6822033898305084,0.0,25,23,94000,81000,0,39861,0.92,0.8617021276595744,0.0,85,79,350000,320000,0,230913,0.9294117647058824,0.9142857142857143,0.0,110,102,444000,401000,0,270774,0.9272727272727272,0.9031531531531531,0.0
sealed_holdout,10,public-random-210-d8a038a54ec3,random,64,106,29,0,polarized,shifted_hotspot,online,random,N010|N037,120000,False,0.6838680837699039,0.5988289928442417,15584169,110,86,472000,322000,98,359455,0.7818181818181819,0.6822033898305084,0.8909090909090909,25,22,94000,73000,13,34848,0.88,0.776595744680851,0.52,85,79,350000,320000,28,223193,0.9294117647058824,0.9142857142857143,0.32941176470588235,110,101,444000,393000,41,258041,0.9181818181818182,0.8851351351351351,0.37272727272727274
sealed_holdout,10,public-random-210-d8a038a54ec3,random,64,106,29,0,polarized,shifted_hotspot,online,failure_aware,N008|N048,120000,False,0.6838680837699039,0.6052972716884779,15584169,110,86,472000,322000,98,359455,0.7818181818181819,0.6822033898305084,0.8909090909090909,25,22,94000,73000,13,40937,0.88,0.776595744680851,0.52,85,79,350000,320000,26,221603,0.9294117647058824,0.9142857142857143,0.3058823529411765,110,101,444000,393000,39,262540,0.9181818181818182,0.8851351351351351,0.35454545454545455
sealed_holdout,10,public-random-210-d8a038a54ec3,random,64,106,29,1,balanced_band,diffuse,public,none,,0,False,0.05705216795260484,0.08523030978139867,15464169,110,108,442000,426000,2,326333,0.9818181818181818,0.9638009049773756,0.01818181818181818,25,24,105000,97000,1,59839,0.96,0.9238095238095239,0.04,85,80,342000,314000,5,171437,0.9411764705882353,0.9181286549707602,0.058823529411764705,110,104,447000,411000,6,231276,0.9454545454545454,0.9194630872483222,0.05454545454545454
sealed_holdout,10,public-random-210-d8a038a54ec3,random,64,106,29,1,balanced_band,diffuse,retry,none,,0,False,0.05705216795260484,0.08859175036666271,15464169,110,109,442000,434000,5,330861,0.990909090909091,0.9819004524886877,0.045454545454545456,25,25,105000,105000,3,67743,1.0,1.0,0.12,85,83,342000,329000,10,185887,0.9764705882352941,0.9619883040935673,0.11764705882352941,110,108,447000,434000,13,253630,0.9818181818181818,0.970917225950783,0.11818181818181818
sealed_holdout,10,public-random-210-d8a038a54ec3,random,64,106,29,1,balanced_band,diffuse,online,none,,0,False,0.05705216795260484,0.09021848564995184,15464169,110,108,442000,426000,8,329224,0.9818181818181818,0.9638009049773756,0.07272727272727272,25,25,105000,105000,3,67743,1.0,1.0,0.12,85,82,342000,324000,10,179012,0.9647058823529412,0.9473684210526315,0.11764705882352941,110,107,447000,429000,13,246755,0.9727272727272728,0.959731543624161,0.11818181818181818
sealed_holdout,10,public-random-210-d8a038a54ec3,random,64,106,29,1,balanced_band,diffuse,oracle,none,,0,False,0.05705216795260484,0.08859175036666271,15464169,110,109,442000,434000,0,330861,0.990909090909091,0.9819004524886877,0.0,25,25,105000,105000,0,67743,1.0,1.0,0.0,85,83,342000,329000,0,185887,0.9764705882352941,0.9619883040935673,0.0,110,108,447000,434000,0,253630,0.9818181818181818,0.970917225950783,0.0
sealed_holdout,10,public-random-210-d8a038a54ec3,random,64,106,29,1,balanced_band,diffuse,online,random,N022|N055,120000,False,0.05705216795260484,0.09284691220984811,15584169,110,108,442000,426000,8,329224,0.9818181818181818,0.9638009049773756,0.07272727272727272,25,25,105000,105000,3,70007,1.0,1.0,0.12,85,83,342000,329000,9,182900,0.9764705882352941,0.9619883040935673,0.10588235294117647,110,108,447000,434000,12,252907,0.9818181818181818,0.970917225950783,0.10909090909090909
sealed_holdout,10,public-random-210-d8a038a54ec3,random,64,106,29,1,balanced_band,diffuse,online,failure_aware,N043|N055,120000,False,0.05705216795260484,0.09282667122885836,15584169,110,108,442000,426000,8,329224,0.9818181818181818,0.9638009049773756,0.07272727272727272,25,25,105000,105000,3,70007,1.0,1.0,0.12,85,83,342000,329000,9,183180,0.9764705882352941,0.9619883040935673,0.10588235294117647,110,108,447000,434000,12,253187,0.9818181818181818,0.970917225950783,0.10909090909090909
sealed_holdout,10,public-random-210-d8a038a54ec3,random,64,106,29,1,balanced_band,stationary_hotspot,public,none,,0,False,0.05705216795260484,0.08462573786614405,15464169,110,110,429000,429000,0,175861,1.0,1.0,0.0,25,25,120000,120000,0,101495,1.0,1.0,0.0,85,82,332000,311000,3,203661,0.9647058823529412,0.9367469879518072,0.03529411764705882,110,107,452000,431000,3,305156,0.9727272727272728,0.9535398230088495,0.02727272727272727
sealed_holdout,10,public-random-210-d8a038a54ec3,random,64,106,29,1,balanced_band,stationary_hotspot,retry,none,,0,False,0.05705216795260484,0.08532709027595636,15464169,110,110,429000,429000,0,175861,1.0,1.0,0.0,25,25,120000,120000,0,101495,1.0,1.0,0.0,85,84,332000,324000,4,293020,0.9882352941176471,0.9759036144578314,0.047058823529411764,110,109,452000,444000,4,394515,0.990909090909091,0.9823008849557522,0.03636363636363636
sealed_holdout,10,public-random-210-d8a038a54ec3,random,64,106,29,1,balanced_band,stationary_hotspot,online,none,,0,False,0.05705216795260484,0.09288261311738603,15464169,110,110,429000,429000,0,176467,1.0,1.0,0.0,25,25,120000,120000,0,101970,1.0,1.0,0.0,85,84,332000,324000,4,293270,0.9882352941176471,0.9759036144578314,0.047058823529411764,110,109,452000,444000,4,395240,0.990909090909091,0.9823008849557522,0.03636363636363636
sealed_holdout,10,public-random-210-d8a038a54ec3,random,64,106,29,1,balanced_band,stationary_hotspot,oracle,none,,0,False,0.05705216795260484,0.08532709027595636,15464169,110,110,429000,429000,0,175861,1.0,1.0,0.0,25,25,120000,120000,0,101495,1.0,1.0,0.0,85,84,332000,324000,0,293020,0.9882352941176471,0.9759036144578314,0.0,110,109,452000,444000,0,394515,0.990909090909091,0.9823008849557522,0.0
sealed_holdout,10,public-random-210-d8a038a54ec3,random,64,106,29,1,balanced_band,stationary_hotspot,online,random,N022|N055,120000,False,0.05705216795260484,0.09107087625995403,15584169,110,110,429000,429000,0,176467,1.0,1.0,0.0,25,25,120000,120000,0,101386,1.0,1.0,0.0,85,84,332000,324000,2,290171,0.9882352941176471,0.9759036144578314,0.023529411764705882,110,109,452000,444000,2,391557,0.990909090909091,0.9823008849557522,0.01818181818181818
sealed_holdout,10,public-random-210-d8a038a54ec3,random,64,106,29,1,balanced_band,stationary_hotspot,online,failure_aware,N022|N055,120000,False,0.05705216795260484,0.09107087625995403,15584169,110,110,429000,429000,0,176467,1.0,1.0,0.0,25,25,120000,120000,0,101386,1.0,1.0,0.0,85,84,332000,324000,2,290171,0.9882352941176471,0.9759036144578314,0.023529411764705882,110,109,452000,444000,2,391557,0.990909090909091,0.9823008849557522,0.01818181818181818
sealed_holdout,10,public-random-210-d8a038a54ec3,random,64,106,29,1,balanced_band,shifted_hotspot,public,none,,0,False,0.05705216795260484,0.10119392702561611,15464169,110,110,429000,429000,0,175861,1.0,1.0,0.0,25,25,120000,120000,0,117481,1.0,1.0,0.0,85,74,332000,260000,11,226435,0.8705882352941177,0.7831325301204819,0.12941176470588237,110,99,452000,380000,11,343916,0.9,0.8407079646017699,0.1
sealed_holdout,10,public-random-210-d8a038a54ec3,random,64,106,29,1,balanced_band,shifted_hotspot,retry,none,,0,False,0.05705216795260484,0.10271599644904715,15464169,110,110,429000,429000,0,175861,1.0,1.0,0.0,25,25,120000,120000,0,117481,1.0,1.0,0.0,85,84,332000,324000,11,358558,0.9882352941176471,0.9759036144578314,0.12941176470588237,110,109,452000,444000,11,476039,0.990909090909091,0.9823008849557522,0.1
sealed_holdout,10,public-random-210-d8a038a54ec3,random,64,106,29,1,balanced_band,shifted_hotspot,online,none,,0,False,0.05705216795260484,0.10575855648218387,15464169,110,110,429000,429000,0,176467,1.0,1.0,0.0,25,25,120000,120000,0,118636,1.0,1.0,0.0,85,82,332000,308000,19,346386,0.9647058823529412,0.927710843373494,0.2235294117647059,110,107,452000,428000,19,465022,0.9727272727272728,0.9469026548672567,0.17272727272727273
sealed_holdout,10,public-random-210-d8a038a54ec3,random,64,106,29,1,balanced_band,shifted_hotspot,oracle,none,,0,False,0.05705216795260484,0.10271599644904715,15464169,110,110,429000,429000,0,175861,1.0,1.0,0.0,25,25,120000,120000,0,117481,1.0,1.0,0.0,85,84,332000,324000,0,358558,0.9882352941176471,0.9759036144578314,0.0,110,109,452000,444000,0,476039,0.990909090909091,0.9823008849557522,0.0
sealed_holdout,10,public-random-210-d8a038a54ec3,random,64,106,29,1,balanced_band,shifted_hotspot,online,random,N022|N055,120000,False,0.05705216795260484,0.10751703401667312,15584169,110,110,429000,429000,0,176467,1.0,1.0,0.0,25,25,120000,120000,0,113114,1.0,1.0,0.0,85,84,332000,324000,3,329982,0.9882352941176471,0.9759036144578314,0.03529411764705882,110,109,452000,444000,3,443096,0.990909090909091,0.9823008849557522,0.02727272727272727
sealed_holdout,10,public-random-210-d8a038a54ec3,random,64,106,29,1,balanced_band,shifted_hotspot,online,failure_aware,N022|N055,120000,False,0.05705216795260484,0.10751703401667312,15584169,110,110,429000,429000,0,176467,1.0,1.0,0.0,25,25,120000,120000,0,113114,1.0,1.0,0.0,85,84,332000,324000,3,329982,0.9882352941176471,0.9759036144578314,0.03529411764705882,110,109,452000,444000,3,443096,0.990909090909091,0.9823008849557522,0.02727272727272727
sealed_holdout,10,public-random-210-d8a038a54ec3,random,64,106,29,1,uniform,diffuse,public,none,,0,False,0.32862011804214186,0.33667698886475017,15464169,110,102,442000,387000,8,307872,0.9272727272727272,0.8755656108597285,0.07272727272727272,25,23,105000,95000,2,58837,0.92,0.9047619047619048,0.08,85,74,342000,291000,11,161469,0.8705882352941177,0.8508771929824561,0.12941176470588237,110,97,447000,386000,13,220306,0.8818181818181818,0.8635346756152126,0.11818181818181818
sealed_holdout,10,public-random-210-d8a038a54ec3,random,64,106,29,1,uniform,diffuse,retry,none,,0,False,0.32862011804214186,0.3402280172173752,15464169,110,107,442000,424000,14,329195,0.9727272727272728,0.9592760180995475,0.12727272727272726,25,24,105000,103000,5,67741,0.96,0.9809523809523809,0.2,85,78,342000,314000,25,180862,0.9176470588235294,0.9181286549707602,0.29411764705882354,110,102,447000,417000,30,248603,0.9272727272727272,0.9328859060402684,0.2727272727272727
sealed_holdout,10,public-random-210-d8a038a54ec3,random,64,106,29,1,uniform,diffuse,online,none,,0,False,0.32862011804214186,0.337898810230095,15464169,110,107,442000,424000,14,329577,0.9727272727272728,0.9592760180995475,0.12727272727272726,25,24,105000,103000,6,67741,0.96,0.9809523809523809,0.24,85,77,342000,309000,28,176427,0.9058823529411765,0.9035087719298246,0.32941176470588235,110,101,447000,412000,34,244168,0.9181818181818182,0.9217002237136466,0.3090909090909091
sealed_holdout,10,public-random-210-d8a038a54ec3,random,64,106,29,1,uniform,diffuse,oracle,none,,0,False,0.32862011804214186,0.33713280397868506,15464169,110,108,442000,432000,0,337871,0.9818181818181818,0.9773755656108597,0.0,25,24,105000,103000,0,67741,0.96,0.9809523809523809,0.0,85,78,342000,314000,0,180862,0.9176470588235294,0.9181286549707602,0.0,110,102,447000,417000,0,248603,0.9272727272727272,0.9328859060402684,0.0
sealed_holdout,10,public-random-210-d8a038a54ec3,random,64,106,29,1,uniform,diffuse,online,random,N022|N055,120000,False,0.32862011804214186,0.3387868644804095,15584169,110,107,442000,424000,14,329577,0.9727272727272728,0.9592760180995475,0.12727272727272726,25,23,105000,95000,8,67797,0.92,0.9047619047619048,0.32,85,77,342000,312000,30,178521,0.9058823529411765,0.9122807017543859,0.35294117647058826,110,100,447000,407000,38,246318,0.9090909090909091,0.9105145413870246,0.34545454545454546
sealed_holdout,10,public-random-210-d8a038a54ec3,random,64,106,29,1,uniform,diffuse,online,failure_aware,N043|N055,120000,False,0.32862011804214186,0.34017212660685325,15584169,110,107,442000,424000,14,329577,0.9727272727272728,0.9592760180995475,0.12727272727272726,25,23,105000,95000,8,67797,0.92,0.9047619047619048,0.32,85,79,342000,319000,32,191072,0.9294117647058824,0.9327485380116959,0.3764705882352941,110,102,447000,414000,40,258869,0.9272727272727272,0.9261744966442953,0.36363636363636365
sealed_holdout,10,public-random-210-d8a038a54ec3,random,64,106,29,1,uniform,stationary_hotspot,public,none,,0,False,0.32862011804214186,0.3373653047750242,15464169,110,104,429000,387000,6,164403,0.9454545454545454,0.9020979020979021,0.05454545454545454,25,24,120000,115000,1,99265,0.96,0.9583333333333334,0.04,85,79,332000,302000,6,266014,0.9294117647058824,0.9096385542168675,0.07058823529411765,110,103,452000,417000,7,365279,0.9363636363636364,0.922566371681416,0.06363636363636363
sealed_holdout,10,public-random-210-d8a038a54ec3,random,64,106,29,1,uniform,stationary_hotspot,retry,none,,0,False,0.32862011804214186,0.3381549875105473,15464169,110,106,429000,403000,14,168875,0.9636363636363636,0.9393939393939394,0.12727272727272726,25,24,120000,115000,3,99265,0.96,0.9583333333333334,0.12,85,83,332000,322000,11,282070,0.9764705882352941,0.9698795180722891,0.12941176470588237,110,107,452000,437000,14,381335,0.9727272727272728,0.9668141592920354,0.12727272727272726
sealed_holdout,10,public-random-210-d8a038a54ec3,random,64,106,29,1,uniform,stationary_hotspot,online,none,,0,False,0.32862011804214186,0.3413439877226885,15464169,110,106,429000,403000,14,169500,0.9636363636363636,0.9393939393939394,0.12727272727272726,25,24,120000,115000,4,103262,0.96,0.9583333333333334,0.16,85,83,332000,322000,13,283689,0.9764705882352941,0.9698795180722891,0.15294117647058825,110,107,452000,437000,17,386951,0.9727272727272728,0.9668141592920354,0.15454545454545454
sealed_holdout,10,public-random-210-d8a038a54ec3,random,64,106,29,1,uniform,stationary_hotspot,oracle,none,,0,False,0.32862011804214186,0.3381549875105473,15464169,110,106,429000,403000,0,168875,0.9636363636363636,0.9393939393939394,0.0,25,24,120000,115000,0,99265,0.96,0.9583333333333334,0.0,85,83,332000,322000,0,282070,0.9764705882352941,0.9698795180722891,0.0,110,107,452000,437000,0,381335,0.9727272727272728,0.9668141592920354,0.0
sealed_holdout,10,public-random-210-d8a038a54ec3,random,64,106,29,1,uniform,stationary_hotspot,online,random,N022|N055,120000,False,0.32862011804214186,0.3403895609013535,15584169,110,106,429000,403000,14,169500,0.9636363636363636,0.9393939393939394,0.12727272727272726,25,24,120000,115000,4,102782,0.96,0.9583333333333334,0.16,85,81,332000,315000,15,275968,0.9529411764705882,0.9487951807228916,0.17647058823529413,110,105,452000,430000,19,378750,0.9545454545454546,0.9513274336283186,0.17272727272727273
sealed_holdout,10,public-random-210-d8a038a54ec3,random,64,106,29,1,uniform,stationary_hotspot,online,failure_aware,N017|N048,120000,False,0.32862011804214186,0.33955274449436,15584169,110,106,429000,403000,14,169500,0.9636363636363636,0.9393939393939394,0.12727272727272726,25,24,120000,115000,4,98894,0.96,0.9583333333333334,0.16,85,83,332000,322000,15,285511,0.9764705882352941,0.9698795180722891,0.17647058823529413,110,107,452000,437000,19,384405,0.9727272727272728,0.9668141592920354,0.17272727272727273
sealed_holdout,10,public-random-210-d8a038a54ec3,random,64,106,29,1,uniform,shifted_hotspot,public,none,,0,False,0.32862011804214186,0.34117520474449886,15464169,110,104,429000,387000,6,164403,0.9454545454545454,0.9020979020979021,0.05454545454545454,25,23,120000,107000,2,110699,0.92,0.8916666666666667,0.08,85,66,332000,225000,19,259243,0.7764705882352941,0.677710843373494,0.2235294117647059,110,89,452000,332000,21,369942,0.8090909090909091,0.7345132743362832,0.19090909090909092
sealed_holdout,10,public-random-210-d8a038a54ec3,random,64,106,29,1,uniform,shifted_hotspot,retry,none,,0,False,0.32862011804214186,0.34598151291220797,15464169,110,106,429000,403000,14,168875,0.9636363636363636,0.9393939393939394,0.12727272727272726,25,24,120000,115000,4,117491,0.96,0.9583333333333334,0.16,85,81,332000,306000,24,339034,0.9529411764705882,0.9216867469879518,0.2823529411764706,110,105,452000,421000,28,456525,0.9545454545454546,0.9314159292035398,0.2545454545454545
sealed_holdout,10,public-random-210-d8a038a54ec3,random,64,106,29,1,uniform,shifted_hotspot,online,none,,0,False,0.32862011804214186,0.3461611207470332,15464169,110,106,429000,403000,14,169500,0.9636363636363636,0.9393939393939394,0.12727272727272726,25,24,120000,115000,7,123988,0.96,0.9583333333333334,0.28,85,83,332000,322000,25,360365,0.9764705882352941,0.9698795180722891,0.29411764705882354,110,107,452000,437000,32,484353,0.9727272727272728,0.9668141592920354,0.2909090909090909
sealed_holdout,10,public-random-210-d8a038a54ec3,random,64,106,29,1,uniform,shifted_hotspot,oracle,none,,0,False,0.32862011804214186,0.3448823677990539,15464169,110,106,429000,403000,0,168875,0.9636363636363636,0.9393939393939394,0.0,25,24,120000,115000,0,117491,0.96,0.9583333333333334,0.0,85,83,332000,322000,0,353706,0.9764705882352941,0.9698795180722891,0.0,110,107,452000,437000,0,471197,0.9727272727272728,0.9668141592920354,0.0
sealed_holdout,10,public-random-210-d8a038a54ec3,random,64,106,29,1,uniform,shifted_hotspot,online,random,N022|N055,120000,False,0.32862011804214186,0.35125423606175077,15584169,110,106,429000,403000,14,169500,0.9636363636363636,0.9393939393939394,0.12727272727272726,25,24,120000,115000,4,114510,0.96,0.9583333333333334,0.16,85,83,332000,322000,24,327704,0.9764705882352941,0.9698795180722891,0.2823529411764706,110,107,452000,437000,28,442214,0.9727272727272728,0.9668141592920354,0.2545454545454545
sealed_holdout,10,public-random-210-d8a038a54ec3,random,64,106,29,1,uniform,shifted_hotspot,online,failure_aware,N017|N048,120000,False,0.32862011804214186,0.349178823616468,15584169,110,106,429000,403000,14,169500,0.9636363636363636,0.9393939393939394,0.12727272727272726,25,24,120000,115000,4,106094,0.96,0.9583333333333334,0.16,85,83,332000,322000,25,329064,0.9764705882352941,0.9698795180722891,0.29411764705882354,110,107,452000,437000,29,435158,0.9727272727272728,0.9668141592920354,0.2636363636363636
sealed_holdout,10,public-random-210-d8a038a54ec3,random,64,106,29,1,polarized,diffuse,public,none,,0,False,0.7215938748437881,0.696371772052073,15464169,110,91,442000,327000,19,288626,0.8272727272727273,0.7398190045248869,0.17272727272727273,25,18,105000,68000,7,47193,0.72,0.6476190476190476,0.28,85,64,342000,222000,21,140175,0.7529411764705882,0.6491228070175439,0.24705882352941178,110,82,447000,290000,28,187368,0.7454545454545455,0.6487695749440716,0.2545454545454545
sealed_holdout,10,public-random-210-d8a038a54ec3,random,64,106,29,1,polarized,diffuse,retry,none,,0,False,0.7215938748437881,0.6856988819419759,15464169,110,100,442000,384000,42,324793,0.9090909090909091,0.8687782805429864,0.38181818181818183,25,19,105000,76000,13,55097,0.76,0.7238095238095238,0.52,85,72,342000,268000,45,165561,0.8470588235294118,0.783625730994152,0.5294117647058824,110,91,447000,344000,58,220658,0.8272727272727273,0.7695749440715883,0.5272727272727272
sealed_holdout,10,public-random-210-d8a038a54ec3,random,64,106,29,1,polarized,diffuse,online,none,,0,False,0.7215938748437881,0.6892410918256408,15464169,110,100,442000,384000,45,330525,0.9090909090909091,0.8687782805429864,0.4090909090909091,25,19,105000,76000,13,55191,0.76,0.7238095238095238,0.52,85,72,342000,268000,43,166153,0.8470588235294118,0.783625730994152,0.5058823529411764,110,91,447000,344000,56,221344,0.8272727272727273,0.7695749440715883,0.509090909090909
sealed_holdout,10,public-random-210-d8a038a54ec3,random,64,106,29,1,polarized,diffuse,oracle,none,,0,False,0.7215938748437881,0.6787056501414107,15464169,110,103,442000,405000,0,344083,0.9363636363636364,0.916289592760181,0.0,25,19,105000,76000,0,55097,0.76,0.7238095238095238,0.0,85,74,342000,281000,0,181373,0.8705882352941177,0.8216374269005848,0.0,110,93,447000,357000,0,236470,0.8454545454545455,0.7986577181208053,0.0
sealed_holdout,10,public-random-210-d8a038a54ec3,random,64,106,29,1,polarized,diffuse,online,random,N022|N055,120000,False,0.7215938748437881,0.6922853029298328,15584169,110,100,442000,384000,45,330525,0.9090909090909091,0.8687782805429864,0.4090909090909091,25,18,105000,68000,15,55153,0.72,0.6476190476190476,0.6,85,69,342000,247000,49,159727,0.8117647058823529,0.7222222222222222,0.5764705882352941,110,87,447000,315000,64,214880,0.7909090909090909,0.7046979865771812,0.5818181818181818
sealed_holdout,10,public-random-210-d8a038a54ec3,random,64,106,29,1,polarized,diffuse,online,failure_aware,N045|N050,120000,False,0.7215938748437881,0.690102891903294,15584169,110,100,442000,384000,45,330525,0.9090909090909091,0.8687782805429864,0.4090909090909091,25,20,105000,71000,14,57554,0.8,0.6761904761904762,0.56,85,69,342000,247000,50,162797,0.8117647058823529,0.7222222222222222,0.5882352941176471,110,89,447000,318000,64,220351,0.8090909090909091,0.7114093959731543,0.5818181818181818
sealed_holdout,10,public-random-210-d8a038a54ec3,random,64,106,29,1,polarized,stationary_hotspot,public,none,,0,False,0.7215938748437881,0.6982670602471628,15464169,110,79,429000,245000,31,125064,0.7181818181818181,0.5710955710955711,0.2818181818181818,25,21,120000,91000,4,92721,0.84,0.7583333333333333,0.16,85,71,332000,258000,14,238000,0.8352941176470589,0.7771084337349398,0.16470588235294117,110,92,452000,349000,18,330721,0.8363636363636363,0.7721238938053098,0.16363636363636364
sealed_holdout,10,public-random-210-d8a038a54ec3,random,64,106,29,1,polarized,stationary_hotspot,retry,none,,0,False,0.7215938748437881,0.6884703969809668,15464169,110,93,429000,311000,54,149114,0.8454545454545455,0.7249417249417249,0.4909090909090909,25,22,120000,99000,7,93737,0.88,0.825,0.28,85,74,332000,276000,31,245370,0.8705882352941177,0.8313253012048193,0.36470588235294116,110,96,452000,375000,38,339107,0.8727272727272727,0.8296460176991151,0.34545454545454546
sealed_holdout,10,public-random-210-d8a038a54ec3,random,64,106,29,1,polarized,stationary_hotspot,online,none,,0,False,0.7215938748437881,0.697924395233366,15464169,110,92,429000,303000,58,154882,0.8363636363636363,0.7062937062937062,0.5272727272727272,25,22,120000,99000,8,96257,0.88,0.825,0.32,85,75,332000,284000,28,249816,0.8823529411764706,0.8554216867469879,0.32941176470588235,110,97,452000,383000,36,346073,0.8818181818181818,0.8473451327433629,0.32727272727272727
sealed_holdout,10,public-random-210-d8a038a54ec3,random,64,106,29,1,polarized,stationary_hotspot,oracle,none,,0,False,0.7215938748437881,0.6848633966607686,15464169,110,95,429000,321000,0,161535,0.8636363636363636,0.7482517482517482,0.0,25,22,120000,99000,0,93737,0.88,0.825,0.0,85,76,332000,289000,0,258581,0.8941176470588236,0.8704819277108434,0.0,110,98,452000,388000,0,352318,0.8909090909090909,0.8584070796460177,0.0
sealed_holdout,10,public-random-210-d8a038a54ec3,random,64,106,29,1,polarized,stationary_hotspot,online,random,N022|N055,120000,False,0.7215938748437881,0.6910699796225284,15584169,110,92,429000,303000,58,154882,0.8363636363636363,0.7062937062937062,0.5272727272727272,25,22,120000,99000,8,94533,0.88,0.825,0.32,85,75,332000,290000,26,250411,0.8823529411764706,0.8734939759036144,0.3058823529411765,110,97,452000,389000,34,344944,0.8818181818181818,0.8606194690265486,0.3090909090909091
sealed_holdout,10,public-random-210-d8a038a54ec3,random,64,106,29,1,polarized,stationary_hotspot,online,failure_aware,N054|N063,120000,True,0.7215938748437881,0.6925499634024558,15584169,110,92,429000,303000,58,154882,0.8363636363636363,0.7062937062937062,0.5272727272727272,25,22,120000,99000,8,94533,0.88,0.825,0.32,85,74,332000,282000,29,247408,0.8705882352941177,0.8493975903614458,0.3411764705882353,110,96,452000,381000,37,341941,0.8727272727272727,0.8429203539823009,0.33636363636363636
sealed_holdout,10,public-random-210-d8a038a54ec3,random,64,106,29,1,polarized,shifted_hotspot,public,none,,0,False,0.7215938748437881,0.7099911134706834,15464169,110,79,429000,245000,31,125064,0.7181818181818181,0.5710955710955711,0.2818181818181818,25,21,120000,91000,4,105171,0.84,0.7583333333333333,0.16,85,60,332000,197000,25,242592,0.7058823529411765,0.5933734939759037,0.29411764705882354,110,81,452000,288000,29,347763,0.7363636363636363,0.6371681415929203,0.2636363636363636
sealed_holdout,10,public-random-210-d8a038a54ec3,random,64,106,29,1,polarized,shifted_hotspot,retry,none,,0,False,0.7215938748437881,0.6978409151265036,15464169,110,93,429000,311000,54,149114,0.8454545454545455,0.7249417249417249,0.4909090909090909,25,22,120000,99000,8,111963,0.88,0.825,0.32,85,71,332000,258000,46,299728,0.8352941176470589,0.7771084337349398,0.5411764705882353,110,93,452000,357000,54,411691,0.8454545454545455,0.7898230088495575,0.4909090909090909
sealed_holdout,10,public-random-210-d8a038a54ec3,random,64,106,29,1,polarized,shifted_hotspot,online,none,,0,False,0.7215938748437881,0.6979327334828395,15464169,110,92,429000,303000,58,154882,0.8363636363636363,0.7062937062937062,0.5272727272727272,25,21,120000,91000,12,109883,0.84,0.7583333333333333,0.48,85,75,332000,284000,39,327597,0.8823529411764706,0.8554216867469879,0.4588235294117647,110,96,452000,375000,51,437480,0.8727272727272727,0.8296460176991151,0.4636363636363636
sealed_holdout,10,public-random-210-d8a038a54ec3,random,64,106,29,1,polarized,shifted_hotspot,oracle,none,,0,False,0.7215938748437881,0.6957681253613762,15464169,110,95,429000,321000,0,161535,0.8636363636363636,0.7482517482517482,0.0,25,22,120000,99000,0,111963,0.88,0.825,0.0,85,76,332000,292000,0,336955,0.8941176470588236,0.8795180722891566,0.0,110,98,452000,391000,0,448918,0.8909090909090909,0.8650442477876106,0.0
sealed_holdout,10,public-random-210-d8a038a54ec3,random,64,106,29,1,polarized,shifted_hotspot,online,random,N022|N055,120000,False,0.7215938748437881,0.6911006569004622,15584169,110,92,429000,303000,58,154882,0.8363636363636363,0.7062937062937062,0.5272727272727272,25,22,120000,99000,9,106521,0.88,0.825,0.36,85,76,332000,289000,38,300690,0.8941176470588236,0.8704819277108434,0.4470588235294118,110,98,452000,388000,47,407211,0.8909090909090909,0.8584070796460177,0.42727272727272725
sealed_holdout,10,public-random-210-d8a038a54ec3,random,64,106,29,1,polarized,shifted_hotspot,online,failure_aware,N054|N063,120000,False,0.7215938748437881,0.6925806406803897,15584169,110,92,429000,303000,58,154882,0.8363636363636363,0.7062937062937062,0.5272727272727272,25,22,120000,99000,9,106521,0.88,0.825,0.36,85,75,332000,281000,41,297687,0.8823529411764706,0.8463855421686747,0.4823529411764706,110,97,452000,380000,50,404208,0.8818181818181818,0.8407079646017699,0.45454545454545453
sealed_holdout,11,public-periphery-211-ff367e2a0cfb,periphery,64,78,49,0,balanced_band,diffuse,public,none,,0,False,0.048255978021445455,0.08841065088977343,10820495,110,108,452000,439000,2,387144,0.9818181818181818,0.9712389380530974,0.01818181818181818,25,19,103000,67000,6,42146,0.76,0.6504854368932039,0.24,85,76,324000,273000,9,233248,0.8941176470588236,0.8425925925925926,0.10588235294117647,110,95,427000,340000,15,275394,0.8636363636363636,0.7962529274004684,0.13636363636363635
sealed_holdout,11,public-periphery-211-ff367e2a0cfb,periphery,64,78,49,0,balanced_band,diffuse,retry,none,,0,False,0.048255978021445455,0.08859306369628166,10820495,110,109,452000,447000,2,399136,0.990909090909091,0.9889380530973452,0.01818181818181818,25,19,103000,67000,10,42146,0.76,0.6504854368932039,0.4,85,77,324000,275000,13,236260,0.9058823529411765,0.8487654320987654,0.15294117647058825,110,96,427000,342000,23,278406,0.8727272727272727,0.8009367681498829,0.20909090909090908
sealed_holdout,11,public-periphery-211-ff367e2a0cfb,periphery,64,78,49,0,balanced_band,diffuse,online,none,,0,False,0.048255978021445455,0.09735754849316487,10820495,110,109,452000,447000,2,399889,0.990909090909091,0.9889380530973452,0.01818181818181818,25,19,103000,67000,10,42524,0.76,0.6504854368932039,0.4,85,77,324000,275000,13,236596,0.9058823529411765,0.8487654320987654,0.15294117647058825,110,96,427000,342000,23,279120,0.8727272727272727,0.8009367681498829,0.20909090909090908
sealed_holdout,11,public-periphery-211-ff367e2a0cfb,periphery,64,78,49,0,balanced_band,diffuse,oracle,none,,0,False,0.048255978021445455,0.08859306369628166,10820495,110,109,452000,447000,0,399136,0.990909090909091,0.9889380530973452,0.0,25,19,103000,67000,0,42146,0.76,0.6504854368932039,0.0,85,77,324000,275000,0,236260,0.9058823529411765,0.8487654320987654,0.0,110,96,427000,342000,0,278406,0.8727272727272727,0.8009367681498829,0.0
sealed_holdout,11,public-periphery-211-ff367e2a0cfb,periphery,64,78,49,0,balanced_band,diffuse,online,random,N005|N030,120000,False,0.048255978021445455,0.09464241735512802,10940495,110,109,452000,447000,2,399889,0.990909090909091,0.9889380530973452,0.01818181818181818,25,20,103000,75000,10,45460,0.8,0.7281553398058253,0.4,85,77,324000,275000,18,251442,0.9058823529411765,0.8487654320987654,0.21176470588235294,110,97,427000,350000,28,296902,0.8818181818181818,0.819672131147541,0.2545454545454545
sealed_holdout,11,public-periphery-211-ff367e2a0cfb,periphery,64,78,49,0,balanced_band,diffuse,online,failure_aware,N005|N021,120000,False,0.048255978021445455,0.09495358584861115,10940495,110,109,452000,447000,2,399889,0.990909090909091,0.9889380530973452,0.01818181818181818,25,20,103000,75000,9,46222,0.8,0.7281553398058253,0.36,85,77,324000,275000,19,251422,0.9058823529411765,0.8487654320987654,0.2235294117647059,110,97,427000,350000,28,297644,0.8818181818181818,0.819672131147541,0.2545454545454545
sealed_holdout,11,public-periphery-211-ff367e2a0cfb,periphery,64,78,49,0,balanced_band,stationary_hotspot,public,none,,0,False,0.048255978021445455,0.1022452205883894,10820495,110,100,456000,391000,10,199720,0.9090909090909091,0.8574561403508771,0.09090909090909091,25,20,120000,92000,5,39769,0.8,0.7666666666666667,0.2,85,65,333000,238000,20,176809,0.7647058823529411,0.7147147147147147,0.23529411764705882,110,85,453000,330000,25,216578,0.7727272727272727,0.7284768211920529,0.22727272727272727
sealed_holdout,11,public-periphery-211-ff367e2a0cfb,periphery,64,78,49,0,balanced_band,stationary_hotspot,retry,none,,0,False,0.048255978021445455,0.10433220686562435,10820495,110,103,456000,415000,24,240704,0.9363636363636364,0.9100877192982456,0.21818181818181817,25,21,120000,97000,13,48314,0.84,0.8083333333333333,0.52,85,71,333000,267000,43,224524,0.8352941176470589,0.8018018018018018,0.5058823529411764,110,92,453000,364000,56,272838,0.8363636363636363,0.8035320088300221,0.509090909090909
sealed_holdout,11,public-periphery-211-ff367e2a0cfb,periphery,64,78,49,0,balanced_band,stationary_hotspot,online,none,,0,False,0.048255978021445455,0.10969439507640472,10820495,110,103,456000,415000,24,241194,0.9363636363636364,0.9100877192982456,0.21818181818181817,25,21,120000,97000,12,41369,0.84,0.8083333333333333,0.48,85,71,333000,267000,42,226078,0.8352941176470589,0.8018018018018018,0.49411764705882355,110,92,453000,364000,54,267447,0.8363636363636363,0.8035320088300221,0.4909090909090909
sealed_holdout,11,public-periphery-211-ff367e2a0cfb,periphery,64,78,49,0,balanced_band,stationary_hotspot,oracle,none,,0,False,0.048255978021445455,0.12086826967934959,10820495,110,110,456000,456000,0,70298361,1.0,1.0,0.0,25,24,120000,112000,0,30068969,0.96,0.9333333333333333,0.0,85,73,333000,273000,0,20232196,0.8588235294117647,0.8198198198198198,0.0,110,97,453000,385000,0,50301165,0.8818181818181818,0.8498896247240618,0.0
sealed_holdout,11,public-periphery-211-ff367e2a0cfb,periphery,64,78,49,0,balanced_band,stationary_hotspot,online,random,N005|N030,120000,False,0.048255978021445455,0.10402349719179299,10940495,110,103,456000,415000,24,241194,0.9363636363636364,0.9100877192982456,0.21818181818181817,25,21,120000,97000,12,41369,0.84,0.8083333333333333,0.48,85,71,333000,267000,41,212228,0.8352941176470589,0.8018018018018018,0.4823529411764706,110,92,453000,364000,53,253597,0.8363636363636363,0.8035320088300221,0.4818181818181818
sealed_holdout,11,public-periphery-211-ff367e2a0cfb,periphery,64,78,49,0,balanced_band,stationary_hotspot,online,failure_aware,N060|N063,120000,True,0.048255978021445455,0.11907638355727633,10940495,110,103,456000,415000,24,241194,0.9363636363636364,0.9100877192982456,0.21818181818181817,25,25,120000,120000,4,47669,1.0,1.0,0.16,85,81,333000,304000,13,228600,0.9529411764705882,0.9129129129129129,0.15294117647058825,110,106,453000,424000,17,276269,0.9636363636363636,0.9359823399558499,0.15454545454545454
sealed_holdout,11,public-periphery-211-ff367e2a0cfb,periphery,64,78,49,0,balanced_band,shifted_hotspot,public,none,,0,False,0.048255978021445455,0.11236258519590438,10820495,110,100,456000,391000,10,199720,0.9090909090909091,0.8574561403508771,0.09090909090909091,25,24,120000,115000,1,40403,0.96,0.9583333333333334,0.04,85,66,333000,246000,19,176569,0.7764705882352941,0.7387387387387387,0.2235294117647059,110,90,453000,361000,20,216972,0.8181818181818182,0.7969094922737306,0.18181818181818182
sealed_holdout,11,public-periphery-211-ff367e2a0cfb,periphery,64,78,49,0,balanced_band,shifted_hotspot,retry,none,,0,False,0.048255978021445455,0.12090742962577104,10820495,110,103,456000,415000,24,240704,0.9363636363636364,0.9100877192982456,0.21818181818181817,25,25,120000,120000,1,48948,1.0,1.0,0.04,85,78,333000,289000,36,60258790,0.9176470588235294,0.8678678678678678,0.4235294117647059,110,103,453000,409000,37,60307738,0.9363636363636364,0.9028697571743929,0.33636363636363636
sealed_holdout,11,public-periphery-211-ff367e2a0cfb,periphery,64,78,49,0,balanced_band,shifted_hotspot,online,none,,0,False,0.048255978021445455,0.1295060609174144,10820495,110,103,456000,415000,24,241194,0.9363636363636364,0.9100877192982456,0.21818181818181817,25,25,120000,120000,0,42003,1.0,1.0,0.0,85,78,333000,289000,35,60260344,0.9176470588235294,0.8678678678678678,0.4117647058823529,110,103,453000,409000,35,60302347,0.9363636363636364,0.9028697571743929,0.3181818181818182
sealed_holdout,11,public-periphery-211-ff367e2a0cfb,periphery,64,78,49,0,balanced_band,shifted_hotspot,oracle,none,,0,False,0.048255978021445455,0.12651490978840912,10820495,110,110,456000,456000,0,70298361,1.0,1.0,0.0,25,25,120000,120000,0,48948,1.0,1.0,0.0,85,78,333000,289000,0,60258790,0.9176470588235294,0.8678678678678678,0.0,110,103,453000,409000,0,60307738,0.9363636363636364,0.9028697571743929,0.0
sealed_holdout,11,public-periphery-211-ff367e2a0cfb,periphery,64,78,49,0,balanced_band,shifted_hotspot,online,random,N005|N030,120000,False,0.048255978021445455,0.12352127050836607,10940495,110,103,456000,415000,24,241194,0.9363636363636364,0.9100877192982456,0.21818181818181817,25,25,120000,120000,0,42003,1.0,1.0,0.0,85,78,333000,289000,33,60235884,0.9176470588235294,0.8678678678678678,0.38823529411764707,110,103,453000,409000,33,60277887,0.9363636363636364,0.9028697571743929,0.3
sealed_holdout,11,public-periphery-211-ff367e2a0cfb,periphery,64,78,49,0,balanced_band,shifted_hotspot,online,failure_aware,N060|N063,120000,False,0.048255978021445455,0.12617172365366416,10940495,110,103,456000,415000,24,241194,0.9363636363636364,0.9100877192982456,0.21818181818181817,25,25,120000,120000,0,42003,1.0,1.0,0.0,85,78,333000,289000,32,60244996,0.9176470588235294,0.8678678678678678,0.3764705882352941,110,103,453000,409000,32,60286999,0.9363636363636364,0.9028697571743929,0.2909090909090909
sealed_holdout,11,public-periphery-211-ff367e2a0cfb,periphery,64,78,49,0,uniform,diffuse,public,none,,0,False,0.2779548652963932,0.29671539832558375,10820495,110,100,452000,378000,10,321744,0.9090909090909091,0.8362831858407079,0.09090909090909091,25,20,103000,75000,5,43154,0.8,0.7281553398058253,0.2,85,69,324000,226000,16,193096,0.8117647058823529,0.6975308641975309,0.18823529411764706,110,89,427000,301000,21,236250,0.8090909090909091,0.7049180327868853,0.19090909090909092
sealed_holdout,11,public-periphery-211-ff367e2a0cfb,periphery,64,78,49,0,uniform,diffuse,retry,none,,0,False,0.2779548652963932,0.2920782477461178,10820495,110,102,452000,391000,12,341231,0.9272727272727272,0.8650442477876106,0.10909090909090909,25,20,103000,75000,7,43154,0.8,0.7281553398058253,0.28,85,71,324000,236000,24,10209076,0.8352941176470589,0.7283950617283951,0.2823529411764706,110,91,427000,311000,31,10252230,0.8272727272727273,0.7283372365339579,0.2818181818181818
sealed_holdout,11,public-periphery-211-ff367e2a0cfb,periphery,64,78,49,0,uniform,diffuse,online,none,,0,False,0.2779548652963932,0.3015947874087616,10820495,110,102,452000,391000,12,342440,0.9272727272727272,0.8650442477876106,0.10909090909090909,25,20,103000,75000,7,43868,0.8,0.7281553398058253,0.28,85,71,324000,236000,24,10209612,0.8352941176470589,0.7283950617283951,0.2823529411764706,110,91,427000,311000,31,10253480,0.8272727272727273,0.7283372365339579,0.2818181818181818
sealed_holdout,11,public-periphery-211-ff367e2a0cfb,periphery,64,78,49,0,uniform,diffuse,oracle,none,,0,False,0.2779548652963932,0.2920782477461178,10820495,110,102,452000,391000,0,341231,0.9272727272727272,0.8650442477876106,0.0,25,20,103000,75000,0,43154,0.8,0.7281553398058253,0.0,85,71,324000,236000,0,10209076,0.8352941176470589,0.7283950617283951,0.0,110,91,427000,311000,0,10252230,0.8272727272727273,0.7283372365339579,0.0
sealed_holdout,11,public-periphery-211-ff367e2a0cfb,periphery,64,78,49,0,uniform,diffuse,online,random,N005|N030,120000,False,0.2779548652963932,0.297351239516882,10940495,110,102,452000,391000,12,342440,0.9272727272727272,0.8650442477876106,0.10909090909090909,25,22,103000,85000,6,49068,0.88,0.8252427184466019,0.24,85,72,324000,244000,27,10225141,0.8470588235294118,0.7530864197530864,0.3176470588235294,110,94,427000,329000,33,10274209,0.8545454545454545,0.7704918032786885,0.3
sealed_holdout,11,public-periphery-211-ff367e2a0cfb,periphery,64,78,49,0,uniform,diffuse,online,failure_aware,N039|N059,120000,False,0.2779548652963932,0.3013717086690012,10940495,110,102,452000,391000,12,342440,0.9272727272727272,0.8650442477876106,0.10909090909090909,25,20,103000,75000,7,42626,0.8,0.7281553398058253,0.28,85,72,324000,244000,25,10237732,0.8470588235294118,0.7530864197530864,0.29411764705882354,110,92,427000,319000,32,10280358,0.8363636363636363,0.747072599531616,0.2909090909090909
sealed_holdout,11,public-periphery-211-ff367e2a0cfb,periphery,64,78,49,0,uniform,stationary_hotspot,public,none,,0,False,0.2779548652963932,0.30550291455059975,10820495,110,93,456000,357000,17,176943,0.8454545454545455,0.7828947368421053,0.15454545454545454,25,19,120000,88000,6,39645,0.76,0.7333333333333333,0.24,85,60,333000,204000,25,143709,0.7058823529411765,0.6126126126126126,0.29411764705882354,110,79,453000,292000,31,183354,0.7181818181818181,0.6445916114790287,0.2818181818181818
sealed_holdout,11,public-periphery-211-ff367e2a0cfb,periphery,64,78,49,0,uniform,stationary_hotspot,retry,none,,0,False,0.2779548652963932,0.3151620266221885,10820495,110,97,456000,389000,37,242719,0.8818181818181818,0.8530701754385965,0.33636363636363636,25,21,120000,94000,14,48364,0.84,0.7833333333333333,0.56,85,67,333000,244000,47,195412,0.788235294117647,0.7327327327327328,0.5529411764705883,110,88,453000,338000,61,243776,0.8,0.7461368653421634,0.5545454545454546
sealed_holdout,11,public-periphery-211-ff367e2a0cfb,periphery,64,78,49,0,uniform,stationary_hotspot,online,none,,0,False,0.2779548652963932,0.31587856647905665,10820495,110,97,456000,389000,38,232319,0.8818181818181818,0.8530701754385965,0.34545454545454546,25,21,120000,94000,14,48364,0.84,0.7833333333333333,0.56,85,67,333000,244000,47,196084,0.788235294117647,0.7327327327327328,0.5529411764705883,110,88,453000,338000,61,244448,0.8,0.7461368653421634,0.5545454545454546
sealed_holdout,11,public-periphery-211-ff367e2a0cfb,periphery,64,78,49,0,uniform,stationary_hotspot,oracle,none,,0,False,0.2779548652963932,0.3249973836714371,10820495,110,107,456000,445000,0,100321031,0.9727272727272728,0.9758771929824561,0.0,25,24,120000,112000,0,30073960,0.96,0.9333333333333333,0.0,85,69,333000,250000,0,20203084,0.8117647058823529,0.7507507507507507,0.0,110,93,453000,362000,0,50277044,0.8454545454545455,0.7991169977924945,0.0
sealed_holdout,11,public-periphery-211-ff367e2a0cfb,periphery,64,78,49,0,uniform,stationary_hotspot,online,random,N005|N030,120000,False,0.2779548652963932,0.31133464815080547,10940495,110,97,456000,389000,38,232319,0.8818181818181818,0.8530701754385965,0.34545454545454546,25,21,120000,94000,14,49899,0.84,0.7833333333333333,0.56,85,68,333000,249000,45,193161,0.8,0.7477477477477478,0.5294117647058824,110,89,453000,343000,59,243060,0.8090909090909091,0.7571743929359823,0.5363636363636364
sealed_holdout,11,public-periphery-211-ff367e2a0cfb,periphery,64,78,49,0,uniform,stationary_hotspot,online,failure_aware,N060|N063,120000,True,0.2779548652963932,0.3256688796738549,10940495,110,97,456000,389000,38,232319,0.8818181818181818,0.8530701754385965,0.34545454545454546,25,25,120000,120000,6,56924,1.0,1.0,0.24,85,74,333000,278000,28,207628,0.8705882352941177,0.8348348348348348,0.32941176470588235,110,99,453000,398000,34,264552,0.9,0.8785871964679912,0.3090909090909091
sealed_holdout,11,public-periphery-211-ff367e2a0cfb,periphery,64,78,49,0,uniform,shifted_hotspot,public,none,,0,False,0.2779548652963932,0.3170398695974729,10820495,110,93,456000,357000,17,176943,0.8454545454545455,0.7828947368421053,0.15454545454545454,25,23,120000,114000,2,40303,0.92,0.95,0.08,85,61,333000,209000,24,143436,0.7176470588235294,0.6276276276276276,0.2823529411764706,110,84,453000,323000,26,183739,0.7636363636363637,0.7130242825607064,0.23636363636363636
sealed_holdout,11,public-periphery-211-ff367e2a0cfb,periphery,64,78,49,0,uniform,shifted_hotspot,retry,none,,0,False,0.2779548652963932,0.323642398857754,10820495,110,97,456000,389000,37,242719,0.8818181818181818,0.8530701754385965,0.33636363636363636,25,25,120000,120000,2,49022,1.0,1.0,0.08,85,68,333000,248000,49,20207250,0.8,0.7447447447447447,0.5764705882352941,110,93,453000,368000,51,20256272,0.8454545454545455,0.8123620309050773,0.4636363636363636
sealed_holdout,11,public-periphery-211-ff367e2a0cfb,periphery,64,78,49,0,uniform,shifted_hotspot,online,none,,0,False,0.2779548652963932,0.3245887064789836,10820495,110,97,456000,389000,38,232319,0.8818181818181818,0.8530701754385965,0.34545454545454546,25,25,120000,120000,2,49022,1.0,1.0,0.08,85,68,333000,248000,49,20207922,0.8,0.7447447447447447,0.5764705882352941,110,93,453000,368000,51,20256944,0.8454545454545455,0.8123620309050773,0.4636363636363636
sealed_holdout,11,public-periphery-211-ff367e2a0cfb,periphery,64,78,49,0,uniform,shifted_hotspot,oracle,none,,0,False,0.2779548652963932,0.32458398458492,10820495,110,107,456000,445000,0,100321031,0.9727272727272728,0.9758771929824561,0.0,25,25,120000,120000,0,49022,1.0,1.0,0.0,85,68,333000,248000,0,20207250,0.8,0.7447447447447447,0.0,110,93,453000,368000,0,20256272,0.8454545454545455,0.8123620309050773,0.0
sealed_holdout,11,public-periphery-211-ff367e2a0cfb,periphery,64,78,49,0,uniform,shifted_hotspot,online,random,N005|N030,120000,False,0.2779548652963932,0.3188798588486047,10940495,110,97,456000,389000,38,232319,0.8818181818181818,0.8530701754385965,0.34545454545454546,25,25,120000,120000,2,50982,1.0,1.0,0.08,85,69,333000,253000,48,20204929,0.8117647058823529,0.7597597597597597,0.5647058823529412,110,94,453000,373000,50,20255911,0.8545454545454545,0.8233995584988962,0.45454545454545453
sealed_holdout,11,public-periphery-211-ff367e2a0cfb,periphery,64,78,49,0,uniform,shifted_hotspot,online,failure_aware,N060|N063,120000,False,0.2779548652963932,0.32227391771019387,10940495,110,97,456000,389000,38,232319,0.8818181818181818,0.8530701754385965,0.34545454545454546,25,25,120000,120000,2,50982,1.0,1.0,0.08,85,68,333000,248000,47,20203996,0.8,0.7447447447447447,0.5529411764705883,110,93,453000,368000,49,20254978,0.8454545454545455,0.8123620309050773,0.44545454545454544
sealed_holdout,11,public-periphery-211-ff367e2a0cfb,periphery,64,78,49,0,polarized,diffuse,public,none,,0,False,0.6983944122784206,0.6750284897419374,10820495,110,88,452000,315000,22,264433,0.8,0.6969026548672567,0.2,25,20,103000,72000,5,42907,0.8,0.6990291262135923,0.2,85,61,324000,178000,24,157490,0.7176470588235294,0.5493827160493827,0.2823529411764706,110,81,427000,250000,29,200397,0.7363636363636363,0.585480093676815,0.2636363636363636
sealed_holdout,11,public-periphery-211-ff367e2a0cfb,periphery,64,78,49,0,polarized,diffuse,retry,none,,0,False,0.6983944122784206,0.6635420304185428,10820495,110,90,452000,328000,30,283920,0.8181818181818182,0.7256637168141593,0.2727272727272727,25,20,103000,72000,7,42907,0.8,0.6990291262135923,0.28,85,65,324000,197000,36,20186937,0.7647058823529411,0.6080246913580247,0.4235294117647059,110,85,427000,269000,43,20229844,0.7727272727272727,0.629976580796253,0.39090909090909093
sealed_holdout,11,public-periphery-211-ff367e2a0cfb,periphery,64,78,49,0,polarized,diffuse,online,none,,0,False,0.6983944122784206,0.6657808122409596,10820495,110,90,452000,328000,32,284112,0.8181818181818182,0.7256637168141593,0.2909090909090909,25,20,103000,72000,7,42907,0.8,0.6990291262135923,0.28,85,65,324000,197000,39,20195120,0.7647058823529411,0.6080246913580247,0.4588235294117647,110,85,427000,269000,46,20238027,0.7727272727272727,0.629976580796253,0.41818181818181815
sealed_holdout,11,public-periphery-211-ff367e2a0cfb,periphery,64,78,49,0,polarized,diffuse,oracle,none,,0,False,0.6983944122784206,0.6584521168345163,10820495,110,90,452000,328000,0,283920,0.8181818181818182,0.7256637168141593,0.0,25,20,103000,72000,0,42907,0.8,0.6990291262135923,0.0,85,67,324000,210000,0,30284912,0.788235294117647,0.6481481481481481,0.0,110,87,427000,282000,0,30327819,0.7909090909090909,0.6604215456674473,0.0
sealed_holdout,11,public-periphery-211-ff367e2a0cfb,periphery,64,78,49,0,polarized,diffuse,online,random,N005|N030,120000,False,0.6983944122784206,0.6721081093773604,10940495,110,90,452000,328000,32,284112,0.8181818181818182,0.7256637168141593,0.2909090909090909,25,21,103000,80000,6,45997,0.84,0.7766990291262136,0.24,85,66,324000,205000,36,20195925,0.7764705882352941,0.6327160493827161,0.4235294117647059,110,87,427000,285000,42,20241922,0.7909090909090909,0.667447306791569,0.38181818181818183
sealed_holdout,11,public-periphery-211-ff367e2a0cfb,periphery,64,78,49,0,polarized,diffuse,online,failure_aware,N039|N059,120000,False,0.6983944122784206,0.6612012075259908,10940495,110,90,452000,328000,32,284112,0.8181818181818182,0.7256637168141593,0.2909090909090909,25,20,103000,72000,7,42887,0.8,0.6990291262135923,0.28,85,66,324000,205000,37,20209550,0.7764705882352941,0.6327160493827161,0.43529411764705883,110,86,427000,277000,44,20252437,0.7818181818181819,0.6487119437939111,0.4
sealed_holdout,11,public-periphery-211-ff367e2a0cfb,periphery,64,78,49,0,polarized,stationary_hotspot,public,none,,0,False,0.6983944122784206,0.6781804525411325,10820495,110,79,456000,298000,31,145492,0.7181818181818181,0.6535087719298246,0.2818181818181818,25,15,120000,56000,10,29533,0.6,0.4666666666666667,0.4,85,54,333000,172000,31,105382,0.6352941176470588,0.5165165165165165,0.36470588235294116,110,69,453000,228000,41,134915,0.6272727272727273,0.5033112582781457,0.37272727272727274
sealed_holdout,11,public-periphery-211-ff367e2a0cfb,periphery,64,78,49,0,polarized,stationary_hotspot,retry,none,,0,False,0.6983944122784206,0.687593968363473,10820495,110,84,456000,328000,68,196050,0.7636363636363637,0.7192982456140351,0.6181818181818182,25,18,120000,70000,19,43260,0.72,0.5833333333333334,0.76,85,59,333000,187000,65,122425,0.6941176470588235,0.5615615615615616,0.7647058823529411,110,77,453000,257000,84,165685,0.7,0.5673289183222958,0.7636363636363637
sealed_holdout,11,public-periphery-211-ff367e2a0cfb,periphery,64,78,49,0,polarized,stationary_hotspot,online,none,,0,False,0.6983944122784206,0.6849241381376989,10820495,110,84,456000,328000,69,196215,0.7636363636363637,0.7192982456140351,0.6272727272727273,25,18,120000,70000,19,43260,0.72,0.5833333333333334,0.76,85,59,333000,187000,65,126827,0.6941176470588235,0.5615615615615616,0.7647058823529411,110,77,453000,257000,84,170087,0.7,0.5673289183222958,0.7636363636363637
sealed_holdout,11,public-periphery-211-ff367e2a0cfb,periphery,64,78,49,0,polarized,stationary_hotspot,oracle,none,,0,False,0.6983944122784206,0.6838005703617631,10820495,110,100,456000,410000,0,160322436,0.9090909090909091,0.8991228070175439,0.0,25,21,120000,88000,0,30068646,0.84,0.7333333333333333,0.0,85,60,333000,195000,0,10146977,0.7058823529411765,0.5855855855855856,0.0,110,81,453000,283000,0,40215623,0.7363636363636363,0.6247240618101545,0.0
sealed_holdout,11,public-periphery-211-ff367e2a0cfb,periphery,64,78,49,0,polarized,stationary_hotspot,online,random,N005|N030,120000,False,0.6983944122784206,0.6800818859948198,10940495,110,84,456000,328000,69,196215,0.7636363636363637,0.7192982456140351,0.6272727272727273,25,18,120000,70000,20,45538,0.72,0.5833333333333334,0.8,85,58,333000,186000,67,122082,0.6823529411764706,0.5585585585585585,0.788235294117647,110,76,453000,256000,87,167620,0.6909090909090909,0.565121412803532,0.7909090909090909
sealed_holdout,11,public-periphery-211-ff367e2a0cfb,periphery,64,78,49,0,polarized,stationary_hotspot,online,failure_aware,N060|N063,120000,True,0.6983944122784206,0.6937500124875626,10940495,110,84,456000,328000,69,196215,0.7636363636363637,0.7192982456140351,0.6272727272727273,25,22,120000,96000,9,54506,0.88,0.8,0.36,85,66,333000,221000,46,136287,0.7764705882352941,0.6636636636636637,0.5411764705882353,110,88,453000,317000,55,190793,0.8,0.6997792494481236,0.5
sealed_holdout,11,public-periphery-211-ff367e2a0cfb,periphery,64,78,49,0,polarized,shifted_hotspot,public,none,,0,False,0.6983944122784206,0.6784178652781153,10820495,110,79,456000,298000,31,145492,0.7181818181818181,0.6535087719298246,0.2818181818181818,25,15,120000,53000,10,29698,0.6,0.44166666666666665,0.4,85,52,333000,163000,33,104871,0.611764705882353,0.4894894894894895,0.38823529411764707,110,67,453000,216000,43,134569,0.6090909090909091,0.4768211920529801,0.39090909090909093
sealed_holdout,11,public-periphery-211-ff367e2a0cfb,periphery,64,78,49,0,polarized,shifted_hotspot,retry,none,,0,False,0.6983944122784206,0.6908821056889632,10820495,110,84,456000,328000,68,196050,0.7636363636363637,0.7192982456140351,0.6181818181818182,25,17,120000,62000,24,10045900,0.68,0.5166666666666667,0.96,85,56,333000,176000,75,134536,0.6588235294117647,0.5285285285285285,0.8823529411764706,110,73,453000,238000,99,10180436,0.6636363636363637,0.5253863134657837,0.9
sealed_holdout,11,public-periphery-211-ff367e2a0cfb,periphery,64,78,49,0,polarized,shifted_hotspot,online,none,,0,False,0.6983944122784206,0.6883818782004671,10820495,110,84,456000,328000,69,196215,0.7636363636363637,0.7192982456140351,0.6272727272727273,25,17,120000,62000,24,10045900,0.68,0.5166666666666667,0.96,85,56,333000,176000,75,138938,0.6588235294117647,0.5285285285285285,0.8823529411764706,110,73,453000,238000,99,10184838,0.6636363636363637,0.5253863134657837,0.9
sealed_holdout,11,public-periphery-211-ff367e2a0cfb,periphery,64,78,49,0,polarized,shifted_hotspot,oracle,none,,0,False,0.6983944122784206,0.6764231775256827,10820495,110,100,456000,410000,0,160322436,0.9090909090909091,0.8991228070175439,0.0,25,17,120000,62000,0,10045900,0.68,0.5166666666666667,0.0,85,57,333000,184000,0,10159088,0.6705882352941176,0.5525525525525525,0.0,110,74,453000,246000,0,20204988,0.6727272727272727,0.543046357615894,0.0
sealed_holdout,11,public-periphery-211-ff367e2a0cfb,periphery,64,78,49,0,polarized,shifted_hotspot,online,random,N005|N030,120000,False,0.6983944122784206,0.6831489676603173,10940495,110,84,456000,328000,69,196215,0.7636363636363637,0.7192982456140351,0.6272727272727273,25,17,120000,62000,23,10045806,0.68,0.5166666666666667,0.92,85,55,333000,175000,76,134193,0.6470588235294118,0.5255255255255256,0.8941176470588236,110,72,453000,237000,99,10179999,0.6545454545454545,0.5231788079470199,0.9
sealed_holdout,11,public-periphery-211-ff367e2a0cfb,periphery,64,78,49,0,polarized,shifted_hotspot,online,failure_aware,N060|N063,120000,False,0.6983944122784206,0.685826242565532,10940495,110,84,456000,328000,69,196215,0.7636363636363637,0.7192982456140351,0.6272727272727273,25,17,120000,62000,23,10045806,0.68,0.5166666666666667,0.92,85,56,333000,176000,72,133366,0.6588235294117647,0.5285285285285285,0.8470588235294118,110,73,453000,238000,95,10179172,0.6636363636363637,0.5253863134657837,0.8636363636363636
sealed_holdout,11,public-periphery-211-ff367e2a0cfb,periphery,64,78,49,1,balanced_band,diffuse,public,none,,0,False,0.050726966189968706,0.08224055890998448,10820495,110,109,429000,421000,1,417378,0.990909090909091,0.9813519813519813,0.00909090909090909,25,25,103000,103000,0,77763,1.0,1.0,0.0,85,81,340000,311000,4,255738,0.9529411764705882,0.9147058823529411,0.047058823529411764,110,106,443000,414000,4,333501,0.9636363636363636,0.9345372460496614,0.03636363636363636
sealed_holdout,11,public-periphery-211-ff367e2a0cfb,periphery,64,78,49,1,balanced_band,diffuse,retry,none,,0,False,0.050726966189968706,0.08274789090639047,10820495,110,109,429000,421000,1,417378,0.990909090909091,0.9813519813519813,0.00909090909090909,25,25,103000,103000,0,77763,1.0,1.0,0.0,85,82,340000,316000,4,263233,0.9647058823529412,0.9294117647058824,0.047058823529411764,110,107,443000,419000,4,340996,0.9727272727272728,0.945823927765237,0.03636363636363636
sealed_holdout,11,public-periphery-211-ff367e2a0cfb,periphery,64,78,49,1,balanced_band,diffuse,online,none,,0,False,0.050726966189968706,0.08805886528063228,10820495,110,109,429000,421000,1,417756,0.990909090909091,0.9813519813519813,0.00909090909090909,25,25,103000,103000,0,77847,1.0,1.0,0.0,85,82,340000,316000,4,263737,0.9647058823529412,0.9294117647058824,0.047058823529411764,110,107,443000,419000,4,341584,0.9727272727272728,0.945823927765237,0.03636363636363636
sealed_holdout,11,public-periphery-211-ff367e2a0cfb,periphery,64,78,49,1,balanced_band,diffuse,oracle,none,,0,False,0.050726966189968706,0.08274789090639047,10820495,110,109,429000,421000,0,417378,0.990909090909091,0.9813519813519813,0.0,25,25,103000,103000,0,77763,1.0,1.0,0.0,85,82,340000,316000,0,263233,0.9647058823529412,0.9294117647058824,0.0,110,107,443000,419000,0,340996,0.9727272727272728,0.945823927765237,0.0
sealed_holdout,11,public-periphery-211-ff367e2a0cfb,periphery,64,78,49,1,balanced_band,diffuse,online,random,N022|N028,120000,False,0.050726966189968706,0.08819235382795829,10940495,110,109,429000,421000,1,417756,0.990909090909091,0.9813519813519813,0.00909090909090909,25,25,103000,103000,0,77839,1.0,1.0,0.0,85,82,340000,316000,3,263307,0.9647058823529412,0.9294117647058824,0.03529411764705882,110,107,443000,419000,3,341146,0.9727272727272728,0.945823927765237,0.02727272727272727
sealed_holdout,11,public-periphery-211-ff367e2a0cfb,periphery,64,78,49,1,balanced_band,diffuse,online,failure_aware,N013|N021,120000,False,0.050726966189968706,0.08819235382795829,10940495,110,109,429000,421000,1,417756,0.990909090909091,0.9813519813519813,0.00909090909090909,25,25,103000,103000,0,77839,1.0,1.0,0.0,85,82,340000,316000,4,263307,0.9647058823529412,0.9294117647058824,0.047058823529411764,110,107,443000,419000,4,341146,0.9727272727272728,0.945823927765237,0.03636363636363636
sealed_holdout,11,public-periphery-211-ff367e2a0cfb,periphery,64,78,49,1,balanced_band,stationary_hotspot,public,none,,0,False,0.050726966189968706,0.09711673497935434,10820495,110,108,419000,406000,2,363749,0.9818181818181818,0.9689737470167065,0.01818181818181818,25,24,73000,68000,1,72594,0.96,0.9315068493150684,0.04,85,69,320000,231000,16,244617,0.8117647058823529,0.721875,0.18823529411764706,110,93,393000,299000,17,317211,0.8454545454545455,0.7608142493638677,0.15454545454545454
sealed_holdout,11,public-periphery-211-ff367e2a0cfb,periphery,64,78,49,1,balanced_band,stationary_hotspot,retry,none,,0,False,0.050726966189968706,0.0992720181493656,10820495,110,108,419000,406000,4,363749,0.9818181818181818,0.9689737470167065,0.03636363636363636,25,24,73000,68000,3,72594,0.96,0.9315068493150684,0.12,85,71,320000,247000,44,261351,0.8352941176470589,0.771875,0.5176470588235295,110,95,393000,315000,47,333945,0.8636363636363636,0.8015267175572519,0.42727272727272725
sealed_holdout,11,public-periphery-211-ff367e2a0cfb,periphery,64,78,49,1,balanced_band,stationary_hotspot,online,none,,0,False,0.050726966189968706,0.10229559199533178,10820495,110,108,419000,406000,6,366773,0.9818181818181818,0.9689737470167065,0.05454545454545454,25,24,73000,68000,4,74724,0.96,0.9315068493150684,0.16,85,71,320000,247000,49,280070,0.8352941176470589,0.771875,0.5764705882352941,110,95,393000,315000,53,354794,0.8636363636363636,0.8015267175572519,0.4818181818181818
sealed_holdout,11,public-periphery-211-ff367e2a0cfb,periphery,64,78,49,1,balanced_band,stationary_hotspot,oracle,none,,0,False,0.050726966189968706,0.0992720181493656,10820495,110,108,419000,406000,0,363749,0.9818181818181818,0.9689737470167065,0.0,25,24,73000,68000,0,72594,0.96,0.9315068493150684,0.0,85,71,320000,247000,0,261351,0.8352941176470589,0.771875,0.0,110,95,393000,315000,0,333945,0.8636363636363636,0.8015267175572519,0.0
sealed_holdout,11,public-periphery-211-ff367e2a0cfb,periphery,64,78,49,1,balanced_band,stationary_hotspot,online,random,N022|N028,120000,False,0.050726966189968706,0.10276865190964163,10940495,110,108,419000,406000,6,366773,0.9818181818181818,0.9689737470167065,0.05454545454545454,25,24,73000,68000,7,73660,0.96,0.9315068493150684,0.28,85,71,320000,247000,48,259614,0.8352941176470589,0.771875,0.5647058823529412,110,95,393000,315000,55,333274,0.8636363636363636,0.8015267175572519,0.5
sealed_holdout,11,public-periphery-211-ff367e2a0cfb,periphery,64,78,49,1,balanced_band,stationary_hotspot,online,failure_aware,N055|N061,120000,True,0.050726966189968706,0.10928347133008606,10940495,110,108,419000,406000,6,366773,0.9818181818181818,0.9689737470167065,0.05454545454545454,25,25,73000,73000,5,65343,1.0,1.0,0.2,85,82,320000,296000,14,263239,0.9647058823529412,0.925,0.16470588235294117,110,107,393000,369000,19,328582,0.9727272727272728,0.9389312977099237,0.17272727272727273
sealed_holdout,11,public-periphery-211-ff367e2a0cfb,periphery,64,78,49,1,balanced_band,shifted_hotspot,public,none,,0,False,0.050726966189968706,0.09100008766213759,10820495,110,108,419000,406000,2,363749,0.9818181818181818,0.9689737470167065,0.01818181818181818,25,25,73000,73000,0,61179,1.0,1.0,0.0,85,67,320000,219000,18,230483,0.788235294117647,0.684375,0.21176470588235294,110,92,393000,292000,18,291662,0.8363636363636363,0.7430025445292621,0.16363636363636364
sealed_holdout,11,public-periphery-211-ff367e2a0cfb,periphery,64,78,49,1,balanced_band,shifted_hotspot,retry,none,,0,False,0.050726966189968706,0.09665479030600875,10820495,110,108,419000,406000,4,363749,0.9818181818181818,0.9689737470167065,0.03636363636363636,25,25,73000,73000,0,61179,1.0,1.0,0.0,85,73,320000,256000,44,30282270,0.8588235294117647,0.8,0.5176470588235295,110,98,393000,329000,44,30343449,0.8909090909090909,0.8371501272264631,0.4
sealed_holdout,11,public-periphery-211-ff367e2a0cfb,periphery,64,78,49,1,balanced_band,shifted_hotspot,online,none,,0,False,0.050726966189968706,0.10213686587073925,10820495,110,108,419000,406000,6,366773,0.9818181818181818,0.9689737470167065,0.05454545454545454,25,25,73000,73000,0,61305,1.0,1.0,0.0,85,73,320000,256000,46,30297055,0.8588235294117647,0.8,0.5411764705882353,110,98,393000,329000,46,30358360,0.8909090909090909,0.8371501272264631,0.41818181818181815
sealed_holdout,11,public-periphery-211-ff367e2a0cfb,periphery,64,78,49,1,balanced_band,shifted_hotspot,oracle,none,,0,False,0.050726966189968706,0.09905572743286549,10820495,110,108,419000,406000,0,363749,0.9818181818181818,0.9689737470167065,0.0,25,25,73000,73000,0,61179,1.0,1.0,0.0,85,74,320000,264000,0,40294822,0.8705882352941177,0.825,0.0,110,99,393000,337000,0,40356001,0.9,0.8575063613231552,0.0
sealed_holdout,11,public-periphery-211-ff367e2a0cfb,periphery,64,78,49,1,balanced_band,shifted_hotspot,online,random,N022|N028,120000,False,0.050726966189968706,0.10464170015370226,10940495,110,108,419000,406000,6,366773,0.9818181818181818,0.9689737470167065,0.05454545454545454,25,25,73000,73000,0,61211,1.0,1.0,0.0,85,73,320000,256000,46,30281957,0.8588235294117647,0.8,0.5411764705882353,110,98,393000,329000,46,30343168,0.8909090909090909,0.8371501272264631,0.41818181818181815
sealed_holdout,11,public-periphery-211-ff367e2a0cfb,periphery,64,78,49,1,balanced_band,shifted_hotspot,online,failure_aware,N055|N061,120000,False,0.050726966189968706,0.10618086825246098,10940495,110,108,419000,406000,6,366773,0.9818181818181818,0.9689737470167065,0.05454545454545454,25,25,73000,73000,0,61211,1.0,1.0,0.0,85,73,320000,256000,47,30278642,0.8588235294117647,0.8,0.5529411764705883,110,98,393000,329000,47,30339853,0.8909090909090909,0.8371501272264631,0.42727272727272725
sealed_holdout,11,public-periphery-211-ff367e2a0cfb,periphery,64,78,49,1,uniform,diffuse,public,none,,0,False,0.2921858276762649,0.308254825069989,10820495,110,104,429000,393000,6,391523,0.9454545454545454,0.916083916083916,0.05454545454545454,25,24,103000,95000,1,76763,0.96,0.9223300970873787,0.04,85,81,340000,314000,4,269714,0.9529411764705882,0.9235294117647059,0.047058823529411764,110,105,443000,409000,5,346477,0.9545454545454546,0.9232505643340858,0.045454545454545456
sealed_holdout,11,public-periphery-211-ff367e2a0cfb,periphery,64,78,49,1,uniform,diffuse,retry,none,,0,False,0.2921858276762649,0.308254825069989,10820495,110,104,429000,393000,8,391523,0.9454545454545454,0.916083916083916,0.07272727272727272,25,24,103000,95000,3,76763,0.96,0.9223300970873787,0.12,85,81,340000,314000,6,269714,0.9529411764705882,0.9235294117647059,0.07058823529411765,110,105,443000,409000,9,346477,0.9545454545454546,0.9232505643340858,0.08181818181818182
sealed_holdout,11,public-periphery-211-ff367e2a0cfb,periphery,64,78,49,1,uniform,diffuse,online,none,,0,False,0.2921858276762649,0.3104426375014201,10820495,110,104,429000,393000,8,392049,0.9454545454545454,0.916083916083916,0.07272727272727272,25,24,103000,95000,3,76847,0.96,0.9223300970873787,0.12,85,81,340000,314000,6,270620,0.9529411764705882,0.9235294117647059,0.07058823529411765,110,105,443000,409000,9,347467,0.9545454545454546,0.9232505643340858,0.08181818181818182
sealed_holdout,11,public-periphery-211-ff367e2a0cfb,periphery,64,78,49,1,uniform,diffuse,oracle,none,,0,False,0.2921858276762649,0.308254825069989,10820495,110,104,429000,393000,0,391523,0.9454545454545454,0.916083916083916,0.0,25,24,103000,95000,0,76763,0.96,0.9223300970873787,0.0,85,81,340000,314000,0,269714,0.9529411764705882,0.9235294117647059,0.0,110,105,443000,409000,0,346477,0.9545454545454546,0.9232505643340858,0.0
sealed_holdout,11,public-periphery-211-ff367e2a0cfb,periphery,64,78,49,1,uniform,diffuse,online,random,N022|N028,120000,False,0.2921858276762649,0.30681997575140907,10940495,110,104,429000,393000,8,392049,0.9454545454545454,0.916083916083916,0.07272727272727272,25,24,103000,95000,3,76839,0.96,0.9223300970873787,0.12,85,82,340000,319000,4,276068,0.9647058823529412,0.9382352941176471,0.047058823529411764,110,106,443000,414000,7,352907,0.9636363636363636,0.9345372460496614,0.06363636363636363
sealed_holdout,11,public-periphery-211-ff367e2a0cfb,periphery,64,78,49,1,uniform,diffuse,online,failure_aware,N024|N053,120000,False,0.2921858276762649,0.3044875487237944,10940495,110,104,429000,393000,8,392049,0.9454545454545454,0.916083916083916,0.07272727272727272,25,24,103000,95000,3,76839,0.96,0.9223300970873787,0.12,85,81,340000,314000,6,274363,0.9529411764705882,0.9235294117647059,0.07058823529411765,110,105,443000,409000,9,351202,0.9545454545454546,0.9232505643340858,0.08181818181818182
sealed_holdout,11,public-periphery-211-ff367e2a0cfb,periphery,64,78,49,1,uniform,stationary_hotspot,public,none,,0,False,0.2921858276762649,0.3110700774177149,10820495,110,101,419000,376000,9,325677,0.9181818181818182,0.8973747016706444,0.08181818181818182,25,19,73000,52000,6,63112,0.76,0.7123287671232876,0.24,85,64,320000,208000,21,215069,0.7529411764705882,0.65,0.24705882352941178,110,83,393000,260000,27,278181,0.7545454545454545,0.6615776081424937,0.24545454545454545
sealed_holdout,11,public-periphery-211-ff367e2a0cfb,periphery,64,78,49,1,uniform,stationary_hotspot,retry,none,,0,False,0.2921858276762649,0.3129627937215298,10820495,110,104,419000,393000,12,348714,0.9454545454545454,0.9379474940334129,0.10909090909090909,25,25,73000,73000,9,30103885,1.0,1.0,0.36,85,68,320000,230000,50,10238355,0.8,0.71875,0.5882352941176471,110,93,393000,303000,59,40342240,0.8454545454545455,0.7709923664122137,0.5363636363636364
sealed_holdout,11,public-periphery-211-ff367e2a0cfb,periphery,64,78,49,1,uniform,stationary_hotspot,online,none,,0,False,0.2921858276762649,0.32015813415117983,10820495,110,104,419000,393000,15,355758,0.9454545454545454,0.9379474940334129,0.13636363636363635,25,25,73000,73000,10,30106021,1.0,1.0,0.4,85,68,320000,230000,51,10240606,0.8,0.71875,0.6,110,93,393000,303000,61,40346627,0.8454545454545455,0.7709923664122137,0.5545454545454546
sealed_holdout,11,public-periphery-211-ff367e2a0cfb,periphery,64,78,49,1,uniform,stationary_hotspot,oracle,none,,0,False,0.2921858276762649,0.3149217903667969,10820495,110,104,419000,393000,0,348714,0.9454545454545454,0.9379474940334129,0.0,25,25,73000,73000,0,30103885,1.0,1.0,0.0,85,69,320000,238000,0,20250907,0.8117647058823529,0.74375,0.0,110,94,393000,311000,0,50354792,0.8545454545454545,0.7913486005089059,0.0
sealed_holdout,11,public-periphery-211-ff367e2a0cfb,periphery,64,78,49,1,uniform,stationary_hotspot,online,random,N022|N028,120000,False,0.2921858276762649,0.3191342916259549,10940495,110,104,419000,393000,15,355758,0.9454545454545454,0.9379474940334129,0.13636363636363635,25,25,73000,73000,12,30094059,1.0,1.0,0.48,85,68,320000,230000,53,10237924,0.8,0.71875,0.6235294117647059,110,93,393000,303000,65,40331983,0.8454545454545455,0.7709923664122137,0.5909090909090909
sealed_holdout,11,public-periphery-211-ff367e2a0cfb,periphery,64,78,49,1,uniform,stationary_hotspot,online,failure_aware,N031|N059,120000,False,0.2921858276762649,0.3161975725240892,10940495,110,104,419000,393000,15,355758,0.9454545454545454,0.9379474940334129,0.13636363636363635,25,24,73000,71000,15,20093211,0.96,0.9726027397260274,0.6,85,68,320000,230000,56,10235028,0.8,0.71875,0.6588235294117647,110,92,393000,301000,71,30328239,0.8363636363636363,0.7659033078880407,0.6454545454545455
sealed_holdout,11,public-periphery-211-ff367e2a0cfb,periphery,64,78,49,1,uniform,shifted_hotspot,public,none,,0,False,0.2921858276762649,0.306552581621136,10820495,110,101,419000,376000,9,325677,0.9181818181818182,0.8973747016706444,0.08181818181818182,25,19,73000,52000,6,55808,0.76,0.7123287671232876,0.24,85,62,320000,203000,23,200566,0.7294117647058823,0.634375,0.27058823529411763,110,81,393000,255000,29,256374,0.7363636363636363,0.648854961832061,0.2636363636363636
sealed_holdout,11,public-periphery-211-ff367e2a0cfb,periphery,64,78,49,1,uniform,shifted_hotspot,retry,none,,0,False,0.2921858276762649,0.3086673367106285,10820495,110,104,419000,393000,12,348714,0.9454545454545454,0.9379474940334129,0.10909090909090909,25,25,73000,73000,10,40080011,1.0,1.0,0.4,85,66,320000,221000,57,20231264,0.7764705882352941,0.690625,0.6705882352941176,110,91,393000,294000,67,60311275,0.8272727272727273,0.7480916030534351,0.6090909090909091
sealed_holdout,11,public-periphery-211-ff367e2a0cfb,periphery,64,78,49,1,uniform,shifted_hotspot,online,none,,0,False,0.2921858276762649,0.3155733086173821,10820495,110,104,419000,393000,15,355758,0.9454545454545454,0.9379474940334129,0.13636363636363635,25,25,73000,73000,10,40080137,1.0,1.0,0.4,85,66,320000,221000,57,20231513,0.7764705882352941,0.690625,0.6705882352941176,110,91,393000,294000,67,60311650,0.8272727272727273,0.7480916030534351,0.6090909090909091
sealed_holdout,11,public-periphery-211-ff367e2a0cfb,periphery,64,78,49,1,uniform,shifted_hotspot,oracle,none,,0,False,0.2921858276762649,0.3086673367106285,10820495,110,104,419000,393000,0,348714,0.9454545454545454,0.9379474940334129,0.0,25,25,73000,73000,0,40080011,1.0,1.0,0.0,85,66,320000,221000,0,20231264,0.7764705882352941,0.690625,0.0,110,91,393000,294000,0,60311275,0.8272727272727273,0.7480916030534351,0.0
sealed_holdout,11,public-periphery-211-ff367e2a0cfb,periphery,64,78,49,1,uniform,shifted_hotspot,online,random,N022|N028,120000,False,0.2921858276762649,0.31465306638890406,10940495,110,104,419000,393000,15,355758,0.9454545454545454,0.9379474940334129,0.13636363636363635,25,25,73000,73000,9,40079405,1.0,1.0,0.36,85,66,320000,221000,58,20231603,0.7764705882352941,0.690625,0.6823529411764706,110,91,393000,294000,67,60311008,0.8272727272727273,0.7480916030534351,0.6090909090909091
sealed_holdout,11,public-periphery-211-ff367e2a0cfb,periphery,64,78,49,1,uniform,shifted_hotspot,online,failure_aware,N031|N059,120000,False,0.2921858276762649,0.3149018662035069,10940495,110,104,419000,393000,15,355758,0.9454545454545454,0.9379474940334129,0.13636363636363635,25,24,73000,71000,11,30076851,0.96,0.9726027397260274,0.44,85,66,320000,222000,60,30234144,0.7764705882352941,0.69375,0.7058823529411765,110,90,393000,293000,71,60310995,0.8181818181818182,0.7455470737913485,0.6454545454545455
sealed_holdout,11,public-periphery-211-ff367e2a0cfb,periphery,64,78,49,1,polarized,diffuse,public,none,,0,False,0.7110075215927174,0.6592891563322313,10820495,110,83,429000,273000,27,295082,0.7545454545454545,0.6363636363636364,0.24545454545454545,25,19,103000,70000,6,56799,0.76,0.6796116504854369,0.24,85,69,340000,239000,16,234620,0.8117647058823529,0.7029411764705882,0.18823529411764706,110,88,443000,309000,22,291419,0.8,0.6975169300225733,0.2
sealed_holdout,11,public-periphery-211-ff367e2a0cfb,periphery,64,78,49,1,polarized,diffuse,retry,none,,0,False,0.7110075215927174,0.6555023995194021,10820495,110,89,429000,301000,36,30331634,0.8090909090909091,0.7016317016317016,0.32727272727272727,25,20,103000,72000,10,62851,0.8,0.6990291262135923,0.4,85,70,340000,244000,25,10249675,0.8235294117647058,0.7176470588235294,0.29411764705882354,110,90,443000,316000,35,10312526,0.8181818181818182,0.7133182844243793,0.3181818181818182
sealed_holdout,11,public-periphery-211-ff367e2a0cfb,periphery,64,78,49,1,polarized,diffuse,online,none,,0,False,0.7110075215927174,0.6307832864749905,10820495,110,89,429000,301000,36,30332752,0.8090909090909091,0.7016317016317016,0.32727272727272727,25,20,103000,72000,9,63581,0.8,0.6990291262135923,0.36,85,70,340000,244000,25,10252388,0.8235294117647058,0.7176470588235294,0.29411764705882354,110,90,443000,316000,34,10315969,0.8181818181818182,0.7133182844243793,0.3090909090909091
sealed_holdout,11,public-periphery-211-ff367e2a0cfb,periphery,64,78,49,1,polarized,diffuse,oracle,none,,0,False,0.7110075215927174,0.6510380444508684,10820495,110,89,429000,301000,0,30331634,0.8090909090909091,0.7016317016317016,0.0,25,20,103000,72000,0,62851,0.8,0.6990291262135923,0.0,85,71,340000,249000,0,20341935,0.8352941176470589,0.7323529411764705,0.0,110,91,443000,321000,0,20404786,0.8272727272727273,0.7246049661399548,0.0
sealed_holdout,11,public-periphery-211-ff367e2a0cfb,periphery,64,78,49,1,polarized,diffuse,online,random,N022|N028,120000,False,0.7110075215927174,0.6399160484440246,10940495,110,89,429000,301000,36,30332752,0.8090909090909091,0.7016317016317016,0.32727272727272727,25,20,103000,72000,10,63573,0.8,0.6990291262135923,0.4,85,70,340000,244000,27,10251038,0.8235294117647058,0.7176470588235294,0.3176470588235294,110,90,443000,316000,37,10314611,0.8181818181818182,0.7133182844243793,0.33636363636363636
sealed_holdout,11,public-periphery-211-ff367e2a0cfb,periphery,64,78,49,1,polarized,diffuse,online,failure_aware,N038|N059,120000,False,0.7110075215927174,0.6428467051472739,10940495,110,89,429000,301000,36,30332752,0.8090909090909091,0.7016317016317016,0.32727272727272727,25,20,103000,72000,9,62777,0.8,0.6990291262135923,0.36,85,71,340000,249000,25,10249553,0.8352941176470589,0.7323529411764705,0.29411764705882354,110,91,443000,321000,34,10312330,0.8272727272727273,0.7246049661399548,0.3090909090909091
sealed_holdout,11,public-periphery-211-ff367e2a0cfb,periphery,64,78,49,1,polarized,stationary_hotspot,public,none,,0,False,0.7110075215927174,0.6562453411631056,10820495,110,75,419000,237000,35,216341,0.6818181818181818,0.5656324582338902,0.3181818181818182,25,18,73000,47000,7,58492,0.72,0.6438356164383562,0.28,85,58,320000,172000,27,182056,0.6823529411764706,0.5375,0.3176470588235294,110,76,393000,219000,34,240548,0.6909090909090909,0.5572519083969466,0.3090909090909091
sealed_holdout,11,public-periphery-211-ff367e2a0cfb,periphery,64,78,49,1,polarized,stationary_hotspot,retry,none,,0,False,0.7110075215927174,0.6487282535748858,10820495,110,88,419000,308000,53,300178,0.8,0.7350835322195705,0.4818181818181818,25,23,73000,60000,13,30078054,0.92,0.821917808219178,0.52,85,66,320000,206000,54,244229,0.7764705882352941,0.64375,0.6352941176470588,110,89,393000,266000,67,30322283,0.8090909090909091,0.6768447837150128,0.6090909090909091
sealed_holdout,11,public-periphery-211-ff367e2a0cfb,periphery,64,78,49,1,polarized,stationary_hotspot,online,none,,0,False,0.7110075215927174,0.6477891040251522,10820495,110,88,419000,308000,57,304396,0.8,0.7350835322195705,0.5181818181818182,25,23,73000,60000,13,30078288,0.92,0.821917808219178,0.52,85,66,320000,206000,51,226167,0.7764705882352941,0.64375,0.6,110,89,393000,266000,64,30304455,0.8090909090909091,0.6768447837150128,0.5818181818181818
sealed_holdout,11,public-periphery-211-ff367e2a0cfb,periphery,64,78,49,1,polarized,stationary_hotspot,oracle,none,,0,False,0.7110075215927174,0.6507890178679197,10820495,110,89,419000,316000,0,319119,0.8090909090909091,0.7541766109785203,0.0,25,24,73000,68000,0,30162338,0.96,0.9315068493150684,0.0,85,67,320000,214000,0,10267864,0.788235294117647,0.66875,0.0,110,91,393000,282000,0,40430202,0.8272727272727273,0.7175572519083969,0.0
sealed_holdout,11,public-periphery-211-ff367e2a0cfb,periphery,64,78,49,1,polarized,stationary_hotspot,online,random,N022|N028,120000,False,0.7110075215927174,0.6464934535955807,10940495,110,88,419000,308000,57,304396,0.8,0.7350835322195705,0.5181818181818182,25,24,73000,68000,13,30081520,0.96,0.9315068493150684,0.52,85,66,320000,206000,56,205751,0.7764705882352941,0.64375,0.6588235294117647,110,90,393000,274000,69,30287271,0.8181818181818182,0.6972010178117048,0.6272727272727273
sealed_holdout,11,public-periphery-211-ff367e2a0cfb,periphery,64,78,49,1,polarized,stationary_hotspot,online,failure_aware,N020|N050,120000,False,0.7110075215927174,0.6471815056123239,10940495,110,88,419000,308000,57,304396,0.8,0.7350835322195705,0.5181818181818182,25,24,73000,68000,13,30081520,0.96,0.9315068493150684,0.52,85,67,320000,207000,56,214668,0.788235294117647,0.646875,0.6588235294117647,110,91,393000,275000,69,30296188,0.8272727272727273,0.6997455470737913,0.6272727272727273
sealed_holdout,11,public-periphery-211-ff367e2a0cfb,periphery,64,78,49,1,polarized,shifted_hotspot,public,none,,0,False,0.7110075215927174,0.6604928456184169,10820495,110,75,419000,237000,35,216341,0.6818181818181818,0.5656324582338902,0.3181818181818182,25,18,73000,47000,7,51188,0.72,0.6438356164383562,0.28,85,57,320000,172000,28,169157,0.6705882352941176,0.5375,0.32941176470588235,110,75,393000,219000,35,220345,0.6818181818181818,0.5572519083969466,0.3181818181818182
sealed_holdout,11,public-periphery-211-ff367e2a0cfb,periphery,64,78,49,1,polarized,shifted_hotspot,retry,none,,0,False,0.7110075215927174,0.64390202757257,10820495,110,88,419000,308000,53,300178,0.8,0.7350835322195705,0.4818181818181818,25,23,73000,66000,14,30070648,0.92,0.9041095890410958,0.56,85,58,320000,173000,68,171826,0.6823529411764706,0.540625,0.8,110,81,393000,239000,82,30242474,0.7363636363636363,0.6081424936386769,0.7454545454545455
sealed_holdout,11,public-periphery-211-ff367e2a0cfb,periphery,64,78,49,1,polarized,shifted_hotspot,online,none,,0,False,0.7110075215927174,0.6403019386726903,10820495,110,88,419000,308000,57,304396,0.8,0.7350835322195705,0.5181818181818182,25,23,73000,66000,14,30070882,0.92,0.9041095890410958,0.56,85,58,320000,173000,68,171868,0.6823529411764706,0.540625,0.8,110,81,393000,239000,82,30242750,0.7363636363636363,0.6081424936386769,0.7454545454545455
sealed_holdout,11,public-periphery-211-ff367e2a0cfb,periphery,64,78,49,1,polarized,shifted_hotspot,oracle,none,,0,False,0.7110075215927174,0.6436149125642566,10820495,110,89,419000,316000,0,319119,0.8090909090909091,0.7541766109785203,0.0,25,23,73000,66000,0,30070648,0.92,0.9041095890410958,0.0,85,59,320000,181000,0,10195461,0.6941176470588235,0.565625,0.0,110,82,393000,247000,0,40266109,0.7454545454545455,0.628498727735369,0.0
sealed_holdout,11,public-periphery-211-ff367e2a0cfb,periphery,64,78,49,1,polarized,shifted_hotspot,online,random,N022|N028,120000,False,0.7110075215927174,0.6347881923980593,10940495,110,88,419000,308000,57,304396,0.8,0.7350835322195705,0.5181818181818182,25,23,73000,66000,14,30070146,0.92,0.9041095890410958,0.56,85,58,320000,173000,68,171834,0.6823529411764706,0.540625,0.8,110,81,393000,239000,82,30241980,0.7363636363636363,0.6081424936386769,0.7454545454545455
sealed_holdout,11,public-periphery-211-ff367e2a0cfb,periphery,64,78,49,1,polarized,shifted_hotspot,online,failure_aware,N020|N050,120000,False,0.7110075215927174,0.6350804662982388,10940495,110,88,419000,308000,57,304396,0.8,0.7350835322195705,0.5181818181818182,25,23,73000,66000,14,30070146,0.92,0.9041095890410958,0.56,85,59,320000,174000,68,180751,0.6941176470588235,0.54375,0.8,110,82,393000,240000,82,30250897,0.7454545454545455,0.6106870229007634,0.7454545454545455
sealed_holdout,12,public-hub-212-b88183a5dab3,hub,64,74,53,0,balanced_band,diffuse,public,none,,0,False,0.05511408735689264,0.08074162511785545,11931169,110,107,507000,483000,3,321913,0.9727272727272728,0.9526627218934911,0.02727272727272727,25,24,105000,97000,1,102788,0.96,0.9238095238095239,0.04,85,82,357000,333000,3,196424,0.9647058823529412,0.9327731092436975,0.03529411764705882,110,106,462000,430000,4,299212,0.9636363636363636,0.9307359307359307,0.03636363636363636
sealed_holdout,12,public-hub-212-b88183a5dab3,hub,64,74,53,0,balanced_band,diffuse,retry,none,,0,False,0.05511408735689264,0.07934215724343407,11931169,110,108,507000,491000,5,328738,0.9818181818181818,0.9684418145956607,0.045454545454545456,25,24,105000,97000,1,102788,0.96,0.9238095238095239,0.04,85,82,357000,333000,5,196424,0.9647058823529412,0.9327731092436975,0.058823529411764705,110,106,462000,430000,6,299212,0.9636363636363636,0.9307359307359307,0.05454545454545454
sealed_holdout,12,public-hub-212-b88183a5dab3,hub,64,74,53,0,balanced_band,diffuse,online,none,,0,False,0.05511408735689264,0.08630486406557229,11931169,110,108,507000,491000,5,329843,0.9818181818181818,0.9684418145956607,0.045454545454545456,25,24,105000,97000,1,102788,0.96,0.9238095238095239,0.04,85,82,357000,333000,5,197760,0.9647058823529412,0.9327731092436975,0.058823529411764705,110,106,462000,430000,6,300548,0.9636363636363636,0.9307359307359307,0.05454545454545454
sealed_holdout,12,public-hub-212-b88183a5dab3,hub,64,74,53,0,balanced_band,diffuse,oracle,none,,0,False,0.05511408735689264,0.07934215724343407,11931169,110,108,507000,491000,0,328738,0.9818181818181818,0.9684418145956607,0.0,25,24,105000,97000,0,102788,0.96,0.9238095238095239,0.0,85,82,357000,333000,0,196424,0.9647058823529412,0.9327731092436975,0.0,110,106,462000,430000,0,299212,0.9636363636363636,0.9307359307359307,0.0
sealed_holdout,12,public-hub-212-b88183a5dab3,hub,64,74,53,0,balanced_band,diffuse,online,random,N040|N056,120000,False,0.05511408735689264,0.09941929519013336,12051169,110,108,507000,491000,5,329843,0.9818181818181818,0.9684418145956607,0.045454545454545456,25,25,105000,105000,0,107394,1.0,1.0,0.0,85,82,357000,333000,5,189857,0.9647058823529412,0.9327731092436975,0.058823529411764705,110,107,462000,438000,5,297251,0.9727272727272728,0.948051948051948,0.045454545454545456
sealed_holdout,12,public-hub-212-b88183a5dab3,hub,64,74,53,0,balanced_band,diffuse,online,failure_aware,N055|N060,120000,False,0.05511408735689264,0.09709738297425485,12051169,110,108,507000,491000,5,329843,0.9818181818181818,0.9684418145956607,0.045454545454545456,25,24,105000,97000,1,104216,0.96,0.9238095238095239,0.04,85,82,357000,333000,5,194452,0.9647058823529412,0.9327731092436975,0.058823529411764705,110,106,462000,430000,6,298668,0.9636363636363636,0.9307359307359307,0.05454545454545454
sealed_holdout,12,public-hub-212-b88183a5dab3,hub,64,74,53,0,balanced_band,stationary_hotspot,public,none,,0,False,0.05511408735689264,0.08386227376187483,11931169,110,98,461000,398000,12,443515,0.8909090909090909,0.8633405639913232,0.10909090909090909,25,21,111000,85000,4,63932,0.84,0.7657657657657657,0.16,85,75,358000,293000,10,294870,0.8823529411764706,0.8184357541899442,0.11764705882352941,110,96,469000,378000,14,358802,0.8727272727272727,0.8059701492537313,0.12727272727272726
sealed_holdout,12,public-hub-212-b88183a5dab3,hub,64,74,53,0,balanced_band,stationary_hotspot,retry,none,,0,False,0.05511408735689264,0.08386227376187483,11931169,110,98,461000,398000,12,443515,0.8909090909090909,0.8633405639913232,0.10909090909090909,25,21,111000,85000,4,63932,0.84,0.7657657657657657,0.16,85,75,358000,293000,10,294870,0.8823529411764706,0.8184357541899442,0.11764705882352941,110,96,469000,378000,14,358802,0.8727272727272727,0.8059701492537313,0.12727272727272726
sealed_holdout,12,public-hub-212-b88183a5dab3,hub,64,74,53,0,balanced_band,stationary_hotspot,online,none,,0,False,0.05511408735689264,0.10295737005085996,11931169,110,98,461000,398000,12,443913,0.8909090909090909,0.8633405639913232,0.10909090909090909,25,21,111000,85000,4,64158,0.84,0.7657657657657657,0.16,85,75,358000,293000,10,297266,0.8823529411764706,0.8184357541899442,0.11764705882352941,110,96,469000,378000,14,361424,0.8727272727272727,0.8059701492537313,0.12727272727272726
sealed_holdout,12,public-hub-212-b88183a5dab3,hub,64,74,53,0,balanced_band,stationary_hotspot,oracle,none,,0,False,0.05511408735689264,0.08386227376187483,11931169,110,98,461000,398000,0,443515,0.8909090909090909,0.8633405639913232,0.0,25,21,111000,85000,0,63932,0.84,0.7657657657657657,0.0,85,75,358000,293000,0,294870,0.8823529411764706,0.8184357541899442,0.0,110,96,469000,378000,0,358802,0.8727272727272727,0.8059701492537313,0.0
sealed_holdout,12,public-hub-212-b88183a5dab3,hub,64,74,53,0,balanced_band,stationary_hotspot,online,random,N040|N056,120000,False,0.05511408735689264,0.10476468423854311,12051169,110,98,461000,398000,12,443913,0.8909090909090909,0.8633405639913232,0.10909090909090909,25,25,111000,111000,0,59487,1.0,1.0,0.0,85,76,358000,298000,20,279477,0.8941176470588236,0.8324022346368715,0.23529411764705882,110,101,469000,409000,20,338964,0.9181818181818182,0.8720682302771855,0.18181818181818182
sealed_holdout,12,public-hub-212-b88183a5dab3,hub,64,74,53,0,balanced_band,stationary_hotspot,online,failure_aware,N056|N062,120000,True,0.05511408735689264,0.10561110477388988,12051169,110,98,461000,398000,12,443913,0.8909090909090909,0.8633405639913232,0.10909090909090909,25,25,111000,111000,0,39478,1.0,1.0,0.0,85,79,358000,325000,12,242463,0.9294117647058824,0.9078212290502793,0.1411764705882353,110,104,469000,436000,12,281941,0.9454545454545454,0.929637526652452,0.10909090909090909
sealed_holdout,12,public-hub-212-b88183a5dab3,hub,64,74,53,0,balanced_band,shifted_hotspot,public,none,,0,False,0.05511408735689264,0.09625609403366801,11931169,110,98,461000,398000,12,443515,0.8909090909090909,0.8633405639913232,0.10909090909090909,25,25,111000,111000,0,36312,1.0,1.0,0.0,85,83,358000,342000,2,232410,0.9764705882352941,0.9553072625698324,0.023529411764705882,110,108,469000,453000,2,268722,0.9818181818181818,0.9658848614072495,0.01818181818181818
sealed_holdout,12,public-hub-212-b88183a5dab3,hub,64,74,53,0,balanced_band,shifted_hotspot,retry,none,,0,False,0.05511408735689264,0.09625609403366801,11931169,110,98,461000,398000,12,443515,0.8909090909090909,0.8633405639913232,0.10909090909090909,25,25,111000,111000,0,36312,1.0,1.0,0.0,85,83,358000,342000,2,232410,0.9764705882352941,0.9553072625698324,0.023529411764705882,110,108,469000,453000,2,268722,0.9818181818181818,0.9658848614072495,0.01818181818181818
sealed_holdout,12,public-hub-212-b88183a5dab3,hub,64,74,53,0,balanced_band,shifted_hotspot,online,none,,0,False,0.05511408735689264,0.11535119032265316,11931169,110,98,461000,398000,12,443913,0.8909090909090909,0.8633405639913232,0.10909090909090909,25,25,111000,111000,0,36538,1.0,1.0,0.0,85,83,358000,342000,2,234806,0.9764705882352941,0.9553072625698324,0.023529411764705882,110,108,469000,453000,2,271344,0.9818181818181818,0.9658848614072495,0.01818181818181818
sealed_holdout,12,public-hub-212-b88183a5dab3,hub,64,74,53,0,balanced_band,shifted_hotspot,oracle,none,,0,False,0.05511408735689264,0.09625609403366801,11931169,110,98,461000,398000,0,443515,0.8909090909090909,0.8633405639913232,0.0,25,25,111000,111000,0,36312,1.0,1.0,0.0,85,83,358000,342000,0,232410,0.9764705882352941,0.9553072625698324,0.0,110,108,469000,453000,0,268722,0.9818181818181818,0.9658848614072495,0.0
sealed_holdout,12,public-hub-212-b88183a5dab3,hub,64,74,53,0,balanced_band,shifted_hotspot,online,random,N040|N056,120000,False,0.05511408735689264,0.10855547207620718,12051169,110,98,461000,398000,12,443913,0.8909090909090909,0.8633405639913232,0.10909090909090909,25,25,111000,111000,0,36538,1.0,1.0,0.0,85,83,358000,342000,2,230563,0.9764705882352941,0.9553072625698324,0.023529411764705882,110,108,469000,453000,2,267101,0.9818181818181818,0.9658848614072495,0.01818181818181818
sealed_holdout,12,public-hub-212-b88183a5dab3,hub,64,74,53,0,balanced_band,shifted_hotspot,online,failure_aware,N056|N062,120000,False,0.05511408735689264,0.10855547207620718,12051169,110,98,461000,398000,12,443913,0.8909090909090909,0.8633405639913232,0.10909090909090909,25,25,111000,111000,0,36538,1.0,1.0,0.0,85,83,358000,342000,2,230563,0.9764705882352941,0.9553072625698324,0.023529411764705882,110,108,469000,453000,2,267101,0.9818181818181818,0.9658848614072495,0.01818181818181818
sealed_holdout,12,public-hub-212-b88183a5dab3,hub,64,74,53,0,uniform,diffuse,public,none,,0,False,0.3174567724063011,0.32066620218830444,11931169,110,105,507000,473000,5,315591,0.9545454545454546,0.9329388560157791,0.045454545454545456,25,23,105000,92000,2,96588,0.92,0.8761904761904762,0.08,85,77,357000,302000,8,186867,0.9058823529411765,0.84593837535014,0.09411764705882353,110,100,462000,394000,10,283455,0.9090909090909091,0.8528138528138528,0.09090909090909091
sealed_holdout,12,public-hub-212-b88183a5dab3,hub,64,74,53,0,uniform,diffuse,retry,none,,0,False,0.3174567724063011,0.316306098307282,11931169,110,106,507000,481000,7,322416,0.9636363636363636,0.9487179487179487,0.06363636363636363,25,23,105000,92000,2,96588,0.92,0.8761904761904762,0.08,85,79,357000,312000,10,204166,0.9294117647058824,0.8739495798319328,0.11764705882352941,110,102,462000,404000,12,300754,0.9272727272727272,0.8744588744588745,0.10909090909090909
sealed_holdout,12,public-hub-212-b88183a5dab3,hub,64,74,53,0,uniform,diffuse,online,none,,0,False,0.3174567724063011,0.32252379913765844,11931169,110,106,507000,481000,8,327313,0.9636363636363636,0.9487179487179487,0.07272727272727272,25,23,105000,92000,2,96588,0.92,0.8761904761904762,0.08,85,79,357000,312000,13,224948,0.9294117647058824,0.8739495798319328,0.15294117647058825,110,102,462000,404000,15,321536,0.9272727272727272,0.8744588744588745,0.13636363636363635
sealed_holdout,12,public-hub-212-b88183a5dab3,hub,64,74,53,0,uniform,diffuse,oracle,none,,0,False,0.3174567724063011,0.316306098307282,11931169,110,106,507000,481000,0,322416,0.9636363636363636,0.9487179487179487,0.0,25,23,105000,92000,0,96588,0.92,0.8761904761904762,0.0,85,79,357000,312000,0,204166,0.9294117647058824,0.8739495798319328,0.0,110,102,462000,404000,0,300754,0.9272727272727272,0.8744588744588745,0.0
sealed_holdout,12,public-hub-212-b88183a5dab3,hub,64,74,53,0,uniform,diffuse,online,random,N040|N056,120000,False,0.3174567724063011,0.32078268434238993,12051169,110,106,507000,481000,8,327313,0.9636363636363636,0.9487179487179487,0.07272727272727272,25,24,105000,100000,1,101194,0.96,0.9523809523809523,0.04,85,79,357000,312000,14,207137,0.9294117647058824,0.8739495798319328,0.16470588235294117,110,103,462000,412000,15,308331,0.9363636363636364,0.8917748917748918,0.13636363636363635
sealed_holdout,12,public-hub-212-b88183a5dab3,hub,64,74,53,0,uniform,diffuse,online,failure_aware,N055|N060,120000,False,0.3174567724063011,0.31777784038828166,12051169,110,106,507000,481000,8,327313,0.9636363636363636,0.9487179487179487,0.07272727272727272,25,23,105000,92000,2,98016,0.92,0.8761904761904762,0.08,85,79,357000,312000,14,211732,0.9294117647058824,0.8739495798319328,0.16470588235294117,110,102,462000,404000,16,309748,0.9272727272727272,0.8744588744588745,0.14545454545454545
sealed_holdout,12,public-hub-212-b88183a5dab3,hub,64,74,53,0,uniform,stationary_hotspot,public,none,,0,False,0.3174567724063011,0.33145853573497724,11931169,110,93,461000,370000,17,425583,0.8454545454545455,0.8026030368763557,0.15454545454545454,25,20,111000,77000,5,61604,0.8,0.6936936936936937,0.2,85,68,358000,249000,17,281320,0.8,0.6955307262569832,0.2,110,88,469000,326000,22,342924,0.8,0.6950959488272921,0.2
sealed_holdout,12,public-hub-212-b88183a5dab3,hub,64,74,53,0,uniform,stationary_hotspot,retry,none,,0,False,0.3174567724063011,0.33178708097651366,11931169,110,94,461000,378000,19,442525,0.8545454545454545,0.8199566160520607,0.17272727272727273,25,21,111000,85000,6,80529,0.84,0.7657657657657657,0.24,85,68,358000,249000,25,281320,0.8,0.6955307262569832,0.29411764705882354,110,89,469000,334000,31,361849,0.8090909090909091,0.7121535181236673,0.2818181818181818
sealed_holdout,12,public-hub-212-b88183a5dab3,hub,64,74,53,0,uniform,stationary_hotspot,online,none,,0,False,0.3174567724063011,0.33420218995413525,11931169,110,94,461000,378000,19,442923,0.8545454545454545,0.8199566160520607,0.17272727272727273,25,21,111000,85000,9,81653,0.84,0.7657657657657657,0.36,85,68,358000,249000,25,281694,0.8,0.6955307262569832,0.29411764705882354,110,89,469000,334000,34,363347,0.8090909090909091,0.7121535181236673,0.3090909090909091
sealed_holdout,12,public-hub-212-b88183a5dab3,hub,64,74,53,0,uniform,stationary_hotspot,oracle,none,,0,False,0.3174567724063011,0.3288274876311627,11931169,110,94,461000,378000,0,442525,0.8545454545454545,0.8199566160520607,0.0,25,21,111000,85000,0,80529,0.84,0.7657657657657657,0.0,85,70,358000,265000,0,312681,0.8235294117647058,0.7402234636871509,0.0,110,91,469000,350000,0,393210,0.8272727272727273,0.746268656716418,0.0
sealed_holdout,12,public-hub-212-b88183a5dab3,hub,64,74,53,0,uniform,stationary_hotspot,online,random,N040|N056,120000,False,0.3174567724063011,0.33511070852327524,12051169,110,94,461000,378000,19,442923,0.8545454545454545,0.8199566160520607,0.17272727272727273,25,24,111000,103000,7,65928,0.96,0.9279279279279279,0.28,85,68,358000,256000,38,266617,0.8,0.7150837988826816,0.4470588235294118,110,92,469000,359000,45,332545,0.8363636363636363,0.7654584221748401,0.4090909090909091
sealed_holdout,12,public-hub-212-b88183a5dab3,hub,64,74,53,0,uniform,stationary_hotspot,online,failure_aware,N056|N062,120000,True,0.3174567724063011,0.33491349480387933,12051169,110,94,461000,378000,19,442923,0.8545454545454545,0.8199566160520607,0.17272727272727273,25,24,111000,103000,6,38048,0.96,0.9279279279279279,0.24,85,73,358000,289000,26,241220,0.8588235294117647,0.8072625698324022,0.3058823529411765,110,97,469000,392000,32,279268,0.8818181818181818,0.835820895522388,0.2909090909090909
sealed_holdout,12,public-hub-212-b88183a5dab3,hub,64,74,53,0,uniform,shifted_hotspot,public,none,,0,False,0.3174567724063011,0.3293373070329549,11931169,110,93,461000,370000,17,425583,0.8454545454545455,0.8026030368763557,0.15454545454545454,25,24,111000,103000,1,33984,0.96,0.9279279279279279,0.04,85,73,358000,277000,12,215020,0.8588235294117647,0.7737430167597765,0.1411764705882353,110,97,469000,380000,13,249004,0.8818181818181818,0.8102345415778252,0.11818181818181818
sealed_holdout,12,public-hub-212-b88183a5dab3,hub,64,74,53,0,uniform,shifted_hotspot,retry,none,,0,False,0.3174567724063011,0.3296658522744913,11931169,110,94,461000,378000,19,442525,0.8545454545454545,0.8199566160520607,0.17272727272727273,25,25,111000,111000,2,52909,1.0,1.0,0.08,85,73,358000,277000,20,215020,0.8588235294117647,0.7737430167597765,0.23529411764705882,110,98,469000,388000,22,267929,0.8909090909090909,0.8272921108742004,0.2
sealed_holdout,12,public-hub-212-b88183a5dab3,hub,64,74,53,0,uniform,shifted_hotspot,online,none,,0,False,0.3174567724063011,0.33208096125211295,11931169,110,94,461000,378000,19,442923,0.8545454545454545,0.8199566160520607,0.17272727272727273,25,25,111000,111000,5,54033,1.0,1.0,0.2,85,73,358000,277000,20,215394,0.8588235294117647,0.7737430167597765,0.23529411764705882,110,98,469000,388000,25,269427,0.8909090909090909,0.8272921108742004,0.22727272727272727
sealed_holdout,12,public-hub-212-b88183a5dab3,hub,64,74,53,0,uniform,shifted_hotspot,oracle,none,,0,False,0.3174567724063011,0.327870500249526,11931169,110,94,461000,378000,0,442525,0.8545454545454545,0.8199566160520607,0.0,25,25,111000,111000,0,52909,1.0,1.0,0.0,85,75,358000,293000,0,246381,0.8823529411764706,0.8184357541899442,0.0,110,100,469000,404000,0,299290,0.9090909090909091,0.8614072494669509,0.0
sealed_holdout,12,public-hub-212-b88183a5dab3,hub,64,74,53,0,uniform,shifted_hotspot,online,random,N040|N056,120000,False,0.3174567724063011,0.3232515028840453,12051169,110,94,461000,378000,19,442923,0.8545454545454545,0.8199566160520607,0.17272727272727273,25,24,111000,103000,6,35108,0.96,0.9279279279279279,0.24,85,74,358000,285000,19,225480,0.8705882352941177,0.7960893854748603,0.2235294117647059,110,98,469000,388000,25,260588,0.8909090909090909,0.8272921108742004,0.22727272727272727
sealed_holdout,12,public-hub-212-b88183a5dab3,hub,64,74,53,0,uniform,shifted_hotspot,online,failure_aware,N056|N062,120000,False,0.3174567724063011,0.3232515028840453,12051169,110,94,461000,378000,19,442923,0.8545454545454545,0.8199566160520607,0.17272727272727273,25,24,111000,103000,6,35108,0.96,0.9279279279279279,0.24,85,74,358000,285000,19,225480,0.8705882352941177,0.7960893854748603,0.2235294117647059,110,98,469000,388000,25,260588,0.8909090909090909,0.8272921108742004,0.22727272727272727
sealed_holdout,12,public-hub-212-b88183a5dab3,hub,64,74,53,0,polarized,diffuse,public,none,,0,False,0.7232508781888055,0.6829534259587671,11931169,110,88,507000,349000,22,260463,0.8,0.6883629191321499,0.2,25,20,105000,68000,5,83151,0.8,0.6476190476190476,0.2,85,68,357000,258000,17,173304,0.8,0.7226890756302521,0.2,110,88,462000,326000,22,256455,0.8,0.7056277056277056,0.2
sealed_holdout,12,public-hub-212-b88183a5dab3,hub,64,74,53,0,polarized,diffuse,retry,none,,0,False,0.7232508781888055,0.6851236644174509,11931169,110,90,507000,362000,35,271718,0.8181818181818182,0.7140039447731755,0.3181818181818182,25,20,105000,68000,5,83151,0.8,0.6476190476190476,0.2,85,71,357000,279000,29,188057,0.8352941176470589,0.7815126050420168,0.3411764705882353,110,91,462000,347000,34,271208,0.8272727272727273,0.7510822510822511,0.3090909090909091
sealed_holdout,12,public-hub-212-b88183a5dab3,hub,64,74,53,0,polarized,diffuse,online,none,,0,False,0.7232508781888055,0.6921383628623081,11931169,110,91,507000,370000,37,277739,0.8272727272727273,0.7297830374753451,0.33636363636363636,25,20,105000,68000,5,83151,0.8,0.6476190476190476,0.2,85,73,357000,286000,23,188950,0.8588235294117647,0.8011204481792717,0.27058823529411763,110,93,462000,354000,28,272101,0.8454545454545455,0.7662337662337663,0.2545454545454545
sealed_holdout,12,public-hub-212-b88183a5dab3,hub,64,74,53,0,polarized,diffuse,oracle,none,,0,False,0.7232508781888055,0.6907519141643929,11931169,110,93,507000,383000,0,317623,0.8454545454545455,0.7554240631163708,0.0,25,21,105000,76000,0,93087,0.84,0.7238095238095238,0.0,85,74,357000,294000,0,199607,0.8705882352941177,0.8235294117647058,0.0,110,95,462000,370000,0,292694,0.8636363636363636,0.8008658008658008,0.0
sealed_holdout,12,public-hub-212-b88183a5dab3,hub,64,74,53,0,polarized,diffuse,online,random,N040|N056,120000,False,0.7232508781888055,0.6821008680113624,12051169,110,91,507000,370000,37,277739,0.8272727272727273,0.7297830374753451,0.33636363636363636,25,20,105000,68000,6,82513,0.8,0.6476190476190476,0.24,85,74,357000,294000,23,210766,0.8705882352941177,0.8235294117647058,0.27058823529411763,110,94,462000,362000,29,293279,0.8545454545454545,0.7835497835497836,0.2636363636363636
sealed_holdout,12,public-hub-212-b88183a5dab3,hub,64,74,53,0,polarized,diffuse,online,failure_aware,N055|N060,120000,False,0.7232508781888055,0.6880081423212583,12051169,110,91,507000,370000,37,277739,0.8272727272727273,0.7297830374753451,0.33636363636363636,25,20,105000,68000,5,83151,0.8,0.6476190476190476,0.2,85,77,357000,306000,21,224671,0.9058823529411765,0.8571428571428571,0.24705882352941178,110,97,462000,374000,26,307822,0.8818181818181818,0.8095238095238095,0.23636363636363636
sealed_holdout,12,public-hub-212-b88183a5dab3,hub,64,74,53,0,polarized,stationary_hotspot,public,none,,0,False,0.7232508781888055,0.7101242845388805,11931169,110,81,461000,281000,29,407062,0.7363636363636363,0.6095444685466378,0.2636363636363636,25,18,111000,64000,7,51668,0.72,0.5765765765765766,0.28,85,60,358000,200000,25,265188,0.7058823529411765,0.5586592178770949,0.29411764705882354,110,78,469000,264000,32,316856,0.7090909090909091,0.5628997867803838,0.2909090909090909
sealed_holdout,12,public-hub-212-b88183a5dab3,hub,64,74,53,0,polarized,stationary_hotspot,retry,none,,0,False,0.7232508781888055,0.7028733793052265,11931169,110,85,461000,301000,37,439704,0.7727272727272727,0.6529284164859002,0.33636363636363636,25,18,111000,64000,13,51668,0.72,0.5765765765765766,0.52,85,60,358000,200000,37,265188,0.7058823529411765,0.5586592178770949,0.43529411764705883,110,78,469000,264000,50,316856,0.7090909090909091,0.5628997867803838,0.45454545454545453
sealed_holdout,12,public-hub-212-b88183a5dab3,hub,64,74,53,0,polarized,stationary_hotspot,online,none,,0,False,0.7232508781888055,0.7063779123289553,11931169,110,85,461000,304000,38,442163,0.7727272727272727,0.6594360086767896,0.34545454545454546,25,18,111000,64000,15,51894,0.72,0.5765765765765766,0.6,85,60,358000,200000,38,265528,0.7058823529411765,0.5586592178770949,0.4470588235294118,110,78,469000,264000,53,317422,0.7090909090909091,0.5628997867803838,0.4818181818181818
sealed_holdout,12,public-hub-212-b88183a5dab3,hub,64,74,53,0,polarized,stationary_hotspot,oracle,none,,0,False,0.7232508781888055,0.7018264262965521,11931169,110,86,461000,309000,0,443449,0.7818181818181819,0.6702819956616052,0.0,25,19,111000,72000,0,62709,0.76,0.6486486486486487,0.0,85,61,358000,205000,0,272303,0.7176470588235294,0.5726256983240223,0.0,110,80,469000,277000,0,335012,0.7272727272727273,0.5906183368869936,0.0
sealed_holdout,12,public-hub-212-b88183a5dab3,hub,64,74,53,0,polarized,stationary_hotspot,online,random,N040|N056,120000,False,0.7232508781888055,0.7031222474098237,12051169,110,85,461000,304000,38,442163,0.7727272727272727,0.6594360086767896,0.34545454545454546,25,19,111000,69000,18,38495,0.76,0.6216216216216216,0.72,85,61,358000,202000,49,241326,0.7176470588235294,0.5642458100558659,0.5764705882352941,110,80,469000,271000,67,279821,0.7272727272727273,0.5778251599147122,0.6090909090909091
sealed_holdout,12,public-hub-212-b88183a5dab3,hub,64,74,53,0,polarized,stationary_hotspot,online,failure_aware,N056|N062,120000,True,0.7232508781888055,0.7093709641766345,12051169,110,85,461000,304000,38,442163,0.7727272727272727,0.6594360086767896,0.34545454545454546,25,22,111000,90000,11,27214,0.88,0.8108108108108109,0.44,85,64,358000,232000,39,214968,0.7529411764705882,0.6480446927374302,0.4588235294117647,110,86,469000,322000,50,242182,0.7818181818181819,0.6865671641791045,0.45454545454545453
sealed_holdout,12,public-hub-212-b88183a5dab3,hub,64,74,53,0,polarized,shifted_hotspot,public,none,,0,False,0.7232508781888055,0.7054029205532576,11931169,110,81,461000,281000,29,407062,0.7363636363636363,0.6095444685466378,0.2636363636363636,25,20,111000,77000,5,21528,0.8,0.6936936936936937,0.2,85,56,358000,193000,29,183703,0.6588235294117647,0.5391061452513967,0.3411764705882353,110,76,469000,270000,34,205231,0.6909090909090909,0.5756929637526652,0.3090909090909091
sealed_holdout,12,public-hub-212-b88183a5dab3,hub,64,74,53,0,polarized,shifted_hotspot,retry,none,,0,False,0.7232508781888055,0.6981520153196036,11931169,110,85,461000,301000,37,439704,0.7727272727272727,0.6529284164859002,0.33636363636363636,25,20,111000,77000,11,21528,0.8,0.6936936936936937,0.44,85,56,358000,193000,41,183703,0.6588235294117647,0.5391061452513967,0.4823529411764706,110,76,469000,270000,52,205231,0.6909090909090909,0.5756929637526652,0.4727272727272727
sealed_holdout,12,public-hub-212-b88183a5dab3,hub,64,74,53,0,polarized,shifted_hotspot,online,none,,0,False,0.7232508781888055,0.7016565483433322,11931169,110,85,461000,304000,38,442163,0.7727272727272727,0.6594360086767896,0.34545454545454546,25,20,111000,77000,13,21754,0.8,0.6936936936936937,0.52,85,56,358000,193000,42,184043,0.6588235294117647,0.5391061452513967,0.49411764705882355,110,76,469000,270000,55,205797,0.6909090909090909,0.5756929637526652,0.5
sealed_holdout,12,public-hub-212-b88183a5dab3,hub,64,74,53,0,polarized,shifted_hotspot,oracle,none,,0,False,0.7232508781888055,0.6973354959719598,11931169,110,86,461000,309000,0,443449,0.7818181818181819,0.6702819956616052,0.0,25,21,111000,85000,0,32569,0.84,0.7657657657657657,0.0,85,60,358000,203000,0,194018,0.7058823529411765,0.5670391061452514,0.0,110,81,469000,288000,0,226587,0.7363636363636363,0.6140724946695096,0.0
sealed_holdout,12,public-hub-212-b88183a5dab3,hub,64,74,53,0,polarized,shifted_hotspot,online,random,N040|N056,120000,False,0.7232508781888055,0.6946697750434806,12051169,110,85,461000,304000,38,442163,0.7727272727272727,0.6594360086767896,0.34545454545454546,25,20,111000,77000,13,21754,0.8,0.6936936936936937,0.52,85,56,358000,193000,42,184043,0.6588235294117647,0.5391061452513967,0.49411764705882355,110,76,469000,270000,55,205797,0.6909090909090909,0.5756929637526652,0.5
sealed_holdout,12,public-hub-212-b88183a5dab3,hub,64,74,53,0,polarized,shifted_hotspot,online,failure_aware,N056|N062,120000,False,0.7232508781888055,0.6946697750434806,12051169,110,85,461000,304000,38,442163,0.7727272727272727,0.6594360086767896,0.34545454545454546,25,20,111000,77000,13,21754,0.8,0.6936936936936937,0.52,85,56,358000,193000,41,184043,0.6588235294117647,0.5391061452513967,0.4823529411764706,110,76,469000,270000,54,205797,0.6909090909090909,0.5756929637526652,0.4909090909090909
sealed_holdout,12,public-hub-212-b88183a5dab3,hub,64,74,53,1,balanced_band,diffuse,public,none,,0,False,0.051370754474143486,0.07855024515490043,11931169,110,107,464000,440000,3,491992,0.9727272727272728,0.9482758620689655,0.02727272727272727,25,25,93000,93000,0,85127,1.0,1.0,0.0,85,81,345000,313000,4,213089,0.9529411764705882,0.9072463768115943,0.047058823529411764,110,106,438000,406000,4,298216,0.9636363636363636,0.9269406392694064,0.03636363636363636
sealed_holdout,12,public-hub-212-b88183a5dab3,hub,64,74,53,1,balanced_band,diffuse,retry,none,,0,False,0.051370754474143486,0.07919885030621575,11931169,110,107,464000,440000,3,491992,0.9727272727272728,0.9482758620689655,0.02727272727272727,25,25,93000,93000,0,85127,1.0,1.0,0.0,85,82,345000,321000,4,219099,0.9647058823529412,0.9304347826086956,0.047058823529411764,110,107,438000,414000,4,304226,0.9727272727272728,0.9452054794520548,0.03636363636363636
sealed_holdout,12,public-hub-212-b88183a5dab3,hub,64,74,53,1,balanced_band,diffuse,online,none,,0,False,0.051370754474143486,0.0843651788522772,11931169,110,107,464000,440000,3,492666,0.9727272727272728,0.9482758620689655,0.02727272727272727,25,25,93000,93000,0,85441,1.0,1.0,0.0,85,82,345000,321000,3,219755,0.9647058823529412,0.9304347826086956,0.03529411764705882,110,107,438000,414000,3,305196,0.9727272727272728,0.9452054794520548,0.02727272727272727
sealed_holdout,12,public-hub-212-b88183a5dab3,hub,64,74,53,1,balanced_band,diffuse,oracle,none,,0,False,0.051370754474143486,0.07919885030621575,11931169,110,107,464000,440000,0,491992,0.9727272727272728,0.9482758620689655,0.0,25,25,93000,93000,0,85127,1.0,1.0,0.0,85,82,345000,321000,0,219099,0.9647058823529412,0.9304347826086956,0.0,110,107,438000,414000,0,304226,0.9727272727272728,0.9452054794520548,0.0
sealed_holdout,12,public-hub-212-b88183a5dab3,hub,64,74,53,1,balanced_band,diffuse,online,random,N004|N026,120000,False,0.051370754474143486,0.08346208555803812,12051169,110,107,464000,440000,3,492666,0.9727272727272728,0.9482758620689655,0.02727272727272727,25,25,93000,93000,0,85441,1.0,1.0,0.0,85,82,345000,321000,3,219756,0.9647058823529412,0.9304347826086956,0.03529411764705882,110,107,438000,414000,3,305197,0.9727272727272728,0.9452054794520548,0.02727272727272727
sealed_holdout,12,public-hub-212-b88183a5dab3,hub,64,74,53,1,balanced_band,diffuse,online,failure_aware,N015|N053,120000,False,0.051370754474143486,0.08346208555803812,12051169,110,107,464000,440000,3,492666,0.9727272727272728,0.9482758620689655,0.02727272727272727,25,25,93000,93000,0,85441,1.0,1.0,0.0,85,82,345000,321000,4,219756,0.9647058823529412,0.9304347826086956,0.047058823529411764,110,107,438000,414000,4,305197,0.9727272727272728,0.9452054794520548,0.03636363636363636
sealed_holdout,12,public-hub-212-b88183a5dab3,hub,64,74,53,1,balanced_band,stationary_hotspot,public,none,,0,False,0.051370754474143486,0.07993346417739298,11931169,110,92,376000,299000,18,254674,0.8363636363636363,0.7952127659574468,0.16363636363636364,25,23,98000,82000,2,53823,0.92,0.8367346938775511,0.08,85,81,292000,263000,4,264933,0.9529411764705882,0.9006849315068494,0.047058823529411764,110,104,390000,345000,6,318756,0.9454545454545454,0.8846153846153846,0.05454545454545454
sealed_holdout,12,public-hub-212-b88183a5dab3,hub,64,74,53,1,balanced_band,stationary_hotspot,retry,none,,0,False,0.051370754474143486,0.07993346417739298,11931169,110,92,376000,299000,18,254674,0.8363636363636363,0.7952127659574468,0.16363636363636364,25,23,98000,82000,4,53823,0.92,0.8367346938775511,0.16,85,81,292000,263000,4,264933,0.9529411764705882,0.9006849315068494,0.047058823529411764,110,104,390000,345000,8,318756,0.9454545454545454,0.8846153846153846,0.07272727272727272
sealed_holdout,12,public-hub-212-b88183a5dab3,hub,64,74,53,1,balanced_band,stationary_hotspot,online,none,,0,False,0.051370754474143486,0.0784686894711505,11931169,110,92,376000,299000,18,254959,0.8363636363636363,0.7952127659574468,0.16363636363636364,25,23,98000,82000,4,54051,0.92,0.8367346938775511,0.16,85,81,292000,263000,4,266363,0.9529411764705882,0.9006849315068494,0.047058823529411764,110,104,390000,345000,8,320414,0.9454545454545454,0.8846153846153846,0.07272727272727272
sealed_holdout,12,public-hub-212-b88183a5dab3,hub,64,74,53,1,balanced_band,stationary_hotspot,oracle,none,,0,False,0.051370754474143486,0.07993346417739298,11931169,110,92,376000,299000,0,254674,0.8363636363636363,0.7952127659574468,0.0,25,23,98000,82000,0,53823,0.92,0.8367346938775511,0.0,85,81,292000,263000,0,264933,0.9529411764705882,0.9006849315068494,0.0,110,104,390000,345000,0,318756,0.9454545454545454,0.8846153846153846,0.0
sealed_holdout,12,public-hub-212-b88183a5dab3,hub,64,74,53,1,balanced_band,stationary_hotspot,online,random,N004|N026,120000,False,0.051370754474143486,0.07940324657775723,12051169,110,92,376000,299000,18,254959,0.8363636363636363,0.7952127659574468,0.16363636363636364,25,23,98000,82000,4,55082,0.92,0.8367346938775511,0.16,85,81,292000,263000,5,265214,0.9529411764705882,0.9006849315068494,0.058823529411764705,110,104,390000,345000,9,320296,0.9454545454545454,0.8846153846153846,0.08181818181818182
sealed_holdout,12,public-hub-212-b88183a5dab3,hub,64,74,53,1,balanced_band,stationary_hotspot,online,failure_aware,N055|N062,120000,True,0.051370754474143486,0.08356364665812074,12051169,110,92,376000,299000,18,254959,0.8363636363636363,0.7952127659574468,0.16363636363636364,25,25,98000,98000,0,58111,1.0,1.0,0.0,85,85,292000,292000,5,272285,1.0,1.0,0.058823529411764705,110,110,390000,390000,5,330396,1.0,1.0,0.045454545454545456
sealed_holdout,12,public-hub-212-b88183a5dab3,hub,64,74,53,1,balanced_band,shifted_hotspot,public,none,,0,False,0.051370754474143486,0.08047333345817774,11931169,110,92,376000,299000,18,254674,0.8363636363636363,0.7952127659574468,0.16363636363636364,25,25,98000,98000,0,98459,1.0,1.0,0.0,85,79,292000,250000,6,352491,0.9294117647058824,0.8561643835616438,0.07058823529411765,110,104,390000,348000,6,450950,0.9454545454545454,0.8923076923076924,0.05454545454545454
sealed_holdout,12,public-hub-212-b88183a5dab3,hub,64,74,53,1,balanced_band,shifted_hotspot,retry,none,,0,False,0.051370754474143486,0.07923511198959196,11931169,110,92,376000,299000,18,254674,0.8363636363636363,0.7952127659574468,0.16363636363636364,25,25,98000,98000,0,98459,1.0,1.0,0.0,85,80,292000,258000,6,355081,0.9411764705882353,0.8835616438356164,0.07058823529411765,110,105,390000,356000,6,453540,0.9545454545454546,0.9128205128205128,0.05454545454545454
sealed_holdout,12,public-hub-212-b88183a5dab3,hub,64,74,53,1,balanced_band,shifted_hotspot,online,none,,0,False,0.051370754474143486,0.0781314831523702,11931169,110,92,376000,299000,18,254959,0.8363636363636363,0.7952127659574468,0.16363636363636364,25,25,98000,98000,0,99117,1.0,1.0,0.0,85,80,292000,258000,5,355855,0.9411764705882353,0.8835616438356164,0.058823529411764705,110,105,390000,356000,5,454972,0.9545454545454546,0.9128205128205128,0.045454545454545456
sealed_holdout,12,public-hub-212-b88183a5dab3,hub,64,74,53,1,balanced_band,shifted_hotspot,oracle,none,,0,False,0.051370754474143486,0.07923511198959196,11931169,110,92,376000,299000,0,254674,0.8363636363636363,0.7952127659574468,0.0,25,25,98000,98000,0,98459,1.0,1.0,0.0,85,80,292000,258000,0,355081,0.9411764705882353,0.8835616438356164,0.0,110,105,390000,356000,0,453540,0.9545454545454546,0.9128205128205128,0.0
sealed_holdout,12,public-hub-212-b88183a5dab3,hub,64,74,53,1,balanced_band,shifted_hotspot,online,random,N004|N026,120000,False,0.051370754474143486,0.07906172516790581,12051169,110,92,376000,299000,18,254959,0.8363636363636363,0.7952127659574468,0.16363636363636364,25,25,98000,98000,0,100148,1.0,1.0,0.0,85,80,292000,258000,6,354706,0.9411764705882353,0.8835616438356164,0.07058823529411765,110,105,390000,356000,6,454854,0.9545454545454546,0.9128205128205128,0.05454545454545454
sealed_holdout,12,public-hub-212-b88183a5dab3,hub,64,74,53,1,balanced_band,shifted_hotspot,online,failure_aware,N055|N062,120000,False,0.051370754474143486,0.07782733974955226,12051169,110,92,376000,299000,18,254959,0.8363636363636363,0.7952127659574468,0.16363636363636364,25,25,98000,98000,0,99307,1.0,1.0,0.0,85,80,292000,258000,5,354283,0.9411764705882353,0.8835616438356164,0.058823529411764705,110,105,390000,356000,5,453590,0.9545454545454546,0.9128205128205128,0.045454545454545456
sealed_holdout,12,public-hub-212-b88183a5dab3,hub,64,74,53,1,uniform,diffuse,public,none,,0,False,0.2958962313353621,0.29819777017201043,11931169,110,104,464000,419000,6,436176,0.9454545454545454,0.9030172413793104,0.05454545454545454,25,24,93000,91000,1,83045,0.96,0.978494623655914,0.04,85,78,345000,295000,7,204552,0.9176470588235294,0.855072463768116,0.08235294117647059,110,102,438000,386000,8,287597,0.9272727272727272,0.8812785388127854,0.07272727272727272
sealed_holdout,12,public-hub-212-b88183a5dab3,hub,64,74,53,1,uniform,diffuse,retry,none,,0,False,0.2958962313353621,0.29819777017201043,11931169,110,104,464000,419000,6,436176,0.9454545454545454,0.9030172413793104,0.05454545454545454,25,24,93000,91000,1,83045,0.96,0.978494623655914,0.04,85,78,345000,295000,9,204552,0.9176470588235294,0.855072463768116,0.10588235294117647,110,102,438000,386000,10,287597,0.9272727272727272,0.8812785388127854,0.09090909090909091
sealed_holdout,12,public-hub-212-b88183a5dab3,hub,64,74,53,1,uniform,diffuse,online,none,,0,False,0.2958962313353621,0.3102646675144299,11931169,110,104,464000,419000,6,436850,0.9454545454545454,0.9030172413793104,0.05454545454545454,25,24,93000,91000,2,83045,0.96,0.978494623655914,0.08,85,78,345000,295000,9,205208,0.9176470588235294,0.855072463768116,0.10588235294117647,110,102,438000,386000,11,288253,0.9272727272727272,0.8812785388127854,0.1
sealed_holdout,12,public-hub-212-b88183a5dab3,hub,64,74,53,1,uniform,diffuse,oracle,none,,0,False,0.2958962313353621,0.29819777017201043,11931169,110,104,464000,419000,0,436176,0.9454545454545454,0.9030172413793104,0.0,25,24,93000,91000,0,83045,0.96,0.978494623655914,0.0,85,78,345000,295000,0,204552,0.9176470588235294,0.855072463768116,0.0,110,102,438000,386000,0,287597,0.9272727272727272,0.8812785388127854,0.0
sealed_holdout,12,public-hub-212-b88183a5dab3,hub,64,74,53,1,uniform,diffuse,online,random,N004|N026,120000,False,0.2958962313353621,0.3071751946092095,12051169,110,104,464000,419000,6,436850,0.9454545454545454,0.9030172413793104,0.05454545454545454,25,24,93000,91000,2,83045,0.96,0.978494623655914,0.08,85,78,345000,295000,9,205208,0.9176470588235294,0.855072463768116,0.10588235294117647,110,102,438000,386000,11,288253,0.9272727272727272,0.8812785388127854,0.1
sealed_holdout,12,public-hub-212-b88183a5dab3,hub,64,74,53,1,uniform,diffuse,online,failure_aware,N036|N053,120000,False,0.2958962313353621,0.30745459825491,12051169,110,104,464000,419000,6,436850,0.9454545454545454,0.9030172413793104,0.05454545454545454,25,24,93000,91000,2,83045,0.96,0.978494623655914,0.08,85,79,345000,297000,10,208906,0.9294117647058824,0.8608695652173913,0.11764705882352941,110,103,438000,388000,12,291951,0.9363636363636364,0.8858447488584474,0.10909090909090909
sealed_holdout,12,public-hub-212-b88183a5dab3,hub,64,74,53,1,uniform,stationary_hotspot,public,none,,0,False,0.2958962313353621,0.3325857408583485,11931169,110,90,376000,291000,20,247198,0.8181818181818182,0.773936170212766,0.18181818181818182,25,22,98000,74000,3,44199,0.88,0.7551020408163265,0.12,85,76,292000,254000,9,206749,0.8941176470588236,0.8698630136986302,0.10588235294117647,110,98,390000,328000,12,250948,0.8909090909090909,0.841025641025641,0.10909090909090909
sealed_holdout,12,public-hub-212-b88183a5dab3,hub,64,74,53,1,uniform,stationary_hotspot,retry,none,,0,False,0.2958962313353621,0.3331517796287733,11931169,110,90,376000,291000,20,247198,0.8181818181818182,0.773936170212766,0.18181818181818182,25,22,98000,74000,5,44199,0.88,0.7551020408163265,0.2,85,78,292000,258000,8,211468,0.9176470588235294,0.8835616438356164,0.09411764705882353,110,100,390000,332000,13,255667,0.9090909090909091,0.8512820512820513,0.11818181818181818
sealed_holdout,12,public-hub-212-b88183a5dab3,hub,64,74,53,1,uniform,stationary_hotspot,online,none,,0,False,0.2958962313353621,0.32274999016204386,11931169,110,90,376000,291000,20,247483,0.8181818181818182,0.773936170212766,0.18181818181818182,25,22,98000,74000,5,44427,0.88,0.7551020408163265,0.2,85,78,292000,258000,8,212684,0.9176470588235294,0.8835616438356164,0.09411764705882353,110,100,390000,332000,13,257111,0.9090909090909091,0.8512820512820513,0.11818181818181818
sealed_holdout,12,public-hub-212-b88183a5dab3,hub,64,74,53,1,uniform,stationary_hotspot,oracle,none,,0,False,0.2958962313353621,0.3331517796287733,11931169,110,90,376000,291000,0,247198,0.8181818181818182,0.773936170212766,0.0,25,22,98000,74000,0,44199,0.88,0.7551020408163265,0.0,85,78,292000,258000,0,211468,0.9176470588235294,0.8835616438356164,0.0,110,100,390000,332000,0,255667,0.9090909090909091,0.8512820512820513,0.0
sealed_holdout,12,public-hub-212-b88183a5dab3,hub,64,74,53,1,uniform,stationary_hotspot,online,random,N004|N026,120000,False,0.2958962313353621,0.3159618469328304,12051169,110,90,376000,291000,20,247483,0.8181818181818182,0.773936170212766,0.18181818181818182,25,22,98000,74000,6,47042,0.88,0.7551020408163265,0.24,85,78,292000,258000,9,211812,0.9176470588235294,0.8835616438356164,0.10588235294117647,110,100,390000,332000,15,258854,0.9090909090909091,0.8512820512820513,0.13636363636363635
sealed_holdout,12,public-hub-212-b88183a5dab3,hub,64,74,53,1,uniform,stationary_hotspot,online,failure_aware,N055|N062,120000,True,0.2958962313353621,0.3247698774059352,12051169,110,90,376000,291000,20,247483,0.8181818181818182,0.773936170212766,0.18181818181818182,25,24,98000,90000,1,48487,0.96,0.9183673469387755,0.04,85,82,292000,287000,9,219756,0.9647058823529412,0.9828767123287672,0.10588235294117647,110,106,390000,377000,10,268243,0.9636363636363636,0.9666666666666667,0.09090909090909091
sealed_holdout,12,public-hub-212-b88183a5dab3,hub,64,74,53,1,uniform,shifted_hotspot,public,none,,0,False,0.2958962313353621,0.3338569581364846,11931169,110,90,376000,291000,20,247198,0.8181818181818182,0.773936170212766,0.18181818181818182,25,24,98000,90000,1,88835,0.96,0.9183673469387755,0.04,85,74,292000,241000,11,294307,0.8705882352941177,0.8253424657534246,0.12941176470588237,110,98,390000,331000,12,383142,0.8909090909090909,0.8487179487179487,0.10909090909090909
sealed_holdout,12,public-hub-212-b88183a5dab3,hub,64,74,53,1,uniform,shifted_hotspot,retry,none,,0,False,0.2958962313353621,0.3309101555924576,11931169,110,90,376000,291000,20,247198,0.8181818181818182,0.773936170212766,0.18181818181818182,25,24,98000,90000,1,88835,0.96,0.9183673469387755,0.04,85,77,292000,253000,10,301616,0.9058823529411765,0.8664383561643836,0.11764705882352941,110,101,390000,343000,11,390451,0.9181818181818182,0.8794871794871795,0.1
sealed_holdout,12,public-hub-212-b88183a5dab3,hub,64,74,53,1,uniform,shifted_hotspot,online,none,,0,False,0.2958962313353621,0.3213816635757079,11931169,110,90,376000,291000,20,247483,0.8181818181818182,0.773936170212766,0.18181818181818182,25,24,98000,90000,1,89493,0.96,0.9183673469387755,0.04,85,77,292000,253000,8,302174,0.9058823529411765,0.8664383561643836,0.09411764705882353,110,101,390000,343000,9,391667,0.9181818181818182,0.8794871794871795,0.08181818181818182
sealed_holdout,12,public-hub-212-b88183a5dab3,hub,64,74,53,1,uniform,shifted_hotspot,oracle,none,,0,False,0.2958962313353621,0.3309101555924576,11931169,110,90,376000,291000,0,247198,0.8181818181818182,0.773936170212766,0.0,25,24,98000,90000,0,88835,0.96,0.9183673469387755,0.0,85,77,292000,253000,0,301616,0.9058823529411765,0.8664383561643836,0.0,110,101,390000,343000,0,390451,0.9181818181818182,0.8794871794871795,0.0
sealed_holdout,12,public-hub-212-b88183a5dab3,hub,64,74,53,1,uniform,shifted_hotspot,online,random,N004|N026,120000,False,0.2958962313353621,0.31681456285865733,12051169,110,90,376000,291000,20,247483,0.8181818181818182,0.773936170212766,0.18181818181818182,25,24,98000,90000,2,92108,0.96,0.9183673469387755,0.08,85,77,292000,253000,10,301027,0.9058823529411765,0.8664383561643836,0.11764705882352941,110,101,390000,343000,12,393135,0.9181818181818182,0.8794871794871795,0.10909090909090909
sealed_holdout,12,public-hub-212-b88183a5dab3,hub,64,74,53,1,uniform,shifted_hotspot,online,failure_aware,N055|N062,120000,False,0.2958962313353621,0.31856278680577577,12051169,110,90,376000,291000,20,247483,0.8181818181818182,0.773936170212766,0.18181818181818182,25,24,98000,90000,1,89683,0.96,0.9183673469387755,0.04,85,77,292000,253000,9,301754,0.9058823529411765,0.8664383561643836,0.10588235294117647,110,101,390000,343000,10,391437,0.9181818181818182,0.8794871794871795,0.09090909090909091
sealed_holdout,12,public-hub-212-b88183a5dab3,hub,64,74,53,1,polarized,diffuse,public,none,,0,False,0.7034651764452766,0.6631787997620788,11931169,110,88,464000,326000,22,279894,0.8,0.7025862068965517,0.2,25,21,93000,76000,4,76967,0.84,0.8172043010752689,0.16,85,69,345000,245000,16,182598,0.8117647058823529,0.7101449275362319,0.18823529411764706,110,90,438000,321000,20,259565,0.8181818181818182,0.7328767123287672,0.18181818181818182
sealed_holdout,12,public-hub-212-b88183a5dab3,hub,64,74,53,1,polarized,diffuse,retry,none,,0,False,0.7034651764452766,0.6658464699253571,11931169,110,92,464000,338000,26,337256,0.8363636363636363,0.728448275862069,0.23636363636363636,25,22,93000,81000,5,80522,0.88,0.8709677419354839,0.2,85,70,345000,250000,23,184908,0.8235294117647058,0.7246376811594203,0.27058823529411763,110,92,438000,331000,28,265430,0.8363636363636363,0.7557077625570776,0.2545454545454545
sealed_holdout,12,public-hub-212-b88183a5dab3,hub,64,74,53,1,polarized,diffuse,online,none,,0,False,0.7034651764452766,0.6668429063965001,11931169,110,92,464000,338000,28,337765,0.8363636363636363,0.728448275862069,0.2545454545454545,25,22,93000,81000,5,79643,0.88,0.8709677419354839,0.2,85,70,345000,250000,24,184969,0.8235294117647058,0.7246376811594203,0.2823529411764706,110,92,438000,331000,29,264612,0.8363636363636363,0.7557077625570776,0.2636363636363636
sealed_holdout,12,public-hub-212-b88183a5dab3,hub,64,74,53,1,polarized,diffuse,oracle,none,,0,False,0.7034651764452766,0.6658464699253571,11931169,110,92,464000,338000,0,337256,0.8363636363636363,0.728448275862069,0.0,25,22,93000,81000,0,80522,0.88,0.8709677419354839,0.0,85,70,345000,250000,0,184908,0.8235294117647058,0.7246376811594203,0.0,110,92,438000,331000,0,265430,0.8363636363636363,0.7557077625570776,0.0
sealed_holdout,12,public-hub-212-b88183a5dab3,hub,64,74,53,1,polarized,diffuse,online,random,N004|N026,120000,False,0.7034651764452766,0.660202791336494,12051169,110,92,464000,338000,28,337765,0.8363636363636363,0.728448275862069,0.2545454545454545,25,22,93000,81000,5,79643,0.88,0.8709677419354839,0.2,85,70,345000,250000,24,184969,0.8235294117647058,0.7246376811594203,0.2823529411764706,110,92,438000,331000,29,264612,0.8363636363636363,0.7557077625570776,0.2636363636363636
sealed_holdout,12,public-hub-212-b88183a5dab3,hub,64,74,53,1,polarized,diffuse,online,failure_aware,N036|N053,120000,False,0.7034651764452766,0.6600257987533761,12051169,110,92,464000,338000,28,337765,0.8363636363636363,0.728448275862069,0.2545454545454545,25,22,93000,81000,5,79643,0.88,0.8709677419354839,0.2,85,71,345000,252000,24,188667,0.8352941176470589,0.7304347826086957,0.2823529411764706,110,93,438000,333000,29,268310,0.8454545454545455,0.7602739726027398,0.2636363636363636
sealed_holdout,12,public-hub-212-b88183a5dab3,hub,64,74,53,1,polarized,stationary_hotspot,public,none,,0,False,0.7034651764452766,0.7026074959573653,11931169,110,80,376000,239000,30,184985,0.7272727272727273,0.6356382978723404,0.2727272727272727,25,20,98000,61000,5,39159,0.8,0.6224489795918368,0.2,85,64,292000,196000,21,142707,0.7529411764705882,0.6712328767123288,0.24705882352941178,110,84,390000,257000,26,181866,0.7636363636363637,0.658974358974359,0.23636363636363636
sealed_holdout,12,public-hub-212-b88183a5dab3,hub,64,74,53,1,polarized,stationary_hotspot,retry,none,,0,False,0.7034651764452766,0.7040456471701838,11931169,110,82,376000,243000,33,188421,0.7454545454545455,0.6462765957446809,0.3,25,20,98000,61000,7,39159,0.8,0.6224489795918368,0.28,85,69,292000,215000,29,150231,0.8117647058823529,0.7363013698630136,0.3411764705882353,110,89,390000,276000,36,189390,0.8090909090909091,0.7076923076923077,0.32727272727272727
sealed_holdout,12,public-hub-212-b88183a5dab3,hub,64,74,53,1,polarized,stationary_hotspot,online,none,,0,False,0.7034651764452766,0.7041826912393029,11931169,110,82,376000,243000,33,188421,0.7454545454545455,0.6462765957446809,0.3,25,20,98000,61000,7,39159,0.8,0.6224489795918368,0.28,85,71,292000,219000,22,157271,0.8352941176470589,0.75,0.25882352941176473,110,91,390000,280000,29,196430,0.8272727272727273,0.717948717948718,0.2636363636363636
sealed_holdout,12,public-hub-212-b88183a5dab3,hub,64,74,53,1,polarized,stationary_hotspot,oracle,none,,0,False,0.7034651764452766,0.7029145676339419,11931169,110,82,376000,243000,0,188421,0.7454545454545455,0.6462765957446809,0.0,25,20,98000,61000,0,39159,0.8,0.6224489795918368,0.0,85,72,292000,221000,0,159067,0.8470588235294118,0.7568493150684932,0.0,110,92,390000,282000,0,198226,0.8363636363636363,0.7230769230769231,0.0
sealed_holdout,12,public-hub-212-b88183a5dab3,hub,64,74,53,1,polarized,stationary_hotspot,online,random,N004|N026,120000,False,0.7034651764452766,0.6956813108598358,12051169,110,82,376000,243000,33,188421,0.7454545454545455,0.6462765957446809,0.3,25,20,98000,61000,8,41774,0.8,0.6224489795918368,0.32,85,72,292000,221000,18,158774,0.8470588235294118,0.7568493150684932,0.21176470588235294,110,92,390000,282000,26,200548,0.8363636363636363,0.7230769230769231,0.23636363636363636
sealed_holdout,12,public-hub-212-b88183a5dab3,hub,64,74,53,1,polarized,stationary_hotspot,online,failure_aware,N055|N062,120000,True,0.7034651764452766,0.7037884906775975,12051169,110,82,376000,243000,33,188421,0.7454545454545455,0.6462765957446809,0.3,25,22,98000,77000,4,43219,0.88,0.7857142857142857,0.16,85,75,292000,248000,23,165947,0.8823529411764706,0.8493150684931506,0.27058823529411763,110,97,390000,325000,27,209166,0.8818181818181818,0.8333333333333334,0.24545454545454545
sealed_holdout,12,public-hub-212-b88183a5dab3,hub,64,74,53,1,polarized,shifted_hotspot,public,none,,0,False,0.7034651764452766,0.6955875213305726,11931169,110,80,376000,239000,30,184985,0.7272727272727273,0.6356382978723404,0.2727272727272727,25,20,98000,68000,5,80129,0.8,0.6938775510204082,0.2,85,65,292000,204000,20,252898,0.7647058823529411,0.6986301369863014,0.23529411764705882,110,85,390000,272000,25,333027,0.7727272727272727,0.6974358974358974,0.22727272727272727
sealed_holdout,12,public-hub-212-b88183a5dab3,hub,64,74,53,1,polarized,shifted_hotspot,retry,none,,0,False,0.7034651764452766,0.6973811562607066,11931169,110,82,376000,243000,33,188421,0.7454545454545455,0.6462765957446809,0.3,25,21,98000,76000,5,81804,0.84,0.7755102040816326,0.2,85,70,292000,223000,28,260422,0.8235294117647058,0.7636986301369864,0.32941176470588235,110,91,390000,299000,33,342226,0.8272727272727273,0.7666666666666667,0.3
sealed_holdout,12,public-hub-212-b88183a5dab3,hub,64,74,53,1,polarized,shifted_hotspot,online,none,,0,False,0.7034651764452766,0.6974708469039902,11931169,110,82,376000,243000,33,188421,0.7454545454545455,0.6462765957446809,0.3,25,21,98000,76000,5,81804,0.84,0.7755102040816326,0.2,85,72,292000,227000,21,267462,0.8470588235294118,0.7773972602739726,0.24705882352941178,110,93,390000,303000,26,349266,0.8454545454545455,0.7769230769230769,0.23636363636363636
sealed_holdout,12,public-hub-212-b88183a5dab3,hub,64,74,53,1,polarized,shifted_hotspot,oracle,none,,0,False,0.7034651764452766,0.6962500767244647,11931169,110,82,376000,243000,0,188421,0.7454545454545455,0.6462765957446809,0.0,25,21,98000,76000,0,81804,0.84,0.7755102040816326,0.0,85,73,292000,229000,0,269258,0.8588235294117647,0.7842465753424658,0.0,110,94,390000,305000,0,351062,0.8545454545454545,0.782051282051282,0.0
sealed_holdout,12,public-hub-212-b88183a5dab3,hub,64,74,53,1,polarized,shifted_hotspot,online,random,N004|N026,120000,False,0.7034651764452766,0.6889966028103857,12051169,110,82,376000,243000,33,188421,0.7454545454545455,0.6462765957446809,0.3,25,21,98000,76000,6,84419,0.84,0.7755102040816326,0.24,85,73,292000,229000,17,268966,0.8588235294117647,0.7842465753424658,0.2,110,94,390000,305000,23,353385,0.8545454545454545,0.782051282051282,0.20909090909090908
sealed_holdout,12,public-hub-212-b88183a5dab3,hub,64,74,53,1,polarized,shifted_hotspot,online,failure_aware,N055|N062,120000,False,0.7034651764452766,0.6919408554909967,12051169,110,82,376000,243000,33,188421,0.7454545454545455,0.6462765957446809,0.3,25,21,98000,76000,5,81994,0.84,0.7755102040816326,0.2,85,72,292000,227000,21,268418,0.8470588235294118,0.7773972602739726,0.24705882352941178,110,93,390000,303000,26,350412,0.8454545454545455,0.7769230769230769,0.23636363636363636
sealed_holdout,13,public-random-213-06762ea988da,random,64,73,53,0,balanced_band,diffuse,public,none,,0,False,0.054933752948833674,0.10825818344894776,11491664,110,108,393000,377000,2,249693,0.9818181818181818,0.9592875318066157,0.01818181818181818,25,20,125000,92000,5,30230,0.8,0.736,0.2,85,80,332000,301000,5,184893,0.9411764705882353,0.9066265060240963,0.058823529411764705,110,100,457000,393000,10,215123,0.9090909090909091,0.8599562363238512,0.09090909090909091
sealed_holdout,13,public-random-213-06762ea988da,random,64,73,53,0,balanced_band,diffuse,retry,none,,0,False,0.054933752948833674,0.10825818344894776,11491664,110,108,393000,377000,2,249693,0.9818181818181818,0.9592875318066157,0.01818181818181818,25,20,125000,92000,5,30230,0.8,0.736,0.2,85,80,332000,301000,5,184893,0.9411764705882353,0.9066265060240963,0.058823529411764705,110,100,457000,393000,10,215123,0.9090909090909091,0.8599562363238512,0.09090909090909091
sealed_holdout,13,public-random-213-06762ea988da,random,64,73,53,0,balanced_band,diffuse,online,none,,0,False,0.054933752948833674,0.10577719427020359,11491664,110,108,393000,377000,3,250245,0.9818181818181818,0.9592875318066157,0.02727272727272727,25,20,125000,92000,6,31480,0.8,0.736,0.24,85,80,332000,301000,15,185321,0.9411764705882353,0.9066265060240963,0.17647058823529413,110,100,457000,393000,21,216801,0.9090909090909091,0.8599562363238512,0.19090909090909092
sealed_holdout,13,public-random-213-06762ea988da,random,64,73,53,0,balanced_band,diffuse,oracle,none,,0,False,0.054933752948833674,0.10825818344894776,11491664,110,108,393000,377000,0,249693,0.9818181818181818,0.9592875318066157,0.0,25,20,125000,92000,0,30230,0.8,0.736,0.0,85,80,332000,301000,0,184893,0.9411764705882353,0.9066265060240963,0.0,110,100,457000,393000,0,215123,0.9090909090909091,0.8599562363238512,0.0
sealed_holdout,13,public-random-213-06762ea988da,random,64,73,53,0,balanced_band,diffuse,online,random,N000|N055,120000,False,0.054933752948833674,0.10532568614065556,11611664,110,108,393000,377000,3,250245,0.9818181818181818,0.9592875318066157,0.02727272727272727,25,20,125000,92000,6,30680,0.8,0.736,0.24,85,80,332000,301000,12,185317,0.9411764705882353,0.9066265060240963,0.1411764705882353,110,100,457000,393000,18,215997,0.9090909090909091,0.8599562363238512,0.16363636363636364
sealed_holdout,13,public-random-213-06762ea988da,random,64,73,53,0,balanced_band,diffuse,online,failure_aware,N038|N055,120000,False,0.054933752948833674,0.10532568614065556,11611664,110,108,393000,377000,3,250245,0.9818181818181818,0.9592875318066157,0.02727272727272727,25,20,125000,92000,6,30680,0.8,0.736,0.24,85,80,332000,301000,12,185317,0.9411764705882353,0.9066265060240963,0.1411764705882353,110,100,457000,393000,18,215997,0.9090909090909091,0.8599562363238512,0.16363636363636364
sealed_holdout,13,public-random-213-06762ea988da,random,64,73,53,0,balanced_band,stationary_hotspot,public,none,,0,False,0.054933752948833674,0.08664285308095004,11491664,110,108,446000,430000,2,190778,0.9818181818181818,0.9641255605381166,0.01818181818181818,25,25,107000,107000,0,32630,1.0,1.0,0.0,85,83,326000,310000,2,140575,0.9764705882352941,0.950920245398773,0.023529411764705882,110,108,433000,417000,2,173205,0.9818181818181818,0.9630484988452656,0.01818181818181818
sealed_holdout,13,public-random-213-06762ea988da,random,64,73,53,0,balanced_band,stationary_hotspot,retry,none,,0,False,0.054933752948833674,0.08664285308095004,11491664,110,108,446000,430000,2,190778,0.9818181818181818,0.9641255605381166,0.01818181818181818,25,25,107000,107000,0,32630,1.0,1.0,0.0,85,83,326000,310000,2,140575,0.9764705882352941,0.950920245398773,0.023529411764705882,110,108,433000,417000,2,173205,0.9818181818181818,0.9630484988452656,0.01818181818181818
sealed_holdout,13,public-random-213-06762ea988da,random,64,73,53,0,balanced_band,stationary_hotspot,online,none,,0,False,0.054933752948833674,0.0897713487875335,11491664,110,108,446000,430000,2,190794,0.9818181818181818,0.9641255605381166,0.01818181818181818,25,25,107000,107000,1,32668,1.0,1.0,0.04,85,83,326000,310000,8,140672,0.9764705882352941,0.950920245398773,0.09411764705882353,110,108,433000,417000,9,173340,0.9818181818181818,0.9630484988452656,0.08181818181818182
sealed_holdout,13,public-random-213-06762ea988da,random,64,73,53,0,balanced_band,stationary_hotspot,oracle,none,,0,False,0.054933752948833674,0.08664285308095004,11491664,110,108,446000,430000,0,190778,0.9818181818181818,0.9641255605381166,0.0,25,25,107000,107000,0,32630,1.0,1.0,0.0,85,83,326000,310000,0,140575,0.9764705882352941,0.950920245398773,0.0,110,108,433000,417000,0,173205,0.9818181818181818,0.9630484988452656,0.0
sealed_holdout,13,public-random-213-06762ea988da,random,64,73,53,0,balanced_band,stationary_hotspot,online,random,N000|N055,120000,False,0.054933752948833674,0.08884361251696073,11611664,110,108,446000,430000,2,190794,0.9818181818181818,0.9641255605381166,0.01818181818181818,25,25,107000,107000,1,32668,1.0,1.0,0.04,85,83,326000,310000,8,140672,0.9764705882352941,0.950920245398773,0.09411764705882353,110,108,433000,417000,9,173340,0.9818181818181818,0.9630484988452656,0.08181818181818182
sealed_holdout,13,public-random-213-06762ea988da,random,64,73,53,0,balanced_band,stationary_hotspot,online,failure_aware,N043|N056,120000,False,0.054933752948833674,0.08884361251696073,11611664,110,108,446000,430000,2,190794,0.9818181818181818,0.9641255605381166,0.01818181818181818,25,25,107000,107000,1,32668,1.0,1.0,0.04,85,83,326000,310000,8,140672,0.9764705882352941,0.950920245398773,0.09411764705882353,110,108,433000,417000,9,173340,0.9818181818181818,0.9630484988452656,0.08181818181818182
sealed_holdout,13,public-random-213-06762ea988da,random,64,73,53,0,balanced_band,shifted_hotspot,public,none,,0,False,0.054933752948833674,0.08206723092729426,11491664,110,108,446000,430000,2,190778,0.9818181818181818,0.9641255605381166,0.01818181818181818,25,25,107000,107000,0,32630,1.0,1.0,0.0,85,83,326000,310000,2,140575,0.9764705882352941,0.950920245398773,0.023529411764705882,110,108,433000,417000,2,173205,0.9818181818181818,0.9630484988452656,0.01818181818181818
sealed_holdout,13,public-random-213-06762ea988da,random,64,73,53,0,balanced_band,shifted_hotspot,retry,none,,0,False,0.054933752948833674,0.08206723092729426,11491664,110,108,446000,430000,2,190778,0.9818181818181818,0.9641255605381166,0.01818181818181818,25,25,107000,107000,0,32630,1.0,1.0,0.0,85,83,326000,310000,2,140575,0.9764705882352941,0.950920245398773,0.023529411764705882,110,108,433000,417000,2,173205,0.9818181818181818,0.9630484988452656,0.01818181818181818
sealed_holdout,13,public-random-213-06762ea988da,random,64,73,53,0,balanced_band,shifted_hotspot,online,none,,0,False,0.054933752948833674,0.07991195017526338,11491664,110,108,446000,430000,2,190794,0.9818181818181818,0.9641255605381166,0.01818181818181818,25,25,107000,107000,1,32668,1.0,1.0,0.04,85,83,326000,310000,8,140672,0.9764705882352941,0.950920245398773,0.09411764705882353,110,108,433000,417000,9,173340,0.9818181818181818,0.9630484988452656,0.08181818181818182
sealed_holdout,13,public-random-213-06762ea988da,random,64,73,53,0,balanced_band,shifted_hotspot,oracle,none,,0,False,0.054933752948833674,0.08206723092729426,11491664,110,108,446000,430000,0,190778,0.9818181818181818,0.9641255605381166,0.0,25,25,107000,107000,0,32630,1.0,1.0,0.0,85,83,326000,310000,0,140575,0.9764705882352941,0.950920245398773,0.0,110,108,433000,417000,0,173205,0.9818181818181818,0.9630484988452656,0.0
sealed_holdout,13,public-random-213-06762ea988da,random,64,73,53,0,balanced_band,shifted_hotspot,online,random,N000|N055,120000,False,0.054933752948833674,0.07908610522995395,11611664,110,108,446000,430000,2,190794,0.9818181818181818,0.9641255605381166,0.01818181818181818,25,25,107000,107000,1,32668,1.0,1.0,0.04,85,83,326000,310000,8,140672,0.9764705882352941,0.950920245398773,0.09411764705882353,110,108,433000,417000,9,173340,0.9818181818181818,0.9630484988452656,0.08181818181818182
sealed_holdout,13,public-random-213-06762ea988da,random,64,73,53,0,balanced_band,shifted_hotspot,online,failure_aware,N043|N056,120000,False,0.054933752948833674,0.07908610522995395,11611664,110,108,446000,430000,2,190794,0.9818181818181818,0.9641255605381166,0.01818181818181818,25,25,107000,107000,1,32668,1.0,1.0,0.04,85,83,326000,310000,8,140672,0.9764705882352941,0.950920245398773,0.09411764705882353,110,108,433000,417000,9,173340,0.9818181818181818,0.9630484988452656,0.08181818181818182
sealed_holdout,13,public-random-213-06762ea988da,random,64,73,53,0,uniform,diffuse,public,none,,0,False,0.31642139932535185,0.3486099954940809,11491664,110,95,393000,324000,15,222595,0.8636363636363636,0.8244274809160306,0.13636363636363635,25,18,125000,75000,7,26196,0.72,0.6,0.28,85,76,332000,275000,9,179443,0.8941176470588236,0.8283132530120482,0.10588235294117647,110,94,457000,350000,16,205639,0.8545454545454545,0.7658643326039387,0.14545454545454545
sealed_holdout,13,public-random-213-06762ea988da,random,64,73,53,0,uniform,diffuse,retry,none,,0,False,0.31642139932535185,0.3520691686249007,11491664,110,97,393000,326000,17,224637,0.8818181818181818,0.8295165394402035,0.15454545454545454,25,18,125000,75000,7,26196,0.72,0.6,0.28,85,78,332000,285000,11,181653,0.9176470588235294,0.858433734939759,0.12941176470588237,110,96,457000,360000,18,207849,0.8727272727272727,0.787746170678337,0.16363636363636364
sealed_holdout,13,public-random-213-06762ea988da,random,64,73,53,0,uniform,diffuse,online,none,,0,False,0.31642139932535185,0.3491295688103455,11491664,110,96,393000,325000,19,223895,0.8727272727272727,0.8269720101781171,0.17272727272727273,25,18,125000,75000,9,26260,0.72,0.6,0.36,85,78,332000,285000,13,181931,0.9176470588235294,0.858433734939759,0.15294117647058825,110,96,457000,360000,22,208191,0.8727272727272727,0.787746170678337,0.2
sealed_holdout,13,public-random-213-06762ea988da,random,64,73,53,0,uniform,diffuse,oracle,none,,0,False,0.31642139932535185,0.3520691686249007,11491664,110,97,393000,326000,0,224637,0.8818181818181818,0.8295165394402035,0.0,25,18,125000,75000,0,26196,0.72,0.6,0.0,85,78,332000,285000,0,181653,0.9176470588235294,0.858433734939759,0.0,110,96,457000,360000,0,207849,0.8727272727272727,0.787746170678337,0.0
sealed_holdout,13,public-random-213-06762ea988da,random,64,73,53,0,uniform,diffuse,online,random,N000|N055,120000,False,0.31642139932535185,0.35403733566369444,11611664,110,96,393000,325000,19,223895,0.8727272727272727,0.8269720101781171,0.17272727272727273,25,18,125000,75000,8,26260,0.72,0.6,0.32,85,78,332000,285000,16,183491,0.9176470588235294,0.858433734939759,0.18823529411764706,110,96,457000,360000,24,209751,0.8727272727272727,0.787746170678337,0.21818181818181817
sealed_holdout,13,public-random-213-06762ea988da,random,64,73,53,0,uniform,diffuse,online,failure_aware,N048|N060,120000,False,0.31642139932535185,0.35403733566369444,11611664,110,96,393000,325000,19,223895,0.8727272727272727,0.8269720101781171,0.17272727272727273,25,18,125000,75000,9,26260,0.72,0.6,0.36,85,78,332000,285000,17,183491,0.9176470588235294,0.858433734939759,0.2,110,96,457000,360000,26,209751,0.8727272727272727,0.787746170678337,0.23636363636363636
sealed_holdout,13,public-random-213-06762ea988da,random,64,73,53,0,uniform,stationary_hotspot,public,none,,0,False,0.31642139932535185,0.3100726959441343,11491664,110,98,446000,375000,12,176439,0.8909090909090909,0.8408071748878924,0.10909090909090909,25,25,107000,107000,0,32630,1.0,1.0,0.0,85,78,326000,279000,7,134339,0.9176470588235294,0.8558282208588958,0.08235294117647059,110,103,433000,386000,7,166969,0.9363636363636364,0.8914549653579676,0.06363636363636363
sealed_holdout,13,public-random-213-06762ea988da,random,64,73,53,0,uniform,stationary_hotspot,retry,none,,0,False,0.31642139932535185,0.3098091870107582,11491664,110,100,446000,381000,19,177635,0.9090909090909091,0.8542600896860987,0.17272727272727273,25,25,107000,107000,0,32630,1.0,1.0,0.0,85,79,326000,284000,12,135344,0.9294117647058824,0.8711656441717791,0.1411764705882353,110,104,433000,391000,12,167974,0.9454545454545454,0.9030023094688222,0.10909090909090909
sealed_holdout,13,public-random-213-06762ea988da,random,64,73,53,0,uniform,stationary_hotspot,online,none,,0,False,0.31642139932535185,0.30383903237436966,11491664,110,100,446000,381000,18,177787,0.9090909090909091,0.8542600896860987,0.16363636363636364,25,25,107000,107000,1,32668,1.0,1.0,0.04,85,81,326000,297000,11,139731,0.9529411764705882,0.911042944785276,0.12941176470588237,110,106,433000,404000,12,172399,0.9636363636363636,0.9330254041570438,0.10909090909090909
sealed_holdout,13,public-random-213-06762ea988da,random,64,73,53,0,uniform,stationary_hotspot,oracle,none,,0,False,0.31642139932535185,0.30722952029692824,11491664,110,100,446000,381000,0,177635,0.9090909090909091,0.8542600896860987,0.0,25,25,107000,107000,0,32630,1.0,1.0,0.0,85,81,326000,297000,0,139125,0.9529411764705882,0.911042944785276,0.0,110,106,433000,404000,0,171755,0.9636363636363636,0.9330254041570438,0.0
sealed_holdout,13,public-random-213-06762ea988da,random,64,73,53,0,uniform,stationary_hotspot,online,random,N000|N055,120000,False,0.31642139932535185,0.3006990272997374,11611664,110,100,446000,381000,18,177787,0.9090909090909091,0.8542600896860987,0.16363636363636364,25,25,107000,107000,1,32668,1.0,1.0,0.04,85,81,326000,297000,11,139731,0.9529411764705882,0.911042944785276,0.12941176470588237,110,106,433000,404000,12,172399,0.9636363636363636,0.9330254041570438,0.10909090909090909
sealed_holdout,13,public-random-213-06762ea988da,random,64,73,53,0,uniform,stationary_hotspot,online,failure_aware,N045|N056,120000,False,0.31642139932535185,0.3006990272997374,11611664,110,100,446000,381000,18,177787,0.9090909090909091,0.8542600896860987,0.16363636363636364,25,25,107000,107000,1,32668,1.0,1.0,0.04,85,81,326000,297000,11,139731,0.9529411764705882,0.911042944785276,0.12941176470588237,110,106,433000,404000,12,172399,0.9636363636363636,0.9330254041570438,0.10909090909090909
sealed_holdout,13,public-random-213-06762ea988da,random,64,73,53,0,uniform,shifted_hotspot,public,none,,0,False,0.31642139932535185,0.311077341646538,11491664,110,98,446000,375000,12,176439,0.8909090909090909,0.8408071748878924,0.10909090909090909,25,25,107000,107000,0,32630,1.0,1.0,0.0,85,78,326000,279000,7,134339,0.9176470588235294,0.8558282208588958,0.08235294117647059,110,103,433000,386000,7,166969,0.9363636363636364,0.8914549653579676,0.06363636363636363
sealed_holdout,13,public-random-213-06762ea988da,random,64,73,53,0,uniform,shifted_hotspot,retry,none,,0,False,0.31642139932535185,0.3132165226570111,11491664,110,100,446000,381000,19,177635,0.9090909090909091,0.8542600896860987,0.17272727272727273,25,25,107000,107000,0,32630,1.0,1.0,0.0,85,80,326000,289000,11,136599,0.9411764705882353,0.8865030674846626,0.12941176470588237,110,105,433000,396000,11,169229,0.9545454545454546,0.9145496535796767,0.1
sealed_holdout,13,public-random-213-06762ea988da,random,64,73,53,0,uniform,shifted_hotspot,online,none,,0,False,0.31642139932535185,0.3081336191337641,11491664,110,100,446000,381000,18,177787,0.9090909090909091,0.8542600896860987,0.16363636363636364,25,25,107000,107000,2,32718,1.0,1.0,0.08,85,80,326000,292000,11,137469,0.9411764705882353,0.8957055214723927,0.12941176470588237,110,105,433000,399000,13,170187,0.9545454545454546,0.9214780600461894,0.11818181818181818
sealed_holdout,13,public-random-213-06762ea988da,random,64,73,53,0,uniform,shifted_hotspot,oracle,none,,0,False,0.31642139932535185,0.31154232424725486,11491664,110,100,446000,381000,0,177635,0.9090909090909091,0.8542600896860987,0.0,25,25,107000,107000,0,32630,1.0,1.0,0.0,85,81,326000,297000,0,138623,0.9529411764705882,0.911042944785276,0.0,110,106,433000,404000,0,171253,0.9636363636363636,0.9330254041570438,0.0
sealed_holdout,13,public-random-213-06762ea988da,random,64,73,53,0,uniform,shifted_hotspot,online,random,N000|N055,120000,False,0.31642139932535185,0.30494923192655143,11611664,110,100,446000,381000,18,177787,0.9090909090909091,0.8542600896860987,0.16363636363636364,25,25,107000,107000,2,32718,1.0,1.0,0.08,85,80,326000,292000,11,137469,0.9411764705882353,0.8957055214723927,0.12941176470588237,110,105,433000,399000,13,170187,0.9545454545454546,0.9214780600461894,0.11818181818181818
sealed_holdout,13,public-random-213-06762ea988da,random,64,73,53,0,uniform,shifted_hotspot,online,failure_aware,N045|N056,120000,False,0.31642139932535185,0.30494923192655143,11611664,110,100,446000,381000,18,177787,0.9090909090909091,0.8542600896860987,0.16363636363636364,25,25,107000,107000,2,32718,1.0,1.0,0.08,85,80,326000,292000,11,137469,0.9411764705882353,0.8957055214723927,0.12941176470588237,110,105,433000,399000,13,170187,0.9545454545454546,0.9214780600461894,0.11818181818181818
sealed_holdout,13,public-random-213-06762ea988da,random,64,73,53,0,polarized,diffuse,public,none,,0,False,0.7161704766685869,0.6930610209281951,11491664,110,81,393000,234000,29,186407,0.7363636363636363,0.5954198473282443,0.2636363636363636,25,16,125000,62000,9,22170,0.64,0.496,0.36,85,62,332000,203000,23,117766,0.7294117647058823,0.6114457831325302,0.27058823529411763,110,78,457000,265000,32,139936,0.7090909090909091,0.5798687089715536,0.2909090909090909
sealed_holdout,13,public-random-213-06762ea988da,random,64,73,53,0,polarized,diffuse,retry,none,,0,False,0.7161704766685869,0.6989229937536955,11491664,110,81,393000,234000,39,186407,0.7363636363636363,0.5954198473282443,0.35454545454545455,25,16,125000,62000,9,22170,0.64,0.496,0.36,85,64,332000,219000,29,123174,0.7529411764705882,0.6596385542168675,0.3411764705882353,110,80,457000,281000,38,145344,0.7272727272727273,0.6148796498905909,0.34545454545454546
sealed_holdout,13,public-random-213-06762ea988da,random,64,73,53,0,polarized,diffuse,online,none,,0,False,0.7161704766685869,0.6924195251647205,11491664,110,82,393000,242000,40,190674,0.7454545454545455,0.6157760814249363,0.36363636363636365,25,16,125000,62000,12,25232,0.64,0.496,0.48,85,63,332000,218000,39,122428,0.7411764705882353,0.6566265060240963,0.4588235294117647,110,79,457000,280000,51,147660,0.7181818181818181,0.612691466083151,0.4636363636363636
sealed_holdout,13,public-random-213-06762ea988da,random,64,73,53,0,polarized,diffuse,oracle,none,,0,False,0.7161704766685869,0.6946078438030278,11491664,110,83,393000,247000,0,190438,0.7545454545454545,0.628498727735369,0.0,25,16,125000,62000,0,22170,0.64,0.496,0.0,85,64,332000,219000,0,123174,0.7529411764705882,0.6596385542168675,0.0,110,80,457000,281000,0,145344,0.7272727272727273,0.6148796498905909,0.0
sealed_holdout,13,public-random-213-06762ea988da,random,64,73,53,0,polarized,diffuse,online,random,N000|N055,120000,False,0.7161704766685869,0.6863984886956004,11611664,110,82,393000,242000,40,190674,0.7454545454545455,0.6157760814249363,0.36363636363636365,25,16,125000,62000,12,25232,0.64,0.496,0.48,85,64,332000,220000,40,125632,0.7529411764705882,0.6626506024096386,0.47058823529411764,110,80,457000,282000,52,150864,0.7272727272727273,0.6170678336980306,0.4727272727272727
sealed_holdout,13,public-random-213-06762ea988da,random,64,73,53,0,polarized,diffuse,online,failure_aware,N056|N059,120000,False,0.7161704766685869,0.6852637598050126,11611664,110,82,393000,242000,40,190674,0.7454545454545455,0.6157760814249363,0.36363636363636365,25,16,125000,62000,12,25232,0.64,0.496,0.48,85,63,332000,218000,42,122428,0.7411764705882353,0.6566265060240963,0.49411764705882355,110,79,457000,280000,54,147660,0.7181818181818181,0.612691466083151,0.4909090909090909
sealed_holdout,13,public-random-213-06762ea988da,random,64,73,53,0,polarized,stationary_hotspot,public,none,,0,False,0.7161704766685869,0.6625456723729044,11491664,110,73,446000,235000,37,138941,0.6636363636363637,0.5269058295964125,0.33636363636363636,25,20,107000,76000,5,28169,0.8,0.7102803738317757,0.2,85,77,326000,284000,8,134169,0.9058823529411765,0.8711656441717791,0.09411764705882353,110,97,433000,360000,13,162338,0.8818181818181818,0.8314087759815243,0.11818181818181818
sealed_holdout,13,public-random-213-06762ea988da,random,64,73,53,0,polarized,stationary_hotspot,retry,none,,0,False,0.7161704766685869,0.6603689882605936,11491664,110,79,446000,252000,65,148380,0.7181818181818181,0.5650224215246636,0.5909090909090909,25,20,107000,76000,15,29169,0.8,0.7102803738317757,0.6,85,77,326000,277000,18,133335,0.9058823529411765,0.8496932515337423,0.21176470588235294,110,97,433000,353000,33,162504,0.8818181818181818,0.815242494226328,0.3
sealed_holdout,13,public-random-213-06762ea988da,random,64,73,53,0,polarized,stationary_hotspot,online,none,,0,False,0.7161704766685869,0.6373846779499929,11491664,110,85,446000,291000,51,160644,0.7727272727272727,0.6524663677130045,0.4636363636363636,25,23,107000,94000,11,34340,0.92,0.8785046728971962,0.44,85,80,326000,295000,14,138823,0.9411764705882353,0.9049079754601227,0.16470588235294117,110,103,433000,389000,25,173163,0.9363636363636364,0.8983833718244804,0.22727272727272727
sealed_holdout,13,public-random-213-06762ea988da,random,64,73,53,0,polarized,stationary_hotspot,oracle,none,,0,False,0.7161704766685869,0.6253998664102578,11491664,110,88,446000,312000,0,166524,0.8,0.6995515695067265,0.0,25,24,107000,102000,0,33300,0.96,0.9532710280373832,0.0,85,80,326000,295000,0,139731,0.9411764705882353,0.9049079754601227,0.0,110,104,433000,397000,0,173031,0.9454545454545454,0.9168591224018475,0.0
sealed_holdout,13,public-random-213-06762ea988da,random,64,73,53,0,polarized,stationary_hotspot,online,random,N000|N055,120000,False,0.7161704766685869,0.6179996973870423,11611664,110,85,446000,291000,51,160644,0.7727272727272727,0.6524663677130045,0.4636363636363636,25,22,107000,89000,12,32325,0.88,0.8317757009345794,0.48,85,80,326000,295000,14,139622,0.9411764705882353,0.9049079754601227,0.16470588235294117,110,102,433000,384000,26,171947,0.9272727272727272,0.8868360277136259,0.23636363636363636
sealed_holdout,13,public-random-213-06762ea988da,random,64,73,53,0,polarized,stationary_hotspot,online,failure_aware,N045|N056,120000,False,0.7161704766685869,0.6179996973870423,11611664,110,85,446000,291000,51,160644,0.7727272727272727,0.6524663677130045,0.4636363636363636,25,22,107000,89000,12,32325,0.88,0.8317757009345794,0.48,85,80,326000,295000,14,139622,0.9411764705882353,0.9049079754601227,0.16470588235294117,110,102,433000,384000,26,171947,0.9272727272727272,0.8868360277136259,0.23636363636363636
sealed_holdout,13,public-random-213-06762ea988da,random,64,73,53,0,polarized,shifted_hotspot,public,none,,0,False,0.7161704766685869,0.6624298887516549,11491664,110,73,446000,235000,37,138941,0.6636363636363637,0.5269058295964125,0.33636363636363636,25,19,107000,71000,6,27164,0.76,0.6635514018691588,0.24,85,73,326000,261000,12,130322,0.8588235294117647,0.8006134969325154,0.1411764705882353,110,92,433000,332000,18,157486,0.8363636363636363,0.766743648960739,0.16363636363636364
sealed_holdout,13,public-random-213-06762ea988da,random,64,73,53,0,polarized,shifted_hotspot,retry,none,,0,False,0.7161704766685869,0.6631412482104146,11491664,110,79,446000,252000,65,148380,0.7181818181818181,0.5650224215246636,0.5909090909090909,25,19,107000,71000,23,27256,0.76,0.6635514018691588,0.92,85,72,326000,256000,33,128312,0.8470588235294118,0.7852760736196319,0.38823529411764707,110,91,433000,327000,56,155568,0.8272727272727273,0.7551963048498845,0.509090909090909
sealed_holdout,13,public-random-213-06762ea988da,random,64,73,53,0,polarized,shifted_hotspot,online,none,,0,False,0.7161704766685869,0.6263822666551859,11491664,110,85,446000,291000,51,160644,0.7727272727272727,0.6524663677130045,0.4636363636363636,25,21,107000,81000,16,31222,0.84,0.7570093457943925,0.64,85,79,326000,287000,19,138560,0.9294117647058824,0.8803680981595092,0.2235294117647059,110,100,433000,368000,35,169782,0.9090909090909091,0.8498845265588915,0.3181818181818182
sealed_holdout,13,public-random-213-06762ea988da,random,64,73,53,0,polarized,shifted_hotspot,oracle,none,,0,False,0.7161704766685869,0.6163389572895244,11491664,110,88,446000,312000,0,166524,0.8,0.6995515695067265,0.0,25,24,107000,102000,0,33215,0.96,0.9532710280373832,0.0,85,80,326000,295000,0,139389,0.9411764705882353,0.9049079754601227,0.0,110,104,433000,397000,0,172604,0.9454545454545454,0.9168591224018475,0.0
sealed_holdout,13,public-random-213-06762ea988da,random,64,73,53,0,polarized,shifted_hotspot,online,random,N000|N055,120000,False,0.7161704766685869,0.6153570171428517,11611664,110,85,446000,291000,51,160644,0.7727272727272727,0.6524663677130045,0.4636363636363636,25,19,107000,71000,20,28202,0.76,0.6635514018691588,0.8,85,78,326000,285000,22,138568,0.9176470588235294,0.8742331288343558,0.25882352941176473,110,97,433000,356000,42,166770,0.8818181818181818,0.8221709006928406,0.38181818181818183
sealed_holdout,13,public-random-213-06762ea988da,random,64,73,53,0,polarized,shifted_hotspot,online,failure_aware,N045|N056,120000,False,0.7161704766685869,0.614580358079371,11611664,110,85,446000,291000,51,160644,0.7727272727272727,0.6524663677130045,0.4636363636363636,25,19,107000,71000,20,28202,0.76,0.6635514018691588,0.8,85,79,326000,287000,21,140576,0.9294117647058824,0.8803680981595092,0.24705882352941178,110,98,433000,358000,41,168778,0.8909090909090909,0.8267898383371824,0.37272727272727274
sealed_holdout,13,public-random-213-06762ea988da,random,64,73,53,1,balanced_band,diffuse,public,none,,0,False,0.045237684028907155,0.0864000995619484,11491664,110,106,483000,457000,4,237751,0.9636363636363636,0.9461697722567288,0.03636363636363636,25,24,115000,107000,1,43470,0.96,0.9304347826086956,0.04,85,78,337000,299000,7,150977,0.9176470588235294,0.887240356083086,0.08235294117647059,110,102,452000,406000,8,194447,0.9272727272727272,0.8982300884955752,0.07272727272727272
sealed_holdout,13,public-random-213-06762ea988da,random,64,73,53,1,balanced_band,diffuse,retry,none,,0,False,0.045237684028907155,0.08601141903021357,11491664,110,106,483000,457000,4,237751,0.9636363636363636,0.9461697722567288,0.03636363636363636,25,24,115000,107000,1,43470,0.96,0.9304347826086956,0.04,85,80,337000,309000,8,153045,0.9411764705882353,0.9169139465875371,0.09411764705882353,110,104,452000,416000,9,196515,0.9454545454545454,0.9203539823008849,0.08181818181818182
sealed_holdout,13,public-random-213-06762ea988da,random,64,73,53,1,balanced_band,diffuse,online,none,,0,False,0.045237684028907155,0.08208112642737717,11491664,110,106,483000,457000,9,237827,0.9636363636363636,0.9461697722567288,0.08181818181818182,25,24,115000,107000,1,43470,0.96,0.9304347826086956,0.04,85,79,337000,301000,8,152097,0.9294117647058824,0.8931750741839762,0.09411764705882353,110,103,452000,408000,9,195567,0.9363636363636364,0.9026548672566371,0.08181818181818182
sealed_holdout,13,public-random-213-06762ea988da,random,64,73,53,1,balanced_band,diffuse,oracle,none,,0,False,0.045237684028907155,0.08601141903021357,11491664,110,106,483000,457000,0,237751,0.9636363636363636,0.9461697722567288,0.0,25,24,115000,107000,0,43470,0.96,0.9304347826086956,0.0,85,80,337000,309000,0,153045,0.9411764705882353,0.9169139465875371,0.0,110,104,452000,416000,0,196515,0.9454545454545454,0.9203539823008849,0.0
sealed_holdout,13,public-random-213-06762ea988da,random,64,73,53,1,balanced_band,diffuse,online,random,N000|N013,120000,False,0.045237684028907155,0.08858390221985835,11611664,110,106,483000,457000,9,237827,0.9636363636363636,0.9461697722567288,0.08181818181818182,25,24,115000,107000,1,43470,0.96,0.9304347826086956,0.04,85,80,337000,309000,7,153115,0.9411764705882353,0.9169139465875371,0.08235294117647059,110,104,452000,416000,8,196585,0.9454545454545454,0.9203539823008849,0.07272727272727272
sealed_holdout,13,public-random-213-06762ea988da,random,64,73,53,1,balanced_band,diffuse,online,failure_aware,N055|N060,120000,False,0.045237684028907155,0.08849659739194608,11611664,110,106,483000,457000,9,237827,0.9636363636363636,0.9461697722567288,0.08181818181818182,25,24,115000,107000,1,43470,0.96,0.9304347826086956,0.04,85,81,337000,311000,7,156319,0.9529411764705882,0.9228486646884273,0.08235294117647059,110,105,452000,418000,8,199789,0.9545454545454546,0.9247787610619469,0.07272727272727272
sealed_holdout,13,public-random-213-06762ea988da,random,64,73,53,1,balanced_band,stationary_hotspot,public,none,,0,False,0.045237684028907155,0.11487670916489552,11491664,110,107,467000,443000,3,202565,0.9727272727272728,0.9486081370449678,0.02727272727272727,25,24,90000,82000,1,34293,0.96,0.9111111111111111,0.04,85,79,287000,261000,6,152021,0.9294117647058824,0.9094076655052264,0.07058823529411765,110,103,377000,343000,7,186314,0.9363636363636364,0.9098143236074271,0.06363636363636363
sealed_holdout,13,public-random-213-06762ea988da,random,64,73,53,1,balanced_band,stationary_hotspot,retry,none,,0,False,0.045237684028907155,0.123525871475271,11491664,110,107,467000,443000,3,202565,0.9727272727272728,0.9486081370449678,0.02727272727272727,25,24,90000,82000,1,34293,0.96,0.9111111111111111,0.04,85,82,287000,275000,11,156109,0.9647058823529412,0.9581881533101045,0.12941176470588237,110,106,377000,357000,12,190402,0.9636363636363636,0.946949602122016,0.10909090909090909
sealed_holdout,13,public-random-213-06762ea988da,random,64,73,53,1,balanced_band,stationary_hotspot,online,none,,0,False,0.045237684028907155,0.12211562388029377,11491664,110,107,467000,443000,3,202581,0.9727272727272728,0.9486081370449678,0.02727272727272727,25,24,90000,82000,1,34293,0.96,0.9111111111111111,0.04,85,80,287000,269000,21,153863,0.9411764705882353,0.9372822299651568,0.24705882352941178,110,104,377000,351000,22,188156,0.9454545454545454,0.9310344827586207,0.2
sealed_holdout,13,public-random-213-06762ea988da,random,64,73,53,1,balanced_band,stationary_hotspot,oracle,none,,0,False,0.045237684028907155,0.12415314983289659,11491664,110,107,467000,443000,0,202565,0.9727272727272728,0.9486081370449678,0.0,25,24,90000,82000,0,34293,0.96,0.9111111111111111,0.0,85,83,287000,277000,0,158153,0.9764705882352941,0.9651567944250871,0.0,110,107,377000,359000,0,192446,0.9727272727272728,0.9522546419098143,0.0
sealed_holdout,13,public-random-213-06762ea988da,random,64,73,53,1,balanced_band,stationary_hotspot,online,random,N000|N013,120000,False,0.045237684028907155,0.12075948556579158,11611664,110,107,467000,443000,3,202581,0.9727272727272728,0.9486081370449678,0.02727272727272727,25,24,90000,82000,1,34293,0.96,0.9111111111111111,0.04,85,80,287000,269000,21,153962,0.9411764705882353,0.9372822299651568,0.24705882352941178,110,104,377000,351000,22,188255,0.9454545454545454,0.9310344827586207,0.2
sealed_holdout,13,public-random-213-06762ea988da,random,64,73,53,1,balanced_band,stationary_hotspot,online,failure_aware,N038|N047,120000,False,0.045237684028907155,0.120853627764523,11611664,110,107,467000,443000,3,202581,0.9727272727272728,0.9486081370449678,0.02727272727272727,25,24,90000,82000,1,34293,0.96,0.9111111111111111,0.04,85,80,287000,269000,21,153863,0.9411764705882353,0.9372822299651568,0.24705882352941178,110,104,377000,351000,22,188156,0.9454545454545454,0.9310344827586207,0.2
sealed_holdout,13,public-random-213-06762ea988da,random,64,73,53,1,balanced_band,shifted_hotspot,public,none,,0,False,0.045237684028907155,0.09542916813908844,11491664,110,107,467000,443000,3,202565,0.9727272727272728,0.9486081370449678,0.02727272727272727,25,24,90000,82000,1,34293,0.96,0.9111111111111111,0.04,85,81,287000,261000,4,153013,0.9529411764705882,0.9094076655052264,0.047058823529411764,110,105,377000,343000,5,187306,0.9545454545454546,0.9098143236074271,0.045454545454545456
sealed_holdout,13,public-random-213-06762ea988da,random,64,73,53,1,balanced_band,shifted_hotspot,retry,none,,0,False,0.045237684028907155,0.09542916813908844,11491664,110,107,467000,443000,3,202565,0.9727272727272728,0.9486081370449678,0.02727272727272727,25,24,90000,82000,1,34293,0.96,0.9111111111111111,0.04,85,81,287000,261000,6,153013,0.9529411764705882,0.9094076655052264,0.07058823529411765,110,105,377000,343000,7,187306,0.9545454545454546,0.9098143236074271,0.06363636363636363
sealed_holdout,13,public-random-213-06762ea988da,random,64,73,53,1,balanced_band,shifted_hotspot,online,none,,0,False,0.045237684028907155,0.09868393310401506,11491664,110,107,467000,443000,3,202581,0.9727272727272728,0.9486081370449678,0.02727272727272727,25,24,90000,82000,1,34293,0.96,0.9111111111111111,0.04,85,81,287000,261000,9,153067,0.9529411764705882,0.9094076655052264,0.10588235294117647,110,105,377000,343000,10,187360,0.9545454545454546,0.9098143236074271,0.09090909090909091
sealed_holdout,13,public-random-213-06762ea988da,random,64,73,53,1,balanced_band,shifted_hotspot,oracle,none,,0,False,0.045237684028907155,0.09542916813908844,11491664,110,107,467000,443000,0,202565,0.9727272727272728,0.9486081370449678,0.0,25,24,90000,82000,0,34293,0.96,0.9111111111111111,0.0,85,81,287000,261000,0,153013,0.9529411764705882,0.9094076655052264,0.0,110,105,377000,343000,0,187306,0.9545454545454546,0.9098143236074271,0.0
sealed_holdout,13,public-random-213-06762ea988da,random,64,73,53,1,balanced_band,shifted_hotspot,online,random,N000|N013,120000,False,0.045237684028907155,0.0972757711547612,11611664,110,107,467000,443000,3,202581,0.9727272727272728,0.9486081370449678,0.02727272727272727,25,24,90000,82000,1,34293,0.96,0.9111111111111111,0.04,85,81,287000,261000,9,153166,0.9529411764705882,0.9094076655052264,0.10588235294117647,110,105,377000,343000,10,187459,0.9545454545454546,0.9098143236074271,0.09090909090909091
sealed_holdout,13,public-random-213-06762ea988da,random,64,73,53,1,balanced_band,shifted_hotspot,online,failure_aware,N038|N047,120000,False,0.045237684028907155,0.09766409030004813,11611664,110,107,467000,443000,3,202581,0.9727272727272728,0.9486081370449678,0.02727272727272727,25,24,90000,82000,1,34293,0.96,0.9111111111111111,0.04,85,81,287000,261000,9,153067,0.9529411764705882,0.9094076655052264,0.10588235294117647,110,105,377000,343000,10,187360,0.9545454545454546,0.9098143236074271,0.09090909090909091
sealed_holdout,13,public-random-213-06762ea988da,random,64,73,53,1,uniform,diffuse,public,none,,0,False,0.26056689989784554,0.28101966809775625,11491664,110,97,483000,404000,13,193646,0.8818181818181818,0.8364389233954451,0.11818181818181818,25,23,115000,99000,2,41774,0.92,0.8608695652173913,0.08,85,73,337000,269000,12,133929,0.8588235294117647,0.798219584569733,0.1411764705882353,110,96,452000,368000,14,175703,0.8727272727272727,0.8141592920353983,0.12727272727272726
sealed_holdout,13,public-random-213-06762ea988da,random,64,73,53,1,uniform,diffuse,retry,none,,0,False,0.26056689989784554,0.2803180809240501,11491664,110,100,483000,418000,23,197050,0.9090909090909091,0.865424430641822,0.20909090909090908,25,23,115000,99000,4,41774,0.92,0.8608695652173913,0.16,85,76,337000,280000,16,137003,0.8941176470588236,0.8308605341246291,0.18823529411764706,110,99,452000,379000,20,178777,0.9,0.838495575221239,0.18181818181818182
sealed_holdout,13,public-random-213-06762ea988da,random,64,73,53,1,uniform,diffuse,online,none,,0,False,0.26056689989784554,0.28376095630725234,11491664,110,100,483000,418000,26,197463,0.9090909090909091,0.865424430641822,0.23636363636363636,25,23,115000,99000,4,41774,0.92,0.8608695652173913,0.16,85,75,337000,272000,17,136051,0.8823529411764706,0.8071216617210683,0.2,110,98,452000,371000,21,177825,0.8909090909090909,0.8207964601769911,0.19090909090909092
sealed_holdout,13,public-random-213-06762ea988da,random,64,73,53,1,uniform,diffuse,oracle,none,,0,False,0.26056689989784554,0.280936716151871,11491664,110,102,483000,431000,0,213571,0.9272727272727272,0.8923395445134575,0.0,25,23,115000,99000,0,41774,0.92,0.8608695652173913,0.0,85,77,337000,276000,0,149991,0.9058823529411765,0.8189910979228486,0.0,110,100,452000,375000,0,191765,0.9090909090909091,0.8296460176991151,0.0
sealed_holdout,13,public-random-213-06762ea988da,random,64,73,53,1,uniform,diffuse,online,random,N000|N013,120000,False,0.26056689989784554,0.28410371271314344,11611664,110,100,483000,418000,26,197463,0.9090909090909091,0.865424430641822,0.23636363636363636,25,23,115000,99000,4,41774,0.92,0.8608695652173913,0.16,85,76,337000,280000,15,137235,0.8941176470588236,0.8308605341246291,0.17647058823529413,110,99,452000,379000,19,179009,0.9,0.838495575221239,0.17272727272727273
sealed_holdout,13,public-random-213-06762ea988da,random,64,73,53,1,uniform,diffuse,online,failure_aware,N052|N061,120000,False,0.26056689989784554,0.28317983624314075,11611664,110,100,483000,418000,26,197463,0.9090909090909091,0.865424430641822,0.23636363636363636,25,23,115000,99000,4,41898,0.92,0.8608695652173913,0.16,85,76,337000,280000,14,137653,0.8941176470588236,0.8308605341246291,0.16470588235294117,110,99,452000,379000,18,179551,0.9,0.838495575221239,0.16363636363636364
sealed_holdout,13,public-random-213-06762ea988da,random,64,73,53,1,uniform,stationary_hotspot,public,none,,0,False,0.26056689989784554,0.3145368478183463,11491664,110,100,467000,400000,10,172402,0.9090909090909091,0.8565310492505354,0.09090909090909091,25,25,90000,90000,0,36309,1.0,1.0,0.0,85,74,287000,227000,11,147861,0.8705882352941177,0.7909407665505227,0.12941176470588237,110,99,377000,317000,11,184170,0.9,0.8408488063660478,0.1
sealed_holdout,13,public-random-213-06762ea988da,random,64,73,53,1,uniform,stationary_hotspot,retry,none,,0,False,0.26056689989784554,0.31685232234269517,11491664,110,102,467000,406000,14,174523,0.9272727272727272,0.8693790149892934,0.12727272727272726,25,25,90000,90000,0,36309,1.0,1.0,0.0,85,76,287000,230000,26,150009,0.8941176470588236,0.8013937282229965,0.3058823529411765,110,101,377000,320000,26,186318,0.9181818181818182,0.8488063660477454,0.23636363636363636
sealed_holdout,13,public-random-213-06762ea988da,random,64,73,53,1,uniform,stationary_hotspot,online,none,,0,False,0.26056689989784554,0.3280528141306362,11491664,110,102,467000,406000,12,174515,0.9272727272727272,0.8693790149892934,0.10909090909090909,25,25,90000,90000,0,36309,1.0,1.0,0.0,85,79,287000,251000,23,157589,0.9294117647058824,0.8745644599303136,0.27058823529411763,110,104,377000,341000,23,193898,0.9454545454545454,0.9045092838196287,0.20909090909090908
sealed_holdout,13,public-random-213-06762ea988da,random,64,73,53,1,uniform,stationary_hotspot,oracle,none,,0,False,0.26056689989784554,0.3269966922909831,11491664,110,103,467000,414000,0,176539,0.9363636363636364,0.8865096359743041,0.0,25,25,90000,90000,0,36309,1.0,1.0,0.0,85,79,287000,251000,0,156471,0.9294117647058824,0.8745644599303136,0.0,110,104,377000,341000,0,192780,0.9454545454545454,0.9045092838196287,0.0
sealed_holdout,13,public-random-213-06762ea988da,random,64,73,53,1,uniform,stationary_hotspot,online,random,N000|N013,120000,False,0.26056689989784554,0.3250792513205687,11611664,110,102,467000,406000,12,174515,0.9272727272727272,0.8693790149892934,0.10909090909090909,25,25,90000,90000,0,36309,1.0,1.0,0.0,85,79,287000,251000,23,157642,0.9294117647058824,0.8745644599303136,0.27058823529411763,110,104,377000,341000,23,193951,0.9454545454545454,0.9045092838196287,0.20909090909090908
sealed_holdout,13,public-random-213-06762ea988da,random,64,73,53,1,uniform,stationary_hotspot,online,failure_aware,N038|N047,120000,False,0.26056689989784554,0.32562133121358,11611664,110,102,467000,406000,12,174515,0.9272727272727272,0.8693790149892934,0.10909090909090909,25,25,90000,90000,0,36309,1.0,1.0,0.0,85,79,287000,251000,22,156481,0.9294117647058824,0.8745644599303136,0.25882352941176473,110,104,377000,341000,22,192790,0.9454545454545454,0.9045092838196287,0.2
sealed_holdout,13,public-random-213-06762ea988da,random,64,73,53,1,uniform,shifted_hotspot,public,none,,0,False,0.26056689989784554,0.29801074825950813,11491664,110,100,467000,400000,10,172402,0.9090909090909091,0.8565310492505354,0.09090909090909091,25,25,90000,90000,0,36309,1.0,1.0,0.0,85,71,287000,234000,14,144867,0.8352941176470589,0.8153310104529616,0.16470588235294117,110,96,377000,324000,14,181176,0.8727272727272727,0.8594164456233422,0.12727272727272726
sealed_holdout,13,public-random-213-06762ea988da,random,64,73,53,1,uniform,shifted_hotspot,retry,none,,0,False,0.26056689989784554,0.300603730566405,11491664,110,102,467000,406000,14,174523,0.9272727272727272,0.8693790149892934,0.12727272727272726,25,25,90000,90000,0,36309,1.0,1.0,0.0,85,78,287000,252000,24,152699,0.9176470588235294,0.8780487804878049,0.2823529411764706,110,103,377000,342000,24,189008,0.9363636363636364,0.9071618037135278,0.21818181818181817
sealed_holdout,13,public-random-213-06762ea988da,random,64,73,53,1,uniform,shifted_hotspot,online,none,,0,False,0.26056689989784554,0.30296599684485154,11491664,110,102,467000,406000,12,174515,0.9272727272727272,0.8693790149892934,0.10909090909090909,25,25,90000,90000,0,36309,1.0,1.0,0.0,85,79,287000,257000,20,154006,0.9294117647058824,0.8954703832752613,0.23529411764705882,110,104,377000,347000,20,190315,0.9454545454545454,0.9204244031830239,0.18181818181818182
sealed_holdout,13,public-random-213-06762ea988da,random,64,73,53,1,uniform,shifted_hotspot,oracle,none,,0,False,0.26056689989784554,0.3035079018714414,11491664,110,103,467000,414000,0,176539,0.9363636363636364,0.8865096359743041,0.0,25,25,90000,90000,0,36309,1.0,1.0,0.0,85,79,287000,257000,0,154714,0.9294117647058824,0.8954703832752613,0.0,110,104,377000,347000,0,191023,0.9454545454545454,0.9204244031830239,0.0
sealed_holdout,13,public-random-213-06762ea988da,random,64,73,53,1,uniform,shifted_hotspot,online,random,N000|N013,120000,False,0.26056689989784554,0.3019345719363233,11611664,110,102,467000,406000,12,174515,0.9272727272727272,0.8693790149892934,0.10909090909090909,25,25,90000,90000,0,36309,1.0,1.0,0.0,85,79,287000,257000,21,156051,0.9294117647058824,0.8954703832752613,0.24705882352941178,110,104,377000,347000,21,192360,0.9454545454545454,0.9204244031830239,0.19090909090909092
sealed_holdout,13,public-random-213-06762ea988da,random,64,73,53,1,uniform,shifted_hotspot,online,failure_aware,N038|N047,120000,False,0.26056689989784554,0.29916923276546226,11611664,110,102,467000,406000,12,174515,0.9272727272727272,0.8693790149892934,0.10909090909090909,25,25,90000,90000,0,36309,1.0,1.0,0.0,85,79,287000,257000,21,154960,0.9294117647058824,0.8954703832752613,0.24705882352941178,110,104,377000,347000,21,191269,0.9454545454545454,0.9204244031830239,0.19090909090909092
sealed_holdout,13,public-random-213-06762ea988da,random,64,73,53,1,polarized,diffuse,public,none,,0,False,0.694412570726373,0.7051565251238698,11491664,110,80,483000,305000,30,145105,0.7272727272727273,0.6314699792960663,0.2727272727272727,25,21,115000,92000,4,39765,0.84,0.8,0.16,85,58,337000,181000,27,112832,0.6823529411764706,0.5370919881305638,0.3176470588235294,110,79,452000,273000,31,152597,0.7181818181818181,0.6039823008849557,0.2818181818181818
sealed_holdout,13,public-random-213-06762ea988da,random,64,73,53,1,polarized,diffuse,retry,none,,0,False,0.694412570726373,0.696918970297463,11491664,110,82,483000,318000,47,149009,0.7454545454545455,0.6583850931677019,0.42727272727272725,25,23,115000,99000,4,41774,0.92,0.8608695652173913,0.16,85,60,337000,190000,47,113814,0.7058823529411765,0.5637982195845698,0.5529411764705883,110,83,452000,289000,51,155588,0.7545454545454545,0.6393805309734514,0.4636363636363636
sealed_holdout,13,public-random-213-06762ea988da,random,64,73,53,1,polarized,diffuse,online,none,,0,False,0.694412570726373,0.6887102994022881,11491664,110,84,483000,331000,47,165793,0.7636363636363637,0.6853002070393375,0.42727272727272725,25,22,115000,94000,7,40769,0.88,0.8173913043478261,0.28,85,63,337000,201000,47,130694,0.7411764705882353,0.5964391691394659,0.5529411764705883,110,85,452000,295000,54,171463,0.7727272727272727,0.6526548672566371,0.4909090909090909
sealed_holdout,13,public-random-213-06762ea988da,random,64,73,53,1,polarized,diffuse,oracle,none,,0,False,0.694412570726373,0.693357032762899,11491664,110,84,483000,332000,0,165540,0.7636363636363637,0.6873706004140787,0.0,25,23,115000,99000,0,42792,0.92,0.8608695652173913,0.0,85,65,337000,228000,0,133383,0.7647058823529411,0.6765578635014837,0.0,110,88,452000,327000,0,176175,0.8,0.7234513274336283,0.0
sealed_holdout,13,public-random-213-06762ea988da,random,64,73,53,1,polarized,diffuse,online,random,N000|N013,120000,False,0.694412570726373,0.6850302593167626,11611664,110,84,483000,331000,47,165793,0.7636363636363637,0.6853002070393375,0.42727272727272725,25,23,115000,99000,6,42784,0.92,0.8608695652173913,0.24,85,67,337000,230000,36,134461,0.788235294117647,0.6824925816023739,0.4235294117647059,110,90,452000,329000,42,177245,0.8181818181818182,0.7278761061946902,0.38181818181818183
sealed_holdout,13,public-random-213-06762ea988da,random,64,73,53,1,polarized,diffuse,online,failure_aware,N055|N060,120000,False,0.694412570726373,0.6807496626023934,11611664,110,84,483000,331000,47,165793,0.7636363636363637,0.6853002070393375,0.42727272727272725,25,22,115000,94000,7,40769,0.88,0.8173913043478261,0.28,85,63,337000,201000,47,128411,0.7411764705882353,0.5964391691394659,0.5529411764705883,110,85,452000,295000,54,169180,0.7727272727272727,0.6526548672566371,0.4909090909090909
sealed_holdout,13,public-random-213-06762ea988da,random,64,73,53,1,polarized,stationary_hotspot,public,none,,0,False,0.694412570726373,0.7012985229256525,11491664,110,79,467000,302000,31,130718,0.7181818181818181,0.6466809421841542,0.2818181818181818,25,15,90000,50000,10,24086,0.6,0.5555555555555556,0.4,85,68,287000,209000,17,138402,0.8,0.7282229965156795,0.2,110,83,377000,259000,27,162488,0.7545454545454545,0.6870026525198939,0.24545454545454545
sealed_holdout,13,public-random-213-06762ea988da,random,64,73,53,1,polarized,stationary_hotspot,retry,none,,0,False,0.694412570726373,0.6995327277813104,11491664,110,84,467000,316000,57,136635,0.7636363636363637,0.6766595289079229,0.5181818181818182,25,16,90000,52000,25,25358,0.64,0.5777777777777777,1.0,85,71,287000,223000,39,144135,0.8352941176470589,0.7770034843205574,0.4588235294117647,110,87,377000,275000,64,169493,0.7909090909090909,0.7294429708222812,0.5818181818181818
sealed_holdout,13,public-random-213-06762ea988da,random,64,73,53,1,polarized,stationary_hotspot,online,none,,0,False,0.694412570726373,0.7014979297424521,11491664,110,84,467000,326000,55,137171,0.7636363636363637,0.6980728051391863,0.5,25,14,90000,50000,29,23256,0.56,0.5555555555555556,1.16,85,71,287000,208000,42,143999,0.8352941176470589,0.7247386759581882,0.49411764705882355,110,85,377000,258000,71,167255,0.7727272727272727,0.6843501326259946,0.6454545454545455
sealed_holdout,13,public-random-213-06762ea988da,random,64,73,53,1,polarized,stationary_hotspot,oracle,none,,0,False,0.694412570726373,0.6949674609672492,11491664,110,91,467000,346000,0,151997,0.8272727272727273,0.7408993576017131,0.0,25,16,90000,53000,0,26301,0.64,0.5888888888888889,0.0,85,72,287000,207000,0,153752,0.8470588235294118,0.7212543554006968,0.0,110,88,377000,260000,0,180053,0.8,0.6896551724137931,0.0
sealed_holdout,13,public-random-213-06762ea988da,random,64,73,53,1,polarized,stationary_hotspot,online,random,N000|N013,120000,False,0.694412570726373,0.6968853227946891,11611664,110,84,467000,326000,55,137171,0.7636363636363637,0.6980728051391863,0.5,25,14,90000,50000,29,23256,0.56,0.5555555555555556,1.16,85,71,287000,208000,42,145981,0.8352941176470589,0.7247386759581882,0.49411764705882355,110,85,377000,258000,71,169237,0.7727272727272727,0.6843501326259946,0.6454545454545455
sealed_holdout,13,public-random-213-06762ea988da,random,64,73,53,1,polarized,stationary_hotspot,online,failure_aware,N033|N045,120000,True,0.694412570726373,0.7040464127175259,11611664,110,84,467000,326000,55,137171,0.7636363636363637,0.6980728051391863,0.5,25,23,90000,77000,3,35154,0.92,0.8555555555555555,0.12,85,77,287000,247000,32,153070,0.9058823529411765,0.8606271777003485,0.3764705882352941,110,100,377000,324000,35,188224,0.9090909090909091,0.8594164456233422,0.3181818181818182
sealed_holdout,13,public-random-213-06762ea988da,random,64,73,53,1,polarized,shifted_hotspot,public,none,,0,False,0.694412570726373,0.7044914679671349,11491664,110,79,467000,302000,31,130718,0.7181818181818181,0.6466809421841542,0.2818181818181818,25,13,90000,41000,12,22077,0.52,0.45555555555555555,0.48,85,57,287000,158000,28,127344,0.6705882352941176,0.5505226480836237,0.32941176470588235,110,70,377000,199000,40,149421,0.6363636363636364,0.5278514588859416,0.36363636363636365
sealed_holdout,13,public-random-213-06762ea988da,random,64,73,53,1,polarized,shifted_hotspot,retry,none,,0,False,0.694412570726373,0.6956704123740479,11491664,110,84,467000,316000,57,136635,0.7636363636363637,0.6766595289079229,0.5181818181818182,25,17,90000,53000,26,26229,0.68,0.5888888888888889,1.04,85,68,287000,200000,64,141450,0.8,0.6968641114982579,0.7529411764705882,110,85,377000,253000,90,167679,0.7727272727272727,0.6710875331564987,0.8181818181818182
sealed_holdout,13,public-random-213-06762ea988da,random,64,73,53,1,polarized,shifted_hotspot,online,none,,0,False,0.694412570726373,0.7036430482701799,11491664,110,84,467000,326000,55,137171,0.7636363636363637,0.6980728051391863,0.5,25,22,90000,72000,10,40340,0.88,0.8,0.4,85,67,287000,191000,70,142170,0.788235294117647,0.6655052264808362,0.8235294117647058,110,89,377000,263000,80,182510,0.8090909090909091,0.6976127320954907,0.7272727272727273
sealed_holdout,13,public-random-213-06762ea988da,random,64,73,53,1,polarized,shifted_hotspot,oracle,none,,0,False,0.694412570726373,0.6969636060198505,11491664,110,91,467000,346000,0,151997,0.8272727272727273,0.7408993576017131,0.0,25,23,90000,77000,0,38471,0.92,0.8555555555555555,0.0,85,76,287000,236000,0,158622,0.8941176470588236,0.8222996515679443,0.0,110,99,377000,313000,0,197093,0.9,0.830238726790451,0.0
sealed_holdout,13,public-random-213-06762ea988da,random,64,73,53,1,polarized,shifted_hotspot,online,random,N000|N013,120000,False,0.694412570726373,0.6995234247445731,11611664,110,84,467000,326000,55,137171,0.7636363636363637,0.6980728051391863,0.5,25,22,90000,72000,11,40340,0.88,0.8,0.44,85,71,287000,205000,49,164619,0.8352941176470589,0.7142857142857143,0.5764705882352941,110,93,377000,277000,60,204959,0.8454545454545455,0.7347480106100795,0.5454545454545454
sealed_holdout,13,public-random-213-06762ea988da,random,64,73,53,1,polarized,shifted_hotspot,online,failure_aware,N033|N045,120000,False,0.694412570726373,0.6923261107059121,11611664,110,84,467000,326000,55,137171,0.7636363636363637,0.6980728051391863,0.5,25,22,90000,72000,10,40340,0.88,0.8,0.4,85,68,287000,196000,67,145360,0.8,0.6829268292682927,0.788235294117647,110,90,377000,268000,77,185700,0.8181818181818182,0.7108753315649867,0.7
sealed_holdout,14,public-periphery-214-902a7b0fcc51,periphery,64,118,37,0,balanced_band,diffuse,public,none,,0,False,0.050552783477555686,0.07053101482689529,17639373,110,109,478000,476000,1,30728211,0.990909090909091,0.99581589958159,0.00909090909090909,25,25,116000,116000,0,10211826,1.0,1.0,0.0,85,74,313000,252000,11,50299013,0.8705882352941177,0.805111821086262,0.12941176470588237,110,99,429000,368000,11,60510839,0.9,0.8578088578088578,0.1
sealed_holdout,14,public-periphery-214-902a7b0fcc51,periphery,64,118,37,0,balanced_band,diffuse,retry,none,,0,False,0.050552783477555686,0.07120707323885234,17639373,110,109,478000,476000,3,30728211,0.990909090909091,0.99581589958159,0.02727272727272727,25,25,116000,116000,0,10211826,1.0,1.0,0.0,85,80,313000,285000,12,50321955,0.9411764705882353,0.9105431309904153,0.1411764705882353,110,105,429000,401000,12,60533781,0.9545454545454546,0.9347319347319347,0.10909090909090909
sealed_holdout,14,public-periphery-214-902a7b0fcc51,periphery,64,118,37,0,balanced_band,diffuse,online,none,,0,False,0.050552783477555686,0.0819280461089735,17639373,110,109,478000,476000,6,30731100,0.990909090909091,0.99581589958159,0.05454545454545454,25,25,116000,116000,2,10213776,1.0,1.0,0.08,85,80,313000,285000,12,50323896,0.9411764705882353,0.9105431309904153,0.1411764705882353,110,105,429000,401000,14,60537672,0.9545454545454546,0.9347319347319347,0.12727272727272726
sealed_holdout,14,public-periphery-214-902a7b0fcc51,periphery,64,118,37,0,balanced_band,diffuse,oracle,none,,0,False,0.050552783477555686,0.07120707323885234,17639373,110,109,478000,476000,0,30728211,0.990909090909091,0.99581589958159,0.0,25,25,116000,116000,0,10211826,1.0,1.0,0.0,85,80,313000,285000,0,50321955,0.9411764705882353,0.9105431309904153,0.0,110,105,429000,401000,0,60533781,0.9545454545454546,0.9347319347319347,0.0
sealed_holdout,14,public-periphery-214-902a7b0fcc51,periphery,64,118,37,0,balanced_band,diffuse,online,random,N017|N044,120000,False,0.050552783477555686,0.07350960188126983,17759373,110,109,478000,476000,6,30731100,0.990909090909091,0.99581589958159,0.05454545454545454,25,25,116000,116000,2,10214346,1.0,1.0,0.08,85,80,313000,285000,15,50325956,0.9411764705882353,0.9105431309904153,0.17647058823529413,110,105,429000,401000,17,60540302,0.9545454545454546,0.9347319347319347,0.15454545454545454
sealed_holdout,14,public-periphery-214-902a7b0fcc51,periphery,64,118,37,0,balanced_band,diffuse,online,failure_aware,N036|N046,120000,False,0.050552783477555686,0.07350960188126983,17759373,110,109,478000,476000,6,30731100,0.990909090909091,0.99581589958159,0.05454545454545454,25,25,116000,116000,2,10214346,1.0,1.0,0.08,85,80,313000,285000,17,50325956,0.9411764705882353,0.9105431309904153,0.2,110,105,429000,401000,19,60540302,0.9545454545454546,0.9347319347319347,0.17272727272727273
sealed_holdout,14,public-periphery-214-902a7b0fcc51,periphery,64,118,37,0,balanced_band,stationary_hotspot,public,none,,0,False,0.050552783477555686,0.08024897058497629,17639373,110,109,440000,432000,1,20378465,0.990909090909091,0.9818181818181818,0.00909090909090909,25,24,93000,88000,1,10029832,0.96,0.946236559139785,0.04,85,73,311000,246000,12,10147758,0.8588235294117647,0.7909967845659164,0.1411764705882353,110,97,404000,334000,13,20177590,0.8818181818181818,0.8267326732673267,0.11818181818181818
sealed_holdout,14,public-periphery-214-902a7b0fcc51,periphery,64,118,37,0,balanced_band,stationary_hotspot,retry,none,,0,False,0.050552783477555686,0.09314913629296427,17639373,110,109,440000,432000,1,20378465,0.990909090909091,0.9818181818181818,0.00909090909090909,25,25,93000,93000,1,10034982,1.0,1.0,0.04,85,84,311000,306000,20,20219443,0.9882352941176471,0.9839228295819936,0.23529411764705882,110,109,404000,399000,21,30254425,0.990909090909091,0.9876237623762376,0.19090909090909092
sealed_holdout,14,public-periphery-214-902a7b0fcc51,periphery,64,118,37,0,balanced_band,stationary_hotspot,online,none,,0,False,0.050552783477555686,0.09409199348915902,17639373,110,109,440000,432000,3,20381149,0.990909090909091,0.9818181818181818,0.02727272727272727,25,25,93000,93000,1,10034982,1.0,1.0,0.04,85,84,311000,306000,22,20220266,0.9882352941176471,0.9839228295819936,0.25882352941176473,110,109,404000,399000,23,30255248,0.990909090909091,0.9876237623762376,0.20909090909090908
sealed_holdout,14,public-periphery-214-902a7b0fcc51,periphery,64,118,37,0,balanced_band,stationary_hotspot,oracle,none,,0,False,0.050552783477555686,0.09314913629296427,17639373,110,109,440000,432000,0,20378465,0.990909090909091,0.9818181818181818,0.0,25,25,93000,93000,0,10034982,1.0,1.0,0.0,85,84,311000,306000,0,20219443,0.9882352941176471,0.9839228295819936,0.0,110,109,404000,399000,0,30254425,0.990909090909091,0.9876237623762376,0.0
sealed_holdout,14,public-periphery-214-902a7b0fcc51,periphery,64,118,37,0,balanced_band,stationary_hotspot,online,random,N017|N044,120000,False,0.050552783477555686,0.09320791657718053,17759373,110,109,440000,432000,3,20381149,0.990909090909091,0.9818181818181818,0.02727272727272727,25,25,93000,93000,1,10034982,1.0,1.0,0.04,85,84,311000,306000,20,20220018,0.9882352941176471,0.9839228295819936,0.23529411764705882,110,109,404000,399000,21,30255000,0.990909090909091,0.9876237623762376,0.19090909090909092
sealed_holdout,14,public-periphery-214-902a7b0fcc51,periphery,64,118,37,0,balanced_band,stationary_hotspot,online,failure_aware,N022|N023,120000,False,0.050552783477555686,0.09320791657718053,17759373,110,109,440000,432000,3,20381149,0.990909090909091,0.9818181818181818,0.02727272727272727,25,25,93000,93000,1,10034982,1.0,1.0,0.04,85,84,311000,306000,20,20220018,0.9882352941176471,0.9839228295819936,0.23529411764705882,110,109,404000,399000,21,30255000,0.990909090909091,0.9876237623762376,0.19090909090909092
sealed_holdout,14,public-periphery-214-902a7b0fcc51,periphery,64,118,37,0,balanced_band,shifted_hotspot,public,none,,0,False,0.050552783477555686,0.08354686475275097,17639373,110,109,440000,432000,1,20378465,0.990909090909091,0.9818181818181818,0.00909090909090909,25,25,93000,93000,0,10053892,1.0,1.0,0.0,85,74,311000,259000,11,20184439,0.8705882352941177,0.8327974276527331,0.12941176470588237,110,99,404000,352000,11,30238331,0.9,0.8712871287128713,0.1
sealed_holdout,14,public-periphery-214-902a7b0fcc51,periphery,64,118,37,0,balanced_band,shifted_hotspot,retry,none,,0,False,0.050552783477555686,0.08354686475275097,17639373,110,109,440000,432000,1,20378465,0.990909090909091,0.9818181818181818,0.00909090909090909,25,25,93000,93000,0,10053892,1.0,1.0,0.0,85,74,311000,259000,31,20184439,0.8705882352941177,0.8327974276527331,0.36470588235294116,110,99,404000,352000,31,30238331,0.9,0.8712871287128713,0.2818181818181818
sealed_holdout,14,public-periphery-214-902a7b0fcc51,periphery,64,118,37,0,balanced_band,shifted_hotspot,online,none,,0,False,0.050552783477555686,0.08422917366060063,17639373,110,109,440000,432000,3,20381149,0.990909090909091,0.9818181818181818,0.02727272727272727,25,25,93000,93000,0,10053892,1.0,1.0,0.0,85,74,311000,259000,32,20187112,0.8705882352941177,0.8327974276527331,0.3764705882352941,110,99,404000,352000,32,30241004,0.9,0.8712871287128713,0.2909090909090909
sealed_holdout,14,public-periphery-214-902a7b0fcc51,periphery,64,118,37,0,balanced_band,shifted_hotspot,oracle,none,,0,False,0.050552783477555686,0.08354686475275097,17639373,110,109,440000,432000,0,20378465,0.990909090909091,0.9818181818181818,0.0,25,25,93000,93000,0,10053892,1.0,1.0,0.0,85,74,311000,259000,0,20184439,0.8705882352941177,0.8327974276527331,0.0,110,99,404000,352000,0,30238331,0.9,0.8712871287128713,0.0
sealed_holdout,14,public-periphery-214-902a7b0fcc51,periphery,64,118,37,0,balanced_band,shifted_hotspot,online,random,N017|N044,120000,False,0.050552783477555686,0.08234444914778673,17759373,110,109,440000,432000,3,20381149,0.990909090909091,0.9818181818181818,0.02727272727272727,25,25,93000,93000,0,10053892,1.0,1.0,0.0,85,74,311000,259000,31,20186612,0.8705882352941177,0.8327974276527331,0.36470588235294116,110,99,404000,352000,31,30240504,0.9,0.8712871287128713,0.2818181818181818
sealed_holdout,14,public-periphery-214-902a7b0fcc51,periphery,64,118,37,0,balanced_band,shifted_hotspot,online,failure_aware,N022|N023,120000,False,0.050552783477555686,0.08234444914778673,17759373,110,109,440000,432000,3,20381149,0.990909090909091,0.9818181818181818,0.02727272727272727,25,25,93000,93000,0,10053892,1.0,1.0,0.0,85,74,311000,259000,31,20186612,0.8705882352941177,0.8327974276527331,0.36470588235294116,110,99,404000,352000,31,30240504,0.9,0.8712871287128713,0.2818181818181818
sealed_holdout,14,public-periphery-214-902a7b0fcc51,periphery,64,118,37,0,uniform,diffuse,public,none,,0,False,0.29118526165894726,0.2908641006085142,17639373,110,105,478000,444000,5,30703748,0.9545454545454546,0.9288702928870293,0.045454545454545456,25,21,116000,87000,4,10194470,0.84,0.75,0.16,85,74,313000,247000,11,40336685,0.8705882352941177,0.7891373801916933,0.12941176470588237,110,95,429000,334000,15,50531155,0.8636363636363636,0.7785547785547785,0.13636363636363635
sealed_holdout,14,public-periphery-214-902a7b0fcc51,periphery,64,118,37,0,uniform,diffuse,retry,none,,0,False,0.29118526165894726,0.2934952875498614,17639373,110,107,478000,457000,9,30710223,0.9727272727272728,0.9560669456066946,0.08181818181818182,25,23,116000,100000,7,10207727,0.92,0.8620689655172413,0.28,85,81,313000,284000,14,50357512,0.9529411764705882,0.9073482428115016,0.16470588235294117,110,104,429000,384000,21,60565239,0.9454545454545454,0.8951048951048951,0.19090909090909092
sealed_holdout,14,public-periphery-214-902a7b0fcc51,periphery,64,118,37,0,uniform,diffuse,online,none,,0,False,0.29118526165894726,0.28525917053223415,17639373,110,107,478000,457000,13,30710868,0.9727272727272728,0.9560669456066946,0.11818181818181818,25,23,116000,100000,8,10207727,0.92,0.8620689655172413,0.32,85,80,313000,279000,16,50360252,0.9411764705882353,0.8913738019169329,0.18823529411764706,110,103,429000,379000,24,60567979,0.9363636363636364,0.8834498834498834,0.21818181818181817
sealed_holdout,14,public-periphery-214-902a7b0fcc51,periphery,64,118,37,0,uniform,diffuse,oracle,none,,0,False,0.29118526165894726,0.2912391789870705,17639373,110,107,478000,457000,0,30710223,0.9727272727272728,0.9560669456066946,0.0,25,24,116000,108000,0,10215644,0.96,0.9310344827586207,0.0,85,81,313000,284000,0,50357512,0.9529411764705882,0.9073482428115016,0.0,110,105,429000,392000,0,60573156,0.9545454545454546,0.9137529137529138,0.0
sealed_holdout,14,public-periphery-214-902a7b0fcc51,periphery,64,118,37,0,uniform,diffuse,online,random,N017|N044,120000,False,0.29118526165894726,0.2835880497447724,17759373,110,107,478000,457000,13,30710868,0.9727272727272728,0.9560669456066946,0.11818181818181818,25,23,116000,100000,9,10207977,0.92,0.8620689655172413,0.36,85,80,313000,279000,16,50360219,0.9411764705882353,0.8913738019169329,0.18823529411764706,110,103,429000,379000,25,60568196,0.9363636363636364,0.8834498834498834,0.22727272727272727
sealed_holdout,14,public-periphery-214-902a7b0fcc51,periphery,64,118,37,0,uniform,diffuse,online,failure_aware,N032|N054,120000,False,0.29118526165894726,0.2835880497447724,17759373,110,107,478000,457000,13,30710868,0.9727272727272728,0.9560669456066946,0.11818181818181818,25,23,116000,100000,9,10207977,0.92,0.8620689655172413,0.36,85,80,313000,279000,16,50360219,0.9411764705882353,0.8913738019169329,0.18823529411764706,110,103,429000,379000,25,60568196,0.9363636363636364,0.8834498834498834,0.22727272727272727
sealed_holdout,14,public-periphery-214-902a7b0fcc51,periphery,64,118,37,0,uniform,stationary_hotspot,public,none,,0,False,0.29118526165894726,0.30487271868027793,17639373,110,105,440000,406000,5,20369279,0.9545454545454546,0.9227272727272727,0.045454545454545456,25,25,93000,93000,0,10030987,1.0,1.0,0.0,85,71,311000,238000,14,10139671,0.8352941176470589,0.7652733118971061,0.16470588235294117,110,96,404000,331000,14,20170658,0.8727272727272727,0.8193069306930693,0.12727272727272726
sealed_holdout,14,public-periphery-214-902a7b0fcc51,periphery,64,118,37,0,uniform,stationary_hotspot,retry,none,,0,False,0.29118526165894726,0.3064127536154901,17639373,110,106,440000,414000,7,20378942,0.9636363636363636,0.9409090909090909,0.06363636363636363,25,25,93000,93000,0,10030987,1.0,1.0,0.0,85,81,311000,288000,29,20213256,0.9529411764705882,0.9260450160771704,0.3411764705882353,110,106,404000,381000,29,30244243,0.9636363636363636,0.943069306930693,0.2636363636363636
sealed_holdout,14,public-periphery-214-902a7b0fcc51,periphery,64,118,37,0,uniform,stationary_hotspot,online,none,,0,False,0.29118526165894726,0.298488635609386,17639373,110,106,440000,414000,7,20380818,0.9636363636363636,0.9409090909090909,0.06363636363636363,25,25,93000,93000,0,10030987,1.0,1.0,0.0,85,82,311000,296000,27,20218191,0.9647058823529412,0.9517684887459807,0.3176470588235294,110,107,404000,389000,27,30249178,0.9727272727272728,0.9628712871287128,0.24545454545454545
sealed_holdout,14,public-periphery-214-902a7b0fcc51,periphery,64,118,37,0,uniform,stationary_hotspot,oracle,none,,0,False,0.29118526165894726,0.30660303350244955,17639373,110,106,440000,414000,0,20378942,0.9636363636363636,0.9409090909090909,0.0,25,25,93000,93000,0,10030987,1.0,1.0,0.0,85,82,311000,296000,0,20215516,0.9647058823529412,0.9517684887459807,0.0,110,107,404000,389000,0,30246503,0.9727272727272728,0.9628712871287128,0.0
sealed_holdout,14,public-periphery-214-902a7b0fcc51,periphery,64,118,37,0,uniform,stationary_hotspot,online,random,N017|N044,120000,False,0.29118526165894726,0.2971777872721134,17759373,110,106,440000,414000,7,20380818,0.9636363636363636,0.9409090909090909,0.06363636363636363,25,25,93000,93000,0,10030987,1.0,1.0,0.0,85,82,311000,296000,27,20217461,0.9647058823529412,0.9517684887459807,0.3176470588235294,110,107,404000,389000,27,30248448,0.9727272727272728,0.9628712871287128,0.24545454545454545
sealed_holdout,14,public-periphery-214-902a7b0fcc51,periphery,64,118,37,0,uniform,stationary_hotspot,online,failure_aware,N022|N023,120000,False,0.29118526165894726,0.2971777872721134,17759373,110,106,440000,414000,7,20380818,0.9636363636363636,0.9409090909090909,0.06363636363636363,25,25,93000,93000,0,10030987,1.0,1.0,0.0,85,82,311000,296000,27,20217461,0.9647058823529412,0.9517684887459807,0.3176470588235294,110,107,404000,389000,27,30248448,0.9727272727272728,0.9628712871287128,0.24545454545454545
sealed_holdout,14,public-periphery-214-902a7b0fcc51,periphery,64,118,37,0,uniform,shifted_hotspot,public,none,,0,False,0.29118526165894726,0.3055981876305894,17639373,110,105,440000,406000,5,20369279,0.9545454545454546,0.9227272727272727,0.045454545454545456,25,25,93000,93000,0,10053892,1.0,1.0,0.0,85,72,311000,237000,13,20172111,0.8470588235294118,0.7620578778135049,0.15294117647058825,110,97,404000,330000,13,30226003,0.8818181818181818,0.8168316831683168,0.11818181818181818
sealed_holdout,14,public-periphery-214-902a7b0fcc51,periphery,64,118,37,0,uniform,shifted_hotspot,retry,none,,0,False,0.29118526165894726,0.3062601731818057,17639373,110,106,440000,414000,7,20378942,0.9636363636363636,0.9409090909090909,0.06363636363636363,25,25,93000,93000,0,10053892,1.0,1.0,0.0,85,69,311000,243000,48,20182223,0.8117647058823529,0.7813504823151125,0.5647058823529412,110,94,404000,336000,48,30236115,0.8545454545454545,0.8316831683168316,0.43636363636363634
sealed_holdout,14,public-periphery-214-902a7b0fcc51,periphery,64,118,37,0,uniform,shifted_hotspot,online,none,,0,False,0.29118526165894726,0.29651036466973496,17639373,110,106,440000,414000,7,20380818,0.9636363636363636,0.9409090909090909,0.06363636363636363,25,25,93000,93000,0,10053892,1.0,1.0,0.0,85,68,311000,238000,53,20178638,0.8,0.7652733118971061,0.6235294117647059,110,93,404000,331000,53,30232530,0.8454545454545455,0.8193069306930693,0.4818181818181818
sealed_holdout,14,public-periphery-214-902a7b0fcc51,periphery,64,118,37,0,uniform,shifted_hotspot,oracle,none,,0,False,0.29118526165894726,0.3062601731818057,17639373,110,106,440000,414000,0,20378942,0.9636363636363636,0.9409090909090909,0.0,25,25,93000,93000,0,10053892,1.0,1.0,0.0,85,69,311000,243000,0,20182223,0.8117647058823529,0.7813504823151125,0.0,110,94,404000,336000,0,30236115,0.8545454545454545,0.8316831683168316,0.0
sealed_holdout,14,public-periphery-214-902a7b0fcc51,periphery,64,118,37,0,uniform,shifted_hotspot,online,random,N017|N044,120000,False,0.29118526165894726,0.294058121178081,17759373,110,106,440000,414000,7,20380818,0.9636363636363636,0.9409090909090909,0.06363636363636363,25,25,93000,93000,0,10053892,1.0,1.0,0.0,85,68,311000,238000,56,20179920,0.8,0.7652733118971061,0.6588235294117647,110,93,404000,331000,56,30233812,0.8454545454545455,0.8193069306930693,0.509090909090909
sealed_holdout,14,public-periphery-214-902a7b0fcc51,periphery,64,118,37,0,uniform,shifted_hotspot,online,failure_aware,N022|N023,120000,False,0.29118526165894726,0.294058121178081,17759373,110,106,440000,414000,7,20380818,0.9636363636363636,0.9409090909090909,0.06363636363636363,25,25,93000,93000,0,10053892,1.0,1.0,0.0,85,68,311000,238000,56,20179920,0.8,0.7652733118971061,0.6588235294117647,110,93,404000,331000,56,30233812,0.8454545454545455,0.8193069306930693,0.509090909090909
sealed_holdout,14,public-periphery-214-902a7b0fcc51,periphery,64,118,37,0,polarized,diffuse,public,none,,0,False,0.7059276681439391,0.6696742808510929,17639373,110,89,478000,349000,21,30654638,0.8090909090909091,0.7301255230125523,0.19090909090909092,25,17,116000,70000,8,10189612,0.68,0.603448275862069,0.32,85,71,313000,234000,14,50324969,0.8352941176470589,0.7476038338658147,0.16470588235294117,110,88,429000,304000,22,60514581,0.8,0.7086247086247086,0.2
sealed_holdout,14,public-periphery-214-902a7b0fcc51,periphery,64,118,37,0,polarized,diffuse,retry,none,,0,False,0.7059276681439391,0.6686936169027242,17639373,110,101,478000,415000,26,30691342,0.9181818181818182,0.8682008368200836,0.23636363636363636,25,22,116000,95000,13,10206782,0.88,0.8189655172413793,0.52,85,75,313000,245000,29,50342651,0.8823529411764706,0.7827476038338658,0.3411764705882353,110,97,429000,340000,42,60549433,0.8818181818181818,0.7925407925407926,0.38181818181818183
sealed_holdout,14,public-periphery-214-902a7b0fcc51,periphery,64,118,37,0,polarized,diffuse,online,none,,0,False,0.7059276681439391,0.6581377560613512,17639373,110,101,478000,415000,29,30695949,0.9181818181818182,0.8682008368200836,0.2636363636363636,25,22,116000,98000,10,10206879,0.88,0.8448275862068966,0.4,85,75,313000,245000,27,50343647,0.8823529411764706,0.7827476038338658,0.3176470588235294,110,97,429000,343000,37,60550526,0.8818181818181818,0.7995337995337995,0.33636363636363636
sealed_holdout,14,public-periphery-214-902a7b0fcc51,periphery,64,118,37,0,polarized,diffuse,oracle,none,,0,False,0.7059276681439391,0.6658448252418623,17639373,110,101,478000,415000,0,30691342,0.9181818181818182,0.8682008368200836,0.0,25,23,116000,103000,0,10214699,0.92,0.8879310344827587,0.0,85,75,313000,245000,0,50342651,0.8823529411764706,0.7827476038338658,0.0,110,98,429000,348000,0,60557350,0.8909090909090909,0.8111888111888111,0.0
sealed_holdout,14,public-periphery-214-902a7b0fcc51,periphery,64,118,37,0,polarized,diffuse,online,random,N017|N044,120000,False,0.7059276681439391,0.657697921740735,17759373,110,101,478000,415000,29,30695949,0.9181818181818182,0.8682008368200836,0.2636363636363636,25,22,116000,98000,10,10206879,0.88,0.8448275862068966,0.4,85,75,313000,245000,27,50342865,0.8823529411764706,0.7827476038338658,0.3176470588235294,110,97,429000,343000,37,60549744,0.8818181818181818,0.7995337995337995,0.33636363636363636
sealed_holdout,14,public-periphery-214-902a7b0fcc51,periphery,64,118,37,0,polarized,diffuse,online,failure_aware,N050|N058,120000,False,0.7059276681439391,0.655027418915516,17759373,110,101,478000,415000,29,30695949,0.9181818181818182,0.8682008368200836,0.2636363636363636,25,23,116000,106000,10,10212511,0.92,0.9137931034482759,0.4,85,73,313000,232000,32,50338008,0.8588235294117647,0.7412140575079872,0.3764705882352941,110,96,429000,338000,42,60550519,0.8727272727272727,0.7878787878787878,0.38181818181818183
sealed_holdout,14,public-periphery-214-902a7b0fcc51,periphery,64,118,37,0,polarized,stationary_hotspot,public,none,,0,False,0.7059276681439391,0.6790867712672938,17639373,110,96,440000,355000,14,10305541,0.8727272727272727,0.8068181818181818,0.12727272727272726,25,21,93000,82000,4,10024631,0.84,0.8817204301075269,0.16,85,68,311000,227000,17,20107829,0.8,0.729903536977492,0.2,110,89,404000,309000,21,30132460,0.8090909090909091,0.7648514851485149,0.19090909090909092
sealed_holdout,14,public-periphery-214-902a7b0fcc51,periphery,64,118,37,0,polarized,stationary_hotspot,retry,none,,0,False,0.7059276681439391,0.6704885017249592,17639373,110,99,440000,370000,26,20314288,0.9,0.8409090909090909,0.23636363636363636,25,22,93000,84000,8,10026517,0.88,0.9032258064516129,0.32,85,75,311000,255000,33,20141675,0.8823529411764706,0.819935691318328,0.38823529411764707,110,97,404000,339000,41,30168192,0.8818181818181818,0.8391089108910891,0.37272727272727274
sealed_holdout,14,public-periphery-214-902a7b0fcc51,periphery,64,118,37,0,polarized,stationary_hotspot,online,none,,0,False,0.7059276681439391,0.6726525922363019,17639373,110,97,440000,357000,29,20306830,0.8818181818181818,0.8113636363636364,0.2636363636363636,25,22,93000,84000,8,10026517,0.88,0.9032258064516129,0.32,85,74,311000,250000,32,20139780,0.8705882352941177,0.8038585209003215,0.3764705882352941,110,96,404000,334000,40,30166297,0.8727272727272727,0.8267326732673267,0.36363636363636365
sealed_holdout,14,public-periphery-214-902a7b0fcc51,periphery,64,118,37,0,polarized,stationary_hotspot,oracle,none,,0,False,0.7059276681439391,0.6704885017249592,17639373,110,99,440000,370000,0,20314288,0.9,0.8409090909090909,0.0,25,22,93000,84000,0,10026517,0.88,0.9032258064516129,0.0,85,75,311000,255000,0,20141675,0.8823529411764706,0.819935691318328,0.0,110,97,404000,339000,0,30168192,0.8818181818181818,0.8391089108910891,0.0
sealed_holdout,14,public-periphery-214-902a7b0fcc51,periphery,64,118,37,0,polarized,stationary_hotspot,online,random,N017|N044,120000,False,0.7059276681439391,0.6669511123941642,17759373,110,97,440000,357000,29,20306830,0.8818181818181818,0.8113636363636364,0.2636363636363636,25,22,93000,84000,8,10026517,0.88,0.9032258064516129,0.32,85,74,311000,250000,31,20139505,0.8705882352941177,0.8038585209003215,0.36470588235294116,110,96,404000,334000,39,30166022,0.8727272727272727,0.8267326732673267,0.35454545454545455
sealed_holdout,14,public-periphery-214-902a7b0fcc51,periphery,64,118,37,0,polarized,stationary_hotspot,online,failure_aware,N035|N049,120000,False,0.7059276681439391,0.6672080661387828,17759373,110,97,440000,357000,29,20306830,0.8818181818181818,0.8113636363636364,0.2636363636363636,25,22,93000,84000,8,10026517,0.88,0.9032258064516129,0.32,85,74,311000,250000,30,20136713,0.8705882352941177,0.8038585209003215,0.35294117647058826,110,96,404000,334000,38,30163230,0.8727272727272727,0.8267326732673267,0.34545454545454546
sealed_holdout,14,public-periphery-214-902a7b0fcc51,periphery,64,118,37,0,polarized,shifted_hotspot,public,none,,0,False,0.7059276681439391,0.6703964148956965,17639373,110,96,440000,355000,14,10305541,0.8727272727272727,0.8068181818181818,0.12727272727272726,25,18,93000,67000,7,10036167,0.72,0.7204301075268817,0.28,85,57,311000,173000,28,20127799,0.6705882352941176,0.5562700964630225,0.32941176470588235,110,75,404000,240000,35,30163966,0.6818181818181818,0.594059405940594,0.3181818181818182
sealed_holdout,14,public-periphery-214-902a7b0fcc51,periphery,64,118,37,0,polarized,shifted_hotspot,retry,none,,0,False,0.7059276681439391,0.6642466573702157,17639373,110,99,440000,370000,26,20314288,0.9,0.8409090909090909,0.23636363636363636,25,20,93000,77000,16,10049018,0.8,0.8279569892473119,0.64,85,61,311000,195000,72,20157086,0.7176470588235294,0.6270096463022508,0.8470588235294118,110,81,404000,272000,88,30206104,0.7363636363636363,0.6732673267326733,0.8
sealed_holdout,14,public-periphery-214-902a7b0fcc51,periphery,64,118,37,0,polarized,shifted_hotspot,online,none,,0,False,0.7059276681439391,0.6659364191231697,17639373,110,97,440000,357000,29,20306830,0.8818181818181818,0.8113636363636364,0.2636363636363636,25,21,93000,76000,14,10047490,0.84,0.8172043010752689,0.56,85,61,311000,191000,74,20156940,0.7176470588235294,0.6141479099678456,0.8705882352941177,110,82,404000,267000,88,30204430,0.7454545454545455,0.6608910891089109,0.8
sealed_holdout,14,public-periphery-214-902a7b0fcc51,periphery,64,118,37,0,polarized,shifted_hotspot,oracle,none,,0,False,0.7059276681439391,0.6616643177715252,17639373,110,99,440000,370000,0,20314288,0.9,0.8409090909090909,0.0,25,21,93000,76000,0,10047390,0.84,0.8172043010752689,0.0,85,62,311000,196000,0,20157961,0.7294117647058823,0.6302250803858521,0.0,110,83,404000,272000,0,30205351,0.7545454545454545,0.6732673267326733,0.0
sealed_holdout,14,public-periphery-214-902a7b0fcc51,periphery,64,118,37,0,polarized,shifted_hotspot,online,random,N017|N044,120000,False,0.7059276681439391,0.6564718348217632,17759373,110,97,440000,357000,29,20306830,0.8818181818181818,0.8113636363636364,0.2636363636363636,25,21,93000,76000,14,10047490,0.84,0.8172043010752689,0.56,85,61,311000,191000,72,20157029,0.7176470588235294,0.6141479099678456,0.8470588235294118,110,82,404000,267000,86,30204519,0.7454545454545455,0.6608910891089109,0.7818181818181819
sealed_holdout,14,public-periphery-214-902a7b0fcc51,periphery,64,118,37,0,polarized,shifted_hotspot,online,failure_aware,N035|N049,120000,False,0.7059276681439391,0.6548460753473428,17759373,110,97,440000,357000,29,20306830,0.8818181818181818,0.8113636363636364,0.2636363636363636,25,21,93000,76000,14,10047490,0.84,0.8172043010752689,0.56,85,61,311000,191000,71,20154237,0.7176470588235294,0.6141479099678456,0.8352941176470589,110,82,404000,267000,85,30201727,0.7454545454545455,0.6608910891089109,0.7727272727272727
sealed_holdout,14,public-periphery-214-902a7b0fcc51,periphery,64,118,37,1,balanced_band,diffuse,public,none,,0,False,0.053308992342493026,0.08722669858093111,17639373,110,104,469000,427000,6,30431396,0.9454545454545454,0.9104477611940298,0.05454545454545454,25,24,121000,113000,1,20203213,0.96,0.9338842975206612,0.04,85,79,325000,298000,6,30451133,0.9294117647058824,0.916923076923077,0.07058823529411765,110,103,446000,411000,7,50654346,0.9363636363636364,0.92152466367713,0.06363636363636363
sealed_holdout,14,public-periphery-214-902a7b0fcc51,periphery,64,118,37,1,balanced_band,diffuse,retry,none,,0,False,0.053308992342493026,0.08657209935097374,17639373,110,108,469000,456000,11,30457723,0.9818181818181818,0.9722814498933902,0.1,25,24,121000,113000,1,20203213,0.96,0.9338842975206612,0.04,85,80,325000,306000,7,30455713,0.9411764705882353,0.9415384615384615,0.08235294117647059,110,104,446000,419000,8,50658926,0.9454545454545454,0.9394618834080718,0.07272727272727272
sealed_holdout,14,public-periphery-214-902a7b0fcc51,periphery,64,118,37,1,balanced_band,diffuse,online,none,,0,False,0.053308992342493026,0.08782141520698368,17639373,110,107,469000,451000,14,30456177,0.9727272727272728,0.9616204690831557,0.12727272727272726,25,24,121000,113000,1,20203213,0.96,0.9338842975206612,0.04,85,80,325000,306000,7,30456865,0.9411764705882353,0.9415384615384615,0.08235294117647059,110,104,446000,419000,8,50660078,0.9454545454545454,0.9394618834080718,0.07272727272727272
sealed_holdout,14,public-periphery-214-902a7b0fcc51,periphery,64,118,37,1,balanced_band,diffuse,oracle,none,,0,False,0.053308992342493026,0.08657209935097374,17639373,110,108,469000,456000,0,30457723,0.9818181818181818,0.9722814498933902,0.0,25,24,121000,113000,0,20203213,0.96,0.9338842975206612,0.0,85,80,325000,306000,0,30455713,0.9411764705882353,0.9415384615384615,0.0,110,104,446000,419000,0,50658926,0.9454545454545454,0.9394618834080718,0.0
sealed_holdout,14,public-periphery-214-902a7b0fcc51,periphery,64,118,37,1,balanced_band,diffuse,online,random,N025|N028,120000,False,0.053308992342493026,0.08775002596921348,17759373,110,107,469000,451000,14,30456177,0.9727272727272728,0.9616204690831557,0.12727272727272726,25,24,121000,113000,1,20203213,0.96,0.9338842975206612,0.04,85,80,325000,306000,7,30458517,0.9411764705882353,0.9415384615384615,0.08235294117647059,110,104,446000,419000,8,50661730,0.9454545454545454,0.9394618834080718,0.07272727272727272
sealed_holdout,14,public-periphery-214-902a7b0fcc51,periphery,64,118,37,1,balanced_band,diffuse,online,failure_aware,N038|N051,120000,False,0.053308992342493026,0.0898168031576345,17759373,110,107,469000,451000,14,30456177,0.9727272727272728,0.9616204690831557,0.12727272727272726,25,24,121000,113000,1,20203213,0.96,0.9338842975206612,0.04,85,80,325000,306000,9,30461058,0.9411764705882353,0.9415384615384615,0.10588235294117647,110,104,446000,419000,10,50664271,0.9454545454545454,0.9394618834080718,0.09090909090909091
sealed_holdout,14,public-periphery-214-902a7b0fcc51,periphery,64,118,37,1,balanced_band,stationary_hotspot,public,none,,0,False,0.053308992342493026,0.07768983608149387,17639373,110,108,425000,409000,2,10389973,0.9818181818181818,0.9623529411764706,0.01818181818181818,25,23,98000,82000,2,33916,0.92,0.8367346938775511,0.08,85,72,359000,292000,13,40262213,0.8470588235294118,0.8133704735376045,0.15294117647058825,110,95,457000,374000,15,40296129,0.8636363636363636,0.8183807439824945,0.13636363636363635
sealed_holdout,14,public-periphery-214-902a7b0fcc51,periphery,64,118,37,1,balanced_band,stationary_hotspot,retry,none,,0,False,0.053308992342493026,0.08055311681050002,17639373,110,110,425000,425000,2,10392319,1.0,1.0,0.01818181818181818,25,23,98000,82000,6,33916,0.92,0.8367346938775511,0.24,85,73,359000,294000,34,40263650,0.8588235294117647,0.8189415041782729,0.4,110,96,457000,376000,40,40297566,0.8727272727272727,0.8227571115973742,0.36363636363636365
sealed_holdout,14,public-periphery-214-902a7b0fcc51,periphery,64,118,37,1,balanced_band,stationary_hotspot,online,none,,0,False,0.053308992342493026,0.09974240600343848,17639373,110,110,425000,425000,2,10395142,1.0,1.0,0.01818181818181818,25,24,98000,90000,7,35089,0.96,0.9183673469387755,0.28,85,76,359000,306000,29,40268349,0.8941176470588236,0.8523676880222841,0.3411764705882353,110,100,457000,396000,36,40303438,0.9090909090909091,0.8665207877461707,0.32727272727272727
sealed_holdout,14,public-periphery-214-902a7b0fcc51,periphery,64,118,37,1,balanced_band,stationary_hotspot,oracle,none,,0,False,0.053308992342493026,0.0875866172318367,17639373,110,110,425000,425000,0,10392319,1.0,1.0,0.0,25,25,98000,98000,0,57446,1.0,1.0,0.0,85,74,359000,298000,0,40271794,0.8705882352941177,0.83008356545961,0.0,110,99,457000,396000,0,40329240,0.9,0.8665207877461707,0.0
sealed_holdout,14,public-periphery-214-902a7b0fcc51,periphery,64,118,37,1,balanced_band,stationary_hotspot,online,random,N025|N028,120000,False,0.053308992342493026,0.09771844277759462,17759373,110,110,425000,425000,2,10395142,1.0,1.0,0.01818181818181818,25,25,98000,98000,5,37987,1.0,1.0,0.2,85,74,359000,298000,33,40267990,0.8705882352941177,0.83008356545961,0.38823529411764707,110,99,457000,396000,38,40305977,0.9,0.8665207877461707,0.34545454545454546
sealed_holdout,14,public-periphery-214-902a7b0fcc51,periphery,64,118,37,1,balanced_band,stationary_hotspot,online,failure_aware,N025|N028,120000,False,0.053308992342493026,0.09771844277759462,17759373,110,110,425000,425000,2,10395142,1.0,1.0,0.01818181818181818,25,25,98000,98000,5,37987,1.0,1.0,0.2,85,74,359000,298000,33,40267990,0.8705882352941177,0.83008356545961,0.38823529411764707,110,99,457000,396000,38,40305977,0.9,0.8665207877461707,0.34545454545454546
sealed_holdout,14,public-periphery-214-902a7b0fcc51,periphery,64,118,37,1,balanced_band,shifted_hotspot,public,none,,0,False,0.053308992342493026,0.07402608529154009,17639373,110,108,425000,409000,2,10389973,0.9818181818181818,0.9623529411764706,0.01818181818181818,25,22,98000,77000,3,45479,0.88,0.7857142857142857,0.12,85,73,359000,284000,12,40278378,0.8588235294117647,0.7910863509749304,0.1411764705882353,110,95,457000,361000,15,40323857,0.8636363636363636,0.7899343544857768,0.13636363636363635
sealed_holdout,14,public-periphery-214-902a7b0fcc51,periphery,64,118,37,1,balanced_band,shifted_hotspot,retry,none,,0,False,0.053308992342493026,0.08098768434698671,17639373,110,110,425000,425000,2,10392319,1.0,1.0,0.01818181818181818,25,24,98000,93000,5,60049,0.96,0.9489795918367347,0.2,85,76,359000,299000,31,40295367,0.8941176470588236,0.8328690807799443,0.36470588235294116,110,100,457000,392000,36,40355416,0.9090909090909091,0.8577680525164114,0.32727272727272727
sealed_holdout,14,public-periphery-214-902a7b0fcc51,periphery,64,118,37,1,balanced_band,shifted_hotspot,online,none,,0,False,0.053308992342493026,0.0872955498785946,17639373,110,110,425000,425000,2,10395142,1.0,1.0,0.01818181818181818,25,24,98000,90000,13,62667,0.96,0.9183673469387755,0.52,85,81,359000,330000,20,40334061,0.9529411764705882,0.9192200557103064,0.23529411764705882,110,105,457000,420000,33,40396728,0.9545454545454546,0.9190371991247265,0.3
sealed_holdout,14,public-periphery-214-902a7b0fcc51,periphery,64,118,37,1,balanced_band,shifted_hotspot,oracle,none,,0,False,0.053308992342493026,0.08699868009664308,17639373,110,110,425000,425000,0,10392319,1.0,1.0,0.0,25,25,98000,98000,0,65044,1.0,1.0,0.0,85,83,359000,343000,0,40337522,0.9764705882352941,0.9554317548746518,0.0,110,108,457000,441000,0,40402566,0.9818181818181818,0.9649890590809628,0.0
sealed_holdout,14,public-periphery-214-902a7b0fcc51,periphery,64,118,37,1,balanced_band,shifted_hotspot,online,random,N025|N028,120000,False,0.053308992342493026,0.08658118665372845,17759373,110,110,425000,425000,2,10395142,1.0,1.0,0.01818181818181818,25,24,98000,90000,12,63072,0.96,0.9183673469387755,0.48,85,80,359000,322000,23,40329553,0.9411764705882353,0.8969359331476323,0.27058823529411763,110,104,457000,412000,35,40392625,0.9454545454545454,0.9015317286652079,0.3181818181818182
sealed_holdout,14,public-periphery-214-902a7b0fcc51,periphery,64,118,37,1,balanced_band,shifted_hotspot,online,failure_aware,N025|N028,120000,False,0.053308992342493026,0.08658118665372845,17759373,110,110,425000,425000,2,10395142,1.0,1.0,0.01818181818181818,25,24,98000,90000,12,63072,0.96,0.9183673469387755,0.48,85,80,359000,322000,23,40329553,0.9411764705882353,0.8969359331476323,0.27058823529411763,110,104,457000,412000,35,40392625,0.9454545454545454,0.9015317286652079,0.3181818181818182
sealed_holdout,14,public-periphery-214-902a7b0fcc51,periphery,64,118,37,1,uniform,diffuse,public,none,,0,False,0.3070588017001235,0.32328514991917734,17639373,110,94,469000,378000,16,30240317,0.8545454545454545,0.8059701492537313,0.14545454545454545,25,23,121000,105000,2,20201728,0.92,0.8677685950413223,0.08,85,75,325000,266000,10,20259612,0.8823529411764706,0.8184615384615385,0.11764705882352941,110,98,446000,371000,12,40461340,0.8909090909090909,0.8318385650224215,0.10909090909090909
sealed_holdout,14,public-periphery-214-902a7b0fcc51,periphery,64,118,37,1,uniform,diffuse,retry,none,,0,False,0.3070588017001235,0.3224533475899098,17639373,110,102,469000,420000,27,30284824,0.9272727272727272,0.8955223880597015,0.24545454545454545,25,23,121000,105000,2,20201728,0.92,0.8677685950413223,0.08,85,77,325000,282000,11,20441632,0.9058823529411765,0.8676923076923077,0.12941176470588237,110,100,446000,387000,13,40643360,0.9090909090909091,0.8677130044843049,0.11818181818181818
sealed_holdout,14,public-periphery-214-902a7b0fcc51,periphery,64,118,37,1,uniform,diffuse,online,none,,0,False,0.3070588017001235,0.31799075026868784,17639373,110,102,469000,420000,25,30285418,0.9272727272727272,0.8955223880597015,0.22727272727272727,25,23,121000,105000,2,20201728,0.92,0.8677685950413223,0.08,85,77,325000,282000,11,20443229,0.9058823529411765,0.8676923076923077,0.12941176470588237,110,100,446000,387000,13,40644957,0.9090909090909091,0.8677130044843049,0.11818181818181818
sealed_holdout,14,public-periphery-214-902a7b0fcc51,periphery,64,118,37,1,uniform,diffuse,oracle,none,,0,False,0.3070588017001235,0.32177760661768645,17639373,110,103,469000,422000,0,30286984,0.9363636363636364,0.8997867803837953,0.0,25,23,121000,105000,0,20201728,0.92,0.8677685950413223,0.0,85,77,325000,282000,0,20441632,0.9058823529411765,0.8676923076923077,0.0,110,100,446000,387000,0,40643360,0.9090909090909091,0.8677130044843049,0.0
sealed_holdout,14,public-periphery-214-902a7b0fcc51,periphery,64,118,37,1,uniform,diffuse,online,random,N025|N028,120000,False,0.3070588017001235,0.31574032084819886,17759373,110,102,469000,420000,25,30285418,0.9272727272727272,0.8955223880597015,0.22727272727272727,25,23,121000,105000,2,20201728,0.92,0.8677685950413223,0.08,85,77,325000,282000,12,20446210,0.9058823529411765,0.8676923076923077,0.1411764705882353,110,100,446000,387000,14,40647938,0.9090909090909091,0.8677130044843049,0.12727272727272726
sealed_holdout,14,public-periphery-214-902a7b0fcc51,periphery,64,118,37,1,uniform,diffuse,online,failure_aware,N050|N056,120000,False,0.3070588017001235,0.3208826972284125,17759373,110,102,469000,420000,25,30285418,0.9272727272727272,0.8955223880597015,0.22727272727272727,25,25,121000,121000,1,20207143,1.0,1.0,0.04,85,79,325000,289000,11,20450080,0.9294117647058824,0.8892307692307693,0.12941176470588237,110,104,446000,410000,12,40657223,0.9454545454545454,0.9192825112107623,0.10909090909090909
sealed_holdout,14,public-periphery-214-902a7b0fcc51,periphery,64,118,37,1,uniform,stationary_hotspot,public,none,,0,False,0.3070588017001235,0.3238421546148263,17639373,110,97,425000,359000,13,10366622,0.8818181818181818,0.8447058823529412,0.11818181818181818,25,21,98000,66000,4,30103,0.84,0.673469387755102,0.16,85,67,359000,278000,18,40254270,0.788235294117647,0.7743732590529248,0.21176470588235294,110,88,457000,344000,22,40284373,0.8,0.7527352297592997,0.2
sealed_holdout,14,public-periphery-214-902a7b0fcc51,periphery,64,118,37,1,uniform,stationary_hotspot,retry,none,,0,False,0.3070588017001235,0.32771207199752417,17639373,110,105,425000,401000,18,10387166,0.9545454545454546,0.9435294117647058,0.16363636363636364,25,21,98000,66000,10,30103,0.84,0.673469387755102,0.4,85,68,359000,279000,45,40256286,0.8,0.7771587743732591,0.5294117647058824,110,89,457000,345000,55,40286389,0.8090909090909091,0.7549234135667396,0.5
sealed_holdout,14,public-periphery-214-902a7b0fcc51,periphery,64,118,37,1,uniform,stationary_hotspot,online,none,,0,False,0.3070588017001235,0.346305645993368,17639373,110,104,425000,393000,19,10387869,0.9454545454545454,0.9247058823529412,0.17272727272727273,25,23,98000,82000,9,32719,0.92,0.8367346938775511,0.36,85,71,359000,287000,41,40260116,0.8352941176470589,0.7994428969359332,0.4823529411764706,110,94,457000,369000,50,40292835,0.8545454545454545,0.8074398249452954,0.45454545454545453
sealed_holdout,14,public-periphery-214-902a7b0fcc51,periphery,64,118,37,1,uniform,stationary_hotspot,oracle,none,,0,False,0.3070588017001235,0.3350949752920617,17639373,110,106,425000,409000,0,10398931,0.9636363636363636,0.9623529411764706,0.0,25,22,98000,74000,0,44523,0.88,0.7551020408163265,0.0,85,69,359000,280000,0,40259616,0.8117647058823529,0.7799442896935933,0.0,110,91,457000,354000,0,40304139,0.8272727272727273,0.774617067833698,0.0
sealed_holdout,14,public-periphery-214-902a7b0fcc51,periphery,64,118,37,1,uniform,stationary_hotspot,online,random,N025|N028,120000,False,0.3070588017001235,0.3430830213574277,17759373,110,104,425000,393000,19,10387869,0.9454545454545454,0.9247058823529412,0.17272727272727273,25,24,98000,90000,7,35347,0.96,0.9183673469387755,0.28,85,69,359000,280000,43,40261013,0.8117647058823529,0.7799442896935933,0.5058823529411764,110,93,457000,370000,50,40296360,0.8454545454545455,0.8096280087527352,0.45454545454545453
sealed_holdout,14,public-periphery-214-902a7b0fcc51,periphery,64,118,37,1,uniform,stationary_hotspot,online,failure_aware,N057|N061,120000,True,0.3070588017001235,0.3464117049187126,17759373,110,104,425000,393000,19,10387869,0.9454545454545454,0.9247058823529412,0.17272727272727273,25,24,98000,90000,8,34654,0.96,0.9183673469387755,0.32,85,79,359000,326000,18,40276752,0.9294117647058824,0.9080779944289693,0.21176470588235294,110,103,457000,416000,26,40311406,0.9363636363636364,0.9102844638949672,0.23636363636363636
sealed_holdout,14,public-periphery-214-902a7b0fcc51,periphery,64,118,37,1,uniform,shifted_hotspot,public,none,,0,False,0.3070588017001235,0.3212084519903332,17639373,110,97,425000,359000,13,10366622,0.8818181818181818,0.8447058823529412,0.11818181818181818,25,21,98000,69000,4,42839,0.84,0.7040816326530612,0.16,85,70,359000,272000,15,40275382,0.8235294117647058,0.7576601671309192,0.17647058823529413,110,91,457000,341000,19,40318221,0.8272727272727273,0.7461706783369803,0.17272727272727273
sealed_holdout,14,public-periphery-214-902a7b0fcc51,periphery,64,118,37,1,uniform,shifted_hotspot,retry,none,,0,False,0.3070588017001235,0.3292679060965271,17639373,110,105,425000,401000,18,10387166,0.9545454545454546,0.9435294117647058,0.16363636363636364,25,23,98000,85000,7,57465,0.92,0.8673469387755102,0.28,85,71,359000,277000,37,40283361,0.8352941176470589,0.7715877437325905,0.43529411764705883,110,94,457000,362000,44,40340826,0.8545454545454545,0.7921225382932167,0.4
sealed_holdout,14,public-periphery-214-902a7b0fcc51,periphery,64,118,37,1,uniform,shifted_hotspot,online,none,,0,False,0.3070588017001235,0.32804714803929924,17639373,110,104,425000,393000,19,10387869,0.9454545454545454,0.9247058823529412,0.17272727272727273,25,23,98000,82000,15,57195,0.92,0.8367346938775511,0.6,85,78,359000,318000,30,40331411,0.9176470588235294,0.8857938718662952,0.35294117647058826,110,101,457000,400000,45,40388606,0.9181818181818182,0.87527352297593,0.4090909090909091
sealed_holdout,14,public-periphery-214-902a7b0fcc51,periphery,64,118,37,1,uniform,shifted_hotspot,oracle,none,,0,False,0.3070588017001235,0.336989794353716,17639373,110,106,425000,409000,0,10398931,0.9636363636363636,0.9623529411764706,0.0,25,24,98000,90000,0,62460,0.96,0.9183673469387755,0.0,85,79,359000,326000,0,40330436,0.9294117647058824,0.9080779944289693,0.0,110,103,457000,416000,0,40392896,0.9363636363636364,0.9102844638949672,0.0
sealed_holdout,14,public-periphery-214-902a7b0fcc51,periphery,64,118,37,1,uniform,shifted_hotspot,online,random,N025|N028,120000,False,0.3070588017001235,0.3354625455744882,17759373,110,104,425000,393000,19,10387869,0.9454545454545454,0.9247058823529412,0.17272727272727273,25,23,98000,82000,14,57600,0.92,0.8367346938775511,0.56,85,74,359000,295000,38,40313901,0.8705882352941177,0.8217270194986073,0.4470588235294118,110,97,457000,377000,52,40371501,0.8818181818181818,0.824945295404814,0.4727272727272727
sealed_holdout,14,public-periphery-214-902a7b0fcc51,periphery,64,118,37,1,uniform,shifted_hotspot,online,failure_aware,N057|N061,120000,False,0.3070588017001235,0.3354625455744882,17759373,110,104,425000,393000,19,10387869,0.9454545454545454,0.9247058823529412,0.17272727272727273,25,23,98000,82000,14,57600,0.92,0.8367346938775511,0.56,85,74,359000,295000,38,40313901,0.8705882352941177,0.8217270194986073,0.4470588235294118,110,97,457000,377000,52,40371501,0.8818181818181818,0.824945295404814,0.4727272727272727
sealed_holdout,14,public-periphery-214-902a7b0fcc51,periphery,64,118,37,1,polarized,diffuse,public,none,,0,False,0.7114000038112602,0.7005634435018947,17639373,110,71,469000,248000,39,10187104,0.6454545454545455,0.5287846481876333,0.35454545454545455,25,16,121000,55000,9,10186998,0.64,0.45454545454545453,0.36,85,69,325000,230000,16,20141917,0.8117647058823529,0.7076923076923077,0.18823529411764706,110,85,446000,285000,25,30328915,0.7727272727272727,0.6390134529147982,0.22727272727272727
sealed_holdout,14,public-periphery-214-902a7b0fcc51,periphery,64,118,37,1,polarized,diffuse,retry,none,,0,False,0.7114000038112602,0.6787934940809289,17639373,110,82,469000,312000,76,10231773,0.7454545454545455,0.6652452025586354,0.6909090909090909,25,22,121000,97000,8,20202642,0.88,0.8016528925619835,0.32,85,74,325000,258000,22,20151752,0.8705882352941177,0.7938461538461539,0.25882352941176473,110,96,446000,355000,30,40354394,0.8727272727272727,0.7959641255605381,0.2727272727272727
sealed_holdout,14,public-periphery-214-902a7b0fcc51,periphery,64,118,37,1,polarized,diffuse,online,none,,0,False,0.7114000038112602,0.6766812519271332,17639373,110,84,469000,322000,68,10256496,0.7636363636363637,0.6865671641791045,0.6181818181818182,25,22,121000,97000,6,20202642,0.88,0.8016528925619835,0.24,85,73,325000,250000,27,20143689,0.8588235294117647,0.7692307692307693,0.3176470588235294,110,95,446000,347000,33,40346331,0.8636363636363636,0.7780269058295964,0.3
sealed_holdout,14,public-periphery-214-902a7b0fcc51,periphery,64,118,37,1,polarized,diffuse,oracle,none,,0,False,0.7114000038112602,0.6785902430952501,17639373,110,89,469000,352000,0,10297326,0.8090909090909091,0.7505330490405118,0.0,25,22,121000,97000,0,20202942,0.88,0.8016528925619835,0.0,85,74,325000,255000,0,20155641,0.8705882352941177,0.7846153846153846,0.0,110,96,446000,352000,0,40358583,0.8727272727272727,0.7892376681614349,0.0
sealed_holdout,14,public-periphery-214-902a7b0fcc51,periphery,64,118,37,1,polarized,diffuse,online,random,N025|N028,120000,False,0.7114000038112602,0.6714012007012141,17759373,110,84,469000,322000,68,10256496,0.7636363636363637,0.6865671641791045,0.6181818181818182,25,22,121000,97000,5,20202642,0.88,0.8016528925619835,0.2,85,73,325000,250000,30,20145453,0.8588235294117647,0.7692307692307693,0.35294117647058826,110,95,446000,347000,35,40348095,0.8636363636363636,0.7780269058295964,0.3181818181818182
sealed_holdout,14,public-periphery-214-902a7b0fcc51,periphery,64,118,37,1,polarized,diffuse,online,failure_aware,N012|N023,120000,False,0.7114000038112602,0.6713524947986326,17759373,110,84,469000,322000,68,10256496,0.7636363636363637,0.6865671641791045,0.6181818181818182,25,22,121000,97000,6,20202642,0.88,0.8016528925619835,0.24,85,74,325000,255000,30,20254958,0.8705882352941177,0.7846153846153846,0.35294117647058826,110,96,446000,352000,36,40457600,0.8727272727272727,0.7892376681614349,0.32727272727272727
sealed_holdout,14,public-periphery-214-902a7b0fcc51,periphery,64,118,37,1,polarized,stationary_hotspot,public,none,,0,False,0.7114000038112602,0.7035233487795087,17639373,110,82,425000,289000,28,345742,0.7454545454545455,0.68,0.2545454545454545,25,21,98000,66000,4,30103,0.84,0.673469387755102,0.16,85,58,359000,215000,27,40223877,0.6823529411764706,0.5988857938718662,0.3176470588235294,110,79,457000,281000,31,40253980,0.7181818181818181,0.6148796498905909,0.2818181818181818
sealed_holdout,14,public-periphery-214-902a7b0fcc51,periphery,64,118,37,1,polarized,stationary_hotspot,retry,none,,0,False,0.7114000038112602,0.7082972700967578,17639373,110,92,425000,327000,49,368902,0.8363636363636363,0.7694117647058824,0.44545454545454544,25,21,98000,66000,10,30103,0.84,0.673469387755102,0.4,85,59,359000,223000,61,40242574,0.6941176470588235,0.6211699164345403,0.7176470588235294,110,80,457000,289000,71,40272677,0.7272727272727273,0.6323851203501094,0.6454545454545455
sealed_holdout,14,public-periphery-214-902a7b0fcc51,periphery,64,118,37,1,polarized,stationary_hotspot,online,none,,0,False,0.7114000038112602,0.7097850244072508,17639373,110,91,425000,322000,48,368916,0.8272727272727273,0.7576470588235295,0.43636363636363634,25,22,98000,74000,10,31694,0.88,0.7551020408163265,0.4,85,61,359000,225000,56,40255767,0.7176470588235294,0.6267409470752089,0.6588235294117647,110,83,457000,299000,66,40287461,0.7545454545454545,0.6542669584245077,0.6
sealed_holdout,14,public-periphery-214-902a7b0fcc51,periphery,64,118,37,1,polarized,stationary_hotspot,oracle,none,,0,False,0.7114000038112602,0.7113540633280965,17639373,110,94,425000,336000,0,384492,0.8545454545454545,0.7905882352941176,0.0,25,21,98000,66000,0,30103,0.84,0.673469387755102,0.0,85,64,359000,236000,0,40272528,0.7529411764705882,0.6573816155988857,0.0,110,85,457000,302000,0,40302631,0.7727272727272727,0.6608315098468271,0.0
sealed_holdout,14,public-periphery-214-902a7b0fcc51,periphery,64,118,37,1,polarized,stationary_hotspot,online,random,N025|N028,120000,False,0.7114000038112602,0.7020436641723816,17759373,110,91,425000,322000,48,368916,0.8272727272727273,0.7576470588235295,0.43636363636363634,25,22,98000,74000,11,31526,0.88,0.7551020408163265,0.44,85,61,359000,221000,61,40254130,0.7176470588235294,0.6155988857938719,0.7176470588235294,110,83,457000,295000,72,40285656,0.7545454545454545,0.6455142231947484,0.6545454545454545
sealed_holdout,14,public-periphery-214-902a7b0fcc51,periphery,64,118,37,1,polarized,stationary_hotspot,online,failure_aware,N057|N061,120000,True,0.7114000038112602,0.7070642340344655,17759373,110,91,425000,322000,48,368916,0.8272727272727273,0.7576470588235295,0.43636363636363634,25,24,98000,90000,6,35785,0.96,0.9183673469387755,0.24,85,70,359000,263000,32,40262097,0.8235294117647058,0.7325905292479109,0.3764705882352941,110,94,457000,353000,38,40297882,0.8545454545454545,0.7724288840262582,0.34545454545454546
sealed_holdout,14,public-periphery-214-902a7b0fcc51,periphery,64,118,37,1,polarized,shifted_hotspot,public,none,,0,False,0.7114000038112602,0.6926783290578483,17639373,110,82,425000,289000,28,345742,0.7454545454545455,0.68,0.2545454545454545,25,24,98000,90000,1,58472,0.96,0.9183673469387755,0.04,85,63,359000,219000,22,40252324,0.7411764705882353,0.6100278551532033,0.25882352941176473,110,87,457000,309000,23,40310796,0.7909090909090909,0.6761487964989059,0.20909090909090908
sealed_holdout,14,public-periphery-214-902a7b0fcc51,periphery,64,118,37,1,polarized,shifted_hotspot,retry,none,,0,False,0.7114000038112602,0.6965710008773517,17639373,110,92,425000,327000,49,368902,0.8363636363636363,0.7694117647058824,0.44545454545454544,25,24,98000,90000,1,58472,0.96,0.9183673469387755,0.04,85,64,359000,227000,46,40271021,0.7529411764705882,0.6323119777158774,0.5411764705882353,110,88,457000,317000,47,40329493,0.8,0.6936542669584245,0.42727272727272725
sealed_holdout,14,public-periphery-214-902a7b0fcc51,periphery,64,118,37,1,polarized,shifted_hotspot,online,none,,0,False,0.7114000038112602,0.6781512547035851,17639373,110,91,425000,322000,48,368916,0.8272727272727273,0.7576470588235295,0.43636363636363634,25,24,98000,90000,3,59496,0.96,0.9183673469387755,0.12,85,71,359000,271000,32,40321838,0.8352941176470589,0.754874651810585,0.3764705882352941,110,95,457000,361000,35,40381334,0.8636363636363636,0.7899343544857768,0.3181818181818182
sealed_holdout,14,public-periphery-214-902a7b0fcc51,periphery,64,118,37,1,polarized,shifted_hotspot,oracle,none,,0,False,0.7114000038112602,0.6920806155581632,17639373,110,94,425000,336000,0,384492,0.8545454545454545,0.7905882352941176,0.0,25,24,98000,90000,0,58472,0.96,0.9183673469387755,0.0,85,72,359000,279000,0,40326337,0.8470588235294118,0.7771587743732591,0.0,110,96,457000,369000,0,40384809,0.8727272727272727,0.8074398249452954,0.0
sealed_holdout,14,public-periphery-214-902a7b0fcc51,periphery,64,118,37,1,polarized,shifted_hotspot,online,random,N025|N028,120000,False,0.7114000038112602,0.6686530568542254,17759373,110,91,425000,322000,48,368916,0.8272727272727273,0.7576470588235295,0.43636363636363634,25,24,98000,90000,3,58722,0.96,0.9183673469387755,0.12,85,71,359000,274000,34,40328150,0.8352941176470589,0.7632311977715878,0.4,110,95,457000,364000,37,40386872,0.8636363636363636,0.7964989059080962,0.33636363636363636
sealed_holdout,14,public-periphery-214-902a7b0fcc51,periphery,64,118,37,1,polarized,shifted_hotspot,online,failure_aware,N057|N061,120000,False,0.7114000038112602,0.6686530568542254,17759373,110,91,425000,322000,48,368916,0.8272727272727273,0.7576470588235295,0.43636363636363634,25,24,98000,90000,3,58722,0.96,0.9183673469387755,0.12,85,71,359000,274000,32,40328150,0.8352941176470589,0.7632311977715878,0.3764705882352941,110,95,457000,364000,35,40386872,0.8636363636363636,0.7964989059080962,0.3181818181818182
sealed_holdout,15,public-hub-215-4801cfcfaafb,hub,64,65,59,0,balanced_band,diffuse,public,none,,0,False,0.04450916249754291,0.07529254975750621,9683536,110,107,429000,408000,3,230323,0.9727272727272728,0.951048951048951,0.02727272727272727,25,23,78000,62000,2,36818,0.92,0.7948717948717948,0.08,85,80,353000,335000,5,221675,0.9411764705882353,0.9490084985835694,0.058823529411764705,110,103,431000,397000,7,258493,0.9363636363636364,0.9211136890951276,0.06363636363636363
sealed_holdout,15,public-hub-215-4801cfcfaafb,hub,64,65,59,0,balanced_band,diffuse,retry,none,,0,False,0.04450916249754291,0.07727935602175573,9683536,110,108,429000,416000,3,339808,0.9818181818181818,0.9696969696969697,0.02727272727272727,25,23,78000,62000,2,36818,0.92,0.7948717948717948,0.08,85,80,353000,335000,5,221675,0.9411764705882353,0.9490084985835694,0.058823529411764705,110,103,431000,397000,7,258493,0.9363636363636364,0.9211136890951276,0.06363636363636363
sealed_holdout,15,public-hub-215-4801cfcfaafb,hub,64,65,59,0,balanced_band,diffuse,online,none,,0,False,0.04450916249754291,0.07785334099805752,9683536,110,108,429000,416000,3,339958,0.9818181818181818,0.9696969696969697,0.02727272727272727,25,23,78000,62000,2,36948,0.92,0.7948717948717948,0.08,85,80,353000,335000,5,221825,0.9411764705882353,0.9490084985835694,0.058823529411764705,110,103,431000,397000,7,258773,0.9363636363636364,0.9211136890951276,0.06363636363636363
sealed_holdout,15,public-hub-215-4801cfcfaafb,hub,64,65,59,0,balanced_band,diffuse,oracle,none,,0,False,0.04450916249754291,0.07727935602175573,9683536,110,108,429000,416000,0,339808,0.9818181818181818,0.9696969696969697,0.0,25,23,78000,62000,0,36818,0.92,0.7948717948717948,0.0,85,80,353000,335000,0,221675,0.9411764705882353,0.9490084985835694,0.0,110,103,431000,397000,0,258493,0.9363636363636364,0.9211136890951276,0.0
sealed_holdout,15,public-hub-215-4801cfcfaafb,hub,64,65,59,0,balanced_band,diffuse,online,random,N006|N022,120000,False,0.04450916249754291,0.07690037862613713,9803536,110,108,429000,416000,3,339958,0.9818181818181818,0.9696969696969697,0.02727272727272727,25,23,78000,62000,3,36948,0.92,0.7948717948717948,0.12,85,80,353000,335000,5,221825,0.9411764705882353,0.9490084985835694,0.058823529411764705,110,103,431000,397000,8,258773,0.9363636363636364,0.9211136890951276,0.07272727272727272
sealed_holdout,15,public-hub-215-4801cfcfaafb,hub,64,65,59,0,balanced_band,diffuse,online,failure_aware,N048|N063,120000,False,0.04450916249754291,0.07728796666919968,9803536,110,108,429000,416000,3,339958,0.9818181818181818,0.9696969696969697,0.02727272727272727,25,23,78000,62000,2,30094,0.92,0.7948717948717948,0.08,85,80,353000,335000,5,137285,0.9411764705882353,0.9490084985835694,0.058823529411764705,110,103,431000,397000,7,167379,0.9363636363636364,0.9211136890951276,0.06363636363636363
sealed_holdout,15,public-hub-215-4801cfcfaafb,hub,64,65,59,0,balanced_band,stationary_hotspot,public,none,,0,False,0.04450916249754291,0.07286299189029138,9683536,110,102,436000,402000,8,275457,0.9272727272727272,0.9220183486238532,0.07272727272727272,25,20,107000,86000,5,31095,0.8,0.8037383177570093,0.2,85,74,325000,277000,11,183680,0.8705882352941177,0.8523076923076923,0.12941176470588237,110,94,432000,363000,16,214775,0.8545454545454545,0.8402777777777778,0.14545454545454545
sealed_holdout,15,public-hub-215-4801cfcfaafb,hub,64,65,59,0,balanced_band,stationary_hotspot,retry,none,,0,False,0.04450916249754291,0.07286299189029138,9683536,110,102,436000,402000,8,275457,0.9272727272727272,0.9220183486238532,0.07272727272727272,25,20,107000,86000,5,31095,0.8,0.8037383177570093,0.2,85,74,325000,277000,11,183680,0.8705882352941177,0.8523076923076923,0.12941176470588237,110,94,432000,363000,16,214775,0.8545454545454545,0.8402777777777778,0.14545454545454545
sealed_holdout,15,public-hub-215-4801cfcfaafb,hub,64,65,59,0,balanced_band,stationary_hotspot,online,none,,0,False,0.04450916249754291,0.07293800028514152,9683536,110,102,436000,402000,8,275457,0.9272727272727272,0.9220183486238532,0.07272727272727272,25,20,107000,86000,5,31095,0.8,0.8037383177570093,0.2,85,74,325000,277000,11,184075,0.8705882352941177,0.8523076923076923,0.12941176470588237,110,94,432000,363000,16,215170,0.8545454545454545,0.8402777777777778,0.14545454545454545
sealed_holdout,15,public-hub-215-4801cfcfaafb,hub,64,65,59,0,balanced_band,stationary_hotspot,oracle,none,,0,False,0.04450916249754291,0.07286299189029138,9683536,110,102,436000,402000,0,275457,0.9272727272727272,0.9220183486238532,0.0,25,20,107000,86000,0,31095,0.8,0.8037383177570093,0.0,85,74,325000,277000,0,183680,0.8705882352941177,0.8523076923076923,0.0,110,94,432000,363000,0,214775,0.8545454545454545,0.8402777777777778,0.0
sealed_holdout,15,public-hub-215-4801cfcfaafb,hub,64,65,59,0,balanced_band,stationary_hotspot,online,random,N006|N022,120000,False,0.04450916249754291,0.07389298530671468,9803536,110,102,436000,402000,8,275457,0.9272727272727272,0.9220183486238532,0.07272727272727272,25,20,107000,86000,5,31095,0.8,0.8037383177570093,0.2,85,74,325000,277000,11,184055,0.8705882352941177,0.8523076923076923,0.12941176470588237,110,94,432000,363000,16,215150,0.8545454545454545,0.8402777777777778,0.14545454545454545
sealed_holdout,15,public-hub-215-4801cfcfaafb,hub,64,65,59,0,balanced_band,stationary_hotspot,online,failure_aware,N057|N060,120000,True,0.04450916249754291,0.07800115638069241,9803536,110,102,436000,402000,8,275457,0.9272727272727272,0.9220183486238532,0.07272727272727272,25,24,107000,99000,2,34515,0.96,0.9252336448598131,0.08,85,83,325000,312000,8,196695,0.9764705882352941,0.96,0.09411764705882353,110,107,432000,411000,10,231210,0.9727272727272728,0.9513888888888888,0.09090909090909091
sealed_holdout,15,public-hub-215-4801cfcfaafb,hub,64,65,59,0,balanced_band,shifted_hotspot,public,none,,0,False,0.04450916249754291,0.06741862814470298,9683536,110,102,436000,402000,8,275457,0.9272727272727272,0.9220183486238532,0.07272727272727272,25,21,107000,82000,4,175653,0.84,0.7663551401869159,0.16,85,72,325000,261000,13,440954,0.8470588235294118,0.803076923076923,0.15294117647058825,110,93,432000,343000,17,616607,0.8454545454545455,0.7939814814814815,0.15454545454545454
sealed_holdout,15,public-hub-215-4801cfcfaafb,hub,64,65,59,0,balanced_band,shifted_hotspot,retry,none,,0,False,0.04450916249754291,0.06741862814470298,9683536,110,102,436000,402000,8,275457,0.9272727272727272,0.9220183486238532,0.07272727272727272,25,21,107000,82000,4,175653,0.84,0.7663551401869159,0.16,85,72,325000,261000,13,440954,0.8470588235294118,0.803076923076923,0.15294117647058825,110,93,432000,343000,17,616607,0.8454545454545455,0.7939814814814815,0.15454545454545454
sealed_holdout,15,public-hub-215-4801cfcfaafb,hub,64,65,59,0,balanced_band,shifted_hotspot,online,none,,0,False,0.04450916249754291,0.0674936365395531,9683536,110,102,436000,402000,8,275457,0.9272727272727272,0.9220183486238532,0.07272727272727272,25,21,107000,82000,4,175653,0.84,0.7663551401869159,0.16,85,72,325000,261000,13,441349,0.8470588235294118,0.803076923076923,0.15294117647058825,110,93,432000,343000,17,617002,0.8454545454545455,0.7939814814814815,0.15454545454545454
sealed_holdout,15,public-hub-215-4801cfcfaafb,hub,64,65,59,0,balanced_band,shifted_hotspot,oracle,none,,0,False,0.04450916249754291,0.06741862814470298,9683536,110,102,436000,402000,0,275457,0.9272727272727272,0.9220183486238532,0.0,25,21,107000,82000,0,175653,0.84,0.7663551401869159,0.0,85,72,325000,261000,0,440954,0.8470588235294118,0.803076923076923,0.0,110,93,432000,343000,0,616607,0.8454545454545455,0.7939814814814815,0.0
sealed_holdout,15,public-hub-215-4801cfcfaafb,hub,64,65,59,0,balanced_band,shifted_hotspot,online,random,N006|N022,120000,False,0.04450916249754291,0.0685152631942544,9803536,110,102,436000,402000,8,275457,0.9272727272727272,0.9220183486238532,0.07272727272727272,25,21,107000,82000,4,175653,0.84,0.7663551401869159,0.16,85,72,325000,261000,13,441329,0.8470588235294118,0.803076923076923,0.15294117647058825,110,93,432000,343000,17,616982,0.8454545454545455,0.7939814814814815,0.15454545454545454
sealed_holdout,15,public-hub-215-4801cfcfaafb,hub,64,65,59,0,balanced_band,shifted_hotspot,online,failure_aware,N057|N060,120000,False,0.04450916249754291,0.06666748193730078,9803536,110,102,436000,402000,8,275457,0.9272727272727272,0.9220183486238532,0.07272727272727272,25,21,107000,82000,4,175653,0.84,0.7663551401869159,0.16,85,72,325000,261000,13,441349,0.8470588235294118,0.803076923076923,0.15294117647058825,110,93,432000,343000,17,617002,0.8454545454545455,0.7939814814814815,0.15454545454545454
sealed_holdout,15,public-hub-215-4801cfcfaafb,hub,64,65,59,0,uniform,diffuse,public,none,,0,False,0.25637267445758805,0.2753507253781795,9683536,110,103,429000,388000,7,273145,0.9363636363636364,0.9044289044289044,0.06363636363636363,25,23,78000,62000,2,36818,0.92,0.7948717948717948,0.08,85,75,353000,313000,10,167202,0.8823529411764706,0.886685552407932,0.11764705882352941,110,98,431000,375000,12,204020,0.8909090909090909,0.8700696055684455,0.10909090909090909
sealed_holdout,15,public-hub-215-4801cfcfaafb,hub,64,65,59,0,uniform,diffuse,retry,none,,0,False,0.25637267445758805,0.2801174959715297,9683536,110,105,429000,401000,7,487930,0.9545454545454546,0.9347319347319347,0.06363636363636363,25,23,78000,62000,2,36818,0.92,0.7948717948717948,0.08,85,75,353000,313000,10,167202,0.8823529411764706,0.886685552407932,0.11764705882352941,110,98,431000,375000,12,204020,0.8909090909090909,0.8700696055684455,0.10909090909090909
sealed_holdout,15,public-hub-215-4801cfcfaafb,hub,64,65,59,0,uniform,diffuse,online,none,,0,False,0.25637267445758805,0.2803556757993101,9683536,110,105,429000,401000,7,488080,0.9545454545454546,0.9347319347319347,0.06363636363636363,25,23,78000,62000,2,36948,0.92,0.7948717948717948,0.08,85,75,353000,313000,10,167352,0.8823529411764706,0.886685552407932,0.11764705882352941,110,98,431000,375000,12,204300,0.8909090909090909,0.8700696055684455,0.10909090909090909
sealed_holdout,15,public-hub-215-4801cfcfaafb,hub,64,65,59,0,uniform,diffuse,oracle,none,,0,False,0.25637267445758805,0.2801174959715297,9683536,110,105,429000,401000,0,487930,0.9545454545454546,0.9347319347319347,0.0,25,23,78000,62000,0,36818,0.92,0.7948717948717948,0.0,85,75,353000,313000,0,167202,0.8823529411764706,0.886685552407932,0.0,110,98,431000,375000,0,204020,0.8909090909090909,0.8700696055684455,0.0
sealed_holdout,15,public-hub-215-4801cfcfaafb,hub,64,65,59,0,uniform,diffuse,online,random,N006|N022,120000,False,0.25637267445758805,0.27647735820920416,9803536,110,105,429000,401000,7,488080,0.9545454545454546,0.9347319347319347,0.06363636363636363,25,23,78000,62000,3,36948,0.92,0.7948717948717948,0.12,85,76,353000,315000,10,169767,0.8941176470588236,0.8923512747875354,0.11764705882352941,110,99,431000,377000,13,206715,0.9,0.8747099767981439,0.11818181818181818
sealed_holdout,15,public-hub-215-4801cfcfaafb,hub,64,65,59,0,uniform,diffuse,online,failure_aware,N054|N055,120000,False,0.25637267445758805,0.2769239873660838,9803536,110,105,429000,401000,7,488080,0.9545454545454546,0.9347319347319347,0.06363636363636363,25,23,78000,62000,2,36948,0.92,0.7948717948717948,0.08,85,75,353000,313000,10,167352,0.8823529411764706,0.886685552407932,0.11764705882352941,110,98,431000,375000,12,204300,0.8909090909090909,0.8700696055684455,0.10909090909090909
sealed_holdout,15,public-hub-215-4801cfcfaafb,hub,64,65,59,0,uniform,stationary_hotspot,public,none,,0,False,0.25637267445758805,0.2634582455471469,9683536,110,101,436000,390000,9,273964,0.9181818181818182,0.8944954128440367,0.08181818181818182,25,21,107000,94000,4,38407,0.84,0.8785046728971962,0.16,85,71,325000,259000,14,178445,0.8352941176470589,0.796923076923077,0.16470588235294117,110,92,432000,353000,18,216852,0.8363636363636363,0.8171296296296297,0.16363636363636364
sealed_holdout,15,public-hub-215-4801cfcfaafb,hub,64,65,59,0,uniform,stationary_hotspot,retry,none,,0,False,0.25637267445758805,0.2634582455471469,9683536,110,101,436000,390000,9,273964,0.9181818181818182,0.8944954128440367,0.08181818181818182,25,21,107000,94000,4,38407,0.84,0.8785046728971962,0.16,85,71,325000,259000,14,178445,0.8352941176470589,0.796923076923077,0.16470588235294117,110,92,432000,353000,18,216852,0.8363636363636363,0.8171296296296297,0.16363636363636364
sealed_holdout,15,public-hub-215-4801cfcfaafb,hub,64,65,59,0,uniform,stationary_hotspot,online,none,,0,False,0.25637267445758805,0.2636553649050957,9683536,110,101,436000,390000,9,273964,0.9181818181818182,0.8944954128440367,0.08181818181818182,25,21,107000,94000,4,38407,0.84,0.8785046728971962,0.16,85,71,325000,259000,14,178840,0.8352941176470589,0.796923076923077,0.16470588235294117,110,92,432000,353000,18,217247,0.8363636363636363,0.8171296296296297,0.16363636363636364
sealed_holdout,15,public-hub-215-4801cfcfaafb,hub,64,65,59,0,uniform,stationary_hotspot,oracle,none,,0,False,0.25637267445758805,0.2634582455471469,9683536,110,101,436000,390000,0,273964,0.9181818181818182,0.8944954128440367,0.0,25,21,107000,94000,0,38407,0.84,0.8785046728971962,0.0,85,71,325000,259000,0,178445,0.8352941176470589,0.796923076923077,0.0,110,92,432000,353000,0,216852,0.8363636363636363,0.8171296296296297,0.0
sealed_holdout,15,public-hub-215-4801cfcfaafb,hub,64,65,59,0,uniform,stationary_hotspot,online,random,N006|N022,120000,False,0.25637267445758805,0.2644566459036701,9803536,110,101,436000,390000,9,273964,0.9181818181818182,0.8944954128440367,0.08181818181818182,25,21,107000,94000,4,38407,0.84,0.8785046728971962,0.16,85,71,325000,259000,14,178820,0.8352941176470589,0.796923076923077,0.16470588235294117,110,92,432000,353000,18,217227,0.8363636363636363,0.8171296296296297,0.16363636363636364
sealed_holdout,15,public-hub-215-4801cfcfaafb,hub,64,65,59,0,uniform,stationary_hotspot,online,failure_aware,N057|N060,120000,True,0.25637267445758805,0.26625600793254195,9803536,110,101,436000,390000,9,273964,0.9181818181818182,0.8944954128440367,0.08181818181818182,25,25,107000,107000,1,41827,1.0,1.0,0.04,85,80,325000,294000,11,191460,0.9411764705882353,0.9046153846153846,0.12941176470588237,110,105,432000,401000,12,233287,0.9545454545454546,0.9282407407407407,0.10909090909090909
sealed_holdout,15,public-hub-215-4801cfcfaafb,hub,64,65,59,0,uniform,shifted_hotspot,public,none,,0,False,0.25637267445758805,0.2566149470048428,9683536,110,101,436000,390000,9,273964,0.9181818181818182,0.8944954128440367,0.08181818181818182,25,21,107000,88000,4,164437,0.84,0.822429906542056,0.16,85,69,325000,243000,16,435719,0.8117647058823529,0.7476923076923077,0.18823529411764706,110,90,432000,331000,20,600156,0.8181818181818182,0.7662037037037037,0.18181818181818182
sealed_holdout,15,public-hub-215-4801cfcfaafb,hub,64,65,59,0,uniform,shifted_hotspot,retry,none,,0,False,0.25637267445758805,0.2566149470048428,9683536,110,101,436000,390000,9,273964,0.9181818181818182,0.8944954128440367,0.08181818181818182,25,21,107000,88000,4,164437,0.84,0.822429906542056,0.16,85,69,325000,243000,16,435719,0.8117647058823529,0.7476923076923077,0.18823529411764706,110,90,432000,331000,20,600156,0.8181818181818182,0.7662037037037037,0.18181818181818182
sealed_holdout,15,public-hub-215-4801cfcfaafb,hub,64,65,59,0,uniform,shifted_hotspot,online,none,,0,False,0.25637267445758805,0.2568120663627916,9683536,110,101,436000,390000,9,273964,0.9181818181818182,0.8944954128440367,0.08181818181818182,25,21,107000,88000,4,164437,0.84,0.822429906542056,0.16,85,69,325000,243000,16,436114,0.8117647058823529,0.7476923076923077,0.18823529411764706,110,90,432000,331000,20,600551,0.8181818181818182,0.7662037037037037,0.18181818181818182
sealed_holdout,15,public-hub-215-4801cfcfaafb,hub,64,65,59,0,uniform,shifted_hotspot,oracle,none,,0,False,0.25637267445758805,0.2566149470048428,9683536,110,101,436000,390000,0,273964,0.9181818181818182,0.8944954128440367,0.0,25,21,107000,88000,0,164437,0.84,0.822429906542056,0.0,85,69,325000,243000,0,435719,0.8117647058823529,0.7476923076923077,0.0,110,90,432000,331000,0,600156,0.8181818181818182,0.7662037037037037,0.0
sealed_holdout,15,public-hub-215-4801cfcfaafb,hub,64,65,59,0,uniform,shifted_hotspot,online,random,N006|N022,120000,False,0.25637267445758805,0.25769711262984424,9803536,110,101,436000,390000,9,273964,0.9181818181818182,0.8944954128440367,0.08181818181818182,25,21,107000,88000,4,164437,0.84,0.822429906542056,0.16,85,69,325000,243000,16,436094,0.8117647058823529,0.7476923076923077,0.18823529411764706,110,90,432000,331000,20,600531,0.8181818181818182,0.7662037037037037,0.18181818181818182
sealed_holdout,15,public-hub-215-4801cfcfaafb,hub,64,65,59,0,uniform,shifted_hotspot,online,failure_aware,N057|N060,120000,False,0.25637267445758805,0.25366856304281243,9803536,110,101,436000,390000,9,273964,0.9181818181818182,0.8944954128440367,0.08181818181818182,25,21,107000,88000,4,164437,0.84,0.822429906542056,0.16,85,69,325000,243000,16,436114,0.8117647058823529,0.7476923076923077,0.18823529411764706,110,90,432000,331000,20,600551,0.8181818181818182,0.7662037037037037,0.18181818181818182
sealed_holdout,15,public-hub-215-4801cfcfaafb,hub,64,65,59,0,polarized,diffuse,public,none,,0,False,0.6873600109764076,0.6376352446448864,9683536,110,87,429000,305000,23,246460,0.7909090909090909,0.710955710955711,0.20909090909090908,25,22,78000,61000,3,36487,0.88,0.782051282051282,0.12,85,67,353000,270000,18,203943,0.788235294117647,0.7648725212464589,0.21176470588235294,110,89,431000,331000,21,240430,0.8090909090909091,0.7679814385150812,0.19090909090909092
sealed_holdout,15,public-hub-215-4801cfcfaafb,hub,64,65,59,0,polarized,diffuse,retry,none,,0,False,0.6873600109764076,0.6385400336532303,9683536,110,87,429000,305000,26,348460,0.7909090909090909,0.710955710955711,0.23636363636363636,25,22,78000,61000,3,36487,0.88,0.782051282051282,0.12,85,67,353000,270000,19,203943,0.788235294117647,0.7648725212464589,0.2235294117647059,110,89,431000,331000,22,240430,0.8090909090909091,0.7679814385150812,0.2
sealed_holdout,15,public-hub-215-4801cfcfaafb,hub,64,65,59,0,polarized,diffuse,online,none,,0,False,0.6873600109764076,0.6360053951855722,9683536,110,87,429000,305000,26,348610,0.7909090909090909,0.710955710955711,0.23636363636363636,25,22,78000,61000,3,36617,0.88,0.782051282051282,0.12,85,67,353000,270000,19,204093,0.788235294117647,0.7648725212464589,0.2235294117647059,110,89,431000,331000,22,240710,0.8090909090909091,0.7679814385150812,0.2
sealed_holdout,15,public-hub-215-4801cfcfaafb,hub,64,65,59,0,polarized,diffuse,oracle,none,,0,False,0.6873600109764076,0.6385400336532303,9683536,110,87,429000,305000,0,348460,0.7909090909090909,0.710955710955711,0.0,25,22,78000,61000,0,36487,0.88,0.782051282051282,0.0,85,67,353000,270000,0,203943,0.788235294117647,0.7648725212464589,0.0,110,89,431000,331000,0,240430,0.8090909090909091,0.7679814385150812,0.0
sealed_holdout,15,public-hub-215-4801cfcfaafb,hub,64,65,59,0,polarized,diffuse,online,random,N006|N022,120000,False,0.6873600109764076,0.6212271383521575,9803536,110,87,429000,305000,26,348610,0.7909090909090909,0.710955710955711,0.23636363636363636,25,22,78000,61000,4,36617,0.88,0.782051282051282,0.16,85,68,353000,272000,18,206353,0.8,0.7705382436260623,0.21176470588235294,110,90,431000,333000,22,242970,0.8181818181818182,0.7726218097447796,0.2
sealed_holdout,15,public-hub-215-4801cfcfaafb,hub,64,65,59,0,polarized,diffuse,online,failure_aware,N058|N059,120000,False,0.6873600109764076,0.6282203829795407,9803536,110,87,429000,305000,26,348610,0.7909090909090909,0.710955710955711,0.23636363636363636,25,22,78000,61000,3,36617,0.88,0.782051282051282,0.12,85,67,353000,270000,19,204093,0.788235294117647,0.7648725212464589,0.2235294117647059,110,89,431000,331000,22,240710,0.8090909090909091,0.7679814385150812,0.2
sealed_holdout,15,public-hub-215-4801cfcfaafb,hub,64,65,59,0,polarized,stationary_hotspot,public,none,,0,False,0.6873600109764076,0.6629405466438182,9683536,110,88,436000,314000,22,206118,0.8,0.7201834862385321,0.2,25,20,107000,86000,5,37234,0.8,0.8037383177570093,0.2,85,64,325000,231000,21,169619,0.7529411764705882,0.7107692307692308,0.24705882352941178,110,84,432000,317000,26,206853,0.7636363636363637,0.7337962962962963,0.23636363636363636
sealed_holdout,15,public-hub-215-4801cfcfaafb,hub,64,65,59,0,polarized,stationary_hotspot,retry,none,,0,False,0.6873600109764076,0.6629405466438182,9683536,110,88,436000,314000,22,206118,0.8,0.7201834862385321,0.2,25,20,107000,86000,5,37234,0.8,0.8037383177570093,0.2,85,64,325000,231000,21,169619,0.7529411764705882,0.7107692307692308,0.24705882352941178,110,84,432000,317000,26,206853,0.7636363636363637,0.7337962962962963,0.23636363636363636
sealed_holdout,15,public-hub-215-4801cfcfaafb,hub,64,65,59,0,polarized,stationary_hotspot,online,none,,0,False,0.6873600109764076,0.6635126105931887,9683536,110,88,436000,314000,22,206118,0.8,0.7201834862385321,0.2,25,20,107000,86000,5,37234,0.8,0.8037383177570093,0.2,85,64,325000,231000,22,169879,0.7529411764705882,0.7107692307692308,0.25882352941176473,110,84,432000,317000,27,207113,0.7636363636363637,0.7337962962962963,0.24545454545454545
sealed_holdout,15,public-hub-215-4801cfcfaafb,hub,64,65,59,0,polarized,stationary_hotspot,oracle,none,,0,False,0.6873600109764076,0.6629405466438182,9683536,110,88,436000,314000,0,206118,0.8,0.7201834862385321,0.0,25,20,107000,86000,0,37234,0.8,0.8037383177570093,0.0,85,64,325000,231000,0,169619,0.7529411764705882,0.7107692307692308,0.0,110,84,432000,317000,0,206853,0.7636363636363637,0.7337962962962963,0.0
sealed_holdout,15,public-hub-215-4801cfcfaafb,hub,64,65,59,0,polarized,stationary_hotspot,online,random,N006|N022,120000,False,0.6873600109764076,0.6553908968287692,9803536,110,88,436000,314000,22,206118,0.8,0.7201834862385321,0.2,25,20,107000,86000,5,37234,0.8,0.8037383177570093,0.2,85,64,325000,231000,22,169879,0.7529411764705882,0.7107692307692308,0.25882352941176473,110,84,432000,317000,27,207113,0.7636363636363637,0.7337962962962963,0.24545454545454545
sealed_holdout,15,public-hub-215-4801cfcfaafb,hub,64,65,59,0,polarized,stationary_hotspot,online,failure_aware,N057|N060,120000,True,0.6873600109764076,0.6596051154343158,9803536,110,88,436000,314000,22,206118,0.8,0.7201834862385321,0.2,25,24,107000,99000,1,38854,0.96,0.9252336448598131,0.04,85,73,325000,266000,19,182299,0.8588235294117647,0.8184615384615385,0.2235294117647059,110,97,432000,365000,20,221153,0.8818181818181818,0.8449074074074074,0.18181818181818182
sealed_holdout,15,public-hub-215-4801cfcfaafb,hub,64,65,59,0,polarized,shifted_hotspot,public,none,,0,False,0.6873600109764076,0.653111473412562,9683536,110,88,436000,314000,22,206118,0.8,0.7201834862385321,0.2,25,20,107000,81000,5,172278,0.8,0.7570093457943925,0.2,85,62,325000,215000,23,426893,0.7294117647058823,0.6615384615384615,0.27058823529411763,110,82,432000,296000,28,599171,0.7454545454545455,0.6851851851851852,0.2545454545454545
sealed_holdout,15,public-hub-215-4801cfcfaafb,hub,64,65,59,0,polarized,shifted_hotspot,retry,none,,0,False,0.6873600109764076,0.653111473412562,9683536,110,88,436000,314000,22,206118,0.8,0.7201834862385321,0.2,25,20,107000,81000,5,172278,0.8,0.7570093457943925,0.2,85,62,325000,215000,23,426893,0.7294117647058823,0.6615384615384615,0.27058823529411763,110,82,432000,296000,28,599171,0.7454545454545455,0.6851851851851852,0.2545454545454545
sealed_holdout,15,public-hub-215-4801cfcfaafb,hub,64,65,59,0,polarized,shifted_hotspot,online,none,,0,False,0.6873600109764076,0.6536835373619325,9683536,110,88,436000,314000,22,206118,0.8,0.7201834862385321,0.2,25,20,107000,81000,5,172278,0.8,0.7570093457943925,0.2,85,62,325000,215000,24,427153,0.7294117647058823,0.6615384615384615,0.2823529411764706,110,82,432000,296000,29,599431,0.7454545454545455,0.6851851851851852,0.2636363636363636
sealed_holdout,15,public-hub-215-4801cfcfaafb,hub,64,65,59,0,polarized,shifted_hotspot,oracle,none,,0,False,0.6873600109764076,0.653111473412562,9683536,110,88,436000,314000,0,206118,0.8,0.7201834862385321,0.0,25,20,107000,81000,0,172278,0.8,0.7570093457943925,0.0,85,62,325000,215000,0,426893,0.7294117647058823,0.6615384615384615,0.0,110,82,432000,296000,0,599171,0.7454545454545455,0.6851851851851852,0.0
sealed_holdout,15,public-hub-215-4801cfcfaafb,hub,64,65,59,0,polarized,shifted_hotspot,online,random,N006|N022,120000,False,0.6873600109764076,0.645682136185517,9803536,110,88,436000,314000,22,206118,0.8,0.7201834862385321,0.2,25,20,107000,81000,5,172278,0.8,0.7570093457943925,0.2,85,62,325000,215000,24,427153,0.7294117647058823,0.6615384615384615,0.2823529411764706,110,82,432000,296000,29,599431,0.7454545454545455,0.6851851851851852,0.2636363636363636
sealed_holdout,15,public-hub-215-4801cfcfaafb,hub,64,65,59,0,polarized,shifted_hotspot,online,failure_aware,N057|N060,120000,False,0.6873600109764076,0.645682136185517,9803536,110,88,436000,314000,22,206118,0.8,0.7201834862385321,0.2,25,20,107000,81000,5,172278,0.8,0.7570093457943925,0.2,85,62,325000,215000,24,427153,0.7294117647058823,0.6615384615384615,0.2823529411764706,110,82,432000,296000,29,599431,0.7454545454545455,0.6851851851851852,0.2636363636363636
sealed_holdout,15,public-hub-215-4801cfcfaafb,hub,64,65,59,1,balanced_band,diffuse,public,none,,0,False,0.06498619778497011,0.09195900214729141,9683536,110,107,469000,451000,3,350597,0.9727272727272728,0.9616204690831557,0.02727272727272727,25,23,134000,121000,2,40645,0.92,0.9029850746268657,0.08,85,80,333000,299000,5,188644,0.9411764705882353,0.8978978978978979,0.058823529411764705,110,103,467000,420000,7,229289,0.9363636363636364,0.8993576017130621,0.06363636363636363
sealed_holdout,15,public-hub-215-4801cfcfaafb,hub,64,65,59,1,balanced_band,diffuse,retry,none,,0,False,0.06498619778497011,0.09195900214729141,9683536,110,107,469000,451000,3,350597,0.9727272727272728,0.9616204690831557,0.02727272727272727,25,23,134000,121000,2,40645,0.92,0.9029850746268657,0.08,85,80,333000,299000,6,188644,0.9411764705882353,0.8978978978978979,0.07058823529411765,110,103,467000,420000,8,229289,0.9363636363636364,0.8993576017130621,0.07272727272727272
sealed_holdout,15,public-hub-215-4801cfcfaafb,hub,64,65,59,1,balanced_band,diffuse,online,none,,0,False,0.06498619778497011,0.09508761336821737,9683536,110,107,469000,451000,3,350597,0.9727272727272728,0.9616204690831557,0.02727272727272727,25,23,134000,121000,2,40960,0.92,0.9029850746268657,0.08,85,80,333000,299000,6,188794,0.9411764705882353,0.8978978978978979,0.07058823529411765,110,103,467000,420000,8,229754,0.9363636363636364,0.8993576017130621,0.07272727272727272
sealed_holdout,15,public-hub-215-4801cfcfaafb,hub,64,65,59,1,balanced_band,diffuse,oracle,none,,0,False,0.06498619778497011,0.09195900214729141,9683536,110,107,469000,451000,0,350597,0.9727272727272728,0.9616204690831557,0.0,25,23,134000,121000,0,40645,0.92,0.9029850746268657,0.0,85,80,333000,299000,0,188644,0.9411764705882353,0.8978978978978979,0.0,110,103,467000,420000,0,229289,0.9363636363636364,0.8993576017130621,0.0
sealed_holdout,15,public-hub-215-4801cfcfaafb,hub,64,65,59,1,balanced_band,diffuse,online,random,N018|N063,120000,False,0.06498619778497011,0.09403541219351678,9803536,110,107,469000,451000,3,350597,0.9727272727272728,0.9616204690831557,0.02727272727272727,25,24,134000,126000,1,43810,0.96,0.9402985074626866,0.04,85,81,333000,304000,4,139915,0.9529411764705882,0.9129129129129129,0.047058823529411764,110,105,467000,430000,5,183725,0.9545454545454546,0.9207708779443254,0.045454545454545456
sealed_holdout,15,public-hub-215-4801cfcfaafb,hub,64,65,59,1,balanced_band,diffuse,online,failure_aware,N040|N049,120000,False,0.06498619778497011,0.09360605193503087,9803536,110,107,469000,451000,3,350597,0.9727272727272728,0.9616204690831557,0.02727272727272727,25,23,134000,121000,2,40960,0.92,0.9029850746268657,0.08,85,81,333000,307000,6,192922,0.9529411764705882,0.9219219219219219,0.07058823529411765,110,104,467000,428000,8,233882,0.9454545454545454,0.9164882226980728,0.07272727272727272
sealed_holdout,15,public-hub-215-4801cfcfaafb,hub,64,65,59,1,balanced_band,stationary_hotspot,public,none,,0,False,0.06498619778497011,0.10688008385002079,9683536,110,103,420000,379000,7,390778,0.9363636363636364,0.9023809523809524,0.06363636363636363,25,19,110000,83000,6,35539,0.76,0.7545454545454545,0.24,85,76,369000,317000,9,205523,0.8941176470588236,0.8590785907859079,0.10588235294117647,110,95,479000,400000,15,241062,0.8636363636363636,0.8350730688935282,0.13636363636363635
sealed_holdout,15,public-hub-215-4801cfcfaafb,hub,64,65,59,1,balanced_band,stationary_hotspot,retry,none,,0,False,0.06498619778497011,0.10688008385002079,9683536,110,103,420000,379000,7,390778,0.9363636363636364,0.9023809523809524,0.06363636363636363,25,19,110000,83000,6,35539,0.76,0.7545454545454545,0.24,85,76,369000,317000,9,205523,0.8941176470588236,0.8590785907859079,0.10588235294117647,110,95,479000,400000,15,241062,0.8636363636363636,0.8350730688935282,0.13636363636363635
sealed_holdout,15,public-hub-215-4801cfcfaafb,hub,64,65,59,1,balanced_band,stationary_hotspot,online,none,,0,False,0.06498619778497011,0.10789568997625816,9683536,110,103,420000,379000,7,390778,0.9363636363636364,0.9023809523809524,0.06363636363636363,25,19,110000,83000,6,35704,0.76,0.7545454545454545,0.24,85,76,369000,317000,9,205523,0.8941176470588236,0.8590785907859079,0.10588235294117647,110,95,479000,400000,15,241227,0.8636363636363636,0.8350730688935282,0.13636363636363635
sealed_holdout,15,public-hub-215-4801cfcfaafb,hub,64,65,59,1,balanced_band,stationary_hotspot,oracle,none,,0,False,0.06498619778497011,0.10688008385002079,9683536,110,103,420000,379000,0,390778,0.9363636363636364,0.9023809523809524,0.0,25,19,110000,83000,0,35539,0.76,0.7545454545454545,0.0,85,76,369000,317000,0,205523,0.8941176470588236,0.8590785907859079,0.0,110,95,479000,400000,0,241062,0.8636363636363636,0.8350730688935282,0.0
sealed_holdout,15,public-hub-215-4801cfcfaafb,hub,64,65,59,1,balanced_band,stationary_hotspot,online,random,N018|N063,120000,False,0.06498619778497011,0.10908339552616471,9803536,110,103,420000,379000,7,390778,0.9363636363636364,0.9023809523809524,0.06363636363636363,25,21,110000,90000,4,39859,0.84,0.8181818181818182,0.16,85,76,369000,317000,9,135536,0.8941176470588236,0.8590785907859079,0.10588235294117647,110,97,479000,407000,13,175395,0.8818181818181818,0.8496868475991649,0.11818181818181818
sealed_holdout,15,public-hub-215-4801cfcfaafb,hub,64,65,59,1,balanced_band,stationary_hotspot,online,failure_aware,N059|N061,120000,True,0.06498619778497011,0.11815019498160396,9803536,110,103,420000,379000,7,390778,0.9363636363636364,0.9023809523809524,0.06363636363636363,25,22,110000,95000,4,37435,0.88,0.8636363636363636,0.16,85,84,369000,364000,12,213751,0.9882352941176471,0.986449864498645,0.1411764705882353,110,106,479000,459000,16,251186,0.9636363636363636,0.9582463465553236,0.14545454545454545
sealed_holdout,15,public-hub-215-4801cfcfaafb,hub,64,65,59,1,balanced_band,shifted_hotspot,public,none,,0,False,0.06498619778497011,0.12297224960092631,9683536,110,103,420000,379000,7,390778,0.9363636363636364,0.9023809523809524,0.06363636363636363,25,22,110000,95000,3,37633,0.88,0.8636363636363636,0.12,85,82,369000,351000,3,205596,0.9647058823529412,0.9512195121951219,0.03529411764705882,110,104,479000,446000,6,243229,0.9454545454545454,0.9311064718162839,0.05454545454545454
sealed_holdout,15,public-hub-215-4801cfcfaafb,hub,64,65,59,1,balanced_band,shifted_hotspot,retry,none,,0,False,0.06498619778497011,0.12297224960092631,9683536,110,103,420000,379000,7,390778,0.9363636363636364,0.9023809523809524,0.06363636363636363,25,22,110000,95000,3,37633,0.88,0.8636363636363636,0.12,85,82,369000,351000,3,205596,0.9647058823529412,0.9512195121951219,0.03529411764705882,110,104,479000,446000,6,243229,0.9454545454545454,0.9311064718162839,0.05454545454545454
sealed_holdout,15,public-hub-215-4801cfcfaafb,hub,64,65,59,1,balanced_band,shifted_hotspot,online,none,,0,False,0.06498619778497011,0.12398785572716371,9683536,110,103,420000,379000,7,390778,0.9363636363636364,0.9023809523809524,0.06363636363636363,25,22,110000,95000,3,37798,0.88,0.8636363636363636,0.12,85,82,369000,351000,3,205596,0.9647058823529412,0.9512195121951219,0.03529411764705882,110,104,479000,446000,6,243394,0.9454545454545454,0.9311064718162839,0.05454545454545454
sealed_holdout,15,public-hub-215-4801cfcfaafb,hub,64,65,59,1,balanced_band,shifted_hotspot,oracle,none,,0,False,0.06498619778497011,0.12297224960092631,9683536,110,103,420000,379000,0,390778,0.9363636363636364,0.9023809523809524,0.0,25,22,110000,95000,0,37633,0.88,0.8636363636363636,0.0,85,82,369000,351000,0,205596,0.9647058823529412,0.9512195121951219,0.0,110,104,479000,446000,0,243229,0.9454545454545454,0.9311064718162839,0.0
sealed_holdout,15,public-hub-215-4801cfcfaafb,hub,64,65,59,1,balanced_band,shifted_hotspot,online,random,N018|N063,120000,False,0.06498619778497011,0.12497858542161269,9803536,110,103,420000,379000,7,390778,0.9363636363636364,0.9023809523809524,0.06363636363636363,25,24,110000,102000,1,41953,0.96,0.9272727272727272,0.04,85,82,369000,351000,3,135609,0.9647058823529412,0.9512195121951219,0.03529411764705882,110,106,479000,453000,4,177562,0.9636363636363636,0.9457202505219207,0.03636363636363636
sealed_holdout,15,public-hub-215-4801cfcfaafb,hub,64,65,59,1,balanced_band,shifted_hotspot,online,failure_aware,N059|N061,120000,False,0.06498619778497011,0.12247018468609652,9803536,110,103,420000,379000,7,390778,0.9363636363636364,0.9023809523809524,0.06363636363636363,25,22,110000,95000,3,37798,0.88,0.8636363636363636,0.12,85,82,369000,351000,3,205596,0.9647058823529412,0.9512195121951219,0.03529411764705882,110,104,479000,446000,6,243394,0.9454545454545454,0.9311064718162839,0.05454545454545454
sealed_holdout,15,public-hub-215-4801cfcfaafb,hub,64,65,59,1,uniform,diffuse,public,none,,0,False,0.3743213490281447,0.36960095279997085,9683536,110,98,469000,408000,12,343140,0.8909090909090909,0.8699360341151386,0.10909090909090909,25,20,134000,100000,5,34463,0.8,0.746268656716418,0.2,85,78,333000,290000,7,187341,0.9176470588235294,0.8708708708708709,0.08235294117647059,110,98,467000,390000,12,221804,0.8909090909090909,0.8351177730192719,0.10909090909090909
sealed_holdout,15,public-hub-215-4801cfcfaafb,hub,64,65,59,1,uniform,diffuse,retry,none,,0,False,0.3743213490281447,0.3700631235697189,9683536,110,99,469000,409000,13,345272,0.9,0.8720682302771855,0.11818181818181818,25,20,134000,100000,6,34463,0.8,0.746268656716418,0.24,85,78,333000,290000,8,187341,0.9176470588235294,0.8708708708708709,0.09411764705882353,110,98,467000,390000,14,221804,0.8909090909090909,0.8351177730192719,0.12727272727272726
sealed_holdout,15,public-hub-215-4801cfcfaafb,hub,64,65,59,1,uniform,diffuse,online,none,,0,False,0.3743213490281447,0.3700631235697189,9683536,110,99,469000,409000,13,345272,0.9,0.8720682302771855,0.11818181818181818,25,20,134000,100000,6,34463,0.8,0.746268656716418,0.24,85,78,333000,290000,8,187341,0.9176470588235294,0.8708708708708709,0.09411764705882353,110,98,467000,390000,14,221804,0.8909090909090909,0.8351177730192719,0.12727272727272726
sealed_holdout,15,public-hub-215-4801cfcfaafb,hub,64,65,59,1,uniform,diffuse,oracle,none,,0,False,0.3743213490281447,0.3700631235697189,9683536,110,99,469000,409000,0,345272,0.9,0.8720682302771855,0.0,25,20,134000,100000,0,34463,0.8,0.746268656716418,0.0,85,78,333000,290000,0,187341,0.9176470588235294,0.8708708708708709,0.0,110,98,467000,390000,0,221804,0.8909090909090909,0.8351177730192719,0.0
sealed_holdout,15,public-hub-215-4801cfcfaafb,hub,64,65,59,1,uniform,diffuse,online,random,N018|N063,120000,False,0.3743213490281447,0.3657306917141899,9803536,110,99,469000,409000,13,345272,0.9,0.8720682302771855,0.11818181818181818,25,22,134000,110000,5,39713,0.88,0.8208955223880597,0.2,85,78,333000,290000,9,136257,0.9176470588235294,0.8708708708708709,0.10588235294117647,110,100,467000,400000,14,175970,0.9090909090909091,0.8565310492505354,0.12727272727272726
sealed_holdout,15,public-hub-215-4801cfcfaafb,hub,64,65,59,1,uniform,diffuse,online,failure_aware,N050|N052,120000,False,0.3743213490281447,0.3655333727911869,9803536,110,99,469000,409000,13,345272,0.9,0.8720682302771855,0.11818181818181818,25,20,134000,100000,6,34463,0.8,0.746268656716418,0.24,85,78,333000,290000,8,187341,0.9176470588235294,0.8708708708708709,0.09411764705882353,110,98,467000,390000,14,221804,0.8909090909090909,0.8351177730192719,0.12727272727272726
sealed_holdout,15,public-hub-215-4801cfcfaafb,hub,64,65,59,1,uniform,stationary_hotspot,public,none,,0,False,0.3743213490281447,0.41842405029996815,9683536,110,98,420000,348000,12,309037,0.8909090909090909,0.8285714285714286,0.10909090909090909,25,20,110000,85000,5,54547,0.8,0.7727272727272727,0.2,85,76,369000,317000,9,206023,0.8941176470588236,0.8590785907859079,0.10588235294117647,110,96,479000,402000,14,260570,0.8727272727272727,0.8392484342379958,0.12727272727272726
sealed_holdout,15,public-hub-215-4801cfcfaafb,hub,64,65,59,1,uniform,stationary_hotspot,retry,none,,0,False,0.3743213490281447,0.41842405029996815,9683536,110,98,420000,348000,12,309037,0.8909090909090909,0.8285714285714286,0.10909090909090909,25,20,110000,85000,5,54547,0.8,0.7727272727272727,0.2,85,76,369000,317000,9,206023,0.8941176470588236,0.8590785907859079,0.10588235294117647,110,96,479000,402000,14,260570,0.8727272727272727,0.8392484342379958,0.12727272727272726
sealed_holdout,15,public-hub-215-4801cfcfaafb,hub,64,65,59,1,uniform,stationary_hotspot,online,none,,0,False,0.3743213490281447,0.4193076426316444,9683536,110,98,420000,348000,12,309037,0.8909090909090909,0.8285714285714286,0.10909090909090909,25,20,110000,85000,5,54712,0.8,0.7727272727272727,0.2,85,76,369000,317000,9,206023,0.8941176470588236,0.8590785907859079,0.10588235294117647,110,96,479000,402000,14,260735,0.8727272727272727,0.8392484342379958,0.12727272727272726
sealed_holdout,15,public-hub-215-4801cfcfaafb,hub,64,65,59,1,uniform,stationary_hotspot,oracle,none,,0,False,0.3743213490281447,0.41842405029996815,9683536,110,98,420000,348000,0,309037,0.8909090909090909,0.8285714285714286,0.0,25,20,110000,85000,0,54547,0.8,0.7727272727272727,0.0,85,76,369000,317000,0,206023,0.8941176470588236,0.8590785907859079,0.0,110,96,479000,402000,0,260570,0.8727272727272727,0.8392484342379958,0.0
sealed_holdout,15,public-hub-215-4801cfcfaafb,hub,64,65,59,1,uniform,stationary_hotspot,online,random,N018|N063,120000,False,0.3743213490281447,0.4125495655994909,9803536,110,98,420000,348000,12,309037,0.8909090909090909,0.8285714285714286,0.10909090909090909,25,20,110000,85000,7,38059,0.8,0.7727272727272727,0.28,85,76,369000,317000,9,136036,0.8941176470588236,0.8590785907859079,0.10588235294117647,110,96,479000,402000,16,174095,0.8727272727272727,0.8392484342379958,0.14545454545454545
sealed_holdout,15,public-hub-215-4801cfcfaafb,hub,64,65,59,1,uniform,stationary_hotspot,online,failure_aware,N059|N061,120000,True,0.3743213490281447,0.42582463474414345,9803536,110,98,420000,348000,12,309037,0.8909090909090909,0.8285714285714286,0.10909090909090909,25,23,110000,97000,3,56443,0.92,0.8818181818181818,0.12,85,84,369000,364000,14,214251,0.9882352941176471,0.986449864498645,0.16470588235294117,110,107,479000,461000,17,270694,0.9727272727272728,0.9624217118997912,0.15454545454545454
sealed_holdout,15,public-hub-215-4801cfcfaafb,hub,64,65,59,1,uniform,shifted_hotspot,public,none,,0,False,0.3743213490281447,0.4279290167789665,9683536,110,98,420000,348000,12,309037,0.8909090909090909,0.8285714285714286,0.10909090909090909,25,23,110000,97000,2,56641,0.92,0.8818181818181818,0.08,85,80,369000,342000,5,202556,0.9411764705882353,0.926829268292683,0.058823529411764705,110,103,479000,439000,7,259197,0.9363636363636364,0.9164926931106472,0.06363636363636363
sealed_holdout,15,public-hub-215-4801cfcfaafb,hub,64,65,59,1,uniform,shifted_hotspot,retry,none,,0,False,0.3743213490281447,0.4279290167789665,9683536,110,98,420000,348000,12,309037,0.8909090909090909,0.8285714285714286,0.10909090909090909,25,23,110000,97000,2,56641,0.92,0.8818181818181818,0.08,85,80,369000,342000,5,202556,0.9411764705882353,0.926829268292683,0.058823529411764705,110,103,479000,439000,7,259197,0.9363636363636364,0.9164926931106472,0.06363636363636363
sealed_holdout,15,public-hub-215-4801cfcfaafb,hub,64,65,59,1,uniform,shifted_hotspot,online,none,,0,False,0.3743213490281447,0.42881260911064273,9683536,110,98,420000,348000,12,309037,0.8909090909090909,0.8285714285714286,0.10909090909090909,25,23,110000,97000,2,56806,0.92,0.8818181818181818,0.08,85,80,369000,342000,5,202556,0.9411764705882353,0.926829268292683,0.058823529411764705,110,103,479000,439000,7,259362,0.9363636363636364,0.9164926931106472,0.06363636363636363
sealed_holdout,15,public-hub-215-4801cfcfaafb,hub,64,65,59,1,uniform,shifted_hotspot,oracle,none,,0,False,0.3743213490281447,0.4279290167789665,9683536,110,98,420000,348000,0,309037,0.8909090909090909,0.8285714285714286,0.0,25,23,110000,97000,0,56641,0.92,0.8818181818181818,0.0,85,80,369000,342000,0,202556,0.9411764705882353,0.926829268292683,0.0,110,103,479000,439000,0,259197,0.9363636363636364,0.9164926931106472,0.0
sealed_holdout,15,public-hub-215-4801cfcfaafb,hub,64,65,59,1,uniform,shifted_hotspot,online,random,N018|N063,120000,False,0.3743213490281447,0.42193818671315586,9803536,110,98,420000,348000,12,309037,0.8909090909090909,0.8285714285714286,0.10909090909090909,25,23,110000,97000,4,40153,0.92,0.8818181818181818,0.16,85,80,369000,342000,5,132569,0.9411764705882353,0.926829268292683,0.058823529411764705,110,103,479000,439000,9,172722,0.9363636363636364,0.9164926931106472,0.08181818181818182
sealed_holdout,15,public-hub-215-4801cfcfaafb,hub,64,65,59,1,uniform,shifted_hotspot,online,failure_aware,N059|N061,120000,False,0.3743213490281447,0.4235637363474604,9803536,110,98,420000,348000,12,309037,0.8909090909090909,0.8285714285714286,0.10909090909090909,25,23,110000,97000,2,56806,0.92,0.8818181818181818,0.08,85,80,369000,342000,5,202556,0.9411764705882353,0.926829268292683,0.058823529411764705,110,103,479000,439000,7,259362,0.9363636363636364,0.9164926931106472,0.06363636363636363
sealed_holdout,15,public-hub-215-4801cfcfaafb,hub,64,65,59,1,polarized,diffuse,public,none,,0,False,0.7426672433198099,0.6783019718731587,9683536,110,79,469000,297000,31,158165,0.7181818181818181,0.6332622601279317,0.2818181818181818,25,16,134000,71000,9,27308,0.64,0.5298507462686567,0.36,85,69,333000,250000,16,170441,0.8117647058823529,0.7507507507507507,0.18823529411764706,110,85,467000,321000,25,197749,0.7727272727272727,0.6873661670235546,0.22727272727272727
sealed_holdout,15,public-hub-215-4801cfcfaafb,hub,64,65,59,1,polarized,diffuse,retry,none,,0,False,0.7426672433198099,0.6845580958802523,9683536,110,81,469000,303000,33,163507,0.7363636363636363,0.6460554371002132,0.3,25,16,134000,71000,11,27308,0.64,0.5298507462686567,0.44,85,69,333000,250000,17,170441,0.8117647058823529,0.7507507507507507,0.2,110,85,467000,321000,28,197749,0.7727272727272727,0.6873661670235546,0.2545454545454545
sealed_holdout,15,public-hub-215-4801cfcfaafb,hub,64,65,59,1,polarized,diffuse,online,none,,0,False,0.7426672433198099,0.6845580958802523,9683536,110,81,469000,303000,33,163507,0.7363636363636363,0.6460554371002132,0.3,25,16,134000,71000,11,27308,0.64,0.5298507462686567,0.44,85,69,333000,250000,17,170441,0.8117647058823529,0.7507507507507507,0.2,110,85,467000,321000,28,197749,0.7727272727272727,0.6873661670235546,0.2545454545454545
sealed_holdout,15,public-hub-215-4801cfcfaafb,hub,64,65,59,1,polarized,diffuse,oracle,none,,0,False,0.7426672433198099,0.6845580958802523,9683536,110,81,469000,303000,0,163507,0.7363636363636363,0.6460554371002132,0.0,25,16,134000,71000,0,27308,0.64,0.5298507462686567,0.0,85,69,333000,250000,0,170441,0.8117647058823529,0.7507507507507507,0.0,110,85,467000,321000,0,197749,0.7727272727272727,0.6873661670235546,0.0
sealed_holdout,15,public-hub-215-4801cfcfaafb,hub,64,65,59,1,polarized,diffuse,online,random,N018|N063,120000,False,0.7426672433198099,0.6778141692831393,9803536,110,81,469000,303000,33,163507,0.7363636363636363,0.6460554371002132,0.3,25,18,134000,81000,11,32558,0.72,0.6044776119402985,0.44,85,69,333000,250000,18,119357,0.8117647058823529,0.7507507507507507,0.21176470588235294,110,87,467000,331000,29,151915,0.7909090909090909,0.708779443254818,0.2636363636363636
sealed_holdout,15,public-hub-215-4801cfcfaafb,hub,64,65,59,1,polarized,diffuse,online,failure_aware,N055|N063,120000,False,0.7426672433198099,0.6759670850531806,9803536,110,81,469000,303000,33,163507,0.7363636363636363,0.6460554371002132,0.3,25,16,134000,71000,12,27308,0.64,0.5298507462686567,0.48,85,69,333000,250000,17,119357,0.8117647058823529,0.7507507507507507,0.2,110,85,467000,321000,29,146665,0.7727272727272727,0.6873661670235546,0.2636363636363636
sealed_holdout,15,public-hub-215-4801cfcfaafb,hub,64,65,59,1,polarized,stationary_hotspot,public,none,,0,False,0.7426672433198099,0.7334341141404094,9683536,110,78,420000,245000,32,156928,0.7090909090909091,0.5833333333333334,0.2909090909090909,25,18,110000,75000,7,33706,0.72,0.6818181818181818,0.28,85,61,369000,245000,24,111336,0.7176470588235294,0.6639566395663956,0.2823529411764706,110,79,479000,320000,31,145042,0.7181818181818181,0.6680584551148225,0.2818181818181818
sealed_holdout,15,public-hub-215-4801cfcfaafb,hub,64,65,59,1,polarized,stationary_hotspot,retry,none,,0,False,0.7426672433198099,0.7313287702069953,9683536,110,79,420000,246000,34,258558,0.7181818181818181,0.5857142857142857,0.3090909090909091,25,18,110000,75000,7,33706,0.72,0.6818181818181818,0.28,85,62,369000,247000,26,214491,0.7294117647058823,0.6693766937669376,0.3058823529411765,110,80,479000,322000,33,248197,0.7272727272727273,0.6722338204592901,0.3
sealed_holdout,15,public-hub-215-4801cfcfaafb,hub,64,65,59,1,polarized,stationary_hotspot,online,none,,0,False,0.7426672433198099,0.7313287702069953,9683536,110,79,420000,246000,34,258558,0.7181818181818181,0.5857142857142857,0.3090909090909091,25,18,110000,75000,7,33871,0.72,0.6818181818181818,0.28,85,62,369000,247000,27,214656,0.7294117647058823,0.6693766937669376,0.3176470588235294,110,80,479000,322000,34,248527,0.7272727272727273,0.6722338204592901,0.3090909090909091
sealed_holdout,15,public-hub-215-4801cfcfaafb,hub,64,65,59,1,polarized,stationary_hotspot,oracle,none,,0,False,0.7426672433198099,0.7313287702069953,9683536,110,79,420000,246000,0,258558,0.7181818181818181,0.5857142857142857,0.0,25,18,110000,75000,0,33706,0.72,0.6818181818181818,0.0,85,62,369000,247000,0,214491,0.7294117647058823,0.6693766937669376,0.0,110,80,479000,322000,0,248197,0.7272727272727273,0.6722338204592901,0.0
sealed_holdout,15,public-hub-215-4801cfcfaafb,hub,64,65,59,1,polarized,stationary_hotspot,online,random,N018|N063,120000,False,0.7426672433198099,0.7225933290302539,9803536,110,79,420000,246000,34,258558,0.7181818181818181,0.5857142857142857,0.3090909090909091,25,19,110000,77000,8,36226,0.76,0.7,0.32,85,62,369000,247000,29,214656,0.7294117647058823,0.6693766937669376,0.3411764705882353,110,81,479000,324000,37,250882,0.7363636363636363,0.6764091858037579,0.33636363636363636
sealed_holdout,15,public-hub-215-4801cfcfaafb,hub,64,65,59,1,polarized,stationary_hotspot,online,failure_aware,N059|N061,120000,True,0.7426672433198099,0.7339343558433749,9803536,110,79,420000,246000,34,258558,0.7181818181818181,0.5857142857142857,0.3090909090909091,25,21,110000,87000,5,35074,0.84,0.7909090909090909,0.2,85,70,369000,294000,33,223412,0.8235294117647058,0.7967479674796748,0.38823529411764707,110,91,479000,381000,38,258486,0.8272727272727273,0.7954070981210856,0.34545454545454546
sealed_holdout,15,public-hub-215-4801cfcfaafb,hub,64,65,59,1,polarized,shifted_hotspot,public,none,,0,False,0.7426672433198099,0.7281440573896273,9683536,110,78,420000,245000,32,156928,0.7090909090909091,0.5833333333333334,0.2909090909090909,25,18,110000,69000,7,30220,0.72,0.6272727272727273,0.28,85,60,369000,223000,25,97201,0.7058823529411765,0.6043360433604336,0.29411764705882354,110,78,479000,292000,32,127421,0.7090909090909091,0.6096033402922756,0.2909090909090909
sealed_holdout,15,public-hub-215-4801cfcfaafb,hub,64,65,59,1,polarized,shifted_hotspot,retry,none,,0,False,0.7426672433198099,0.7260387134562131,9683536,110,79,420000,246000,34,258558,0.7181818181818181,0.5857142857142857,0.3090909090909091,25,18,110000,69000,7,30220,0.72,0.6272727272727273,0.28,85,61,369000,225000,28,200356,0.7176470588235294,0.6097560975609756,0.32941176470588235,110,79,479000,294000,35,230576,0.7181818181818181,0.6137787056367432,0.3181818181818182
sealed_holdout,15,public-hub-215-4801cfcfaafb,hub,64,65,59,1,polarized,shifted_hotspot,online,none,,0,False,0.7426672433198099,0.729264202135958,9683536,110,79,420000,246000,34,258558,0.7181818181818181,0.5857142857142857,0.3090909090909091,25,18,110000,69000,7,30385,0.72,0.6272727272727273,0.28,85,61,369000,225000,28,200356,0.7176470588235294,0.6097560975609756,0.32941176470588235,110,79,479000,294000,35,230741,0.7181818181818181,0.6137787056367432,0.3181818181818182
sealed_holdout,15,public-hub-215-4801cfcfaafb,hub,64,65,59,1,polarized,shifted_hotspot,oracle,none,,0,False,0.7426672433198099,0.7260387134562131,9683536,110,79,420000,246000,0,258558,0.7181818181818181,0.5857142857142857,0.0,25,18,110000,69000,0,30220,0.72,0.6272727272727273,0.0,85,61,369000,225000,0,200356,0.7176470588235294,0.6097560975609756,0.0,110,79,479000,294000,0,230576,0.7181818181818181,0.6137787056367432,0.0
sealed_holdout,15,public-hub-215-4801cfcfaafb,hub,64,65,59,1,polarized,shifted_hotspot,online,random,N018|N063,120000,False,0.7426672433198099,0.7204752665904565,9803536,110,79,420000,246000,34,258558,0.7181818181818181,0.5857142857142857,0.3090909090909091,25,19,110000,71000,8,32740,0.76,0.6454545454545455,0.32,85,61,369000,225000,31,200356,0.7176470588235294,0.6097560975609756,0.36470588235294116,110,80,479000,296000,39,233096,0.7272727272727273,0.6179540709812108,0.35454545454545455
sealed_holdout,15,public-hub-215-4801cfcfaafb,hub,64,65,59,1,polarized,shifted_hotspot,online,failure_aware,N059|N061,120000,False,0.7426672433198099,0.7203376572386562,9803536,110,79,420000,246000,34,258558,0.7181818181818181,0.5857142857142857,0.3090909090909091,25,18,110000,69000,8,30385,0.72,0.6272727272727273,0.32,85,61,369000,225000,28,200356,0.7176470588235294,0.6097560975609756,0.32941176470588235,110,79,479000,294000,36,230741,0.7181818181818181,0.6137787056367432,0.32727272727272727
sealed_holdout,16,public-random-216-cf27dbe3db39,random,64,94,35,0,balanced_band,diffuse,public,none,,0,False,0.05447407812682717,0.07413828678521817,11483859,110,106,450000,432000,4,4399573,0.9636363636363636,0.96,0.03636363636363636,25,24,103000,98000,1,3056444,0.96,0.9514563106796117,0.04,85,81,334000,305000,4,3613965,0.9529411764705882,0.9131736526946108,0.047058823529411764,110,105,437000,403000,5,6670409,0.9545454545454546,0.9221967963386728,0.045454545454545456
sealed_holdout,16,public-random-216-cf27dbe3db39,random,64,94,35,0,balanced_band,diffuse,retry,none,,0,False,0.05447407812682717,0.07353424228961664,11483859,110,109,450000,442000,4,4403723,0.990909090909091,0.9822222222222222,0.03636363636363636,25,25,103000,103000,1,3056714,1.0,1.0,0.04,85,83,334000,321000,6,3619365,0.9764705882352941,0.9610778443113772,0.07058823529411765,110,108,437000,424000,7,6676079,0.9818181818181818,0.9702517162471396,0.06363636363636363
sealed_holdout,16,public-random-216-cf27dbe3db39,random,64,94,35,0,balanced_band,diffuse,online,none,,0,False,0.05447407812682717,0.07215033412699785,11483859,110,109,450000,442000,3,4404258,0.990909090909091,0.9822222222222222,0.02727272727272727,25,25,103000,103000,2,3057951,1.0,1.0,0.08,85,83,334000,321000,5,3621324,0.9764705882352941,0.9610778443113772,0.058823529411764705,110,108,437000,424000,7,6679275,0.9818181818181818,0.9702517162471396,0.06363636363636363
sealed_holdout,16,public-random-216-cf27dbe3db39,random,64,94,35,0,balanced_band,diffuse,oracle,none,,0,False,0.05447407812682717,0.07353424228961664,11483859,110,109,450000,442000,0,4403723,0.990909090909091,0.9822222222222222,0.0,25,25,103000,103000,0,3056714,1.0,1.0,0.0,85,83,334000,321000,0,3619365,0.9764705882352941,0.9610778443113772,0.0,110,108,437000,424000,0,6676079,0.9818181818181818,0.9702517162471396,0.0
sealed_holdout,16,public-random-216-cf27dbe3db39,random,64,94,35,0,balanced_band,diffuse,online,random,N012|N048,120000,False,0.05447407812682717,0.07100400326146179,11603859,110,109,450000,442000,3,4404258,0.990909090909091,0.9822222222222222,0.02727272727272727,25,25,103000,103000,2,3057951,1.0,1.0,0.08,85,83,334000,321000,5,3621816,0.9764705882352941,0.9610778443113772,0.058823529411764705,110,108,437000,424000,7,6679767,0.9818181818181818,0.9702517162471396,0.06363636363636363
sealed_holdout,16,public-random-216-cf27dbe3db39,random,64,94,35,0,balanced_band,diffuse,online,failure_aware,N039|N046,120000,False,0.05447407812682717,0.07275043870333975,11603859,110,109,450000,442000,3,4404258,0.990909090909091,0.9822222222222222,0.02727272727272727,25,25,103000,103000,2,3057951,1.0,1.0,0.08,85,85,334000,334000,4,3628298,1.0,1.0,0.047058823529411764,110,110,437000,437000,6,6686249,1.0,1.0,0.05454545454545454
sealed_holdout,16,public-random-216-cf27dbe3db39,random,64,94,35,0,balanced_band,stationary_hotspot,public,none,,0,False,0.05447407812682717,0.0805789994092633,11483859,110,107,459000,444000,3,4248438,0.9727272727272728,0.9673202614379085,0.02727272727272727,25,21,110000,87000,4,223384,0.84,0.7909090909090909,0.16,85,75,315000,268000,10,519600,0.8823529411764706,0.8507936507936508,0.11764705882352941,110,96,425000,355000,14,742984,0.8727272727272727,0.8352941176470589,0.12727272727272726
sealed_holdout,16,public-random-216-cf27dbe3db39,random,64,94,35,0,balanced_band,stationary_hotspot,retry,none,,0,False,0.05447407812682717,0.08825656510560358,11483859,110,109,459000,451000,5,4250916,0.990909090909091,0.9825708061002179,0.045454545454545456,25,25,110000,110000,4,231526,1.0,1.0,0.16,85,80,315000,289000,14,527034,0.9411764705882353,0.9174603174603174,0.16470588235294117,110,105,425000,399000,18,758560,0.9545454545454546,0.9388235294117647,0.16363636363636364
sealed_holdout,16,public-random-216-cf27dbe3db39,random,64,94,35,0,balanced_band,stationary_hotspot,online,none,,0,False,0.05447407812682717,0.10040419398465944,11483859,110,109,459000,451000,5,4252121,0.990909090909091,0.9825708061002179,0.045454545454545456,25,25,110000,110000,4,231917,1.0,1.0,0.16,85,80,315000,289000,12,527709,0.9411764705882353,0.9174603174603174,0.1411764705882353,110,105,425000,399000,16,759626,0.9545454545454546,0.9388235294117647,0.14545454545454545
sealed_holdout,16,public-random-216-cf27dbe3db39,random,64,94,35,0,balanced_band,stationary_hotspot,oracle,none,,0,False,0.05447407812682717,0.08875358534949274,11483859,110,109,459000,451000,0,4250916,0.990909090909091,0.9825708061002179,0.0,25,25,110000,110000,0,231526,1.0,1.0,0.0,85,81,315000,297000,0,536955,0.9529411764705882,0.9428571428571428,0.0,110,106,425000,407000,0,768481,0.9636363636363636,0.9576470588235294,0.0
sealed_holdout,16,public-random-216-cf27dbe3db39,random,64,94,35,0,balanced_band,stationary_hotspot,online,random,N012|N048,120000,False,0.05447407812682717,0.09936587532892956,11603859,110,109,459000,451000,5,4252121,0.990909090909091,0.9825708061002179,0.045454545454545456,25,25,110000,110000,4,231917,1.0,1.0,0.16,85,80,315000,289000,12,527709,0.9411764705882353,0.9174603174603174,0.1411764705882353,110,105,425000,399000,16,759626,0.9545454545454546,0.9388235294117647,0.14545454545454545
sealed_holdout,16,public-random-216-cf27dbe3db39,random,64,94,35,0,balanced_band,stationary_hotspot,online,failure_aware,N000|N062,120000,False,0.05447407812682717,0.09933045184883768,11603859,110,109,459000,451000,5,4252121,0.990909090909091,0.9825708061002179,0.045454545454545456,25,25,110000,110000,4,231917,1.0,1.0,0.16,85,81,315000,290000,11,530315,0.9529411764705882,0.9206349206349206,0.12941176470588237,110,106,425000,400000,15,762232,0.9636363636363636,0.9411764705882353,0.13636363636363635
sealed_holdout,16,public-random-216-cf27dbe3db39,random,64,94,35,0,balanced_band,shifted_hotspot,public,none,,0,False,0.05447407812682717,0.08967330979814588,11483859,110,107,459000,444000,3,4248438,0.9727272727272728,0.9673202614379085,0.02727272727272727,25,25,110000,110000,0,224795,1.0,1.0,0.0,85,79,315000,284000,6,522264,0.9294117647058824,0.9015873015873016,0.07058823529411765,110,104,425000,394000,6,747059,0.9454545454545454,0.9270588235294117,0.05454545454545454
sealed_holdout,16,public-random-216-cf27dbe3db39,random,64,94,35,0,balanced_band,shifted_hotspot,retry,none,,0,False,0.05447407812682717,0.08785919253225756,11483859,110,109,459000,451000,5,4250916,0.990909090909091,0.9825708061002179,0.045454545454545456,25,25,110000,110000,0,224795,1.0,1.0,0.0,85,79,315000,284000,12,522264,0.9294117647058824,0.9015873015873016,0.1411764705882353,110,104,425000,394000,12,747059,0.9454545454545454,0.9270588235294117,0.10909090909090909
sealed_holdout,16,public-random-216-cf27dbe3db39,random,64,94,35,0,balanced_band,shifted_hotspot,online,none,,0,False,0.05447407812682717,0.0898877893552181,11483859,110,109,459000,451000,5,4252121,0.990909090909091,0.9825708061002179,0.045454545454545456,25,25,110000,110000,0,225186,1.0,1.0,0.0,85,79,315000,284000,12,522389,0.9294117647058824,0.9015873015873016,0.1411764705882353,110,104,425000,394000,12,747575,0.9454545454545454,0.9270588235294117,0.10909090909090909
sealed_holdout,16,public-random-216-cf27dbe3db39,random,64,94,35,0,balanced_band,shifted_hotspot,oracle,none,,0,False,0.05447407812682717,0.08785919253225756,11483859,110,109,459000,451000,0,4250916,0.990909090909091,0.9825708061002179,0.0,25,25,110000,110000,0,224795,1.0,1.0,0.0,85,79,315000,284000,0,522264,0.9294117647058824,0.9015873015873016,0.0,110,104,425000,394000,0,747059,0.9454545454545454,0.9270588235294117,0.0
sealed_holdout,16,public-random-216-cf27dbe3db39,random,64,94,35,0,balanced_band,shifted_hotspot,online,random,N012|N048,120000,False,0.05447407812682717,0.08895822491267996,11603859,110,109,459000,451000,5,4252121,0.990909090909091,0.9825708061002179,0.045454545454545456,25,25,110000,110000,0,225186,1.0,1.0,0.0,85,79,315000,284000,12,522389,0.9294117647058824,0.9015873015873016,0.1411764705882353,110,104,425000,394000,12,747575,0.9454545454545454,0.9270588235294117,0.10909090909090909
sealed_holdout,16,public-random-216-cf27dbe3db39,random,64,94,35,0,balanced_band,shifted_hotspot,online,failure_aware,N000|N062,120000,False,0.05447407812682717,0.0890153045614573,11603859,110,109,459000,451000,5,4252121,0.990909090909091,0.9825708061002179,0.045454545454545456,25,25,110000,110000,0,225186,1.0,1.0,0.0,85,80,315000,285000,11,524995,0.9411764705882353,0.9047619047619048,0.12941176470588237,110,105,425000,395000,11,750181,0.9545454545454546,0.9294117647058824,0.1
sealed_holdout,16,public-random-216-cf27dbe3db39,random,64,94,35,0,uniform,diffuse,public,none,,0,False,0.3137693431546232,0.29745086160782797,11483859,110,98,450000,387000,12,4390869,0.8909090909090909,0.86,0.10909090909090909,25,23,103000,90000,2,1042476,0.92,0.8737864077669902,0.08,85,80,334000,300000,5,3606841,0.9411764705882353,0.8982035928143712,0.058823529411764705,110,103,437000,390000,7,4649317,0.9363636363636364,0.8924485125858124,0.06363636363636363
sealed_holdout,16,public-random-216-cf27dbe3db39,random,64,94,35,0,uniform,diffuse,retry,none,,0,False,0.3137693431546232,0.29906099513783496,11483859,110,104,450000,411000,21,4400002,0.9454545454545454,0.9133333333333333,0.19090909090909092,25,23,103000,90000,4,1042476,0.92,0.8737864077669902,0.16,85,82,334000,316000,9,3610337,0.9647058823529412,0.9461077844311377,0.10588235294117647,110,105,437000,406000,13,4652813,0.9545454545454546,0.9290617848970252,0.11818181818181818
sealed_holdout,16,public-random-216-cf27dbe3db39,random,64,94,35,0,uniform,diffuse,online,none,,0,False,0.3137693431546232,0.29002848103972856,11483859,110,104,450000,411000,18,4401189,0.9454545454545454,0.9133333333333333,0.16363636363636364,25,23,103000,90000,5,1042615,0.92,0.8737864077669902,0.2,85,82,334000,316000,7,3612675,0.9647058823529412,0.9461077844311377,0.08235294117647059,110,105,437000,406000,12,4655290,0.9545454545454546,0.9290617848970252,0.10909090909090909
sealed_holdout,16,public-random-216-cf27dbe3db39,random,64,94,35,0,uniform,diffuse,oracle,none,,0,False,0.3137693431546232,0.2987959155320781,11483859,110,104,450000,411000,0,4400002,0.9454545454545454,0.9133333333333333,0.0,25,23,103000,90000,0,1042476,0.92,0.8737864077669902,0.0,85,83,334000,321000,0,3662887,0.9764705882352941,0.9610778443113772,0.0,110,106,437000,411000,0,4705363,0.9636363636363636,0.9405034324942791,0.0
sealed_holdout,16,public-random-216-cf27dbe3db39,random,64,94,35,0,uniform,diffuse,online,random,N012|N048,120000,False,0.3137693431546232,0.2881471357991434,11603859,110,104,450000,411000,18,4401189,0.9454545454545454,0.9133333333333333,0.16363636363636364,25,23,103000,90000,4,1042687,0.92,0.8737864077669902,0.16,85,82,334000,316000,7,3612620,0.9647058823529412,0.9461077844311377,0.08235294117647059,110,105,437000,406000,11,4655307,0.9545454545454546,0.9290617848970252,0.1
sealed_holdout,16,public-random-216-cf27dbe3db39,random,64,94,35,0,uniform,diffuse,online,failure_aware,N050|N059,120000,False,0.3137693431546232,0.2900242284837989,11603859,110,104,450000,411000,18,4401189,0.9454545454545454,0.9133333333333333,0.16363636363636364,25,23,103000,90000,4,1042791,0.92,0.8737864077669902,0.16,85,82,334000,316000,7,3614388,0.9647058823529412,0.9461077844311377,0.08235294117647059,110,105,437000,406000,11,4657179,0.9545454545454546,0.9290617848970252,0.1
sealed_holdout,16,public-random-216-cf27dbe3db39,random,64,94,35,0,uniform,stationary_hotspot,public,none,,0,False,0.3137693431546232,0.3112681009485871,11483859,110,101,459000,403000,9,2227715,0.9181818181818182,0.8779956427015251,0.08181818181818182,25,21,110000,87000,4,223384,0.84,0.7909090909090909,0.16,85,74,315000,250000,11,519057,0.8705882352941177,0.7936507936507936,0.12941176470588237,110,95,425000,337000,15,742441,0.8636363636363636,0.7929411764705883,0.13636363636363635
sealed_holdout,16,public-random-216-cf27dbe3db39,random,64,94,35,0,uniform,stationary_hotspot,retry,none,,0,False,0.3137693431546232,0.30527265096537193,11483859,110,103,459000,419000,18,2232571,0.9363636363636364,0.9128540305010894,0.16363636363636364,25,25,110000,110000,4,231526,1.0,1.0,0.16,85,79,315000,287000,18,530401,0.9294117647058824,0.9111111111111111,0.21176470588235294,110,104,425000,397000,22,761927,0.9454545454545454,0.9341176470588235,0.2
sealed_holdout,16,public-random-216-cf27dbe3db39,random,64,94,35,0,uniform,stationary_hotspot,online,none,,0,False,0.3137693431546232,0.3123450219104728,11483859,110,103,459000,419000,20,2233709,0.9363636363636364,0.9128540305010894,0.18181818181818182,25,25,110000,110000,4,231915,1.0,1.0,0.16,85,79,315000,287000,13,529838,0.9294117647058824,0.9111111111111111,0.15294117647058825,110,104,425000,397000,17,761753,0.9454545454545454,0.9341176470588235,0.15454545454545454
sealed_holdout,16,public-random-216-cf27dbe3db39,random,64,94,35,0,uniform,stationary_hotspot,oracle,none,,0,False,0.3137693431546232,0.30527265096537193,11483859,110,103,459000,419000,0,2232571,0.9363636363636364,0.9128540305010894,0.0,25,25,110000,110000,0,231526,1.0,1.0,0.0,85,79,315000,287000,0,530401,0.9294117647058824,0.9111111111111111,0.0,110,104,425000,397000,0,761927,0.9454545454545454,0.9341176470588235,0.0
sealed_holdout,16,public-random-216-cf27dbe3db39,random,64,94,35,0,uniform,stationary_hotspot,online,random,N012|N048,120000,False,0.3137693431546232,0.30911494107018883,11603859,110,103,459000,419000,20,2233709,0.9363636363636364,0.9128540305010894,0.18181818181818182,25,25,110000,110000,4,231915,1.0,1.0,0.16,85,79,315000,287000,13,529838,0.9294117647058824,0.9111111111111111,0.15294117647058825,110,104,425000,397000,17,761753,0.9454545454545454,0.9341176470588235,0.15454545454545454
sealed_holdout,16,public-random-216-cf27dbe3db39,random,64,94,35,0,uniform,stationary_hotspot,online,failure_aware,N046|N054,120000,False,0.3137693431546232,0.3086640230075564,11603859,110,103,459000,419000,20,2233709,0.9363636363636364,0.9128540305010894,0.18181818181818182,25,25,110000,110000,4,231915,1.0,1.0,0.16,85,80,315000,295000,12,531646,0.9411764705882353,0.9365079365079365,0.1411764705882353,110,105,425000,405000,16,763561,0.9545454545454546,0.9529411764705882,0.14545454545454545
sealed_holdout,16,public-random-216-cf27dbe3db39,random,64,94,35,0,uniform,shifted_hotspot,public,none,,0,False,0.3137693431546232,0.3203978637263941,11483859,110,101,459000,403000,9,2227715,0.9181818181818182,0.8779956427015251,0.08181818181818182,25,25,110000,110000,0,224795,1.0,1.0,0.0,85,73,315000,255000,12,516882,0.8588235294117647,0.8095238095238095,0.1411764705882353,110,98,425000,365000,12,741677,0.8909090909090909,0.8588235294117647,0.10909090909090909
sealed_holdout,16,public-random-216-cf27dbe3db39,random,64,94,35,0,uniform,shifted_hotspot,retry,none,,0,False,0.3137693431546232,0.31925308996285623,11483859,110,103,459000,419000,18,2232571,0.9363636363636364,0.9128540305010894,0.16363636363636364,25,25,110000,110000,0,224795,1.0,1.0,0.0,85,72,315000,257000,33,515836,0.8470588235294118,0.8158730158730159,0.38823529411764707,110,97,425000,367000,33,740631,0.8818181818181818,0.8635294117647059,0.3
sealed_holdout,16,public-random-216-cf27dbe3db39,random,64,94,35,0,uniform,shifted_hotspot,online,none,,0,False,0.3137693431546232,0.3205222079132406,11483859,110,103,459000,419000,20,2233709,0.9363636363636364,0.9128540305010894,0.18181818181818182,25,25,110000,110000,0,225184,1.0,1.0,0.0,85,72,315000,257000,31,514983,0.8470588235294118,0.8158730158730159,0.36470588235294116,110,97,425000,367000,31,740167,0.8818181818181818,0.8635294117647059,0.2818181818181818
sealed_holdout,16,public-random-216-cf27dbe3db39,random,64,94,35,0,uniform,shifted_hotspot,oracle,none,,0,False,0.3137693431546232,0.31925308996285623,11483859,110,103,459000,419000,0,2232571,0.9363636363636364,0.9128540305010894,0.0,25,25,110000,110000,0,224795,1.0,1.0,0.0,85,72,315000,257000,0,515836,0.8470588235294118,0.8158730158730159,0.0,110,97,425000,367000,0,740631,0.8818181818181818,0.8635294117647059,0.0
sealed_holdout,16,public-random-216-cf27dbe3db39,random,64,94,35,0,uniform,shifted_hotspot,online,random,N012|N048,120000,False,0.3137693431546232,0.3172075636255438,11603859,110,103,459000,419000,20,2233709,0.9363636363636364,0.9128540305010894,0.18181818181818182,25,25,110000,110000,0,225184,1.0,1.0,0.0,85,72,315000,257000,31,514983,0.8470588235294118,0.8158730158730159,0.36470588235294116,110,97,425000,367000,31,740167,0.8818181818181818,0.8635294117647059,0.2818181818181818
sealed_holdout,16,public-random-216-cf27dbe3db39,random,64,94,35,0,uniform,shifted_hotspot,online,failure_aware,N046|N054,120000,False,0.3137693431546232,0.3167566455629114,11603859,110,103,459000,419000,20,2233709,0.9363636363636364,0.9128540305010894,0.18181818181818182,25,25,110000,110000,0,225184,1.0,1.0,0.0,85,73,315000,265000,30,516791,0.8588235294117647,0.8412698412698413,0.35294117647058826,110,98,425000,375000,30,741975,0.8909090909090909,0.8823529411764706,0.2727272727272727
sealed_holdout,16,public-random-216-cf27dbe3db39,random,64,94,35,0,polarized,diffuse,public,none,,0,False,0.722180290242509,0.644636518818298,11483859,110,84,450000,296000,26,3140888,0.7636363636363637,0.6577777777777778,0.23636363636363636,25,21,103000,84000,4,2044012,0.84,0.8155339805825242,0.16,85,75,334000,269000,10,3557610,0.8823529411764706,0.8053892215568862,0.11764705882352941,110,96,437000,353000,14,5601622,0.8727272727272727,0.8077803203661327,0.12727272727272726
sealed_holdout,16,public-random-216-cf27dbe3db39,random,64,94,35,0,polarized,diffuse,retry,none,,0,False,0.722180290242509,0.6357095674191977,11483859,110,89,450000,319000,56,3156132,0.8090909090909091,0.7088888888888889,0.509090909090909,25,22,103000,89000,8,2044282,0.88,0.8640776699029126,0.32,85,77,334000,285000,21,3562026,0.9058823529411765,0.8532934131736527,0.24705882352941178,110,99,437000,374000,29,5606308,0.9,0.8558352402745996,0.2636363636363636
sealed_holdout,16,public-random-216-cf27dbe3db39,random,64,94,35,0,polarized,diffuse,online,none,,0,False,0.722180290242509,0.6065949907351353,11483859,110,89,450000,319000,53,3160830,0.8090909090909091,0.7088888888888889,0.4818181818181818,25,22,103000,89000,8,2045092,0.88,0.8640776699029126,0.32,85,77,334000,285000,21,3566274,0.9058823529411765,0.8532934131736527,0.24705882352941178,110,99,437000,374000,29,5611366,0.9,0.8558352402745996,0.2636363636363636
sealed_holdout,16,public-random-216-cf27dbe3db39,random,64,94,35,0,polarized,diffuse,oracle,none,,0,False,0.722180290242509,0.6335680575243963,11483859,110,91,450000,332000,0,3239222,0.8272727272727273,0.7377777777777778,0.0,25,22,103000,89000,0,2044282,0.88,0.8640776699029126,0.0,85,78,334000,290000,0,3614576,0.9176470588235294,0.8682634730538922,0.0,110,100,437000,379000,0,5658858,0.9090909090909091,0.8672768878718535,0.0
sealed_holdout,16,public-random-216-cf27dbe3db39,random,64,94,35,0,polarized,diffuse,online,random,N012|N048,120000,False,0.722180290242509,0.599958749802036,11603859,110,89,450000,319000,53,3160830,0.8090909090909091,0.7088888888888889,0.4818181818181818,25,22,103000,89000,8,2045908,0.88,0.8640776699029126,0.32,85,76,334000,277000,22,3563826,0.8941176470588236,0.8293413173652695,0.25882352941176473,110,98,437000,366000,30,5609734,0.8909090909090909,0.8375286041189931,0.2727272727272727
sealed_holdout,16,public-random-216-cf27dbe3db39,random,64,94,35,0,polarized,diffuse,online,failure_aware,N054|N058,120000,False,0.722180290242509,0.6005223947536776,11603859,110,89,450000,319000,53,3160830,0.8090909090909091,0.7088888888888889,0.4818181818181818,25,22,103000,89000,8,2045092,0.88,0.8640776699029126,0.32,85,76,334000,277000,22,3563826,0.8941176470588236,0.8293413173652695,0.25882352941176473,110,98,437000,366000,30,5608918,0.8909090909090909,0.8375286041189931,0.2727272727272727
sealed_holdout,16,public-random-216-cf27dbe3db39,random,64,94,35,0,polarized,stationary_hotspot,public,none,,0,False,0.722180290242509,0.6968046161950431,11483859,110,93,459000,353000,17,2177502,0.8454545454545455,0.7690631808278867,0.15454545454545454,25,20,110000,79000,5,22424,0.8,0.7181818181818181,0.2,85,62,315000,191000,23,102318,0.7294117647058823,0.6063492063492063,0.27058823529411763,110,82,425000,270000,28,124742,0.7454545454545455,0.6352941176470588,0.2545454545454545
sealed_holdout,16,public-random-216-cf27dbe3db39,random,64,94,35,0,polarized,stationary_hotspot,retry,none,,0,False,0.722180290242509,0.6793940413135949,11483859,110,96,459000,365000,38,2203235,0.8727272727272727,0.7952069716775599,0.34545454545454546,25,24,110000,102000,5,30566,0.96,0.9272727272727272,0.2,85,72,315000,244000,39,120825,0.8470588235294118,0.7746031746031746,0.4588235294117647,110,96,425000,346000,44,151391,0.8727272727272727,0.8141176470588235,0.4
sealed_holdout,16,public-random-216-cf27dbe3db39,random,64,94,35,0,polarized,stationary_hotspot,online,none,,0,False,0.722180290242509,0.6838456261826722,11483859,110,96,459000,365000,37,2204811,0.8727272727272727,0.7952069716775599,0.33636363636363636,25,24,110000,102000,5,31353,0.96,0.9272727272727272,0.2,85,72,315000,244000,37,123851,0.8470588235294118,0.7746031746031746,0.43529411764705883,110,96,425000,346000,42,155204,0.8727272727272727,0.8141176470588235,0.38181818181818183
sealed_holdout,16,public-random-216-cf27dbe3db39,random,64,94,35,0,polarized,stationary_hotspot,oracle,none,,0,False,0.722180290242509,0.6715430269359332,11483859,110,97,459000,373000,0,2216419,0.8818181818181818,0.8126361655773421,0.0,25,24,110000,102000,0,30566,0.96,0.9272727272727272,0.0,85,73,315000,252000,0,123849,0.8588235294117647,0.8,0.0,110,97,425000,354000,0,154415,0.8818181818181818,0.8329411764705882,0.0
sealed_holdout,16,public-random-216-cf27dbe3db39,random,64,94,35,0,polarized,stationary_hotspot,online,random,N012|N048,120000,False,0.722180290242509,0.6885698475812048,11603859,110,96,459000,365000,37,2204811,0.8727272727272727,0.7952069716775599,0.33636363636363636,25,24,110000,102000,5,30933,0.96,0.9272727272727272,0.2,85,71,315000,239000,39,122201,0.8352941176470589,0.7587301587301587,0.4588235294117647,110,95,425000,341000,44,153134,0.8636363636363636,0.8023529411764706,0.4
sealed_holdout,16,public-random-216-cf27dbe3db39,random,64,94,35,0,polarized,stationary_hotspot,online,failure_aware,N058|N063,120000,True,0.722180290242509,0.7030792343512883,11603859,110,96,459000,365000,37,2204811,0.8727272727272727,0.7952069716775599,0.33636363636363636,25,24,110000,102000,6,29091,0.96,0.9272727272727272,0.24,85,71,315000,239000,40,118738,0.8352941176470589,0.7587301587301587,0.47058823529411764,110,95,425000,341000,46,147829,0.8636363636363636,0.8023529411764706,0.41818181818181815
sealed_holdout,16,public-random-216-cf27dbe3db39,random,64,94,35,0,polarized,shifted_hotspot,public,none,,0,False,0.722180290242509,0.6965885563102551,11483859,110,93,459000,353000,17,2177502,0.8454545454545455,0.7690631808278867,0.15454545454545454,25,20,110000,83000,5,19436,0.8,0.7545454545454545,0.2,85,63,315000,196000,22,102600,0.7411764705882353,0.6222222222222222,0.25882352941176473,110,83,425000,279000,27,122036,0.7545454545454545,0.6564705882352941,0.24545454545454545
sealed_holdout,16,public-random-216-cf27dbe3db39,random,64,94,35,0,polarized,shifted_hotspot,retry,none,,0,False,0.722180290242509,0.6959882632258437,11483859,110,96,459000,365000,38,2203235,0.8727272727272727,0.7952069716775599,0.34545454545454546,25,20,110000,83000,13,19436,0.8,0.7545454545454545,0.52,85,64,315000,201000,54,104610,0.7529411764705882,0.638095238095238,0.6352941176470588,110,84,425000,284000,67,124046,0.7636363636363637,0.668235294117647,0.6090909090909091
sealed_holdout,16,public-random-216-cf27dbe3db39,random,64,94,35,0,polarized,shifted_hotspot,online,none,,0,False,0.722180290242509,0.6940450697645186,11483859,110,96,459000,365000,37,2204811,0.8727272727272727,0.7952069716775599,0.33636363636363636,25,20,110000,83000,13,20223,0.8,0.7545454545454545,0.52,85,64,315000,201000,57,109385,0.7529411764705882,0.638095238095238,0.6705882352941176,110,84,425000,284000,70,129608,0.7636363636363637,0.668235294117647,0.6363636363636364
sealed_holdout,16,public-random-216-cf27dbe3db39,random,64,94,35,0,polarized,shifted_hotspot,oracle,none,,0,False,0.722180290242509,0.688137248848182,11483859,110,97,459000,373000,0,2216419,0.8818181818181818,0.8126361655773421,0.0,25,20,110000,83000,0,19436,0.8,0.7545454545454545,0.0,85,65,315000,209000,0,107634,0.7647058823529411,0.6634920634920635,0.0,110,85,425000,292000,0,127070,0.7727272727272727,0.6870588235294117,0.0
sealed_holdout,16,public-random-216-cf27dbe3db39,random,64,94,35,0,polarized,shifted_hotspot,online,random,N012|N048,120000,False,0.722180290242509,0.6939651640396332,11603859,110,96,459000,365000,37,2204811,0.8727272727272727,0.7952069716775599,0.33636363636363636,25,20,110000,83000,13,19903,0.8,0.7545454545454545,0.52,85,63,315000,196000,57,103827,0.7411764705882353,0.6222222222222222,0.6705882352941176,110,83,425000,279000,70,123730,0.7545454545454545,0.6564705882352941,0.6363636363636364
sealed_holdout,16,public-random-216-cf27dbe3db39,random,64,94,35,0,polarized,shifted_hotspot,online,failure_aware,N058|N063,120000,False,0.722180290242509,0.6944172778685257,11603859,110,96,459000,365000,37,2204811,0.8727272727272727,0.7952069716775599,0.33636363636363636,25,20,110000,83000,13,19503,0.8,0.7545454545454545,0.52,85,63,315000,196000,57,103827,0.7411764705882353,0.6222222222222222,0.6705882352941176,110,83,425000,279000,70,123330,0.7545454545454545,0.6564705882352941,0.6363636363636364
sealed_holdout,16,public-random-216-cf27dbe3db39,random,64,94,35,1,balanced_band,diffuse,public,none,,0,False,0.049555074713201565,0.07406584256032973,11483859,110,105,376000,361000,5,1049271,0.9545454545454546,0.9601063829787234,0.045454545454545456,25,23,70000,67000,2,25955,0.92,0.9571428571428572,0.08,85,79,338000,306000,6,2995115,0.9294117647058824,0.9053254437869822,0.07058823529411765,110,102,408000,373000,8,3021070,0.9272727272727272,0.9142156862745098,0.07272727272727272
sealed_holdout,16,public-random-216-cf27dbe3db39,random,64,94,35,1,balanced_band,diffuse,retry,none,,0,False,0.049555074713201565,0.0717176678733035,11483859,110,106,376000,363000,9,1050275,0.9636363636363636,0.9654255319148937,0.08181818181818182,25,23,70000,67000,2,25955,0.92,0.9571428571428572,0.08,85,80,338000,311000,15,2998315,0.9411764705882353,0.9201183431952663,0.17647058823529413,110,103,408000,378000,17,3024270,0.9363636363636364,0.9264705882352942,0.15454545454545454
sealed_holdout,16,public-random-216-cf27dbe3db39,random,64,94,35,1,balanced_band,diffuse,online,none,,0,False,0.049555074713201565,0.08513526477495166,11483859,110,106,376000,363000,9,1051967,0.9636363636363636,0.9654255319148937,0.08181818181818182,25,23,70000,67000,2,26191,0.92,0.9571428571428572,0.08,85,80,338000,311000,16,3000263,0.9411764705882353,0.9201183431952663,0.18823529411764706,110,103,408000,378000,18,3026454,0.9363636363636364,0.9264705882352942,0.16363636363636364
sealed_holdout,16,public-random-216-cf27dbe3db39,random,64,94,35,1,balanced_band,diffuse,oracle,none,,0,False,0.049555074713201565,0.0717176678733035,11483859,110,106,376000,363000,0,1050275,0.9636363636363636,0.9654255319148937,0.0,25,23,70000,67000,0,25955,0.92,0.9571428571428572,0.0,85,80,338000,311000,0,2998315,0.9411764705882353,0.9201183431952663,0.0,110,103,408000,378000,0,3024270,0.9363636363636364,0.9264705882352942,0.0
sealed_holdout,16,public-random-216-cf27dbe3db39,random,64,94,35,1,balanced_band,diffuse,online,random,N019|N042,120000,False,0.049555074713201565,0.08782245823874262,11603859,110,106,376000,363000,9,1051967,0.9636363636363636,0.9654255319148937,0.08181818181818182,25,23,70000,67000,2,26214,0.92,0.9571428571428572,0.08,85,81,338000,319000,15,3001863,0.9529411764705882,0.9437869822485208,0.17647058823529413,110,104,408000,386000,17,3028077,0.9454545454545454,0.946078431372549,0.15454545454545454
sealed_holdout,16,public-random-216-cf27dbe3db39,random,64,94,35,1,balanced_band,diffuse,online,failure_aware,N039|N041,120000,False,0.049555074713201565,0.08845342420729617,11603859,110,106,376000,363000,9,1051967,0.9636363636363636,0.9654255319148937,0.08181818181818182,25,23,70000,67000,2,26214,0.92,0.9571428571428572,0.08,85,82,338000,321000,14,3003926,0.9647058823529412,0.9497041420118343,0.16470588235294117,110,105,408000,388000,16,3030140,0.9545454545454546,0.9509803921568627,0.14545454545454545
sealed_holdout,16,public-random-216-cf27dbe3db39,random,64,94,35,1,balanced_band,stationary_hotspot,public,none,,0,False,0.049555074713201565,0.0831631213904934,11483859,110,107,399000,388000,3,594458,0.9727272727272728,0.9724310776942355,0.02727272727272727,25,24,107000,99000,1,1313241,0.96,0.9252336448598131,0.04,85,76,332000,278000,9,532471,0.8941176470588236,0.8373493975903614,0.10588235294117647,110,100,439000,377000,10,1845712,0.9090909090909091,0.8587699316628702,0.09090909090909091
sealed_holdout,16,public-random-216-cf27dbe3db39,random,64,94,35,1,balanced_band,stationary_hotspot,retry,none,,0,False,0.049555074713201565,0.08416932811925891,11483859,110,109,399000,391000,6,599364,0.990909090909091,0.9799498746867168,0.05454545454545454,25,24,107000,99000,3,1313241,0.96,0.9252336448598131,0.12,85,77,332000,280000,25,535075,0.9058823529411765,0.8433734939759037,0.29411764705882354,110,101,439000,379000,28,1848316,0.9181818181818182,0.8633257403189066,0.2545454545454545
sealed_holdout,16,public-random-216-cf27dbe3db39,random,64,94,35,1,balanced_band,stationary_hotspot,online,none,,0,False,0.049555074713201565,0.09203272713920363,11483859,110,109,399000,391000,5,600403,0.990909090909091,0.9799498746867168,0.045454545454545456,25,24,107000,99000,3,1313826,0.96,0.9252336448598131,0.12,85,77,332000,283000,26,536859,0.9058823529411765,0.8524096385542169,0.3058823529411765,110,101,439000,382000,29,1850685,0.9181818181818182,0.8701594533029613,0.2636363636363636
sealed_holdout,16,public-random-216-cf27dbe3db39,random,64,94,35,1,balanced_band,stationary_hotspot,oracle,none,,0,False,0.049555074713201565,0.09355185416009405,11483859,110,109,399000,391000,0,599364,0.990909090909091,0.9799498746867168,0.0,25,25,107000,107000,0,1319849,1.0,1.0,0.0,85,81,332000,303000,0,1878021,0.9529411764705882,0.9126506024096386,0.0,110,106,439000,410000,0,3197870,0.9636363636363636,0.9339407744874715,0.0
sealed_holdout,16,public-random-216-cf27dbe3db39,random,64,94,35,1,balanced_band,stationary_hotspot,online,random,N019|N042,120000,False,0.049555074713201565,0.09352689699528693,11603859,110,109,399000,391000,5,600403,0.990909090909091,0.9799498746867168,0.045454545454545456,25,25,107000,107000,2,1320329,1.0,1.0,0.08,85,77,332000,283000,27,536857,0.9058823529411765,0.8524096385542169,0.3176470588235294,110,102,439000,390000,29,1857186,0.9272727272727272,0.8883826879271071,0.2636363636363636
sealed_holdout,16,public-random-216-cf27dbe3db39,random,64,94,35,1,balanced_band,stationary_hotspot,online,failure_aware,N045|N046,120000,False,0.049555074713201565,0.09363603523765698,11603859,110,109,399000,391000,5,600403,0.990909090909091,0.9799498746867168,0.045454545454545456,25,25,107000,107000,2,1320329,1.0,1.0,0.08,85,77,332000,283000,27,536964,0.9058823529411765,0.8524096385542169,0.3176470588235294,110,102,439000,390000,29,1857293,0.9272727272727272,0.8883826879271071,0.2636363636363636
sealed_holdout,16,public-random-216-cf27dbe3db39,random,64,94,35,1,balanced_band,shifted_hotspot,public,none,,0,False,0.049555074713201565,0.09076165648909382,11483859,110,107,399000,388000,3,594458,0.9727272727272728,0.9724310776942355,0.02727272727272727,25,25,107000,107000,0,1308399,1.0,1.0,0.0,85,84,332000,324000,1,514442,0.9882352941176471,0.9759036144578314,0.011764705882352941,110,109,439000,431000,1,1822841,0.990909090909091,0.9817767653758542,0.00909090909090909
sealed_holdout,16,public-random-216-cf27dbe3db39,random,64,94,35,1,balanced_band,shifted_hotspot,retry,none,,0,False,0.049555074713201565,0.09122895006632578,11483859,110,109,399000,391000,6,599364,0.990909090909091,0.9799498746867168,0.05454545454545454,25,25,107000,107000,0,1308399,1.0,1.0,0.0,85,84,332000,324000,3,514442,0.9882352941176471,0.9759036144578314,0.03529411764705882,110,109,439000,431000,3,1822841,0.990909090909091,0.9817767653758542,0.02727272727272727
sealed_holdout,16,public-random-216-cf27dbe3db39,random,64,94,35,1,balanced_band,shifted_hotspot,online,none,,0,False,0.049555074713201565,0.09635320859046693,11483859,110,109,399000,391000,5,600403,0.990909090909091,0.9799498746867168,0.045454545454545456,25,25,107000,107000,0,1309256,1.0,1.0,0.0,85,84,332000,324000,6,514877,0.9882352941176471,0.9759036144578314,0.07058823529411765,110,109,439000,431000,6,1824133,0.990909090909091,0.9817767653758542,0.05454545454545454
sealed_holdout,16,public-random-216-cf27dbe3db39,random,64,94,35,1,balanced_band,shifted_hotspot,oracle,none,,0,False,0.049555074713201565,0.09122895006632578,11483859,110,109,399000,391000,0,599364,0.990909090909091,0.9799498746867168,0.0,25,25,107000,107000,0,1308399,1.0,1.0,0.0,85,84,332000,324000,0,514442,0.9882352941176471,0.9759036144578314,0.0,110,109,439000,431000,0,1822841,0.990909090909091,0.9817767653758542,0.0
sealed_holdout,16,public-random-216-cf27dbe3db39,random,64,94,35,1,balanced_band,shifted_hotspot,online,random,N019|N042,120000,False,0.049555074713201565,0.09550144865441544,11603859,110,109,399000,391000,5,600403,0.990909090909091,0.9799498746867168,0.045454545454545456,25,25,107000,107000,0,1309256,1.0,1.0,0.0,85,84,332000,324000,6,515524,0.9882352941176471,0.9759036144578314,0.07058823529411765,110,109,439000,431000,6,1824780,0.990909090909091,0.9817767653758542,0.05454545454545454
sealed_holdout,16,public-random-216-cf27dbe3db39,random,64,94,35,1,balanced_band,shifted_hotspot,online,failure_aware,N045|N046,120000,False,0.049555074713201565,0.09561058689678549,11603859,110,109,399000,391000,5,600403,0.990909090909091,0.9799498746867168,0.045454545454545456,25,25,107000,107000,0,1309256,1.0,1.0,0.0,85,84,332000,324000,6,515631,0.9882352941176471,0.9759036144578314,0.07058823529411765,110,109,439000,431000,6,1824887,0.990909090909091,0.9817767653758542,0.05454545454545454
sealed_holdout,16,public-random-216-cf27dbe3db39,random,64,94,35,1,uniform,diffuse,public,none,,0,False,0.2854371340517905,0.29490030626551417,11483859,110,104,376000,334000,6,1036232,0.9454545454545454,0.8882978723404256,0.05454545454545454,25,22,70000,65000,3,25629,0.88,0.9285714285714286,0.12,85,75,338000,287000,10,2828262,0.8823529411764706,0.849112426035503,0.11764705882352941,110,97,408000,352000,13,2853891,0.8818181818181818,0.8627450980392157,0.11818181818181818
sealed_holdout,16,public-random-216-cf27dbe3db39,random,64,94,35,1,uniform,diffuse,retry,none,,0,False,0.2854371340517905,0.29215917180011625,11483859,110,104,376000,340000,14,1046060,0.9454545454545454,0.9042553191489362,0.12727272727272726,25,23,70000,67000,4,26631,0.92,0.9571428571428572,0.16,85,78,338000,302000,20,2831557,0.9176470588235294,0.893491124260355,0.23529411764705882,110,101,408000,369000,24,2858188,0.9181818181818182,0.9044117647058824,0.21818181818181817
sealed_holdout,16,public-random-216-cf27dbe3db39,random,64,94,35,1,uniform,diffuse,online,none,,0,False,0.2854371340517905,0.28965836057698013,11483859,110,104,376000,340000,16,1046862,0.9454545454545454,0.9042553191489362,0.14545454545454545,25,23,70000,67000,5,27791,0.92,0.9571428571428572,0.2,85,78,338000,302000,20,2832776,0.9176470588235294,0.893491124260355,0.23529411764705882,110,101,408000,369000,25,2860567,0.9181818181818182,0.9044117647058824,0.22727272727272727
sealed_holdout,16,public-random-216-cf27dbe3db39,random,64,94,35,1,uniform,diffuse,oracle,none,,0,False,0.2854371340517905,0.29215917180011625,11483859,110,104,376000,340000,0,1046060,0.9454545454545454,0.9042553191489362,0.0,25,23,70000,67000,0,26631,0.92,0.9571428571428572,0.0,85,78,338000,302000,0,2831557,0.9176470588235294,0.893491124260355,0.0,110,101,408000,369000,0,2858188,0.9181818181818182,0.9044117647058824,0.0
sealed_holdout,16,public-random-216-cf27dbe3db39,random,64,94,35,1,uniform,diffuse,online,random,N019|N042,120000,False,0.2854371340517905,0.28746113112842914,11603859,110,104,376000,340000,16,1046862,0.9454545454545454,0.9042553191489362,0.14545454545454545,25,23,70000,67000,5,27814,0.92,0.9571428571428572,0.2,85,78,338000,305000,21,2833535,0.9176470588235294,0.9023668639053254,0.24705882352941178,110,101,408000,372000,26,2861349,0.9181818181818182,0.9117647058823529,0.23636363636363636
sealed_holdout,16,public-random-216-cf27dbe3db39,random,64,94,35,1,uniform,diffuse,online,failure_aware,N032|N046,120000,False,0.2854371340517905,0.2875042949637036,11603859,110,104,376000,340000,16,1046862,0.9454545454545454,0.9042553191489362,0.14545454545454545,25,24,70000,69000,5,30679,0.96,0.9857142857142858,0.2,85,78,338000,302000,20,2832776,0.9176470588235294,0.893491124260355,0.23529411764705882,110,102,408000,371000,25,2863455,0.9272727272727272,0.9093137254901961,0.22727272727272727
sealed_holdout,16,public-random-216-cf27dbe3db39,random,64,94,35,1,uniform,stationary_hotspot,public,none,,0,False,0.2854371340517905,0.3031233026609875,11483859,110,103,399000,356000,7,591842,0.9363636363636364,0.8922305764411027,0.06363636363636363,25,24,107000,99000,1,1313241,0.96,0.9252336448598131,0.04,85,72,332000,264000,13,514057,0.8470588235294118,0.7951807228915663,0.15294117647058825,110,96,439000,363000,14,1827298,0.8727272727272727,0.826879271070615,0.12727272727272726
sealed_holdout,16,public-random-216-cf27dbe3db39,random,64,94,35,1,uniform,stationary_hotspot,retry,none,,0,False,0.2854371340517905,0.3042109563011406,11483859,110,104,399000,357000,14,594144,0.9454545454545454,0.8947368421052632,0.12727272727272726,25,24,107000,99000,3,1313241,0.96,0.9252336448598131,0.12,85,74,332000,268000,29,519451,0.8705882352941177,0.8072289156626506,0.3411764705882353,110,98,439000,367000,32,1832692,0.8909090909090909,0.835990888382688,0.2909090909090909
sealed_holdout,16,public-random-216-cf27dbe3db39,random,64,94,35,1,uniform,stationary_hotspot,online,none,,0,False,0.2854371340517905,0.30616052165955454,11483859,110,104,399000,357000,13,595824,0.9454545454545454,0.8947368421052632,0.11818181818181818,25,23,107000,91000,8,1280175,0.92,0.8504672897196262,0.32,85,76,332000,272000,31,539733,0.8941176470588236,0.8192771084337349,0.36470588235294116,110,99,439000,363000,39,1819908,0.9,0.826879271070615,0.35454545454545455
sealed_holdout,16,public-random-216-cf27dbe3db39,random,64,94,35,1,uniform,stationary_hotspot,oracle,none,,0,False,0.2854371340517905,0.31213139632534764,11483859,110,105,399000,359000,0,616146,0.9545454545454546,0.899749373433584,0.0,25,25,107000,107000,0,1319849,1.0,1.0,0.0,85,78,332000,291000,0,1861539,0.9176470588235294,0.8765060240963856,0.0,110,103,439000,398000,0,3181388,0.9363636363636364,0.9066059225512528,0.0
sealed_holdout,16,public-random-216-cf27dbe3db39,random,64,94,35,1,uniform,stationary_hotspot,online,random,N019|N042,120000,False,0.2854371340517905,0.3045034894542096,11603859,110,104,399000,357000,13,595824,0.9454545454545454,0.8947368421052632,0.11818181818181818,25,24,107000,99000,7,1286783,0.96,0.9252336448598131,0.28,85,76,332000,272000,30,539196,0.8941176470588236,0.8192771084337349,0.35294117647058826,110,100,439000,371000,37,1825979,0.9090909090909091,0.8451025056947609,0.33636363636363636
sealed_holdout,16,public-random-216-cf27dbe3db39,random,64,94,35,1,uniform,stationary_hotspot,online,failure_aware,N045|N046,120000,False,0.2854371340517905,0.3045034894542096,11603859,110,104,399000,357000,13,595824,0.9454545454545454,0.8947368421052632,0.11818181818181818,25,24,107000,99000,7,1286783,0.96,0.9252336448598131,0.28,85,76,332000,272000,30,539196,0.8941176470588236,0.8192771084337349,0.35294117647058826,110,100,439000,371000,37,1825979,0.9090909090909091,0.8451025056947609,0.33636363636363636
sealed_holdout,16,public-random-216-cf27dbe3db39,random,64,94,35,1,uniform,shifted_hotspot,public,none,,0,False,0.2854371340517905,0.3063549949665875,11483859,110,103,399000,356000,7,591842,0.9363636363636364,0.8922305764411027,0.06363636363636363,25,25,107000,107000,0,1308399,1.0,1.0,0.0,85,80,332000,310000,5,496028,0.9411764705882353,0.9337349397590361,0.058823529411764705,110,105,439000,417000,5,1804427,0.9545454545454546,0.9498861047835991,0.045454545454545456
sealed_holdout,16,public-random-216-cf27dbe3db39,random,64,94,35,1,uniform,shifted_hotspot,retry,none,,0,False,0.2854371340517905,0.3066363791574722,11483859,110,104,399000,357000,14,594144,0.9454545454545454,0.8947368421052632,0.12727272727272726,25,25,107000,107000,0,1308399,1.0,1.0,0.0,85,81,332000,312000,7,498818,0.9529411764705882,0.9397590361445783,0.08235294117647059,110,106,439000,419000,7,1807217,0.9636363636363636,0.9544419134396356,0.06363636363636363
sealed_holdout,16,public-random-216-cf27dbe3db39,random,64,94,35,1,uniform,shifted_hotspot,online,none,,0,False,0.2854371340517905,0.30531722134339306,11483859,110,104,399000,357000,13,595824,0.9454545454545454,0.8947368421052632,0.11818181818181818,25,24,107000,99000,5,1275333,0.96,0.9252336448598131,0.2,85,83,332000,316000,9,518009,0.9764705882352941,0.9518072289156626,0.10588235294117647,110,107,439000,415000,14,1793342,0.9727272727272728,0.9453302961275627,0.12727272727272726
sealed_holdout,16,public-random-216-cf27dbe3db39,random,64,94,35,1,uniform,shifted_hotspot,oracle,none,,0,False,0.2854371340517905,0.30692365399267607,11483859,110,105,399000,359000,0,616146,0.9545454545454546,0.899749373433584,0.0,25,25,107000,107000,0,1308399,1.0,1.0,0.0,85,81,332000,312000,0,498818,0.9529411764705882,0.9397590361445783,0.0,110,106,439000,419000,0,1807217,0.9636363636363636,0.9544419134396356,0.0
sealed_holdout,16,public-random-216-cf27dbe3db39,random,64,94,35,1,uniform,shifted_hotspot,online,random,N019|N042,120000,False,0.2854371340517905,0.3027056408766858,11603859,110,104,399000,357000,13,595824,0.9454545454545454,0.8947368421052632,0.11818181818181818,25,24,107000,99000,5,1275333,0.96,0.9252336448598131,0.2,85,83,332000,316000,9,518668,0.9764705882352941,0.9518072289156626,0.10588235294117647,110,107,439000,415000,14,1794001,0.9727272727272728,0.9453302961275627,0.12727272727272726
sealed_holdout,16,public-random-216-cf27dbe3db39,random,64,94,35,1,uniform,shifted_hotspot,online,failure_aware,N045|N046,120000,False,0.2854371340517905,0.3027056408766858,11603859,110,104,399000,357000,13,595824,0.9454545454545454,0.8947368421052632,0.11818181818181818,25,24,107000,99000,5,1275333,0.96,0.9252336448598131,0.2,85,83,332000,316000,9,518668,0.9764705882352941,0.9518072289156626,0.10588235294117647,110,107,439000,415000,14,1794001,0.9727272727272728,0.9453302961275627,0.12727272727272726
sealed_holdout,16,public-random-216-cf27dbe3db39,random,64,94,35,1,polarized,diffuse,public,none,,0,False,0.7069085356345441,0.6670996705022457,11483859,110,92,376000,279000,18,1008672,0.8363636363636363,0.7420212765957447,0.16363636363636364,25,20,70000,56000,5,21711,0.8,0.8,0.2,85,67,338000,252000,18,2815301,0.788235294117647,0.7455621301775148,0.21176470588235294,110,87,408000,308000,23,2837012,0.7909090909090909,0.7549019607843137,0.20909090909090908
sealed_holdout,16,public-random-216-cf27dbe3db39,random,64,94,35,1,polarized,diffuse,retry,none,,0,False,0.7069085356345441,0.6748992161010429,11483859,110,98,376000,312000,29,1029661,0.8909090909090909,0.8297872340425532,0.2636363636363636,25,22,70000,65000,7,26932,0.88,0.9285714285714286,0.28,85,74,338000,286000,37,2911935,0.8705882352941177,0.8461538461538461,0.43529411764705883,110,96,408000,351000,44,2938867,0.8727272727272727,0.8602941176470589,0.4
sealed_holdout,16,public-random-216-cf27dbe3db39,random,64,94,35,1,polarized,diffuse,online,none,,0,False,0.7069085356345441,0.6593595616213677,11483859,110,98,376000,312000,31,1031429,0.8909090909090909,0.8297872340425532,0.2818181818181818,25,21,70000,57000,10,22791,0.84,0.8142857142857143,0.4,85,70,338000,266000,49,2904151,0.8235294117647058,0.7869822485207101,0.5764705882352941,110,91,408000,323000,59,2926942,0.8272727272727273,0.7916666666666666,0.5363636363636364
sealed_holdout,16,public-random-216-cf27dbe3db39,random,64,94,35,1,polarized,diffuse,oracle,none,,0,False,0.7069085356345441,0.6697060237287161,11483859,110,99,376000,317000,0,1080711,0.9,0.8430851063829787,0.0,25,22,70000,65000,0,26932,0.88,0.9285714285714286,0.0,85,75,338000,288000,0,2840815,0.8823529411764706,0.8520710059171598,0.0,110,97,408000,353000,0,2867747,0.8818181818181818,0.8651960784313726,0.0
sealed_holdout,16,public-random-216-cf27dbe3db39,random,64,94,35,1,polarized,diffuse,online,random,N019|N042,120000,False,0.7069085356345441,0.652540869030001,11603859,110,98,376000,312000,31,1031429,0.8909090909090909,0.8297872340425532,0.2818181818181818,25,21,70000,57000,10,22791,0.84,0.8142857142857143,0.4,85,70,338000,266000,49,2904151,0.8235294117647058,0.7869822485207101,0.5764705882352941,110,91,408000,323000,59,2926942,0.8272727272727273,0.7916666666666666,0.5363636363636364
sealed_holdout,16,public-random-216-cf27dbe3db39,random,64,94,35,1,polarized,diffuse,online,failure_aware,N032|N046,120000,False,0.7069085356345441,0.6505316286527766,11603859,110,98,376000,312000,31,1031429,0.8909090909090909,0.8297872340425532,0.2818181818181818,25,22,70000,59000,10,25656,0.88,0.8428571428571429,0.4,85,69,338000,258000,49,2904212,0.8117647058823529,0.7633136094674556,0.5764705882352941,110,91,408000,317000,59,2929868,0.8272727272727273,0.7769607843137255,0.5363636363636364
sealed_holdout,16,public-random-216-cf27dbe3db39,random,64,94,35,1,polarized,stationary_hotspot,public,none,,0,False,0.7069085356345441,0.6867612427945031,11483859,110,92,399000,289000,18,348157,0.8363636363636363,0.7243107769423559,0.16363636363636364,25,22,107000,86000,3,1277898,0.88,0.8037383177570093,0.12,85,72,332000,256000,13,525485,0.8470588235294118,0.7710843373493976,0.15294117647058825,110,94,439000,342000,16,1803383,0.8545454545454545,0.7790432801822323,0.14545454545454545
sealed_holdout,16,public-random-216-cf27dbe3db39,random,64,94,35,1,polarized,stationary_hotspot,retry,none,,0,False,0.7069085356345441,0.6897102125829304,11483859,110,94,399000,302000,37,433996,0.8545454545454545,0.7568922305764411,0.33636363636363636,25,24,107000,102000,4,1315514,0.96,0.9532710280373832,0.16,85,72,332000,255000,34,523673,0.8470588235294118,0.7680722891566265,0.4,110,96,439000,357000,38,1839187,0.8727272727272727,0.8132118451025057,0.34545454545454546
sealed_holdout,16,public-random-216-cf27dbe3db39,random,64,94,35,1,polarized,stationary_hotspot,online,none,,0,False,0.7069085356345441,0.687094663153683,11483859,110,95,399000,304000,34,437978,0.8636363636363636,0.7619047619047619,0.3090909090909091,25,23,107000,94000,7,1279306,0.92,0.8785046728971962,0.28,85,74,332000,263000,34,548046,0.8705882352941177,0.7921686746987951,0.4,110,97,439000,357000,41,1827352,0.8818181818181818,0.8132118451025057,0.37272727272727274
sealed_holdout,16,public-random-216-cf27dbe3db39,random,64,94,35,1,polarized,stationary_hotspot,oracle,none,,0,False,0.7069085356345441,0.6940670435658064,11483859,110,95,399000,307000,0,439462,0.8636363636363636,0.7694235588972431,0.0,25,24,107000,102000,0,1315514,0.96,0.9532710280373832,0.0,85,72,332000,255000,0,523673,0.8470588235294118,0.7680722891566265,0.0,110,96,439000,357000,0,1839187,0.8727272727272727,0.8132118451025057,0.0
sealed_holdout,16,public-random-216-cf27dbe3db39,random,64,94,35,1,polarized,stationary_hotspot,online,random,N019|N042,120000,False,0.7069085356345441,0.679017282394831,11603859,110,95,399000,304000,34,437978,0.8636363636363636,0.7619047619047619,0.3090909090909091,25,23,107000,94000,6,1279306,0.92,0.8785046728971962,0.24,85,74,332000,263000,34,548433,0.8705882352941177,0.7921686746987951,0.4,110,97,439000,357000,40,1827739,0.8818181818181818,0.8132118451025057,0.36363636363636365
sealed_holdout,16,public-random-216-cf27dbe3db39,random,64,94,35,1,polarized,stationary_hotspot,online,failure_aware,N060|N063,120000,True,0.7069085356345441,0.6824014359224705,11603859,110,95,399000,304000,34,437978,0.8636363636363636,0.7619047619047619,0.3090909090909091,25,23,107000,94000,6,1276693,0.92,0.8785046728971962,0.24,85,79,332000,294000,24,539285,0.9294117647058824,0.8855421686746988,0.2823529411764706,110,102,439000,388000,30,1815978,0.9272727272727272,0.8838268792710706,0.2727272727272727
sealed_holdout,16,public-random-216-cf27dbe3db39,random,64,94,35,1,polarized,shifted_hotspot,public,none,,0,False,0.7069085356345441,0.6830882399464915,11483859,110,92,399000,289000,18,348157,0.8363636363636363,0.7243107769423559,0.16363636363636364,25,22,107000,86000,3,1269648,0.88,0.8037383177570093,0.12,85,69,332000,241000,16,492120,0.8117647058823529,0.7259036144578314,0.18823529411764706,110,91,439000,327000,19,1761768,0.8272727272727273,0.744874715261959,0.17272727272727273
sealed_holdout,16,public-random-216-cf27dbe3db39,random,64,94,35,1,polarized,shifted_hotspot,retry,none,,0,False,0.7069085356345441,0.6812576182192116,11483859,110,94,399000,302000,37,433996,0.8545454545454545,0.7568922305764411,0.33636363636363636,25,24,107000,102000,4,1307264,0.96,0.9532710280373832,0.16,85,72,332000,255000,35,493930,0.8470588235294118,0.7680722891566265,0.4117647058823529,110,96,439000,357000,39,1801194,0.8727272727272727,0.8132118451025057,0.35454545454545455
sealed_holdout,16,public-random-216-cf27dbe3db39,random,64,94,35,1,polarized,shifted_hotspot,online,none,,0,False,0.7069085356345441,0.6730975740704008,11483859,110,95,399000,304000,34,437978,0.8636363636363636,0.7619047619047619,0.3090909090909091,25,23,107000,94000,7,1271491,0.92,0.8785046728971962,0.28,85,74,332000,259000,37,513164,0.8705882352941177,0.7801204819277109,0.43529411764705883,110,97,439000,353000,44,1784655,0.8818181818181818,0.8041002277904328,0.4
sealed_holdout,16,public-random-216-cf27dbe3db39,random,64,94,35,1,polarized,shifted_hotspot,oracle,none,,0,False,0.7069085356345441,0.6788390985539827,11483859,110,95,399000,307000,0,439462,0.8636363636363636,0.7694235588972431,0.0,25,24,107000,102000,0,1307264,0.96,0.9532710280373832,0.0,85,78,332000,291000,0,2498032,0.9176470588235294,0.8765060240963856,0.0,110,102,439000,393000,0,3805296,0.9272727272727272,0.8952164009111617,0.0
sealed_holdout,16,public-random-216-cf27dbe3db39,random,64,94,35,1,polarized,shifted_hotspot,online,random,N019|N042,120000,False,0.7069085356345441,0.6661368113716772,11603859,110,95,399000,304000,34,437978,0.8636363636363636,0.7619047619047619,0.3090909090909091,25,23,107000,94000,7,1271491,0.92,0.8785046728971962,0.28,85,74,332000,259000,37,513164,0.8705882352941177,0.7801204819277109,0.43529411764705883,110,97,439000,353000,44,1784655,0.8818181818181818,0.8041002277904328,0.4
sealed_holdout,16,public-random-216-cf27dbe3db39,random,64,94,35,1,polarized,shifted_hotspot,online,failure_aware,N060|N063,120000,False,0.7069085356345441,0.6661368113716772,11603859,110,95,399000,304000,34,437978,0.8636363636363636,0.7619047619047619,0.3090909090909091,25,23,107000,94000,7,1271491,0.92,0.8785046728971962,0.28,85,74,332000,259000,37,513164,0.8705882352941177,0.7801204819277109,0.43529411764705883,110,97,439000,353000,44,1784655,0.8818181818181818,0.8041002277904328,0.4
sealed_holdout,17,public-periphery-217-e58436c8f706,periphery,64,66,59,0,balanced_band,diffuse,public,none,,0,False,0.04164256826690071,0.08116802451637292,9928136,110,108,437000,421000,2,232760,0.9818181818181818,0.9633867276887872,0.01818181818181818,25,25,124000,124000,0,99830,1.0,1.0,0.0,85,81,346000,321000,4,178799,0.9529411764705882,0.9277456647398844,0.047058823529411764,110,106,470000,445000,4,278629,0.9636363636363636,0.9468085106382979,0.03636363636363636
sealed_holdout,17,public-periphery-217-e58436c8f706,periphery,64,66,59,0,balanced_band,diffuse,retry,none,,0,False,0.04164256826690071,0.08116802451637292,9928136,110,108,437000,421000,2,232760,0.9818181818181818,0.9633867276887872,0.01818181818181818,25,25,124000,124000,0,99830,1.0,1.0,0.0,85,81,346000,321000,6,178799,0.9529411764705882,0.9277456647398844,0.07058823529411765,110,106,470000,445000,6,278629,0.9636363636363636,0.9468085106382979,0.05454545454545454
sealed_holdout,17,public-periphery-217-e58436c8f706,periphery,64,66,59,0,balanced_band,diffuse,online,none,,0,False,0.04164256826690071,0.08092807474595974,9928136,110,108,437000,421000,2,232760,0.9818181818181818,0.9633867276887872,0.01818181818181818,25,25,124000,124000,0,99830,1.0,1.0,0.0,85,81,346000,321000,6,178878,0.9529411764705882,0.9277456647398844,0.07058823529411765,110,106,470000,445000,6,278708,0.9636363636363636,0.9468085106382979,0.05454545454545454
sealed_holdout,17,public-periphery-217-e58436c8f706,periphery,64,66,59,0,balanced_band,diffuse,oracle,none,,0,False,0.04164256826690071,0.08116802451637292,9928136,110,108,437000,421000,0,232760,0.9818181818181818,0.9633867276887872,0.0,25,25,124000,124000,0,99830,1.0,1.0,0.0,85,81,346000,321000,0,178799,0.9529411764705882,0.9277456647398844,0.0,110,106,470000,445000,0,278629,0.9636363636363636,0.9468085106382979,0.0
sealed_holdout,17,public-periphery-217-e58436c8f706,periphery,64,66,59,0,balanced_band,diffuse,online,random,N033|N040,120000,False,0.04164256826690071,0.07931803008590385,10048136,110,108,437000,421000,2,232760,0.9818181818181818,0.9633867276887872,0.01818181818181818,25,25,124000,124000,0,99830,1.0,1.0,0.0,85,82,346000,329000,7,182694,0.9647058823529412,0.9508670520231214,0.08235294117647059,110,107,470000,453000,7,282524,0.9727272727272728,0.9638297872340426,0.06363636363636363
sealed_holdout,17,public-periphery-217-e58436c8f706,periphery,64,66,59,0,balanced_band,diffuse,online,failure_aware,N006|N022,120000,False,0.04164256826690071,0.07984914251802623,10048136,110,108,437000,421000,2,232760,0.9818181818181818,0.9633867276887872,0.01818181818181818,25,25,124000,124000,0,99830,1.0,1.0,0.0,85,81,346000,321000,6,179080,0.9529411764705882,0.9277456647398844,0.07058823529411765,110,106,470000,445000,6,278910,0.9636363636363636,0.9468085106382979,0.05454545454545454
sealed_holdout,17,public-periphery-217-e58436c8f706,periphery,64,66,59,0,balanced_band,stationary_hotspot,public,none,,0,False,0.04164256826690071,0.0874844918277146,9928136,110,97,474000,385000,13,170870,0.8818181818181818,0.8122362869198312,0.11818181818181818,25,21,96000,74000,4,67638,0.84,0.7708333333333334,0.16,85,64,344000,256000,21,153451,0.7529411764705882,0.7441860465116279,0.24705882352941178,110,85,440000,330000,25,221089,0.7727272727272727,0.75,0.22727272727272727
sealed_holdout,17,public-periphery-217-e58436c8f706,periphery,64,66,59,0,balanced_band,stationary_hotspot,retry,none,,0,False,0.04164256826690071,0.09233312496420282,9928136,110,98,474000,393000,36,174628,0.8909090909090909,0.8291139240506329,0.32727272727272727,25,22,96000,75000,9,67889,0.88,0.78125,0.36,85,69,344000,266000,46,158211,0.8117647058823529,0.7732558139534884,0.5411764705882353,110,91,440000,341000,55,226100,0.8272727272727273,0.775,0.5
sealed_holdout,17,public-periphery-217-e58436c8f706,periphery,64,66,59,0,balanced_band,stationary_hotspot,online,none,,0,False,0.04164256826690071,0.09288782602695939,9928136,110,98,474000,393000,37,174799,0.8909090909090909,0.8291139240506329,0.33636363636363636,25,22,96000,75000,9,67889,0.88,0.78125,0.36,85,69,344000,266000,46,158211,0.8117647058823529,0.7732558139534884,0.5411764705882353,110,91,440000,341000,55,226100,0.8272727272727273,0.775,0.5
sealed_holdout,17,public-periphery-217-e58436c8f706,periphery,64,66,59,0,balanced_band,stationary_hotspot,oracle,none,,0,False,0.04164256826690071,0.09233312496420282,9928136,110,98,474000,393000,0,174628,0.8909090909090909,0.8291139240506329,0.0,25,22,96000,75000,0,67889,0.88,0.78125,0.0,85,69,344000,266000,0,158211,0.8117647058823529,0.7732558139534884,0.0,110,91,440000,341000,0,226100,0.8272727272727273,0.775,0.0
sealed_holdout,17,public-periphery-217-e58436c8f706,periphery,64,66,59,0,balanced_band,stationary_hotspot,online,random,N033|N040,120000,False,0.04164256826690071,0.09177851190907373,10048136,110,98,474000,393000,37,174799,0.8909090909090909,0.8291139240506329,0.33636363636363636,25,22,96000,75000,9,67889,0.88,0.78125,0.36,85,69,344000,266000,46,158211,0.8117647058823529,0.7732558139534884,0.5411764705882353,110,91,440000,341000,55,226100,0.8272727272727273,0.775,0.5
sealed_holdout,17,public-periphery-217-e58436c8f706,periphery,64,66,59,0,balanced_band,stationary_hotspot,online,failure_aware,N058|N059,120000,True,0.04164256826690071,0.1037210254260086,10048136,110,98,474000,393000,37,174799,0.8909090909090909,0.8291139240506329,0.33636363636363636,25,25,96000,96000,0,78531,1.0,1.0,0.0,85,77,344000,305000,34,174579,0.9058823529411765,0.8866279069767442,0.4,110,102,440000,401000,34,253110,0.9272727272727272,0.9113636363636364,0.3090909090909091
sealed_holdout,17,public-periphery-217-e58436c8f706,periphery,64,66,59,0,balanced_band,shifted_hotspot,public,none,,0,False,0.04164256826690071,0.09056163400302303,9928136,110,97,474000,385000,13,170870,0.8818181818181818,0.8122362869198312,0.11818181818181818,25,25,96000,96000,0,74660,1.0,1.0,0.0,85,74,344000,287000,11,166732,0.8705882352941177,0.8343023255813954,0.12941176470588237,110,99,440000,383000,11,241392,0.9,0.8704545454545455,0.1
sealed_holdout,17,public-periphery-217-e58436c8f706,periphery,64,66,59,0,balanced_band,shifted_hotspot,retry,none,,0,False,0.04164256826690071,0.09080935486217782,9928136,110,98,474000,393000,36,174628,0.8909090909090909,0.8291139240506329,0.32727272727272727,25,25,96000,96000,0,74660,1.0,1.0,0.0,85,75,344000,292000,26,167987,0.8823529411764706,0.8488372093023255,0.3058823529411765,110,100,440000,388000,26,242647,0.9090909090909091,0.8818181818181818,0.23636363636363636
sealed_holdout,17,public-periphery-217-e58436c8f706,periphery,64,66,59,0,balanced_band,shifted_hotspot,online,none,,0,False,0.04164256826690071,0.09104697020043259,9928136,110,98,474000,393000,37,174799,0.8909090909090909,0.8291139240506329,0.33636363636363636,25,25,96000,96000,0,75660,1.0,1.0,0.0,85,75,344000,292000,29,168737,0.8823529411764706,0.8488372093023255,0.3411764705882353,110,100,440000,388000,29,244397,0.9090909090909091,0.8818181818181818,0.2636363636363636
sealed_holdout,17,public-periphery-217-e58436c8f706,periphery,64,66,59,0,balanced_band,shifted_hotspot,oracle,none,,0,False,0.04164256826690071,0.09080935486217782,9928136,110,98,474000,393000,0,174628,0.8909090909090909,0.8291139240506329,0.0,25,25,96000,96000,0,74660,1.0,1.0,0.0,85,75,344000,292000,0,167987,0.8823529411764706,0.8488372093023255,0.0,110,100,440000,388000,0,242647,0.9090909090909091,0.8818181818181818,0.0
sealed_holdout,17,public-periphery-217-e58436c8f706,periphery,64,66,59,0,balanced_band,shifted_hotspot,online,random,N033|N040,120000,False,0.04164256826690071,0.08995964052813797,10048136,110,98,474000,393000,37,174799,0.8909090909090909,0.8291139240506329,0.33636363636363636,25,25,96000,96000,0,75660,1.0,1.0,0.0,85,75,344000,292000,29,168737,0.8823529411764706,0.8488372093023255,0.3411764705882353,110,100,440000,388000,29,244397,0.9090909090909091,0.8818181818181818,0.2636363636363636
sealed_holdout,17,public-periphery-217-e58436c8f706,periphery,64,66,59,0,balanced_band,shifted_hotspot,online,failure_aware,N058|N059,120000,False,0.04164256826690071,0.08926477501160512,10048136,110,98,474000,393000,37,174799,0.8909090909090909,0.8291139240506329,0.33636363636363636,25,25,96000,96000,0,75660,1.0,1.0,0.0,85,75,344000,292000,28,168242,0.8823529411764706,0.8488372093023255,0.32941176470588235,110,100,440000,388000,28,243902,0.9090909090909091,0.8818181818181818,0.2545454545454545
sealed_holdout,17,public-periphery-217-e58436c8f706,periphery,64,66,59,0,uniform,diffuse,public,none,,0,False,0.23986178531307217,0.25355954539555875,9928136,110,106,437000,408000,4,230739,0.9636363636363636,0.9336384439359268,0.03636363636363636,25,21,124000,95000,4,95780,0.84,0.7661290322580645,0.16,85,79,346000,311000,6,152715,0.9294117647058824,0.8988439306358381,0.07058823529411765,110,100,470000,406000,10,248495,0.9090909090909091,0.8638297872340426,0.09090909090909091
sealed_holdout,17,public-periphery-217-e58436c8f706,periphery,64,66,59,0,uniform,diffuse,retry,none,,0,False,0.23986178531307217,0.25789942983557385,9928136,110,106,437000,408000,4,230739,0.9636363636363636,0.9336384439359268,0.03636363636363636,25,21,124000,95000,4,95780,0.84,0.7661290322580645,0.16,85,80,346000,319000,8,178715,0.9411764705882353,0.9219653179190751,0.09411764705882353,110,101,470000,414000,12,274495,0.9181818181818182,0.8808510638297873,0.10909090909090909
sealed_holdout,17,public-periphery-217-e58436c8f706,periphery,64,66,59,0,uniform,diffuse,online,none,,0,False,0.23986178531307217,0.2571724236101807,9928136,110,106,437000,408000,4,230739,0.9636363636363636,0.9336384439359268,0.03636363636363636,25,21,124000,95000,4,95780,0.84,0.7661290322580645,0.16,85,80,346000,319000,8,178794,0.9411764705882353,0.9219653179190751,0.09411764705882353,110,101,470000,414000,12,274574,0.9181818181818182,0.8808510638297873,0.10909090909090909
sealed_holdout,17,public-periphery-217-e58436c8f706,periphery,64,66,59,0,uniform,diffuse,oracle,none,,0,False,0.23986178531307217,0.25789942983557385,9928136,110,106,437000,408000,0,230739,0.9636363636363636,0.9336384439359268,0.0,25,21,124000,95000,0,95780,0.84,0.7661290322580645,0.0,85,80,346000,319000,0,178715,0.9411764705882353,0.9219653179190751,0.0,110,101,470000,414000,0,274495,0.9181818181818182,0.8808510638297873,0.0
sealed_holdout,17,public-periphery-217-e58436c8f706,periphery,64,66,59,0,uniform,diffuse,online,random,N033|N040,120000,False,0.23986178531307217,0.25227309845346013,10048136,110,106,437000,408000,4,230739,0.9636363636363636,0.9336384439359268,0.03636363636363636,25,22,124000,103000,5,98588,0.88,0.8306451612903226,0.2,85,80,346000,319000,8,178794,0.9411764705882353,0.9219653179190751,0.09411764705882353,110,102,470000,422000,13,277382,0.9272727272727272,0.8978723404255319,0.11818181818181818
sealed_holdout,17,public-periphery-217-e58436c8f706,periphery,64,66,59,0,uniform,diffuse,online,failure_aware,N040|N044,120000,False,0.23986178531307217,0.2543175778264434,10048136,110,106,437000,408000,4,230739,0.9636363636363636,0.9336384439359268,0.03636363636363636,25,22,124000,103000,4,97596,0.88,0.8306451612903226,0.16,85,80,346000,319000,8,179094,0.9411764705882353,0.9219653179190751,0.09411764705882353,110,102,470000,422000,12,276690,0.9272727272727272,0.8978723404255319,0.10909090909090909
sealed_holdout,17,public-periphery-217-e58436c8f706,periphery,64,66,59,0,uniform,stationary_hotspot,public,none,,0,False,0.23986178531307217,0.2593851236435516,9928136,110,91,474000,355000,19,166324,0.8272727272727273,0.7489451476793249,0.17272727272727273,25,21,96000,74000,4,67638,0.84,0.7708333333333334,0.16,85,61,344000,232000,24,127411,0.7176470588235294,0.6744186046511628,0.2823529411764706,110,82,440000,306000,28,195049,0.7454545454545455,0.6954545454545454,0.2545454545454545
sealed_holdout,17,public-periphery-217-e58436c8f706,periphery,64,66,59,0,uniform,stationary_hotspot,retry,none,,0,False,0.23986178531307217,0.27007956213575574,9928136,110,96,474000,371000,38,175090,0.8727272727272727,0.7827004219409283,0.34545454545454546,25,22,96000,75000,9,67889,0.88,0.78125,0.36,85,66,344000,242000,52,137421,0.7764705882352941,0.7034883720930233,0.611764705882353,110,88,440000,317000,61,205310,0.8,0.7204545454545455,0.5545454545454546
sealed_holdout,17,public-periphery-217-e58436c8f706,periphery,64,66,59,0,uniform,stationary_hotspot,online,none,,0,False,0.23986178531307217,0.2710220076047579,9928136,110,96,474000,371000,38,175261,0.8727272727272727,0.7827004219409283,0.34545454545454546,25,22,96000,75000,10,69639,0.88,0.78125,0.4,85,66,344000,242000,52,137421,0.7764705882352941,0.7034883720930233,0.611764705882353,110,88,440000,317000,62,207060,0.8,0.7204545454545455,0.5636363636363636
sealed_holdout,17,public-periphery-217-e58436c8f706,periphery,64,66,59,0,uniform,stationary_hotspot,oracle,none,,0,False,0.23986178531307217,0.27007956213575574,9928136,110,96,474000,371000,0,175090,0.8727272727272727,0.7827004219409283,0.0,25,22,96000,75000,0,67889,0.88,0.78125,0.0,85,66,344000,242000,0,137421,0.7764705882352941,0.7034883720930233,0.0,110,88,440000,317000,0,205310,0.8,0.7204545454545455,0.0
sealed_holdout,17,public-periphery-217-e58436c8f706,periphery,64,66,59,0,uniform,stationary_hotspot,online,random,N033|N040,120000,False,0.23986178531307217,0.2679002191872716,10048136,110,96,474000,371000,38,175261,0.8727272727272727,0.7827004219409283,0.34545454545454546,25,22,96000,75000,10,69639,0.88,0.78125,0.4,85,67,344000,250000,52,164221,0.788235294117647,0.7267441860465116,0.611764705882353,110,89,440000,325000,62,233860,0.8090909090909091,0.7386363636363636,0.5636363636363636
sealed_holdout,17,public-periphery-217-e58436c8f706,periphery,64,66,59,0,uniform,stationary_hotspot,online,failure_aware,N058|N059,120000,True,0.23986178531307217,0.2798404982648637,10048136,110,96,474000,371000,38,175261,0.8727272727272727,0.7827004219409283,0.34545454545454546,25,25,96000,96000,0,77026,1.0,1.0,0.0,85,76,344000,281000,30,150784,0.8941176470588236,0.8168604651162791,0.35294117647058826,110,101,440000,377000,30,227810,0.9181818181818182,0.8568181818181818,0.2727272727272727
sealed_holdout,17,public-periphery-217-e58436c8f706,periphery,64,66,59,0,uniform,shifted_hotspot,public,none,,0,False,0.23986178531307217,0.2637100215103379,9928136,110,91,474000,355000,19,166324,0.8272727272727273,0.7489451476793249,0.17272727272727273,25,25,96000,96000,0,74660,1.0,1.0,0.0,85,69,344000,252000,16,139676,0.8117647058823529,0.7325581395348837,0.18823529411764706,110,94,440000,348000,16,214336,0.8545454545454545,0.7909090909090909,0.14545454545454545
sealed_holdout,17,public-periphery-217-e58436c8f706,periphery,64,66,59,0,uniform,shifted_hotspot,retry,none,,0,False,0.23986178531307217,0.268081088177296,9928136,110,96,474000,371000,38,175090,0.8727272727272727,0.7827004219409283,0.34545454545454546,25,25,96000,96000,0,74660,1.0,1.0,0.0,85,70,344000,257000,34,141681,0.8235294117647058,0.747093023255814,0.4,110,95,440000,353000,34,216341,0.8636363636363636,0.8022727272727272,0.3090909090909091
sealed_holdout,17,public-periphery-217-e58436c8f706,periphery,64,66,59,0,uniform,shifted_hotspot,online,none,,0,False,0.23986178531307217,0.2689378359068873,9928136,110,96,474000,371000,38,175261,0.8727272727272727,0.7827004219409283,0.34545454545454546,25,25,96000,96000,0,74660,1.0,1.0,0.0,85,70,344000,257000,34,141681,0.8235294117647058,0.747093023255814,0.4,110,95,440000,353000,34,216341,0.8636363636363636,0.8022727272727272,0.3090909090909091
sealed_holdout,17,public-periphery-217-e58436c8f706,periphery,64,66,59,0,uniform,shifted_hotspot,oracle,none,,0,False,0.23986178531307217,0.268081088177296,9928136,110,96,474000,371000,0,175090,0.8727272727272727,0.7827004219409283,0.0,25,25,96000,96000,0,74660,1.0,1.0,0.0,85,70,344000,257000,0,141681,0.8235294117647058,0.747093023255814,0.0,110,95,440000,353000,0,216341,0.8636363636363636,0.8022727272727272,0.0
sealed_holdout,17,public-periphery-217-e58436c8f706,periphery,64,66,59,0,uniform,shifted_hotspot,online,random,N033|N040,120000,False,0.23986178531307217,0.26584093773807427,10048136,110,96,474000,371000,38,175261,0.8727272727272727,0.7827004219409283,0.34545454545454546,25,25,96000,96000,0,74660,1.0,1.0,0.0,85,71,344000,265000,34,168481,0.8352941176470589,0.7703488372093024,0.4,110,96,440000,361000,34,243141,0.8727272727272727,0.8204545454545454,0.3090909090909091
sealed_holdout,17,public-periphery-217-e58436c8f706,periphery,64,66,59,0,uniform,shifted_hotspot,online,failure_aware,N058|N059,120000,False,0.23986178531307217,0.26383824712379655,10048136,110,96,474000,371000,38,175261,0.8727272727272727,0.7827004219409283,0.34545454545454546,25,25,96000,96000,0,74660,1.0,1.0,0.0,85,70,344000,257000,33,141186,0.8235294117647058,0.747093023255814,0.38823529411764707,110,95,440000,353000,33,215846,0.8636363636363636,0.8022727272727272,0.3
sealed_holdout,17,public-periphery-217-e58436c8f706,periphery,64,66,59,0,polarized,diffuse,public,none,,0,False,0.6789244745158316,0.6174560156056677,9928136,110,91,437000,303000,19,190763,0.8272727272727273,0.6933638443935927,0.17272727272727273,25,20,124000,87000,5,94764,0.8,0.7016129032258065,0.2,85,74,346000,267000,11,151719,0.8705882352941177,0.7716763005780347,0.12941176470588237,110,94,470000,354000,16,246483,0.8545454545454545,0.7531914893617021,0.14545454545454545
sealed_holdout,17,public-periphery-217-e58436c8f706,periphery,64,66,59,0,polarized,diffuse,retry,none,,0,False,0.6789244745158316,0.6201895410892403,9928136,110,91,437000,303000,21,190763,0.8272727272727273,0.6933638443935927,0.19090909090909092,25,20,124000,87000,5,94764,0.8,0.7016129032258065,0.2,85,76,346000,283000,12,180375,0.8941176470588236,0.8179190751445087,0.1411764705882353,110,96,470000,370000,17,275139,0.8727272727272727,0.7872340425531915,0.15454545454545454
sealed_holdout,17,public-periphery-217-e58436c8f706,periphery,64,66,59,0,polarized,diffuse,online,none,,0,False,0.6789244745158316,0.6189695923307063,9928136,110,91,437000,303000,21,190763,0.8272727272727273,0.6933638443935927,0.19090909090909092,25,20,124000,87000,5,94764,0.8,0.7016129032258065,0.2,85,76,346000,283000,12,180454,0.8941176470588236,0.8179190751445087,0.1411764705882353,110,96,470000,370000,17,275218,0.8727272727272727,0.7872340425531915,0.15454545454545454
sealed_holdout,17,public-periphery-217-e58436c8f706,periphery,64,66,59,0,polarized,diffuse,oracle,none,,0,False,0.6789244745158316,0.6159807969992138,9928136,110,92,437000,311000,0,214843,0.8363636363636363,0.7116704805491991,0.0,25,20,124000,87000,0,94764,0.8,0.7016129032258065,0.0,85,76,346000,283000,0,180375,0.8941176470588236,0.8179190751445087,0.0,110,96,470000,370000,0,275139,0.8727272727272727,0.7872340425531915,0.0
sealed_holdout,17,public-periphery-217-e58436c8f706,periphery,64,66,59,0,polarized,diffuse,online,random,N033|N040,120000,False,0.6789244745158316,0.6115538271107931,10048136,110,91,437000,303000,21,190763,0.8272727272727273,0.6933638443935927,0.19090909090909092,25,21,124000,95000,6,97572,0.84,0.7661290322580645,0.24,85,76,346000,283000,13,180454,0.8941176470588236,0.8179190751445087,0.15294117647058825,110,97,470000,378000,19,278026,0.8818181818181818,0.8042553191489362,0.17272727272727273
sealed_holdout,17,public-periphery-217-e58436c8f706,periphery,64,66,59,0,polarized,diffuse,online,failure_aware,N040|N044,120000,False,0.6789244745158316,0.6128244122098603,10048136,110,91,437000,303000,21,190763,0.8272727272727273,0.6933638443935927,0.19090909090909092,25,21,124000,95000,5,96580,0.84,0.7661290322580645,0.2,85,76,346000,283000,12,181554,0.8941176470588236,0.8179190751445087,0.1411764705882353,110,97,470000,378000,17,278134,0.8818181818181818,0.8042553191489362,0.15454545454545454
sealed_holdout,17,public-periphery-217-e58436c8f706,periphery,64,66,59,0,polarized,stationary_hotspot,public,none,,0,False,0.6789244745158316,0.657459016952103,9928136,110,79,474000,271000,31,112742,0.7181818181818181,0.5717299578059072,0.2818181818181818,25,19,96000,58000,6,65214,0.76,0.6041666666666666,0.24,85,55,344000,203000,30,119871,0.6470588235294118,0.5901162790697675,0.35294117647058826,110,74,440000,261000,36,185085,0.6727272727272727,0.5931818181818181,0.32727272727272727
sealed_holdout,17,public-periphery-217-e58436c8f706,periphery,64,66,59,0,polarized,stationary_hotspot,retry,none,,0,False,0.6789244745158316,0.6429312560733347,9928136,110,89,474000,327000,48,132295,0.8090909090909091,0.689873417721519,0.43636363636363634,25,20,96000,59000,11,65465,0.8,0.6145833333333334,0.44,85,61,344000,224000,57,130142,0.7176470588235294,0.6511627906976745,0.6705882352941176,110,81,440000,283000,68,195607,0.7363636363636363,0.6431818181818182,0.6181818181818182
sealed_holdout,17,public-periphery-217-e58436c8f706,periphery,64,66,59,0,polarized,stationary_hotspot,online,none,,0,False,0.6789244745158316,0.6391665244035897,9928136,110,89,474000,327000,45,132295,0.8090909090909091,0.689873417721519,0.4090909090909091,25,20,96000,59000,11,65465,0.8,0.6145833333333334,0.44,85,61,344000,224000,57,130466,0.7176470588235294,0.6511627906976745,0.6705882352941176,110,81,440000,283000,68,195931,0.7363636363636363,0.6431818181818182,0.6181818181818182
sealed_holdout,17,public-periphery-217-e58436c8f706,periphery,64,66,59,0,polarized,stationary_hotspot,oracle,none,,0,False,0.6789244745158316,0.6429312560733347,9928136,110,89,474000,327000,0,132295,0.8090909090909091,0.689873417721519,0.0,25,20,96000,59000,0,65465,0.8,0.6145833333333334,0.0,85,61,344000,224000,0,130142,0.7176470588235294,0.6511627906976745,0.0,110,81,440000,283000,0,195607,0.7363636363636363,0.6431818181818182,0.0
sealed_holdout,17,public-periphery-217-e58436c8f706,periphery,64,66,59,0,polarized,stationary_hotspot,online,random,N033|N040,120000,False,0.6789244745158316,0.6321885186257532,10048136,110,89,474000,327000,45,132295,0.8090909090909091,0.689873417721519,0.4090909090909091,25,20,96000,59000,11,65465,0.8,0.6145833333333334,0.44,85,62,344000,232000,57,157266,0.7294117647058823,0.6744186046511628,0.6705882352941176,110,82,440000,291000,68,222731,0.7454545454545455,0.6613636363636364,0.6181818181818182
sealed_holdout,17,public-periphery-217-e58436c8f706,periphery,64,66,59,0,polarized,stationary_hotspot,online,failure_aware,N058|N059,120000,True,0.6789244745158316,0.6387443496822652,10048136,110,89,474000,327000,45,132295,0.8090909090909091,0.689873417721519,0.4090909090909091,25,23,96000,80000,2,76107,0.92,0.8333333333333334,0.08,85,69,344000,263000,44,143070,0.8117647058823529,0.7645348837209303,0.5176470588235295,110,92,440000,343000,46,219177,0.8363636363636363,0.7795454545454545,0.41818181818181815
sealed_holdout,17,public-periphery-217-e58436c8f706,periphery,64,66,59,0,polarized,shifted_hotspot,public,none,,0,False,0.6789244745158316,0.6530636782737328,9928136,110,79,474000,271000,31,112742,0.7181818181818181,0.5717299578059072,0.2818181818181818,25,23,96000,80000,2,72236,0.92,0.8333333333333334,0.08,85,62,344000,222000,23,133135,0.7294117647058823,0.6453488372093024,0.27058823529411763,110,85,440000,302000,25,205371,0.7727272727272727,0.6863636363636364,0.22727272727272727
sealed_holdout,17,public-periphery-217-e58436c8f706,periphery,64,66,59,0,polarized,shifted_hotspot,retry,none,,0,False,0.6789244745158316,0.6367098326367611,9928136,110,89,474000,327000,48,132295,0.8090909090909091,0.689873417721519,0.43636363636363634,25,23,96000,80000,2,72236,0.92,0.8333333333333334,0.08,85,63,344000,227000,48,135545,0.7411764705882353,0.6598837209302325,0.5647058823529412,110,86,440000,307000,50,207781,0.7818181818181819,0.6977272727272728,0.45454545454545453
sealed_holdout,17,public-periphery-217-e58436c8f706,periphery,64,66,59,0,polarized,shifted_hotspot,online,none,,0,False,0.6789244745158316,0.6363611897727942,9928136,110,89,474000,327000,45,132295,0.8090909090909091,0.689873417721519,0.4090909090909091,25,23,96000,80000,4,72736,0.92,0.8333333333333334,0.16,85,63,344000,227000,47,135545,0.7411764705882353,0.6598837209302325,0.5529411764705883,110,86,440000,307000,51,208281,0.7818181818181819,0.6977272727272728,0.4636363636363636
sealed_holdout,17,public-periphery-217-e58436c8f706,periphery,64,66,59,0,polarized,shifted_hotspot,oracle,none,,0,False,0.6789244745158316,0.6367098326367611,9928136,110,89,474000,327000,0,132295,0.8090909090909091,0.689873417721519,0.0,25,23,96000,80000,0,72236,0.92,0.8333333333333334,0.0,85,63,344000,227000,0,135545,0.7411764705882353,0.6598837209302325,0.0,110,86,440000,307000,0,207781,0.7818181818181819,0.6977272727272728,0.0
sealed_holdout,17,public-periphery-217-e58436c8f706,periphery,64,66,59,0,polarized,shifted_hotspot,online,random,N033|N040,120000,False,0.6789244745158316,0.6294166867417054,10048136,110,89,474000,327000,45,132295,0.8090909090909091,0.689873417721519,0.4090909090909091,25,23,96000,80000,4,72736,0.92,0.8333333333333334,0.16,85,64,344000,235000,47,162345,0.7529411764705882,0.6831395348837209,0.5529411764705883,110,87,440000,315000,51,235081,0.7909090909090909,0.7159090909090909,0.4636363636363636
sealed_holdout,17,public-periphery-217-e58436c8f706,periphery,64,66,59,0,polarized,shifted_hotspot,online,failure_aware,N058|N059,120000,False,0.6789244745158316,0.6208644030970706,10048136,110,89,474000,327000,45,132295,0.8090909090909091,0.689873417721519,0.4090909090909091,25,23,96000,80000,4,76443,0.92,0.8333333333333334,0.16,85,63,344000,227000,50,144059,0.7411764705882353,0.6598837209302325,0.5882352941176471,110,86,440000,307000,54,220502,0.7818181818181819,0.6977272727272728,0.4909090909090909
sealed_holdout,17,public-periphery-217-e58436c8f706,periphery,64,66,59,1,balanced_band,diffuse,public,none,,0,False,0.038037291120712045,0.09217304871661165,9928136,110,107,399000,378000,3,262493,0.9727272727272728,0.9473684210526315,0.02727272727272727,25,24,102000,100000,1,55651,0.96,0.9803921568627451,0.04,85,82,346000,322000,3,229645,0.9647058823529412,0.930635838150289,0.03529411764705882,110,106,448000,422000,4,285296,0.9636363636363636,0.9419642857142857,0.03636363636363636
sealed_holdout,17,public-periphery-217-e58436c8f706,periphery,64,66,59,1,balanced_band,diffuse,retry,none,,0,False,0.038037291120712045,0.09217304871661165,9928136,110,107,399000,378000,3,262493,0.9727272727272728,0.9473684210526315,0.02727272727272727,25,24,102000,100000,1,55651,0.96,0.9803921568627451,0.04,85,82,346000,322000,3,229645,0.9647058823529412,0.930635838150289,0.03529411764705882,110,106,448000,422000,4,285296,0.9636363636363636,0.9419642857142857,0.03636363636363636
sealed_holdout,17,public-periphery-217-e58436c8f706,periphery,64,66,59,1,balanced_band,diffuse,online,none,,0,False,0.038037291120712045,0.08648671130522216,9928136,110,107,399000,378000,6,268272,0.9727272727272728,0.9473684210526315,0.05454545454545454,25,24,102000,100000,1,55651,0.96,0.9803921568627451,0.04,85,82,346000,322000,3,230145,0.9647058823529412,0.930635838150289,0.03529411764705882,110,106,448000,422000,4,285796,0.9636363636363636,0.9419642857142857,0.03636363636363636
sealed_holdout,17,public-periphery-217-e58436c8f706,periphery,64,66,59,1,balanced_band,diffuse,oracle,none,,0,False,0.038037291120712045,0.09217304871661165,9928136,110,107,399000,378000,0,262493,0.9727272727272728,0.9473684210526315,0.0,25,24,102000,100000,0,55651,0.96,0.9803921568627451,0.0,85,82,346000,322000,0,229645,0.9647058823529412,0.930635838150289,0.0,110,106,448000,422000,0,285296,0.9636363636363636,0.9419642857142857,0.0
sealed_holdout,17,public-periphery-217-e58436c8f706,periphery,64,66,59,1,balanced_band,diffuse,online,random,N031|N050,120000,False,0.038037291120712045,0.0854538425864243,10048136,110,107,399000,378000,6,268272,0.9727272727272728,0.9473684210526315,0.05454545454545454,25,24,102000,100000,1,55651,0.96,0.9803921568627451,0.04,85,82,346000,322000,3,230145,0.9647058823529412,0.930635838150289,0.03529411764705882,110,106,448000,422000,4,285796,0.9636363636363636,0.9419642857142857,0.03636363636363636
sealed_holdout,17,public-periphery-217-e58436c8f706,periphery,64,66,59,1,balanced_band,diffuse,online,failure_aware,N048|N063,120000,False,0.038037291120712045,0.08725538494796327,10048136,110,107,399000,378000,6,268272,0.9727272727272728,0.9473684210526315,0.05454545454545454,25,24,102000,100000,1,55651,0.96,0.9803921568627451,0.04,85,84,346000,338000,3,233777,0.9882352941176471,0.976878612716763,0.03529411764705882,110,108,448000,438000,4,289428,0.9818181818181818,0.9776785714285714,0.03636363636363636
sealed_holdout,17,public-periphery-217-e58436c8f706,periphery,64,66,59,1,balanced_band,stationary_hotspot,public,none,,0,False,0.038037291120712045,0.05491358288300538,9928136,110,104,445000,403000,6,579928,0.9454545454545454,0.9056179775280899,0.05454545454545454,25,23,79000,69000,2,98877,0.92,0.8734177215189873,0.08,85,72,343000,276000,13,448050,0.8470588235294118,0.8046647230320699,0.15294117647058825,110,95,422000,345000,15,546927,0.8636363636363636,0.8175355450236966,0.13636363636363635
sealed_holdout,17,public-periphery-217-e58436c8f706,periphery,64,66,59,1,balanced_band,stationary_hotspot,retry,none,,0,False,0.038037291120712045,0.05491358288300538,9928136,110,104,445000,403000,6,579928,0.9454545454545454,0.9056179775280899,0.05454545454545454,25,23,79000,69000,2,98877,0.92,0.8734177215189873,0.08,85,72,343000,276000,13,448050,0.8470588235294118,0.8046647230320699,0.15294117647058825,110,95,422000,345000,15,546927,0.8636363636363636,0.8175355450236966,0.13636363636363635
sealed_holdout,17,public-periphery-217-e58436c8f706,periphery,64,66,59,1,balanced_band,stationary_hotspot,online,none,,0,False,0.038037291120712045,0.05491358288300538,9928136,110,104,445000,403000,6,579928,0.9454545454545454,0.9056179775280899,0.05454545454545454,25,23,79000,69000,2,98877,0.92,0.8734177215189873,0.08,85,72,343000,276000,13,448050,0.8470588235294118,0.8046647230320699,0.15294117647058825,110,95,422000,345000,15,546927,0.8636363636363636,0.8175355450236966,0.13636363636363635
sealed_holdout,17,public-periphery-217-e58436c8f706,periphery,64,66,59,1,balanced_band,stationary_hotspot,oracle,none,,0,False,0.038037291120712045,0.05491358288300538,9928136,110,104,445000,403000,0,579928,0.9454545454545454,0.9056179775280899,0.0,25,23,79000,69000,0,98877,0.92,0.8734177215189873,0.0,85,72,343000,276000,0,448050,0.8470588235294118,0.8046647230320699,0.0,110,95,422000,345000,0,546927,0.8636363636363636,0.8175355450236966,0.0
sealed_holdout,17,public-periphery-217-e58436c8f706,periphery,64,66,59,1,balanced_band,stationary_hotspot,online,random,N031|N050,120000,False,0.038037291120712045,0.05425777667716176,10048136,110,104,445000,403000,6,579928,0.9454545454545454,0.9056179775280899,0.05454545454545454,25,23,79000,69000,2,98877,0.92,0.8734177215189873,0.08,85,72,343000,276000,13,448050,0.8470588235294118,0.8046647230320699,0.15294117647058825,110,95,422000,345000,15,546927,0.8636363636363636,0.8175355450236966,0.13636363636363635
sealed_holdout,17,public-periphery-217-e58436c8f706,periphery,64,66,59,1,balanced_band,stationary_hotspot,online,failure_aware,N056|N062,120000,True,0.038037291120712045,0.06504571382576153,10048136,110,104,445000,403000,6,579928,0.9454545454545454,0.9056179775280899,0.05454545454545454,25,25,79000,79000,0,32552,1.0,1.0,0.0,85,81,343000,324000,6,219994,0.9529411764705882,0.9446064139941691,0.07058823529411765,110,106,422000,403000,6,252546,0.9636363636363636,0.9549763033175356,0.05454545454545454
sealed_holdout,17,public-periphery-217-e58436c8f706,periphery,64,66,59,1,balanced_band,shifted_hotspot,public,none,,0,False,0.038037291120712045,0.05829435720841694,9928136,110,104,445000,403000,6,579928,0.9454545454545454,0.9056179775280899,0.05454545454545454,25,25,79000,79000,0,39887,1.0,1.0,0.0,85,74,343000,280000,11,235804,0.8705882352941177,0.8163265306122449,0.12941176470588237,110,99,422000,359000,11,275691,0.9,0.8507109004739336,0.1
sealed_holdout,17,public-periphery-217-e58436c8f706,periphery,64,66,59,1,balanced_band,shifted_hotspot,retry,none,,0,False,0.038037291120712045,0.06758661644075886,9928136,110,104,445000,403000,6,579928,0.9454545454545454,0.9056179775280899,0.05454545454545454,25,25,79000,79000,0,39887,1.0,1.0,0.0,85,81,343000,324000,11,256848,0.9529411764705882,0.9446064139941691,0.12941176470588237,110,106,422000,403000,11,296735,0.9636363636363636,0.9549763033175356,0.1
sealed_holdout,17,public-periphery-217-e58436c8f706,periphery,64,66,59,1,balanced_band,shifted_hotspot,online,none,,0,False,0.038037291120712045,0.06829826041744125,9928136,110,104,445000,403000,6,579928,0.9454545454545454,0.9056179775280899,0.05454545454545454,25,25,79000,79000,0,41137,1.0,1.0,0.0,85,81,343000,324000,7,254598,0.9529411764705882,0.9446064139941691,0.08235294117647059,110,106,422000,403000,7,295735,0.9636363636363636,0.9549763033175356,0.06363636363636363
sealed_holdout,17,public-periphery-217-e58436c8f706,periphery,64,66,59,1,balanced_band,shifted_hotspot,oracle,none,,0,False,0.038037291120712045,0.06758661644075886,9928136,110,104,445000,403000,0,579928,0.9454545454545454,0.9056179775280899,0.0,25,25,79000,79000,0,39887,1.0,1.0,0.0,85,81,343000,324000,0,256848,0.9529411764705882,0.9446064139941691,0.0,110,106,422000,403000,0,296735,0.9636363636363636,0.9549763033175356,0.0
sealed_holdout,17,public-periphery-217-e58436c8f706,periphery,64,66,59,1,balanced_band,shifted_hotspot,online,random,N031|N050,120000,False,0.038037291120712045,0.06748260751922282,10048136,110,104,445000,403000,6,579928,0.9454545454545454,0.9056179775280899,0.05454545454545454,25,25,79000,79000,0,41137,1.0,1.0,0.0,85,81,343000,324000,7,254598,0.9529411764705882,0.9446064139941691,0.08235294117647059,110,106,422000,403000,7,295735,0.9636363636363636,0.9549763033175356,0.06363636363636363
sealed_holdout,17,public-periphery-217-e58436c8f706,periphery,64,66,59,1,balanced_band,shifted_hotspot,online,failure_aware,N056|N062,120000,False,0.038037291120712045,0.06718769586803994,10048136,110,104,445000,403000,6,579928,0.9454545454545454,0.9056179775280899,0.05454545454545454,25,25,79000,79000,0,39238,1.0,1.0,0.0,85,83,343000,337000,5,244429,0.9764705882352941,0.9825072886297376,0.058823529411764705,110,108,422000,416000,5,283667,0.9818181818181818,0.985781990521327,0.045454545454545456
sealed_holdout,17,public-periphery-217-e58436c8f706,periphery,64,66,59,1,uniform,diffuse,public,none,,0,False,0.21909134403837732,0.2511776632278965,9928136,110,100,399000,343000,10,242789,0.9090909090909091,0.8596491228070176,0.09090909090909091,25,24,102000,100000,1,55651,0.96,0.9803921568627451,0.04,85,75,346000,285000,10,216116,0.8823529411764706,0.8236994219653179,0.11764705882352941,110,99,448000,385000,11,271767,0.9,0.859375,0.1
sealed_holdout,17,public-periphery-217-e58436c8f706,periphery,64,66,59,1,uniform,diffuse,retry,none,,0,False,0.21909134403837732,0.2502254836429207,9928136,110,100,399000,343000,12,242789,0.9090909090909091,0.8596491228070176,0.10909090909090909,25,24,102000,100000,1,55651,0.96,0.9803921568627451,0.04,85,76,346000,290000,10,218121,0.8941176470588236,0.838150289017341,0.11764705882352941,110,100,448000,390000,11,273772,0.9090909090909091,0.8705357142857143,0.1
sealed_holdout,17,public-periphery-217-e58436c8f706,periphery,64,66,59,1,uniform,diffuse,online,none,,0,False,0.21909134403837732,0.2422138992054583,9928136,110,100,399000,343000,13,245739,0.9090909090909091,0.8596491228070176,0.11818181818181818,25,24,102000,100000,1,55822,0.96,0.9803921568627451,0.04,85,76,346000,290000,9,219213,0.8941176470588236,0.838150289017341,0.10588235294117647,110,100,448000,390000,10,275035,0.9090909090909091,0.8705357142857143,0.09090909090909091
sealed_holdout,17,public-periphery-217-e58436c8f706,periphery,64,66,59,1,uniform,diffuse,oracle,none,,0,False,0.21909134403837732,0.2502254836429207,9928136,110,100,399000,343000,0,242789,0.9090909090909091,0.8596491228070176,0.0,25,24,102000,100000,0,55651,0.96,0.9803921568627451,0.0,85,76,346000,290000,0,218121,0.8941176470588236,0.838150289017341,0.0,110,100,448000,390000,0,273772,0.9090909090909091,0.8705357142857143,0.0
sealed_holdout,17,public-periphery-217-e58436c8f706,periphery,64,66,59,1,uniform,diffuse,online,random,N031|N050,120000,False,0.21909134403837732,0.2393212564402076,10048136,110,100,399000,343000,13,245739,0.9090909090909091,0.8596491228070176,0.11818181818181818,25,24,102000,100000,1,55822,0.96,0.9803921568627451,0.04,85,76,346000,290000,9,219213,0.8941176470588236,0.838150289017341,0.10588235294117647,110,100,448000,390000,10,275035,0.9090909090909091,0.8705357142857143,0.09090909090909091
sealed_holdout,17,public-periphery-217-e58436c8f706,periphery,64,66,59,1,uniform,diffuse,online,failure_aware,N048|N063,120000,False,0.21909134403837732,0.2465546189142286,10048136,110,100,399000,343000,13,245739,0.9090909090909091,0.8596491228070176,0.11818181818181818,25,24,102000,100000,1,55822,0.96,0.9803921568627451,0.04,85,78,346000,306000,8,222845,0.9176470588235294,0.884393063583815,0.09411764705882353,110,102,448000,406000,9,278667,0.9272727272727272,0.90625,0.08181818181818182
sealed_holdout,17,public-periphery-217-e58436c8f706,periphery,64,66,59,1,uniform,stationary_hotspot,public,none,,0,False,0.21909134403837732,0.214641887788529,9928136,110,102,445000,397000,8,597910,0.9272727272727272,0.8921348314606742,0.07272727272727272,25,22,79000,61000,3,97861,0.88,0.7721518987341772,0.12,85,70,343000,263000,15,444025,0.8235294117647058,0.7667638483965015,0.17647058823529413,110,92,422000,324000,18,541886,0.8363636363636363,0.7677725118483413,0.16363636363636364
sealed_holdout,17,public-periphery-217-e58436c8f706,periphery,64,66,59,1,uniform,stationary_hotspot,retry,none,,0,False,0.21909134403837732,0.214641887788529,9928136,110,102,445000,397000,8,597910,0.9272727272727272,0.8921348314606742,0.07272727272727272,25,22,79000,61000,3,97861,0.88,0.7721518987341772,0.12,85,70,343000,263000,15,444025,0.8235294117647058,0.7667638483965015,0.17647058823529413,110,92,422000,324000,18,541886,0.8363636363636363,0.7677725118483413,0.16363636363636364
sealed_holdout,17,public-periphery-217-e58436c8f706,periphery,64,66,59,1,uniform,stationary_hotspot,online,none,,0,False,0.21909134403837732,0.214641887788529,9928136,110,102,445000,397000,8,597910,0.9272727272727272,0.8921348314606742,0.07272727272727272,25,22,79000,61000,3,97861,0.88,0.7721518987341772,0.12,85,70,343000,263000,15,444025,0.8235294117647058,0.7667638483965015,0.17647058823529413,110,92,422000,324000,18,541886,0.8363636363636363,0.7677725118483413,0.16363636363636364
sealed_holdout,17,public-periphery-217-e58436c8f706,periphery,64,66,59,1,uniform,stationary_hotspot,oracle,none,,0,False,0.21909134403837732,0.214641887788529,9928136,110,102,445000,397000,0,597910,0.9272727272727272,0.8921348314606742,0.0,25,22,79000,61000,0,97861,0.88,0.7721518987341772,0.0,85,70,343000,263000,0,444025,0.8235294117647058,0.7667638483965015,0.0,110,92,422000,324000,0,541886,0.8363636363636363,0.7677725118483413,0.0
sealed_holdout,17,public-periphery-217-e58436c8f706,periphery,64,66,59,1,uniform,stationary_hotspot,online,random,N031|N050,120000,False,0.21909134403837732,0.21207852414231407,10048136,110,102,445000,397000,8,597910,0.9272727272727272,0.8921348314606742,0.07272727272727272,25,22,79000,61000,3,97861,0.88,0.7721518987341772,0.12,85,70,343000,263000,16,444025,0.8235294117647058,0.7667638483965015,0.18823529411764706,110,92,422000,324000,19,541886,0.8363636363636363,0.7677725118483413,0.17272727272727273
sealed_holdout,17,public-periphery-217-e58436c8f706,periphery,64,66,59,1,uniform,stationary_hotspot,online,failure_aware,N056|N062,120000,True,0.21909134403837732,0.222917590334835,10048136,110,102,445000,397000,8,597910,0.9272727272727272,0.8921348314606742,0.07272727272727272,25,24,79000,71000,1,31536,0.96,0.8987341772151899,0.04,85,80,343000,312000,7,218970,0.9411764705882353,0.9096209912536443,0.08235294117647059,110,104,422000,383000,8,250506,0.9454545454545454,0.9075829383886256,0.07272727272727272
sealed_holdout,17,public-periphery-217-e58436c8f706,periphery,64,66,59,1,uniform,shifted_hotspot,public,none,,0,False,0.21909134403837732,0.21474014264765395,9928136,110,102,445000,397000,8,597910,0.9272727272727272,0.8921348314606742,0.07272727272727272,25,23,79000,70000,2,32871,0.92,0.8860759493670886,0.08,85,71,343000,262000,14,231274,0.8352941176470589,0.7638483965014577,0.16470588235294117,110,94,422000,332000,16,264145,0.8545454545454545,0.7867298578199052,0.14545454545454545
sealed_holdout,17,public-periphery-217-e58436c8f706,periphery,64,66,59,1,uniform,shifted_hotspot,retry,none,,0,False,0.21909134403837732,0.21672607081927117,9928136,110,102,445000,397000,8,597910,0.9272727272727272,0.8921348314606742,0.07272727272727272,25,23,79000,70000,2,32871,0.92,0.8860759493670886,0.08,85,80,343000,312000,14,258324,0.9411764705882353,0.9096209912536443,0.16470588235294117,110,103,422000,382000,16,291195,0.9363636363636364,0.9052132701421801,0.14545454545454545
sealed_holdout,17,public-periphery-217-e58436c8f706,periphery,64,66,59,1,uniform,shifted_hotspot,online,none,,0,False,0.21909134403837732,0.2147560774787503,9928136,110,102,445000,397000,8,597910,0.9272727272727272,0.8921348314606742,0.07272727272727272,25,23,79000,70000,2,34121,0.92,0.8860759493670886,0.08,85,80,343000,312000,10,255222,0.9411764705882353,0.9096209912536443,0.11764705882352941,110,103,422000,382000,12,289343,0.9363636363636364,0.9052132701421801,0.10909090909090909
sealed_holdout,17,public-periphery-217-e58436c8f706,periphery,64,66,59,1,uniform,shifted_hotspot,oracle,none,,0,False,0.21909134403837732,0.21672607081927117,9928136,110,102,445000,397000,0,597910,0.9272727272727272,0.8921348314606742,0.0,25,23,79000,70000,0,32871,0.92,0.8860759493670886,0.0,85,80,343000,312000,0,258324,0.9411764705882353,0.9096209912536443,0.0,110,103,422000,382000,0,291195,0.9363636363636364,0.9052132701421801,0.0
sealed_holdout,17,public-periphery-217-e58436c8f706,periphery,64,66,59,1,uniform,shifted_hotspot,online,random,N031|N050,120000,False,0.21909134403837732,0.21219135012061643,10048136,110,102,445000,397000,8,597910,0.9272727272727272,0.8921348314606742,0.07272727272727272,25,23,79000,70000,2,34121,0.92,0.8860759493670886,0.08,85,80,343000,312000,11,255222,0.9411764705882353,0.9096209912536443,0.12941176470588237,110,103,422000,382000,13,289343,0.9363636363636364,0.9052132701421801,0.11818181818181818
sealed_holdout,17,public-periphery-217-e58436c8f706,periphery,64,66,59,1,uniform,shifted_hotspot,online,failure_aware,N056|N062,120000,False,0.21909134403837732,0.21062538190170607,10048136,110,102,445000,397000,8,597910,0.9272727272727272,0.8921348314606742,0.07272727272727272,25,24,79000,71000,1,38222,0.96,0.8987341772151899,0.04,85,82,343000,325000,8,245053,0.9647058823529412,0.9475218658892128,0.09411764705882353,110,106,422000,396000,9,283275,0.9636363636363636,0.9383886255924171,0.08181818181818182
sealed_holdout,17,public-periphery-217-e58436c8f706,periphery,64,66,59,1,polarized,diffuse,public,none,,0,False,0.6714405496096925,0.6290395928962339,9928136,110,85,399000,264000,25,154386,0.7727272727272727,0.6616541353383458,0.22727272727272727,25,20,102000,71000,5,50201,0.8,0.696078431372549,0.2,85,64,346000,225000,21,191939,0.7529411764705882,0.6502890173410405,0.24705882352941178,110,84,448000,296000,26,242140,0.7636363636363637,0.6607142857142857,0.23636363636363636
sealed_holdout,17,public-periphery-217-e58436c8f706,periphery,64,66,59,1,polarized,diffuse,retry,none,,0,False,0.6714405496096925,0.6281977592153725,9928136,110,85,399000,264000,31,154386,0.7727272727272727,0.6616541353383458,0.2818181818181818,25,20,102000,71000,7,50201,0.8,0.696078431372549,0.28,85,66,346000,238000,25,195952,0.7764705882352941,0.6878612716763006,0.29411764705882354,110,86,448000,309000,32,246153,0.7818181818181819,0.6897321428571429,0.2909090909090909
sealed_holdout,17,public-periphery-217-e58436c8f706,periphery,64,66,59,1,polarized,diffuse,online,none,,0,False,0.6714405496096925,0.6248838548719421,9928136,110,85,399000,264000,31,157336,0.7727272727272727,0.6616541353383458,0.2818181818181818,25,20,102000,71000,7,51740,0.8,0.696078431372549,0.28,85,66,346000,238000,23,197899,0.7764705882352941,0.6878612716763006,0.27058823529411763,110,86,448000,309000,30,249639,0.7818181818181819,0.6897321428571429,0.2727272727272727
sealed_holdout,17,public-periphery-217-e58436c8f706,periphery,64,66,59,1,polarized,diffuse,oracle,none,,0,False,0.6714405496096925,0.6250068526625027,9928136,110,85,399000,264000,0,154386,0.7727272727272727,0.6616541353383458,0.0,25,21,102000,76000,0,65206,0.84,0.7450980392156863,0.0,85,66,346000,238000,0,195952,0.7764705882352941,0.6878612716763006,0.0,110,87,448000,314000,0,261158,0.7909090909090909,0.7008928571428571,0.0
sealed_holdout,17,public-periphery-217-e58436c8f706,periphery,64,66,59,1,polarized,diffuse,online,random,N031|N050,120000,False,0.6714405496096925,0.616763720823516,10048136,110,85,399000,264000,31,157336,0.7727272727272727,0.6616541353383458,0.2818181818181818,25,20,102000,71000,8,51740,0.8,0.696078431372549,0.32,85,66,346000,238000,23,198299,0.7764705882352941,0.6878612716763006,0.27058823529411763,110,86,448000,309000,31,250039,0.7818181818181819,0.6897321428571429,0.2818181818181818
sealed_holdout,17,public-periphery-217-e58436c8f706,periphery,64,66,59,1,polarized,diffuse,online,failure_aware,N053|N056,120000,False,0.6714405496096925,0.618816036268474,10048136,110,85,399000,264000,31,157336,0.7727272727272727,0.6616541353383458,0.2818181818181818,25,20,102000,71000,7,51740,0.8,0.696078431372549,0.28,85,67,346000,240000,24,206101,0.788235294117647,0.6936416184971098,0.2823529411764706,110,87,448000,311000,31,257841,0.7909090909090909,0.6941964285714286,0.2818181818181818
sealed_holdout,17,public-periphery-217-e58436c8f706,periphery,64,66,59,1,polarized,stationary_hotspot,public,none,,0,False,0.6714405496096925,0.6117830588689349,9928136,110,91,445000,326000,19,527560,0.8272727272727273,0.7325842696629213,0.17272727272727273,25,22,79000,61000,3,97861,0.88,0.7721518987341772,0.12,85,65,343000,243000,20,428759,0.7647058823529411,0.7084548104956269,0.23529411764705882,110,87,422000,304000,23,526620,0.7909090909090909,0.7203791469194313,0.20909090909090908
sealed_holdout,17,public-periphery-217-e58436c8f706,periphery,64,66,59,1,polarized,stationary_hotspot,retry,none,,0,False,0.6714405496096925,0.6117830588689349,9928136,110,91,445000,326000,19,527560,0.8272727272727273,0.7325842696629213,0.17272727272727273,25,22,79000,61000,3,97861,0.88,0.7721518987341772,0.12,85,65,343000,243000,24,428759,0.7647058823529411,0.7084548104956269,0.2823529411764706,110,87,422000,304000,27,526620,0.7909090909090909,0.7203791469194313,0.24545454545454545
sealed_holdout,17,public-periphery-217-e58436c8f706,periphery,64,66,59,1,polarized,stationary_hotspot,online,none,,0,False,0.6714405496096925,0.6117830588689349,9928136,110,91,445000,326000,19,527560,0.8272727272727273,0.7325842696629213,0.17272727272727273,25,22,79000,61000,3,97861,0.88,0.7721518987341772,0.12,85,65,343000,243000,24,428759,0.7647058823529411,0.7084548104956269,0.2823529411764706,110,87,422000,304000,27,526620,0.7909090909090909,0.7203791469194313,0.24545454545454545
sealed_holdout,17,public-periphery-217-e58436c8f706,periphery,64,66,59,1,polarized,stationary_hotspot,oracle,none,,0,False,0.6714405496096925,0.6117830588689349,9928136,110,91,445000,326000,0,527560,0.8272727272727273,0.7325842696629213,0.0,25,22,79000,61000,0,97861,0.88,0.7721518987341772,0.0,85,65,343000,243000,0,428759,0.7647058823529411,0.7084548104956269,0.0,110,87,422000,304000,0,526620,0.7909090909090909,0.7203791469194313,0.0
sealed_holdout,17,public-periphery-217-e58436c8f706,periphery,64,66,59,1,polarized,stationary_hotspot,online,random,N031|N050,120000,False,0.6714405496096925,0.6044768314189609,10048136,110,91,445000,326000,19,527560,0.8272727272727273,0.7325842696629213,0.17272727272727273,25,22,79000,61000,3,97861,0.88,0.7721518987341772,0.12,85,65,343000,243000,24,428759,0.7647058823529411,0.7084548104956269,0.2823529411764706,110,87,422000,304000,27,526620,0.7909090909090909,0.7203791469194313,0.24545454545454545
sealed_holdout,17,public-periphery-217-e58436c8f706,periphery,64,66,59,1,polarized,stationary_hotspot,online,failure_aware,N056|N062,120000,True,0.6714405496096925,0.6145854090219657,10048136,110,91,445000,326000,19,527560,0.8272727272727273,0.7325842696629213,0.17272727272727273,25,24,79000,71000,1,31536,0.96,0.8987341772151899,0.04,85,75,343000,292000,16,203704,0.8823529411764706,0.8513119533527697,0.18823529411764706,110,99,422000,363000,17,235240,0.9,0.8601895734597157,0.15454545454545454
sealed_holdout,17,public-periphery-217-e58436c8f706,periphery,64,66,59,1,polarized,shifted_hotspot,public,none,,0,False,0.6714405496096925,0.6132173160234194,9928136,110,91,445000,326000,19,527560,0.8272727272727273,0.7325842696629213,0.17272727272727273,25,22,79000,65000,3,30616,0.88,0.8227848101265823,0.12,85,65,343000,233000,20,212749,0.7647058823529411,0.6793002915451894,0.23529411764705882,110,87,422000,298000,23,243365,0.7909090909090909,0.7061611374407583,0.20909090909090908
sealed_holdout,17,public-periphery-217-e58436c8f706,periphery,64,66,59,1,polarized,shifted_hotspot,retry,none,,0,False,0.6714405496096925,0.6085039299795003,9928136,110,91,445000,326000,19,527560,0.8272727272727273,0.7325842696629213,0.17272727272727273,25,23,79000,70000,3,33621,0.92,0.8860759493670886,0.12,85,70,343000,258000,33,226436,0.8235294117647058,0.7521865889212828,0.38823529411764707,110,93,422000,328000,36,260057,0.8454545454545455,0.7772511848341233,0.32727272727272727
sealed_holdout,17,public-periphery-217-e58436c8f706,periphery,64,66,59,1,polarized,shifted_hotspot,online,none,,0,False,0.6714405496096925,0.6085039299795003,9928136,110,91,445000,326000,19,527560,0.8272727272727273,0.7325842696629213,0.17272727272727273,25,23,79000,70000,3,34871,0.92,0.8860759493670886,0.12,85,70,343000,258000,32,225686,0.8235294117647058,0.7521865889212828,0.3764705882352941,110,93,422000,328000,35,260557,0.8454545454545455,0.7772511848341233,0.3181818181818182
sealed_holdout,17,public-periphery-217-e58436c8f706,periphery,64,66,59,1,polarized,shifted_hotspot,oracle,none,,0,False,0.6714405496096925,0.6088618641980772,9928136,110,91,445000,326000,0,527560,0.8272727272727273,0.7325842696629213,0.0,25,23,79000,70000,0,33621,0.92,0.8860759493670886,0.0,85,71,343000,260000,0,235442,0.8352941176470589,0.7580174927113703,0.0,110,94,422000,330000,0,269063,0.8545454545454545,0.7819905213270142,0.0
sealed_holdout,17,public-periphery-217-e58436c8f706,periphery,64,66,59,1,polarized,shifted_hotspot,online,random,N031|N050,120000,False,0.6714405496096925,0.6012368635706121,10048136,110,91,445000,326000,19,527560,0.8272727272727273,0.7325842696629213,0.17272727272727273,25,23,79000,70000,3,34871,0.92,0.8860759493670886,0.12,85,70,343000,258000,32,225686,0.8235294117647058,0.7521865889212828,0.3764705882352941,110,93,422000,328000,35,260557,0.8454545454545455,0.7772511848341233,0.3181818181818182
sealed_holdout,17,public-periphery-217-e58436c8f706,periphery,64,66,59,1,polarized,shifted_hotspot,online,failure_aware,N056|N062,120000,False,0.6714405496096925,0.600052582950331,10048136,110,91,445000,326000,19,527560,0.8272727272727273,0.7325842696629213,0.17272727272727273,25,24,79000,71000,2,38972,0.96,0.8987341772151899,0.08,85,72,343000,271000,30,215517,0.8470588235294118,0.7900874635568513,0.35294117647058826,110,96,422000,342000,32,254489,0.8727272727272727,0.8104265402843602,0.2909090909090909
sealed_holdout,18,public-hub-218-e908fea95b39,hub,64,111,33,0,balanced_band,diffuse,public,none,,0,False,0.05285461740945471,0.08155775028545827,14208110,110,107,378000,357000,3,273615,0.9727272727272728,0.9444444444444444,0.02727272727272727,25,22,107000,92000,3,69576,0.88,0.8598130841121495,0.12,85,81,315000,295000,4,217743,0.9529411764705882,0.9365079365079365,0.047058823529411764,110,103,422000,387000,7,287319,0.9363636363636364,0.9170616113744076,0.06363636363636363
sealed_holdout,18,public-hub-218-e908fea95b39,hub,64,111,33,0,balanced_band,diffuse,retry,none,,0,False,0.05285461740945471,0.0823220141676338,14208110,110,108,378000,362000,3,275015,0.9818181818181818,0.9576719576719577,0.02727272727272727,25,23,107000,94000,3,70754,0.92,0.8785046728971962,0.12,85,81,315000,295000,8,217743,0.9529411764705882,0.9365079365079365,0.09411764705882353,110,104,422000,389000,11,288497,0.9454545454545454,0.9218009478672986,0.1
sealed_holdout,18,public-hub-218-e908fea95b39,hub,64,111,33,0,balanced_band,diffuse,online,none,,0,False,0.05285461740945471,0.08858621689948165,14208110,110,107,378000,354000,7,273109,0.9727272727272728,0.9365079365079365,0.06363636363636363,25,23,107000,94000,3,71086,0.92,0.8785046728971962,0.12,85,81,315000,295000,8,219927,0.9529411764705882,0.9365079365079365,0.09411764705882353,110,104,422000,389000,11,291013,0.9454545454545454,0.9218009478672986,0.1
sealed_holdout,18,public-hub-218-e908fea95b39,hub,64,111,33,0,balanced_band,diffuse,oracle,none,,0,False,0.05285461740945471,0.0823220141676338,14208110,110,108,378000,362000,0,275015,0.9818181818181818,0.9576719576719577,0.0,25,23,107000,94000,0,70754,0.92,0.8785046728971962,0.0,85,81,315000,295000,0,217743,0.9529411764705882,0.9365079365079365,0.0,110,104,422000,389000,0,288497,0.9454545454545454,0.9218009478672986,0.0
sealed_holdout,18,public-hub-218-e908fea95b39,hub,64,111,33,0,balanced_band,diffuse,online,random,N026|N034,120000,False,0.05285461740945471,0.08857259386529868,14328110,110,107,378000,354000,7,273109,0.9727272727272728,0.9365079365079365,0.06363636363636363,25,23,107000,94000,2,71519,0.92,0.8785046728971962,0.08,85,81,315000,295000,8,219033,0.9529411764705882,0.9365079365079365,0.09411764705882353,110,104,422000,389000,10,290552,0.9454545454545454,0.9218009478672986,0.09090909090909091
sealed_holdout,18,public-hub-218-e908fea95b39,hub,64,111,33,0,balanced_band,diffuse,online,failure_aware,N026|N056,120000,False,0.05285461740945471,0.0820376572625469,14328110,110,107,378000,354000,7,273109,0.9727272727272728,0.9365079365079365,0.06363636363636363,25,23,107000,94000,2,71519,0.92,0.8785046728971962,0.08,85,81,315000,295000,8,215166,0.9529411764705882,0.9365079365079365,0.09411764705882353,110,104,422000,389000,10,286685,0.9454545454545454,0.9218009478672986,0.09090909090909091
sealed_holdout,18,public-hub-218-e908fea95b39,hub,64,111,33,0,balanced_band,stationary_hotspot,public,none,,0,False,0.05285461740945471,0.08181627908668897,14208110,110,107,403000,385000,3,360337,0.9727272727272728,0.9553349875930521,0.02727272727272727,25,24,107000,99000,1,83752,0.96,0.9252336448598131,0.04,85,78,319000,293000,7,236641,0.9176470588235294,0.9184952978056427,0.08235294117647059,110,102,426000,392000,8,320393,0.9272727272727272,0.92018779342723,0.07272727272727272
sealed_holdout,18,public-hub-218-e908fea95b39,hub,64,111,33,0,balanced_band,stationary_hotspot,retry,none,,0,False,0.05285461740945471,0.09882063452695897,14208110,110,110,403000,403000,3,381929,1.0,1.0,0.02727272727272727,25,25,107000,107000,1,87140,1.0,1.0,0.04,85,84,319000,317000,10,269041,0.9882352941176471,0.9937304075235109,0.11764705882352941,110,109,426000,424000,11,356181,0.990909090909091,0.9953051643192489,0.1
sealed_holdout,18,public-hub-218-e908fea95b39,hub,64,111,33,0,balanced_band,stationary_hotspot,online,none,,0,False,0.05285461740945471,0.11286871764161549,14208110,110,110,403000,403000,3,385351,1.0,1.0,0.02727272727272727,25,25,107000,107000,2,88244,1.0,1.0,0.08,85,83,319000,312000,14,264027,0.9764705882352941,0.9780564263322884,0.16470588235294117,110,108,426000,419000,16,352271,0.9818181818181818,0.9835680751173709,0.14545454545454545
sealed_holdout,18,public-hub-218-e908fea95b39,hub,64,111,33,0,balanced_band,stationary_hotspot,oracle,none,,0,False,0.05285461740945471,0.09882063452695897,14208110,110,110,403000,403000,0,381929,1.0,1.0,0.0,25,25,107000,107000,0,87140,1.0,1.0,0.0,85,84,319000,317000,0,269041,0.9882352941176471,0.9937304075235109,0.0,110,109,426000,424000,0,356181,0.990909090909091,0.9953051643192489,0.0
sealed_holdout,18,public-hub-218-e908fea95b39,hub,64,111,33,0,balanced_band,stationary_hotspot,online,random,N026|N034,120000,False,0.05285461740945471,0.11327086576382907,14328110,110,110,403000,403000,3,385351,1.0,1.0,0.02727272727272727,25,25,107000,107000,0,88220,1.0,1.0,0.0,85,83,319000,312000,13,268236,0.9764705882352941,0.9780564263322884,0.15294117647058825,110,108,426000,419000,13,356456,0.9818181818181818,0.9835680751173709,0.11818181818181818
sealed_holdout,18,public-hub-218-e908fea95b39,hub,64,111,33,0,balanced_band,stationary_hotspot,online,failure_aware,N026|N034,120000,False,0.05285461740945471,0.11327086576382907,14328110,110,110,403000,403000,3,385351,1.0,1.0,0.02727272727272727,25,25,107000,107000,0,88220,1.0,1.0,0.0,85,83,319000,312000,13,268236,0.9764705882352941,0.9780564263322884,0.15294117647058825,110,108,426000,419000,13,356456,0.9818181818181818,0.9835680751173709,0.11818181818181818
sealed_holdout,18,public-hub-218-e908fea95b39,hub,64,111,33,0,balanced_band,shifted_hotspot,public,none,,0,False,0.05285461740945471,0.08771988221277136,14208110,110,107,403000,385000,3,360337,0.9727272727272728,0.9553349875930521,0.02727272727272727,25,24,107000,99000,1,69918,0.96,0.9252336448598131,0.04,85,84,319000,317000,1,206368,0.9882352941176471,0.9937304075235109,0.011764705882352941,110,108,426000,416000,2,276286,0.9818181818181818,0.9765258215962441,0.01818181818181818
sealed_holdout,18,public-hub-218-e908fea95b39,hub,64,111,33,0,balanced_band,shifted_hotspot,retry,none,,0,False,0.05285461740945471,0.09778567438757166,14208110,110,110,403000,403000,3,381929,1.0,1.0,0.02727272727272727,25,25,107000,107000,1,73306,1.0,1.0,0.04,85,84,319000,317000,1,206368,0.9882352941176471,0.9937304075235109,0.011764705882352941,110,109,426000,424000,2,279674,0.990909090909091,0.9953051643192489,0.01818181818181818
sealed_holdout,18,public-hub-218-e908fea95b39,hub,64,111,33,0,balanced_band,shifted_hotspot,online,none,,0,False,0.05285461740945471,0.11002472958070929,14208110,110,110,403000,403000,3,385351,1.0,1.0,0.02727272727272727,25,25,107000,107000,2,75460,1.0,1.0,0.08,85,84,319000,317000,3,208524,0.9882352941176471,0.9937304075235109,0.03529411764705882,110,109,426000,424000,5,283984,0.990909090909091,0.9953051643192489,0.045454545454545456
sealed_holdout,18,public-hub-218-e908fea95b39,hub,64,111,33,0,balanced_band,shifted_hotspot,oracle,none,,0,False,0.05285461740945471,0.09778567438757166,14208110,110,110,403000,403000,0,381929,1.0,1.0,0.0,25,25,107000,107000,0,73306,1.0,1.0,0.0,85,84,319000,317000,0,206368,0.9882352941176471,0.9937304075235109,0.0,110,109,426000,424000,0,279674,0.990909090909091,0.9953051643192489,0.0
sealed_holdout,18,public-hub-218-e908fea95b39,hub,64,111,33,0,balanced_band,shifted_hotspot,online,random,N026|N034,120000,False,0.05285461740945471,0.11125711267944956,14328110,110,110,403000,403000,3,385351,1.0,1.0,0.02727272727272727,25,25,107000,107000,1,73666,1.0,1.0,0.04,85,84,319000,317000,1,210249,0.9882352941176471,0.9937304075235109,0.011764705882352941,110,109,426000,424000,2,283915,0.990909090909091,0.9953051643192489,0.01818181818181818
sealed_holdout,18,public-hub-218-e908fea95b39,hub,64,111,33,0,balanced_band,shifted_hotspot,online,failure_aware,N026|N034,120000,False,0.05285461740945471,0.11125711267944956,14328110,110,110,403000,403000,3,385351,1.0,1.0,0.02727272727272727,25,25,107000,107000,1,73666,1.0,1.0,0.04,85,84,319000,317000,1,210249,0.9882352941176471,0.9937304075235109,0.011764705882352941,110,109,426000,424000,2,283915,0.990909090909091,0.9953051643192489,0.01818181818181818
sealed_holdout,18,public-hub-218-e908fea95b39,hub,64,111,33,0,uniform,diffuse,public,none,,0,False,0.3044409843758299,0.3122400347089255,14208110,110,95,378000,288000,15,226451,0.8636363636363636,0.7619047619047619,0.13636363636363635,25,20,107000,79000,5,68475,0.8,0.7383177570093458,0.2,85,75,315000,270000,10,206432,0.8823529411764706,0.8571428571428571,0.11764705882352941,110,95,422000,349000,15,274907,0.8636363636363636,0.8270142180094787,0.13636363636363635
sealed_holdout,18,public-hub-218-e908fea95b39,hub,64,111,33,0,uniform,diffuse,retry,none,,0,False,0.3044409843758299,0.31648744031208764,14208110,110,99,378000,308000,27,242818,0.9,0.8148148148148148,0.24545454545454545,25,23,107000,94000,4,70754,0.92,0.8785046728971962,0.16,85,79,315000,283000,16,219288,0.9294117647058824,0.8984126984126984,0.18823529411764706,110,102,422000,377000,20,290042,0.9272727272727272,0.8933649289099526,0.18181818181818182
sealed_holdout,18,public-hub-218-e908fea95b39,hub,64,111,33,0,uniform,diffuse,online,none,,0,False,0.3044409843758299,0.3175391432973975,14208110,110,99,378000,308000,28,246614,0.9,0.8148148148148148,0.2545454545454545,25,23,107000,94000,3,72958,0.92,0.8785046728971962,0.12,85,79,315000,283000,20,224428,0.9294117647058824,0.8984126984126984,0.23529411764705882,110,102,422000,377000,23,297386,0.9272727272727272,0.8933649289099526,0.20909090909090908
sealed_holdout,18,public-hub-218-e908fea95b39,hub,64,111,33,0,uniform,diffuse,oracle,none,,0,False,0.3044409843758299,0.3166886379120202,14208110,110,101,378000,324000,0,261940,0.9181818181818182,0.8571428571428571,0.0,25,23,107000,94000,0,70754,0.92,0.8785046728971962,0.0,85,77,315000,276000,0,216156,0.9058823529411765,0.8761904761904762,0.0,110,100,422000,370000,0,286910,0.9090909090909091,0.8767772511848341,0.0
sealed_holdout,18,public-hub-218-e908fea95b39,hub,64,111,33,0,uniform,diffuse,online,random,N026|N034,120000,False,0.3044409843758299,0.31917873885316406,14328110,110,99,378000,308000,28,246614,0.9,0.8148148148148148,0.2545454545454545,25,23,107000,94000,3,72539,0.92,0.8785046728971962,0.12,85,79,315000,283000,17,221124,0.9294117647058824,0.8984126984126984,0.2,110,102,422000,377000,20,293663,0.9272727272727272,0.8933649289099526,0.18181818181818182
sealed_holdout,18,public-hub-218-e908fea95b39,hub,64,111,33,0,uniform,diffuse,online,failure_aware,N026|N056,120000,False,0.3044409843758299,0.31366388481281093,14328110,110,99,378000,308000,28,246614,0.9,0.8148148148148148,0.2545454545454545,25,23,107000,94000,3,72915,0.92,0.8785046728971962,0.12,85,79,315000,283000,14,219175,0.9294117647058824,0.8984126984126984,0.16470588235294117,110,102,422000,377000,17,292090,0.9272727272727272,0.8933649289099526,0.15454545454545454
sealed_holdout,18,public-hub-218-e908fea95b39,hub,64,111,33,0,uniform,stationary_hotspot,public,none,,0,False,0.3044409843758299,0.29708184561571954,14208110,110,95,403000,307000,15,297543,0.8636363636363636,0.7617866004962779,0.13636363636363635,25,23,107000,97000,2,80584,0.92,0.9065420560747663,0.08,85,72,319000,245000,13,216156,0.8470588235294118,0.768025078369906,0.15294117647058825,110,95,426000,342000,15,296740,0.8636363636363636,0.8028169014084507,0.13636363636363635
sealed_holdout,18,public-hub-218-e908fea95b39,hub,64,111,33,0,uniform,stationary_hotspot,retry,none,,0,False,0.3044409843758299,0.3082687321571534,14208110,110,105,403000,369000,23,372272,0.9545454545454546,0.9156327543424317,0.20909090909090908,25,24,107000,99000,2,83784,0.96,0.9252336448598131,0.08,85,73,319000,251000,38,214686,0.8588235294117647,0.786833855799373,0.4470588235294118,110,97,426000,350000,40,298470,0.8818181818181818,0.8215962441314554,0.36363636363636365
sealed_holdout,18,public-hub-218-e908fea95b39,hub,64,111,33,0,uniform,stationary_hotspot,online,none,,0,False,0.3044409843758299,0.33002656133957453,14208110,110,104,403000,361000,22,364534,0.9454545454545454,0.8957816377171216,0.2,25,24,107000,99000,4,84092,0.96,0.9252336448598131,0.16,85,76,319000,268000,34,235429,0.8941176470588236,0.8401253918495298,0.4,110,100,426000,367000,38,319521,0.9090909090909091,0.8615023474178404,0.34545454545454546
sealed_holdout,18,public-hub-218-e908fea95b39,hub,64,111,33,0,uniform,stationary_hotspot,oracle,none,,0,False,0.3044409843758299,0.3101988842016638,14208110,110,105,403000,369000,0,372272,0.9545454545454546,0.9156327543424317,0.0,25,24,107000,99000,0,83784,0.96,0.9252336448598131,0.0,85,77,319000,267000,0,241066,0.9058823529411765,0.8369905956112853,0.0,110,101,426000,366000,0,324850,0.9181818181818182,0.8591549295774648,0.0
sealed_holdout,18,public-hub-218-e908fea95b39,hub,64,111,33,0,uniform,stationary_hotspot,online,random,N026|N034,120000,False,0.3044409843758299,0.32970872904341775,14328110,110,104,403000,361000,22,364534,0.9454545454545454,0.8957816377171216,0.2,25,24,107000,99000,3,84092,0.96,0.9252336448598131,0.12,85,76,319000,269000,31,240012,0.8941176470588236,0.8432601880877743,0.36470588235294116,110,100,426000,368000,34,324104,0.9090909090909091,0.863849765258216,0.3090909090909091
sealed_holdout,18,public-hub-218-e908fea95b39,hub,64,111,33,0,uniform,stationary_hotspot,online,failure_aware,N056|N061,120000,True,0.3044409843758299,0.3201332896770728,14328110,110,104,403000,361000,22,364534,0.9454545454545454,0.8957816377171216,0.2,25,24,107000,99000,1,65832,0.96,0.9252336448598131,0.04,85,79,319000,280000,19,175864,0.9294117647058824,0.877742946708464,0.2235294117647059,110,103,426000,379000,20,241696,0.9363636363636364,0.8896713615023474,0.18181818181818182
sealed_holdout,18,public-hub-218-e908fea95b39,hub,64,111,33,0,uniform,shifted_hotspot,public,none,,0,False,0.3044409843758299,0.30333143704638005,14208110,110,95,403000,307000,15,297543,0.8636363636363636,0.7617866004962779,0.13636363636363635,25,23,107000,91000,2,66382,0.92,0.8504672897196262,0.08,85,76,319000,265000,9,186910,0.8941176470588236,0.8307210031347962,0.10588235294117647,110,99,426000,356000,11,253292,0.9,0.8356807511737089,0.1
sealed_holdout,18,public-hub-218-e908fea95b39,hub,64,111,33,0,uniform,shifted_hotspot,retry,none,,0,False,0.3044409843758299,0.31551534007195126,14208110,110,105,403000,369000,23,372272,0.9545454545454546,0.9156327543424317,0.20909090909090908,25,24,107000,99000,3,69794,0.96,0.9252336448598131,0.12,85,77,319000,270000,24,184340,0.9058823529411765,0.8463949843260188,0.2823529411764706,110,101,426000,369000,27,254134,0.9181818181818182,0.8661971830985915,0.24545454545454545
sealed_holdout,18,public-hub-218-e908fea95b39,hub,64,111,33,0,uniform,shifted_hotspot,online,none,,0,False,0.3044409843758299,0.3299035688510169,14208110,110,104,403000,361000,22,364534,0.9454545454545454,0.8957816377171216,0.2,25,24,107000,99000,2,70258,0.96,0.9252336448598131,0.08,85,77,319000,270000,24,185003,0.9058823529411765,0.8463949843260188,0.2823529411764706,110,101,426000,369000,26,255261,0.9181818181818182,0.8661971830985915,0.23636363636363636
sealed_holdout,18,public-hub-218-e908fea95b39,hub,64,111,33,0,uniform,shifted_hotspot,oracle,none,,0,False,0.3044409843758299,0.314161846671032,14208110,110,105,403000,369000,0,372272,0.9545454545454546,0.9156327543424317,0.0,25,24,107000,99000,0,69794,0.96,0.9252336448598131,0.0,85,77,319000,267000,0,183960,0.9058823529411765,0.8369905956112853,0.0,110,101,426000,366000,0,253754,0.9181818181818182,0.8591549295774648,0.0
sealed_holdout,18,public-hub-218-e908fea95b39,hub,64,111,33,0,uniform,shifted_hotspot,online,random,N026|N034,120000,False,0.3044409843758299,0.32781143644667826,14328110,110,104,403000,361000,22,364534,0.9454545454545454,0.8957816377171216,0.2,25,24,107000,99000,1,70258,0.96,0.9252336448598131,0.04,85,76,319000,269000,26,188186,0.8941176470588236,0.8432601880877743,0.3058823529411765,110,100,426000,368000,27,258444,0.9090909090909091,0.863849765258216,0.24545454545454545
sealed_holdout,18,public-hub-218-e908fea95b39,hub,64,111,33,0,uniform,shifted_hotspot,online,failure_aware,N056|N061,120000,False,0.3044409843758299,0.3281727953736532,14328110,110,104,403000,361000,22,364534,0.9454545454545454,0.8957816377171216,0.2,25,24,107000,99000,1,70258,0.96,0.9252336448598131,0.04,85,77,319000,270000,24,191188,0.9058823529411765,0.8463949843260188,0.2823529411764706,110,101,426000,369000,25,261446,0.9181818181818182,0.8661971830985915,0.22727272727272727
sealed_holdout,18,public-hub-218-e908fea95b39,hub,64,111,33,0,polarized,diffuse,public,none,,0,False,0.7123069065923583,0.6888045129812185,14208110,110,82,378000,238000,28,199208,0.7454545454545455,0.6296296296296297,0.2545454545454545,25,14,107000,47000,11,41509,0.56,0.4392523364485981,0.44,85,62,315000,209000,23,164004,0.7294117647058823,0.6634920634920635,0.27058823529411763,110,76,422000,256000,34,205513,0.6909090909090909,0.6066350710900474,0.3090909090909091
sealed_holdout,18,public-hub-218-e908fea95b39,hub,64,111,33,0,polarized,diffuse,retry,none,,0,False,0.7123069065923583,0.67937227550927,14208110,110,91,378000,272000,53,234092,0.8272727272727273,0.7195767195767195,0.4818181818181818,25,19,107000,68000,18,50916,0.76,0.6355140186915887,0.72,85,73,315000,257000,37,211741,0.8588235294117647,0.8158730158730159,0.43529411764705883,110,92,422000,325000,55,262657,0.8363636363636363,0.7701421800947867,0.5
sealed_holdout,18,public-hub-218-e908fea95b39,hub,64,111,33,0,polarized,diffuse,online,none,,0,False,0.7123069065923583,0.6791737083513557,14208110,110,91,378000,272000,55,236766,0.8272727272727273,0.7195767195767195,0.5,25,19,107000,68000,15,50371,0.76,0.6355140186915887,0.6,85,73,315000,257000,36,215916,0.8588235294117647,0.8158730158730159,0.4235294117647059,110,92,422000,325000,51,266287,0.8363636363636363,0.7701421800947867,0.4636363636363636
sealed_holdout,18,public-hub-218-e908fea95b39,hub,64,111,33,0,polarized,diffuse,oracle,none,,0,False,0.7123069065923583,0.6792528165490406,14208110,110,95,378000,294000,0,261964,0.8636363636363636,0.7777777777777778,0.0,25,19,107000,68000,0,62218,0.76,0.6355140186915887,0.0,85,76,315000,261000,0,238305,0.8941176470588236,0.8285714285714286,0.0,110,95,422000,329000,0,300523,0.8636363636363636,0.7796208530805687,0.0
sealed_holdout,18,public-hub-218-e908fea95b39,hub,64,111,33,0,polarized,diffuse,online,random,N026|N034,120000,False,0.7123069065923583,0.6791296069584732,14328110,110,91,378000,272000,55,236766,0.8272727272727273,0.7195767195767195,0.5,25,20,107000,76000,13,61131,0.8,0.7102803738317757,0.52,85,74,315000,265000,31,216827,0.8705882352941177,0.8412698412698413,0.36470588235294116,110,94,422000,341000,44,277958,0.8545454545454545,0.8080568720379147,0.4
sealed_holdout,18,public-hub-218-e908fea95b39,hub,64,111,33,0,polarized,diffuse,online,failure_aware,N033|N058,120000,False,0.7123069065923583,0.6799581931998219,14328110,110,91,378000,272000,55,236766,0.8272727272727273,0.7195767195767195,0.5,25,20,107000,76000,13,61131,0.8,0.7102803738317757,0.52,85,75,315000,267000,31,220313,0.8823529411764706,0.8476190476190476,0.36470588235294116,110,95,422000,343000,44,281444,0.8636363636363636,0.8127962085308057,0.4
sealed_holdout,18,public-hub-218-e908fea95b39,hub,64,111,33,0,polarized,stationary_hotspot,public,none,,0,False,0.7123069065923583,0.68502003714084,14208110,110,82,403000,249000,28,245226,0.7454545454545455,0.6178660049627791,0.2545454545454545,25,20,107000,70000,5,75438,0.8,0.6542056074766355,0.2,85,67,319000,229000,18,185970,0.788235294117647,0.7178683385579937,0.21176470588235294,110,87,426000,299000,23,261408,0.7909090909090909,0.7018779342723005,0.20909090909090908
sealed_holdout,18,public-hub-218-e908fea95b39,hub,64,111,33,0,polarized,stationary_hotspot,retry,none,,0,False,0.7123069065923583,0.6829464194051317,14208110,110,92,403000,304000,59,308571,0.8363636363636363,0.7543424317617866,0.5363636363636364,25,21,107000,75000,12,81438,0.84,0.7009345794392523,0.48,85,70,319000,238000,43,197209,0.8235294117647058,0.7460815047021944,0.5058823529411764,110,91,426000,313000,55,278647,0.8272727272727273,0.7347417840375586,0.5
sealed_holdout,18,public-hub-218-e908fea95b39,hub,64,111,33,0,polarized,stationary_hotspot,online,none,,0,False,0.7123069065923583,0.6818185321277697,14208110,110,94,403000,309000,56,321907,0.8545454545454545,0.7667493796526055,0.509090909090909,25,20,107000,70000,19,76645,0.8,0.6542056074766355,0.76,85,70,319000,238000,47,210970,0.8235294117647058,0.7460815047021944,0.5529411764705883,110,90,426000,308000,66,287615,0.8181818181818182,0.7230046948356808,0.6
sealed_holdout,18,public-hub-218-e908fea95b39,hub,64,111,33,0,polarized,stationary_hotspot,oracle,none,,0,False,0.7123069065923583,0.6805974387960428,14208110,110,98,403000,328000,0,347163,0.8909090909090909,0.8138957816377171,0.0,25,21,107000,75000,0,81438,0.84,0.7009345794392523,0.0,85,72,319000,248000,0,210619,0.8470588235294118,0.7774294670846394,0.0,110,93,426000,323000,0,292057,0.8454545454545455,0.7582159624413145,0.0
sealed_holdout,18,public-hub-218-e908fea95b39,hub,64,111,33,0,polarized,stationary_hotspot,online,random,N026|N034,120000,False,0.7123069065923583,0.67711388058644,14328110,110,94,403000,309000,56,321907,0.8545454545454545,0.7667493796526055,0.509090909090909,25,20,107000,70000,18,76645,0.8,0.6542056074766355,0.72,85,69,319000,237000,49,209522,0.8117647058823529,0.7429467084639498,0.5764705882352941,110,89,426000,307000,67,286167,0.8090909090909091,0.7206572769953051,0.6090909090909091
sealed_holdout,18,public-hub-218-e908fea95b39,hub,64,111,33,0,polarized,stationary_hotspot,online,failure_aware,N056|N061,120000,True,0.7123069065923583,0.6762690974938627,14328110,110,94,403000,309000,56,321907,0.8545454545454545,0.7667493796526055,0.509090909090909,25,20,107000,70000,15,58385,0.8,0.6542056074766355,0.6,85,76,319000,271000,29,167289,0.8941176470588236,0.8495297805642633,0.3411764705882353,110,96,426000,341000,44,225674,0.8727272727272727,0.8004694835680751,0.4
sealed_holdout,18,public-hub-218-e908fea95b39,hub,64,111,33,0,polarized,shifted_hotspot,public,none,,0,False,0.7123069065923583,0.6814240207276655,14208110,110,82,403000,249000,28,245226,0.7454545454545455,0.6178660049627791,0.2545454545454545,25,20,107000,76000,5,60682,0.8,0.7102803738317757,0.2,85,66,319000,224000,19,143345,0.7764705882352941,0.7021943573667712,0.2235294117647059,110,86,426000,300000,24,204027,0.7818181818181819,0.704225352112676,0.21818181818181817
sealed_holdout,18,public-hub-218-e908fea95b39,hub,64,111,33,0,polarized,shifted_hotspot,retry,none,,0,False,0.7123069065923583,0.6833193067245925,14208110,110,92,403000,304000,59,308571,0.8363636363636363,0.7543424317617866,0.5363636363636364,25,21,107000,81000,12,66682,0.84,0.7570093457943925,0.48,85,69,319000,239000,46,157944,0.8117647058823529,0.7492163009404389,0.5411764705882353,110,90,426000,320000,58,224626,0.8181818181818182,0.7511737089201878,0.5272727272727272
sealed_holdout,18,public-hub-218-e908fea95b39,hub,64,111,33,0,polarized,shifted_hotspot,online,none,,0,False,0.7123069065923583,0.6817355375293392,14208110,110,94,403000,309000,56,321907,0.8545454545454545,0.7667493796526055,0.509090909090909,25,20,107000,76000,15,61889,0.8,0.7102803738317757,0.6,85,69,319000,239000,51,169930,0.8117647058823529,0.7492163009404389,0.6,110,89,426000,315000,66,231819,0.8090909090909091,0.7394366197183099,0.6
sealed_holdout,18,public-hub-218-e908fea95b39,hub,64,111,33,0,polarized,shifted_hotspot,oracle,none,,0,False,0.7123069065923583,0.6796047865352088,14208110,110,98,403000,328000,0,347163,0.8909090909090909,0.8138957816377171,0.0,25,21,107000,81000,0,66682,0.84,0.7570093457943925,0.0,85,69,319000,239000,0,157944,0.8117647058823529,0.7492163009404389,0.0,110,90,426000,320000,0,224626,0.8181818181818182,0.7511737089201878,0.0
sealed_holdout,18,public-hub-218-e908fea95b39,hub,64,111,33,0,polarized,shifted_hotspot,online,random,N026|N034,120000,False,0.7123069065923583,0.6743827727714578,14328110,110,94,403000,309000,56,321907,0.8545454545454545,0.7667493796526055,0.509090909090909,25,20,107000,76000,15,61889,0.8,0.7102803738317757,0.6,85,69,319000,239000,51,170061,0.8117647058823529,0.7492163009404389,0.6,110,89,426000,315000,66,231950,0.8090909090909091,0.7394366197183099,0.6
sealed_holdout,18,public-hub-218-e908fea95b39,hub,64,111,33,0,polarized,shifted_hotspot,online,failure_aware,N056|N061,120000,False,0.7123069065923583,0.6736351276225833,14328110,110,94,403000,309000,56,321907,0.8545454545454545,0.7667493796526055,0.509090909090909,25,20,107000,76000,15,61889,0.8,0.7102803738317757,0.6,85,69,319000,239000,49,170975,0.8117647058823529,0.7492163009404389,0.5764705882352941,110,89,426000,315000,64,232864,0.8090909090909091,0.7394366197183099,0.5818181818181818
sealed_holdout,18,public-hub-218-e908fea95b39,hub,64,111,33,1,balanced_band,diffuse,public,none,,0,False,0.04753288110183919,0.07718722569293596,14208110,110,108,401000,388000,2,316194,0.9818181818181818,0.9675810473815462,0.01818181818181818,25,24,82000,80000,1,57661,0.96,0.975609756097561,0.04,85,81,341000,318000,4,221908,0.9529411764705882,0.9325513196480938,0.047058823529411764,110,105,423000,398000,5,279569,0.9545454545454546,0.9408983451536643,0.045454545454545456
sealed_holdout,18,public-hub-218-e908fea95b39,hub,64,111,33,1,balanced_band,diffuse,retry,none,,0,False,0.04753288110183919,0.07836890352321195,14208110,110,109,401000,396000,4,318752,0.990909090909091,0.9875311720698254,0.03636363636363636,25,24,82000,80000,1,57661,0.96,0.975609756097561,0.04,85,81,341000,318000,10,221908,0.9529411764705882,0.9325513196480938,0.11764705882352941,110,105,423000,398000,11,279569,0.9545454545454546,0.9408983451536643,0.1
sealed_holdout,18,public-hub-218-e908fea95b39,hub,64,111,33,1,balanced_band,diffuse,online,none,,0,False,0.04753288110183919,0.08362496679627589,14208110,110,109,401000,396000,3,321544,0.990909090909091,0.9875311720698254,0.02727272727272727,25,24,82000,80000,1,58429,0.96,0.975609756097561,0.04,85,81,341000,318000,10,223414,0.9529411764705882,0.9325513196480938,0.11764705882352941,110,105,423000,398000,11,281843,0.9545454545454546,0.9408983451536643,0.1
sealed_holdout,18,public-hub-218-e908fea95b39,hub,64,111,33,1,balanced_band,diffuse,oracle,none,,0,False,0.04753288110183919,0.07836890352321195,14208110,110,109,401000,396000,0,318752,0.990909090909091,0.9875311720698254,0.0,25,24,82000,80000,0,57661,0.96,0.975609756097561,0.0,85,81,341000,318000,0,221908,0.9529411764705882,0.9325513196480938,0.0,110,105,423000,398000,0,279569,0.9545454545454546,0.9408983451536643,0.0
sealed_holdout,18,public-hub-218-e908fea95b39,hub,64,111,33,1,balanced_band,diffuse,online,random,N015|N027,120000,False,0.04753288110183919,0.08349678804055437,14328110,110,109,401000,396000,3,321544,0.990909090909091,0.9875311720698254,0.02727272727272727,25,24,82000,80000,1,57739,0.96,0.975609756097561,0.04,85,81,341000,318000,10,228547,0.9529411764705882,0.9325513196480938,0.11764705882352941,110,105,423000,398000,11,286286,0.9545454545454546,0.9408983451536643,0.1
sealed_holdout,18,public-hub-218-e908fea95b39,hub,64,111,33,1,balanced_band,diffuse,online,failure_aware,N054|N055,120000,False,0.04753288110183919,0.08416670702763959,14328110,110,109,401000,396000,3,321544,0.990909090909091,0.9875311720698254,0.02727272727272727,25,25,82000,82000,1,61341,1.0,1.0,0.04,85,82,341000,320000,8,232319,0.9647058823529412,0.9384164222873901,0.09411764705882353,110,107,423000,402000,9,293660,0.9727272727272728,0.950354609929078,0.08181818181818182
sealed_holdout,18,public-hub-218-e908fea95b39,hub,64,111,33,1,balanced_band,stationary_hotspot,public,none,,0,False,0.04753288110183919,0.08780517481959386,14208110,110,105,431000,400000,5,268054,0.9545454545454546,0.9280742459396751,0.045454545454545456,25,25,93000,93000,0,50011,1.0,1.0,0.0,85,78,324000,304000,7,199710,0.9176470588235294,0.9382716049382716,0.08235294117647059,110,103,417000,397000,7,249721,0.9363636363636364,0.9520383693045563,0.06363636363636363
sealed_holdout,18,public-hub-218-e908fea95b39,hub,64,111,33,1,balanced_band,stationary_hotspot,retry,none,,0,False,0.04753288110183919,0.09102162963088296,14208110,110,110,431000,431000,9,283864,1.0,1.0,0.08181818181818182,25,25,93000,93000,1,50371,1.0,1.0,0.04,85,78,324000,304000,29,206204,0.9176470588235294,0.9382716049382716,0.3411764705882353,110,103,417000,397000,30,256575,0.9363636363636364,0.9520383693045563,0.2727272727272727
sealed_holdout,18,public-hub-218-e908fea95b39,hub,64,111,33,1,balanced_band,stationary_hotspot,online,none,,0,False,0.04753288110183919,0.09028287932905076,14208110,110,110,431000,431000,8,287638,1.0,1.0,0.07272727272727272,25,25,93000,93000,1,50526,1.0,1.0,0.04,85,78,324000,304000,33,204792,0.9176470588235294,0.9382716049382716,0.38823529411764707,110,103,417000,397000,34,255318,0.9363636363636364,0.9520383693045563,0.3090909090909091
sealed_holdout,18,public-hub-218-e908fea95b39,hub,64,111,33,1,balanced_band,stationary_hotspot,oracle,none,,0,False,0.04753288110183919,0.09213608488906852,14208110,110,110,431000,431000,0,283864,1.0,1.0,0.0,25,25,93000,93000,0,50371,1.0,1.0,0.0,85,85,324000,324000,0,232964,1.0,1.0,0.0,110,110,417000,417000,0,283335,1.0,1.0,0.0
sealed_holdout,18,public-hub-218-e908fea95b39,hub,64,111,33,1,balanced_band,stationary_hotspot,online,random,N015|N027,120000,False,0.04753288110183919,0.09306087792344603,14328110,110,110,431000,431000,8,287638,1.0,1.0,0.07272727272727272,25,25,93000,93000,1,52108,1.0,1.0,0.04,85,79,324000,299000,32,204159,0.9294117647058824,0.9228395061728395,0.3764705882352941,110,104,417000,392000,33,256267,0.9454545454545454,0.9400479616306955,0.3
sealed_holdout,18,public-hub-218-e908fea95b39,hub,64,111,33,1,balanced_band,stationary_hotspot,online,failure_aware,N015|N027,120000,False,0.04753288110183919,0.09306087792344603,14328110,110,110,431000,431000,8,287638,1.0,1.0,0.07272727272727272,25,25,93000,93000,1,52108,1.0,1.0,0.04,85,79,324000,299000,32,204159,0.9294117647058824,0.9228395061728395,0.3764705882352941,110,104,417000,392000,33,256267,0.9454545454545454,0.9400479616306955,0.3
sealed_holdout,18,public-hub-218-e908fea95b39,hub,64,111,33,1,balanced_band,shifted_hotspot,public,none,,0,False,0.04753288110183919,0.07857256117147905,14208110,110,105,431000,400000,5,268054,0.9545454545454546,0.9280742459396751,0.045454545454545456,25,25,93000,93000,0,55856,1.0,1.0,0.0,85,85,324000,324000,0,294245,1.0,1.0,0.0,110,110,417000,417000,0,350101,1.0,1.0,0.0
sealed_holdout,18,public-hub-218-e908fea95b39,hub,64,111,33,1,balanced_band,shifted_hotspot,retry,none,,0,False,0.04753288110183919,0.08380727618380569,14208110,110,110,431000,431000,9,283864,1.0,1.0,0.08181818181818182,25,25,93000,93000,1,56216,1.0,1.0,0.04,85,85,324000,324000,4,300679,1.0,1.0,0.047058823529411764,110,110,417000,417000,5,356895,1.0,1.0,0.045454545454545456
sealed_holdout,18,public-hub-218-e908fea95b39,hub,64,111,33,1,balanced_band,shifted_hotspot,online,none,,0,False,0.04753288110183919,0.08365198786459073,14208110,110,110,431000,431000,8,287638,1.0,1.0,0.07272727272727272,25,25,93000,93000,1,56115,1.0,1.0,0.04,85,85,324000,324000,3,296373,1.0,1.0,0.03529411764705882,110,110,417000,417000,4,352488,1.0,1.0,0.03636363636363636
sealed_holdout,18,public-hub-218-e908fea95b39,hub,64,111,33,1,balanced_band,shifted_hotspot,oracle,none,,0,False,0.04753288110183919,0.08380727618380569,14208110,110,110,431000,431000,0,283864,1.0,1.0,0.0,25,25,93000,93000,0,56216,1.0,1.0,0.0,85,85,324000,324000,0,300679,1.0,1.0,0.0,110,110,417000,417000,0,356895,1.0,1.0,0.0
sealed_holdout,18,public-hub-218-e908fea95b39,hub,64,111,33,1,balanced_band,shifted_hotspot,online,random,N015|N027,120000,False,0.04753288110183919,0.08786535735839963,14328110,110,110,431000,431000,8,287638,1.0,1.0,0.07272727272727272,25,25,93000,93000,1,57697,1.0,1.0,0.04,85,85,324000,324000,2,296128,1.0,1.0,0.023529411764705882,110,110,417000,417000,3,353825,1.0,1.0,0.02727272727272727
sealed_holdout,18,public-hub-218-e908fea95b39,hub,64,111,33,1,balanced_band,shifted_hotspot,online,failure_aware,N015|N027,120000,False,0.04753288110183919,0.08786535735839963,14328110,110,110,431000,431000,8,287638,1.0,1.0,0.07272727272727272,25,25,93000,93000,1,57697,1.0,1.0,0.04,85,85,324000,324000,2,296128,1.0,1.0,0.023529411764705882,110,110,417000,417000,3,353825,1.0,1.0,0.02727272727272727
sealed_holdout,18,public-hub-218-e908fea95b39,hub,64,111,33,1,uniform,diffuse,public,none,,0,False,0.2737874138221752,0.28701162414957226,14208110,110,100,401000,358000,10,294956,0.9090909090909091,0.8927680798004988,0.09090909090909091,25,25,82000,82000,0,60063,1.0,1.0,0.0,85,80,341000,313000,5,220652,0.9411764705882353,0.9178885630498533,0.058823529411764705,110,105,423000,395000,5,280715,0.9545454545454546,0.933806146572104,0.045454545454545456
sealed_holdout,18,public-hub-218-e908fea95b39,hub,64,111,33,1,uniform,diffuse,retry,none,,0,False,0.2737874138221752,0.2966355379806547,14208110,110,104,401000,377000,18,308138,0.9454545454545454,0.940149625935162,0.16363636363636364,25,25,82000,82000,0,60063,1.0,1.0,0.0,85,81,341000,321000,10,227172,0.9529411764705882,0.9413489736070382,0.11764705882352941,110,106,423000,403000,10,287235,0.9636363636363636,0.9527186761229315,0.09090909090909091
sealed_holdout,18,public-hub-218-e908fea95b39,hub,64,111,33,1,uniform,diffuse,online,none,,0,False,0.2737874138221752,0.2960168727758057,14208110,110,104,401000,377000,16,310326,0.9454545454545454,0.940149625935162,0.14545454545454545,25,25,82000,82000,0,60831,1.0,1.0,0.0,85,80,341000,313000,15,229361,0.9411764705882353,0.9178885630498533,0.17647058823529413,110,105,423000,395000,15,290192,0.9545454545454546,0.933806146572104,0.13636363636363635
sealed_holdout,18,public-hub-218-e908fea95b39,hub,64,111,33,1,uniform,diffuse,oracle,none,,0,False,0.2737874138221752,0.2961676787182843,14208110,110,104,401000,377000,0,308138,0.9454545454545454,0.940149625935162,0.0,25,25,82000,82000,0,60063,1.0,1.0,0.0,85,82,341000,326000,0,244072,0.9647058823529412,0.9560117302052786,0.0,110,107,423000,408000,0,304135,0.9727272727272728,0.9645390070921985,0.0
sealed_holdout,18,public-hub-218-e908fea95b39,hub,64,111,33,1,uniform,diffuse,online,random,N015|N027,120000,False,0.2737874138221752,0.297953392526903,14328110,110,104,401000,377000,16,310326,0.9454545454545454,0.940149625935162,0.14545454545454545,25,25,82000,82000,0,61191,1.0,1.0,0.0,85,81,341000,318000,11,240198,0.9529411764705882,0.9325513196480938,0.12941176470588237,110,106,423000,400000,11,301389,0.9636363636363636,0.9456264775413712,0.1
sealed_holdout,18,public-hub-218-e908fea95b39,hub,64,111,33,1,uniform,diffuse,online,failure_aware,N054|N055,120000,False,0.2737874138221752,0.2984655747054095,14328110,110,104,401000,377000,16,310326,0.9454545454545454,0.940149625935162,0.14545454545454545,25,25,82000,82000,0,61191,1.0,1.0,0.0,85,82,341000,320000,9,243796,0.9647058823529412,0.9384164222873901,0.10588235294117647,110,107,423000,402000,9,304987,0.9727272727272728,0.950354609929078,0.08181818181818182
sealed_holdout,18,public-hub-218-e908fea95b39,hub,64,111,33,1,uniform,stationary_hotspot,public,none,,0,False,0.2737874138221752,0.2770950268934729,14208110,110,96,431000,346000,14,238328,0.8727272727272727,0.802784222737819,0.12727272727272726,25,24,93000,92000,1,49501,0.96,0.989247311827957,0.04,85,68,324000,257000,17,164340,0.8,0.7932098765432098,0.2,110,92,417000,349000,18,213841,0.8363636363636363,0.8369304556354916,0.16363636363636364
sealed_holdout,18,public-hub-218-e908fea95b39,hub,64,111,33,1,uniform,stationary_hotspot,retry,none,,0,False,0.2737874138221752,0.2881504507658816,14208110,110,108,431000,418000,20,275188,0.9818181818181818,0.9698375870069605,0.18181818181818182,25,25,93000,93000,1,50016,1.0,1.0,0.04,85,76,324000,284000,37,188163,0.8941176470588236,0.8765432098765432,0.43529411764705883,110,101,417000,377000,38,238179,0.9181818181818182,0.9040767386091128,0.34545454545454546
sealed_holdout,18,public-hub-218-e908fea95b39,hub,64,111,33,1,uniform,stationary_hotspot,online,none,,0,False,0.2737874138221752,0.2941709498434795,14208110,110,108,431000,418000,14,275914,0.9818181818181818,0.9698375870069605,0.12727272727272726,25,25,93000,93000,0,50329,1.0,1.0,0.0,85,80,324000,299000,33,210187,0.9411764705882353,0.9228395061728395,0.38823529411764707,110,105,417000,392000,33,260516,0.9545454545454546,0.9400479616306955,0.3
sealed_holdout,18,public-hub-218-e908fea95b39,hub,64,111,33,1,uniform,stationary_hotspot,oracle,none,,0,False,0.2737874138221752,0.28989178340680727,14208110,110,109,431000,423000,0,286484,0.990909090909091,0.9814385150812065,0.0,25,25,93000,93000,0,50016,1.0,1.0,0.0,85,84,324000,319000,0,246981,0.9882352941176471,0.9845679012345679,0.0,110,109,417000,412000,0,296997,0.990909090909091,0.988009592326139,0.0
sealed_holdout,18,public-hub-218-e908fea95b39,hub,64,111,33,1,uniform,stationary_hotspot,online,random,N015|N027,120000,False,0.2737874138221752,0.29019005416616583,14328110,110,108,431000,418000,14,275914,0.9818181818181818,0.9698375870069605,0.12727272727272726,25,25,93000,93000,0,51887,1.0,1.0,0.0,85,78,324000,298000,31,214580,0.9176470588235294,0.9197530864197531,0.36470588235294116,110,103,417000,391000,31,266467,0.9363636363636364,0.9376498800959233,0.2818181818181818
sealed_holdout,18,public-hub-218-e908fea95b39,hub,64,111,33,1,uniform,stationary_hotspot,online,failure_aware,N021|N024,120000,False,0.2737874138221752,0.292955448688277,14328110,110,108,431000,418000,14,275914,0.9818181818181818,0.9698375870069605,0.12727272727272726,25,25,93000,93000,0,51887,1.0,1.0,0.0,85,78,324000,298000,33,217296,0.9176470588235294,0.9197530864197531,0.38823529411764707,110,103,417000,391000,33,269183,0.9363636363636364,0.9376498800959233,0.3
sealed_holdout,18,public-hub-218-e908fea95b39,hub,64,111,33,1,uniform,shifted_hotspot,public,none,,0,False,0.2737874138221752,0.2645955676262662,14208110,110,96,431000,346000,14,238328,0.8727272727272727,0.802784222737819,0.12727272727272726,25,25,93000,93000,0,55856,1.0,1.0,0.0,85,80,324000,287000,5,265420,0.9411764705882353,0.8858024691358025,0.058823529411764705,110,105,417000,380000,5,321276,0.9545454545454546,0.9112709832134293,0.045454545454545456
sealed_holdout,18,public-hub-218-e908fea95b39,hub,64,111,33,1,uniform,shifted_hotspot,retry,none,,0,False,0.2737874138221752,0.2742112813047758,14208110,110,108,431000,418000,20,275188,0.9818181818181818,0.9698375870069605,0.18181818181818182,25,25,93000,93000,0,55856,1.0,1.0,0.0,85,83,324000,311000,12,298608,0.9764705882352941,0.9598765432098766,0.1411764705882353,110,108,417000,404000,12,354464,0.9818181818181818,0.9688249400479616,0.10909090909090909
sealed_holdout,18,public-hub-218-e908fea95b39,hub,64,111,33,1,uniform,shifted_hotspot,online,none,,0,False,0.2737874138221752,0.27453932139626,14208110,110,108,431000,418000,14,275914,0.9818181818181818,0.9698375870069605,0.12727272727272726,25,25,93000,93000,0,56139,1.0,1.0,0.0,85,83,324000,311000,17,298963,0.9764705882352941,0.9598765432098766,0.2,110,108,417000,404000,17,355102,0.9818181818181818,0.9688249400479616,0.15454545454545454
sealed_holdout,18,public-hub-218-e908fea95b39,hub,64,111,33,1,uniform,shifted_hotspot,oracle,none,,0,False,0.2737874138221752,0.27516061667444397,14208110,110,109,431000,423000,0,286484,0.990909090909091,0.9814385150812065,0.0,25,25,93000,93000,0,55856,1.0,1.0,0.0,85,84,324000,319000,0,315484,0.9882352941176471,0.9845679012345679,0.0,110,109,417000,412000,0,371340,0.990909090909091,0.988009592326139,0.0
sealed_holdout,18,public-hub-218-e908fea95b39,hub,64,111,33,1,uniform,shifted_hotspot,online,random,N015|N027,120000,False,0.2737874138221752,0.27500160220304876,14328110,110,108,431000,418000,14,275914,0.9818181818181818,0.9698375870069605,0.12727272727272726,25,25,93000,93000,0,57697,1.0,1.0,0.0,85,84,324000,319000,13,308754,0.9882352941176471,0.9845679012345679,0.15294117647058825,110,109,417000,412000,13,366451,0.990909090909091,0.988009592326139,0.11818181818181818
sealed_holdout,18,public-hub-218-e908fea95b39,hub,64,111,33,1,uniform,shifted_hotspot,online,failure_aware,N021|N024,120000,False,0.2737874138221752,0.2732456545126863,14328110,110,108,431000,418000,14,275914,0.9818181818181818,0.9698375870069605,0.12727272727272726,25,25,93000,93000,0,57697,1.0,1.0,0.0,85,83,324000,311000,14,294960,0.9764705882352941,0.9598765432098766,0.16470588235294117,110,108,417000,404000,14,352657,0.9818181818181818,0.9688249400479616,0.12727272727272726
sealed_holdout,18,public-hub-218-e908fea95b39,hub,64,111,33,1,polarized,diffuse,public,none,,0,False,0.6999613634795753,0.658885011504422,14208110,110,89,401000,272000,21,250581,0.8090909090909091,0.6783042394014963,0.19090909090909092,25,20,82000,61000,5,42534,0.8,0.7439024390243902,0.2,85,65,341000,234000,20,161495,0.7647058823529411,0.6862170087976539,0.23529411764705882,110,85,423000,295000,25,204029,0.7727272727272727,0.6973995271867612,0.22727272727272727
sealed_holdout,18,public-hub-218-e908fea95b39,hub,64,111,33,1,polarized,diffuse,retry,none,,0,False,0.6999613634795753,0.662279293372926,14208110,110,94,401000,306000,42,287689,0.8545454545454545,0.7630922693266833,0.38181818181818183,25,21,82000,63000,11,43586,0.84,0.7682926829268293,0.44,85,74,341000,274000,31,201189,0.8705882352941177,0.8035190615835777,0.36470588235294116,110,95,423000,337000,42,244775,0.8636363636363636,0.7966903073286052,0.38181818181818183
sealed_holdout,18,public-hub-218-e908fea95b39,hub,64,111,33,1,polarized,diffuse,online,none,,0,False,0.6999613634795753,0.6507808977634445,14208110,110,93,401000,298000,41,281801,0.8454545454545455,0.743142144638404,0.37272727272727274,25,21,82000,63000,12,44742,0.84,0.7682926829268293,0.48,85,71,341000,250000,35,189258,0.8352941176470589,0.7331378299120235,0.4117647058823529,110,92,423000,313000,47,234000,0.8363636363636363,0.7399527186761229,0.42727272727272725
sealed_holdout,18,public-hub-218-e908fea95b39,hub,64,111,33,1,polarized,diffuse,oracle,none,,0,False,0.6999613634795753,0.6587523303279298,14208110,110,94,401000,306000,0,287689,0.8545454545454545,0.7630922693266833,0.0,25,22,82000,65000,0,49264,0.88,0.7926829268292683,0.0,85,76,341000,287000,0,209897,0.8941176470588236,0.841642228739003,0.0,110,98,423000,352000,0,259161,0.8909090909090909,0.8321513002364066,0.0
sealed_holdout,18,public-hub-218-e908fea95b39,hub,64,111,33,1,polarized,diffuse,online,random,N015|N027,120000,False,0.6999613634795753,0.6520704620364459,14328110,110,93,401000,298000,41,281801,0.8454545454545455,0.743142144638404,0.37272727272727274,25,22,82000,65000,11,49730,0.88,0.7926829268292683,0.44,85,73,341000,263000,34,210280,0.8588235294117647,0.7712609970674487,0.4,110,95,423000,328000,45,260010,0.8636363636363636,0.7754137115839244,0.4090909090909091
sealed_holdout,18,public-hub-218-e908fea95b39,hub,64,111,33,1,polarized,diffuse,online,failure_aware,N055|N058,120000,False,0.6999613634795753,0.6519491281466392,14328110,110,93,401000,298000,41,281801,0.8454545454545455,0.743142144638404,0.37272727272727274,25,22,82000,65000,11,49730,0.88,0.7926829268292683,0.44,85,73,341000,263000,34,210168,0.8588235294117647,0.7712609970674487,0.4,110,95,423000,328000,45,259898,0.8636363636363636,0.7754137115839244,0.4090909090909091
sealed_holdout,18,public-hub-218-e908fea95b39,hub,64,111,33,1,polarized,stationary_hotspot,public,none,,0,False,0.6999613634795753,0.6625266769575198,14208110,110,81,431000,244000,29,172280,0.7363636363636363,0.5661252900232019,0.2636363636363636,25,22,93000,76000,3,42213,0.88,0.8172043010752689,0.12,85,62,324000,224000,23,143214,0.7294117647058823,0.691358024691358,0.27058823529411763,110,84,417000,300000,26,185427,0.7636363636363637,0.7194244604316546,0.23636363636363636
sealed_holdout,18,public-hub-218-e908fea95b39,hub,64,111,33,1,polarized,stationary_hotspot,retry,none,,0,False,0.6999613634795753,0.6614002343812567,14208110,110,100,431000,369000,42,242844,0.9090909090909091,0.8561484918793504,0.38181818181818183,25,23,93000,77000,3,42728,0.92,0.8279569892473119,0.12,85,75,324000,259000,44,178943,0.8823529411764706,0.7993827160493827,0.5176470588235295,110,98,417000,336000,47,221671,0.8909090909090909,0.8057553956834532,0.42727272727272725
sealed_holdout,18,public-hub-218-e908fea95b39,hub,64,111,33,1,polarized,stationary_hotspot,online,none,,0,False,0.6999613634795753,0.6612572339948621,14208110,110,100,431000,369000,31,243320,0.9090909090909091,0.8561484918793504,0.2818181818181818,25,23,93000,77000,6,42982,0.92,0.8279569892473119,0.24,85,77,324000,278000,37,199121,0.9058823529411765,0.8580246913580247,0.43529411764705883,110,100,417000,355000,43,242103,0.9090909090909091,0.8513189448441247,0.39090909090909093
sealed_holdout,18,public-hub-218-e908fea95b39,hub,64,111,33,1,polarized,stationary_hotspot,oracle,none,,0,False,0.6999613634795753,0.6579420823108103,14208110,110,101,431000,374000,0,251599,0.9181818181818182,0.8677494199535963,0.0,25,23,93000,77000,0,42728,0.92,0.8279569892473119,0.0,85,82,324000,306000,0,251472,0.9647058823529412,0.9444444444444444,0.0,110,105,417000,383000,0,294200,0.9545454545454546,0.9184652278177458,0.0
sealed_holdout,18,public-hub-218-e908fea95b39,hub,64,111,33,1,polarized,stationary_hotspot,online,random,N015|N027,120000,False,0.6999613634795753,0.6602072633782468,14328110,110,100,431000,369000,31,243320,0.9090909090909091,0.8561484918793504,0.2818181818181818,25,23,93000,77000,6,45244,0.92,0.8279569892473119,0.24,85,76,324000,277000,41,201965,0.8941176470588236,0.8549382716049383,0.4823529411764706,110,99,417000,354000,47,247209,0.9,0.8489208633093526,0.42727272727272725
sealed_holdout,18,public-hub-218-e908fea95b39,hub,64,111,33,1,polarized,stationary_hotspot,online,failure_aware,N055|N061,120000,False,0.6999613634795753,0.6602072633782468,14328110,110,100,431000,369000,31,243320,0.9090909090909091,0.8561484918793504,0.2818181818181818,25,23,93000,77000,7,45244,0.92,0.8279569892473119,0.28,85,76,324000,277000,41,201965,0.8941176470588236,0.8549382716049383,0.4823529411764706,110,99,417000,354000,48,247209,0.9,0.8489208633093526,0.43636363636363634
sealed_holdout,18,public-hub-218-e908fea95b39,hub,64,111,33,1,polarized,shifted_hotspot,public,none,,0,False,0.6999613634795753,0.6410189813077304,14208110,110,81,431000,244000,29,172280,0.7363636363636363,0.5661252900232019,0.2636363636363636,25,23,93000,77000,2,48568,0.92,0.8279569892473119,0.08,85,75,324000,259000,10,250192,0.8823529411764706,0.7993827160493827,0.11764705882352941,110,98,417000,336000,12,298760,0.8909090909090909,0.8057553956834532,0.10909090909090909
sealed_holdout,18,public-hub-218-e908fea95b39,hub,64,111,33,1,polarized,shifted_hotspot,retry,none,,0,False,0.6999613634795753,0.6368470506907469,14208110,110,100,431000,369000,42,242844,0.9090909090909091,0.8561484918793504,0.38181818181818183,25,23,93000,77000,2,48568,0.92,0.8279569892473119,0.08,85,80,324000,290000,24,292373,0.9411764705882353,0.8950617283950617,0.2823529411764706,110,103,417000,367000,26,340941,0.9363636363636364,0.8800959232613909,0.23636363636363636
sealed_holdout,18,public-hub-218-e908fea95b39,hub,64,111,33,1,polarized,shifted_hotspot,online,none,,0,False,0.6999613634795753,0.6435718931306972,14208110,110,100,431000,369000,31,243320,0.9090909090909091,0.8561484918793504,0.2818181818181818,25,23,93000,77000,3,49113,0.92,0.8279569892473119,0.12,85,81,324000,298000,19,291302,0.9529411764705882,0.9197530864197531,0.2235294117647059,110,104,417000,375000,22,340415,0.9454545454545454,0.8992805755395683,0.2
sealed_holdout,18,public-hub-218-e908fea95b39,hub,64,111,33,1,polarized,shifted_hotspot,oracle,none,,0,False,0.6999613634795753,0.6380048866216409,14208110,110,101,431000,374000,0,251599,0.9181818181818182,0.8677494199535963,0.0,25,23,93000,77000,0,48568,0.92,0.8279569892473119,0.0,85,82,324000,306000,0,317217,0.9647058823529412,0.9444444444444444,0.0,110,105,417000,383000,0,365785,0.9545454545454546,0.9184652278177458,0.0
sealed_holdout,18,public-hub-218-e908fea95b39,hub,64,111,33,1,polarized,shifted_hotspot,online,random,N015|N027,120000,False,0.6999613634795753,0.6429904052440766,14328110,110,100,431000,369000,31,243320,0.9090909090909091,0.8561484918793504,0.2818181818181818,25,23,93000,77000,3,51124,0.92,0.8279569892473119,0.12,85,82,324000,306000,21,315078,0.9647058823529412,0.9444444444444444,0.24705882352941178,110,105,417000,383000,24,366202,0.9545454545454546,0.9184652278177458,0.21818181818181817
sealed_holdout,18,public-hub-218-e908fea95b39,hub,64,111,33,1,polarized,shifted_hotspot,online,failure_aware,N055|N061,120000,False,0.6999613634795753,0.6429904052440766,14328110,110,100,431000,369000,31,243320,0.9090909090909091,0.8561484918793504,0.2818181818181818,25,23,93000,77000,4,51124,0.92,0.8279569892473119,0.16,85,82,324000,306000,21,315078,0.9647058823529412,0.9444444444444444,0.24705882352941178,110,105,417000,383000,25,366202,0.9545454545454546,0.9184652278177458,0.22727272727272727
