seed,posture,hive_master,hive_master_truth_class,node,score,label
0,baseline_open,opportunist_phisher,adversary,N00,0.25,1
0,baseline_open,opportunist_phisher,adversary,N01,0.0,1
0,baseline_open,opportunist_phisher,adversary,N02,0.9000000000000001,1
0,baseline_open,opportunist_phisher,adversary,N03,0.8500000000000001,1
0,baseline_open,opportunist_phisher,adversary,N04,0.26,1
0,baseline_open,opportunist_phisher,adversary,N05,0.11249999999999999,1
0,baseline_open,opportunist_phisher,adversary,N06,0.375,1
0,baseline_open,opportunist_phisher,adversary,N07,0.7000000000000001,1
0,baseline_open,opportunist_phisher,adversary,N08,0.71,1
0,baseline_open,opportunist_phisher,adversary,N09,0.375,1
0,baseline_open,opportunist_phisher,adversary,N10,0.35,1
0,baseline_open,opportunist_phisher,adversary,N11,0.725,1
0,baseline_open,opportunist_phisher,adversary,N12,0.4125,1
0,baseline_open,opportunist_phisher,adversary,N13,0.22499999999999998,1
0,baseline_open,opportunist_phisher,adversary,N14,0.24999999999999997,1
0,baseline_open,opportunist_phisher,adversary,N15,0.375,1
0,baseline_open,opportunist_phisher,adversary,N16,0.74,1
0,baseline_open,opportunist_phisher,adversary,N17,0.35,0
0,baseline_open,opportunist_phisher,adversary,N18,0.8750000000000001,1
0,baseline_open,opportunist_phisher,adversary,N19,0.3,0
0,baseline_open,opportunist_phisher,adversary,N20,0.4125,1
0,baseline_open,opportunist_phisher,adversary,N21,0.8500000000000001,1
0,baseline_open,opportunist_phisher,adversary,N22,0.3,1
0,baseline_open,opportunist_phisher,adversary,N23,0.9100000000000001,1
0,airgap_core,opportunist_phisher,adversary,N00,0.0,0
0,airgap_core,opportunist_phisher,adversary,N01,0.09999999999999999,1
0,airgap_core,opportunist_phisher,adversary,N02,0.39999999999999997,1
0,airgap_core,opportunist_phisher,adversary,N03,0.71,1
0,airgap_core,opportunist_phisher,adversary,N04,0.0,0
0,airgap_core,opportunist_phisher,adversary,N05,0.7875,1
0,airgap_core,opportunist_phisher,adversary,N06,0.0,0
0,airgap_core,opportunist_phisher,adversary,N07,0.0,0
0,airgap_core,opportunist_phisher,adversary,N08,0.925,1
0,airgap_core,opportunist_phisher,adversary,N09,1.0,1
0,airgap_core,opportunist_phisher,adversary,N10,0.8,1
0,airgap_core,opportunist_phisher,adversary,N11,0.35,1
0,airgap_core,opportunist_phisher,adversary,N12,0.15,1
0,airgap_core,opportunist_phisher,adversary,N13,0.925,1
0,airgap_core,opportunist_phisher,adversary,N14,0.24999999999999997,1
0,airgap_core,opportunist_phisher,adversary,N15,0.8500000000000001,1
0,airgap_core,opportunist_phisher,adversary,N16,0.15,1
0,airgap_core,opportunist_phisher,adversary,N17,0.925,1
0,airgap_core,opportunist_phisher,adversary,N18,0.15,1
0,airgap_core,opportunist_phisher,adversary,N19,0.0,0
0,airgap_core,opportunist_phisher,adversary,N20,0.39999999999999997,0
0,airgap_core,opportunist_phisher,adversary,N21,0.925,1
0,airgap_core,opportunist_phisher,adversary,N22,0.725,1
0,airgap_core,opportunist_phisher,adversary,N23,0.0,0
0,cleanroom,opportunist_phisher,adversary,N00,0.25,1
0,cleanroom,opportunist_phisher,adversary,N01,0.0,1
0,cleanroom,opportunist_phisher,adversary,N02,0.9000000000000001,1
0,cleanroom,opportunist_phisher,adversary,N03,0.8500000000000001,1
0,cleanroom,opportunist_phisher,adversary,N04,0.22999999999999998,1
0,cleanroom,opportunist_phisher,adversary,N05,0.11249999999999999,1
0,cleanroom,opportunist_phisher,adversary,N06,0.375,1
0,cleanroom,opportunist_phisher,adversary,N07,0.049999999999999996,1
0,cleanroom,opportunist_phisher,adversary,N08,0.71,1
0,cleanroom,opportunist_phisher,adversary,N09,0.375,1
0,cleanroom,opportunist_phisher,adversary,N10,0.325,1
0,cleanroom,opportunist_phisher,adversary,N11,0.725,1
0,cleanroom,opportunist_phisher,adversary,N12,0.4125,1
0,cleanroom,opportunist_phisher,adversary,N13,0.22499999999999998,1
0,cleanroom,opportunist_phisher,adversary,N14,0.24999999999999997,1
0,cleanroom,opportunist_phisher,adversary,N15,0.375,1
0,cleanroom,opportunist_phisher,adversary,N16,0.71,1
0,cleanroom,opportunist_phisher,adversary,N17,0.35,0
0,cleanroom,opportunist_phisher,adversary,N18,0.8750000000000001,1
0,cleanroom,opportunist_phisher,adversary,N19,0.3,0
0,cleanroom,opportunist_phisher,adversary,N20,0.4125,1
0,cleanroom,opportunist_phisher,adversary,N21,0.8500000000000001,1
0,cleanroom,opportunist_phisher,adversary,N22,0.3,1
0,cleanroom,opportunist_phisher,adversary,N23,0.9100000000000001,1
0,full_hardening,opportunist_phisher,adversary,N00,0.0,0
0,full_hardening,opportunist_phisher,adversary,N01,0.09999999999999999,1
0,full_hardening,opportunist_phisher,adversary,N03,0.74,1
0,full_hardening,opportunist_phisher,adversary,N04,0.0,0
0,full_hardening,opportunist_phisher,adversary,N05,0.375,1
0,full_hardening,opportunist_phisher,adversary,N06,0.0,0
0,full_hardening,opportunist_phisher,adversary,N07,0.0,0
0,full_hardening,opportunist_phisher,adversary,N09,1.0,1
0,full_hardening,opportunist_phisher,adversary,N10,0.8,1
0,full_hardening,opportunist_phisher,adversary,N11,0.35,1
0,full_hardening,opportunist_phisher,adversary,N12,0.09999999999999999,1
0,full_hardening,opportunist_phisher,adversary,N14,0.9500000000000001,1
0,full_hardening,opportunist_phisher,adversary,N15,0.3,1
0,full_hardening,opportunist_phisher,adversary,N16,0.15,1
0,full_hardening,opportunist_phisher,adversary,N17,0.8500000000000001,1
0,full_hardening,opportunist_phisher,adversary,N18,0.15,1
0,full_hardening,opportunist_phisher,adversary,N19,0.0,0
0,full_hardening,opportunist_phisher,adversary,N20,0.35,0
0,full_hardening,opportunist_phisher,adversary,N21,0.925,1
0,full_hardening,opportunist_phisher,adversary,N22,0.725,1
0,full_hardening,opportunist_phisher,adversary,N23,0.0,0
0,baseline_open,patient_recruiter,adversary,N00,0.65,1
0,baseline_open,patient_recruiter,adversary,N01,0.0,1
0,baseline_open,patient_recruiter,adversary,N02,0.0,1
0,baseline_open,patient_recruiter,adversary,N03,0.15,0
0,baseline_open,patient_recruiter,adversary,N04,0.32999999999999996,0
0,baseline_open,patient_recruiter,adversary,N05,0.65,1
0,baseline_open,patient_recruiter,adversary,N06,0.3,0
0,baseline_open,patient_recruiter,adversary,N07,0.0,0
0,baseline_open,patient_recruiter,adversary,N08,0.03,1
0,baseline_open,patient_recruiter,adversary,N09,0.01875,1
0,baseline_open,patient_recruiter,adversary,N10,0.22499999999999998,0
0,baseline_open,patient_recruiter,adversary,N11,0.33749999999999997,0
0,baseline_open,patient_recruiter,adversary,N12,0.3,0
0,baseline_open,patient_recruiter,adversary,N13,0.22499999999999998,1
0,baseline_open,patient_recruiter,adversary,N14,0.3,0
0,baseline_open,patient_recruiter,adversary,N15,0.3,1
0,baseline_open,patient_recruiter,adversary,N16,0.0,1
0,baseline_open,patient_recruiter,adversary,N17,0.3,0
0,baseline_open,patient_recruiter,adversary,N18,0.12499999999999999,1
0,baseline_open,patient_recruiter,adversary,N19,0.8500000000000001,1
0,baseline_open,patient_recruiter,adversary,N20,0.13749999999999998,1
0,baseline_open,patient_recruiter,adversary,N21,0.19999999999999998,0
0,baseline_open,patient_recruiter,adversary,N22,0.09999999999999999,1
0,baseline_open,patient_recruiter,adversary,N23,0.03,1
0,airgap_core,patient_recruiter,adversary,N00,0.0,0
0,airgap_core,patient_recruiter,adversary,N01,0.09999999999999999,1
0,airgap_core,patient_recruiter,adversary,N02,0.3,0
0,airgap_core,patient_recruiter,adversary,N03,0.0,1
0,airgap_core,patient_recruiter,adversary,N04,0.0,0
0,airgap_core,patient_recruiter,adversary,N05,0.13749999999999998,1
0,airgap_core,patient_recruiter,adversary,N06,0.0,0
0,airgap_core,patient_recruiter,adversary,N07,0.0,0
0,airgap_core,patient_recruiter,adversary,N08,0.0,1
0,airgap_core,patient_recruiter,adversary,N09,0.3,0
0,airgap_core,patient_recruiter,adversary,N10,0.0,1
0,airgap_core,patient_recruiter,adversary,N11,0.35,0
0,airgap_core,patient_recruiter,adversary,N12,0.0,0
0,airgap_core,patient_recruiter,adversary,N13,0.3,0
0,airgap_core,patient_recruiter,adversary,N14,0.3,0
0,airgap_core,patient_recruiter,adversary,N15,0.3,0
0,airgap_core,patient_recruiter,adversary,N16,0.0,1
0,airgap_core,patient_recruiter,adversary,N17,0.375,0
0,airgap_core,patient_recruiter,adversary,N18,0.0,1
0,airgap_core,patient_recruiter,adversary,N19,0.0,0
0,airgap_core,patient_recruiter,adversary,N20,0.75,1
0,airgap_core,patient_recruiter,adversary,N21,0.09999999999999999,0
0,airgap_core,patient_recruiter,adversary,N22,0.3,0
0,airgap_core,patient_recruiter,adversary,N23,0.0,0
0,cleanroom,patient_recruiter,adversary,N00,0.65,1
0,cleanroom,patient_recruiter,adversary,N01,0.0,1
0,cleanroom,patient_recruiter,adversary,N02,0.0,1
0,cleanroom,patient_recruiter,adversary,N03,0.15,0
0,cleanroom,patient_recruiter,adversary,N04,0.32999999999999996,0
0,cleanroom,patient_recruiter,adversary,N05,0.65,1
0,cleanroom,patient_recruiter,adversary,N06,0.3,0
0,cleanroom,patient_recruiter,adversary,N07,0.0,0
0,cleanroom,patient_recruiter,adversary,N08,0.03,1
0,cleanroom,patient_recruiter,adversary,N09,0.01875,1
0,cleanroom,patient_recruiter,adversary,N10,0.22499999999999998,0
0,cleanroom,patient_recruiter,adversary,N11,0.33749999999999997,0
0,cleanroom,patient_recruiter,adversary,N12,0.3,0
0,cleanroom,patient_recruiter,adversary,N13,0.22499999999999998,1
0,cleanroom,patient_recruiter,adversary,N14,0.3,0
0,cleanroom,patient_recruiter,adversary,N15,0.3,1
0,cleanroom,patient_recruiter,adversary,N16,0.0,1
0,cleanroom,patient_recruiter,adversary,N17,0.3,0
0,cleanroom,patient_recruiter,adversary,N18,0.12499999999999999,1
0,cleanroom,patient_recruiter,adversary,N19,0.8500000000000001,1
0,cleanroom,patient_recruiter,adversary,N20,0.13749999999999998,1
0,cleanroom,patient_recruiter,adversary,N21,0.19999999999999998,0
0,cleanroom,patient_recruiter,adversary,N22,0.09999999999999999,1
0,cleanroom,patient_recruiter,adversary,N23,0.03,1
0,full_hardening,patient_recruiter,adversary,N00,0.0,0
0,full_hardening,patient_recruiter,adversary,N01,0.09999999999999999,1
0,full_hardening,patient_recruiter,adversary,N03,0.03,1
0,full_hardening,patient_recruiter,adversary,N04,0.0,0
0,full_hardening,patient_recruiter,adversary,N05,0.33749999999999997,1
0,full_hardening,patient_recruiter,adversary,N06,0.0,0
0,full_hardening,patient_recruiter,adversary,N07,0.0,0
0,full_hardening,patient_recruiter,adversary,N09,0.35,1
0,full_hardening,patient_recruiter,adversary,N10,0.049999999999999996,1
0,full_hardening,patient_recruiter,adversary,N11,0.3,0
0,full_hardening,patient_recruiter,adversary,N12,0.049999999999999996,1
0,full_hardening,patient_recruiter,adversary,N14,0.39999999999999997,0
0,full_hardening,patient_recruiter,adversary,N15,0.3,1
0,full_hardening,patient_recruiter,adversary,N16,0.65,1
0,full_hardening,patient_recruiter,adversary,N17,0.09999999999999999,0
0,full_hardening,patient_recruiter,adversary,N18,0.0,1
0,full_hardening,patient_recruiter,adversary,N19,0.0,0
0,full_hardening,patient_recruiter,adversary,N20,0.3,0
0,full_hardening,patient_recruiter,adversary,N21,0.3,0
0,full_hardening,patient_recruiter,adversary,N22,0.375,0
0,full_hardening,patient_recruiter,adversary,N23,0.0,0
0,baseline_open,insider_cultivator,adversary,N00,0.375,0
0,baseline_open,insider_cultivator,adversary,N01,0.0,1
0,baseline_open,insider_cultivator,adversary,N02,0.75,1
0,baseline_open,insider_cultivator,adversary,N03,0.3,1
0,baseline_open,insider_cultivator,adversary,N04,0.09999999999999999,0
0,baseline_open,insider_cultivator,adversary,N05,0.0,0
0,baseline_open,insider_cultivator,adversary,N06,0.3,0
0,baseline_open,insider_cultivator,adversary,N07,0.0,0
0,baseline_open,insider_cultivator,adversary,N08,0.32999999999999996,1
0,baseline_open,insider_cultivator,adversary,N09,0.11875,0
0,baseline_open,insider_cultivator,adversary,N10,0.09999999999999999,1
0,baseline_open,insider_cultivator,adversary,N11,0.3,1
0,baseline_open,insider_cultivator,adversary,N12,0.2375,1
0,baseline_open,insider_cultivator,adversary,N13,0.325,0
0,baseline_open,insider_cultivator,adversary,N14,0.3,0
0,baseline_open,insider_cultivator,adversary,N15,0.33749999999999997,0
0,baseline_open,insider_cultivator,adversary,N16,0.03,1
0,baseline_open,insider_cultivator,adversary,N17,0.049999999999999996,0
0,baseline_open,insider_cultivator,adversary,N18,0.8500000000000001,1
0,baseline_open,insider_cultivator,adversary,N19,0.19999999999999998,0
0,baseline_open,insider_cultivator,adversary,N20,0.13749999999999998,0
0,baseline_open,insider_cultivator,adversary,N21,0.0,0
0,baseline_open,insider_cultivator,adversary,N22,0.3,0
0,baseline_open,insider_cultivator,adversary,N23,0.3,0
0,airgap_core,insider_cultivator,adversary,N00,0.0,0
0,airgap_core,insider_cultivator,adversary,N01,0.0,1
0,airgap_core,insider_cultivator,adversary,N02,0.8500000000000001,1
0,airgap_core,insider_cultivator,adversary,N03,0.03,1
0,airgap_core,insider_cultivator,adversary,N04,0.0,0
0,airgap_core,insider_cultivator,adversary,N05,0.2375,0
0,airgap_core,insider_cultivator,adversary,N06,0.0,0
0,airgap_core,insider_cultivator,adversary,N07,0.0,1
0,airgap_core,insider_cultivator,adversary,N08,0.3,1
0,airgap_core,insider_cultivator,adversary,N09,0.19999999999999998,1
0,airgap_core,insider_cultivator,adversary,N10,0.0,1
0,airgap_core,insider_cultivator,adversary,N11,0.3,1
0,airgap_core,insider_cultivator,adversary,N12,0.0,0
0,airgap_core,insider_cultivator,adversary,N13,0.09999999999999999,1
0,airgap_core,insider_cultivator,adversary,N14,0.35,0
0,airgap_core,insider_cultivator,adversary,N15,0.3,0
0,airgap_core,insider_cultivator,adversary,N16,0.0,1
0,airgap_core,insider_cultivator,adversary,N17,0.0,0
0,airgap_core,insider_cultivator,adversary,N18,0.0,0
0,airgap_core,insider_cultivator,adversary,N19,0.0,0
0,airgap_core,insider_cultivator,adversary,N20,0.3,0
0,airgap_core,insider_cultivator,adversary,N21,0.09999999999999999,1
0,airgap_core,insider_cultivator,adversary,N22,0.3,0
0,airgap_core,insider_cultivator,adversary,N23,0.0,1
0,cleanroom,insider_cultivator,adversary,N00,0.375,0
0,cleanroom,insider_cultivator,adversary,N01,0.0,1
0,cleanroom,insider_cultivator,adversary,N02,0.75,1
0,cleanroom,insider_cultivator,adversary,N03,0.3,1
0,cleanroom,insider_cultivator,adversary,N04,0.09999999999999999,0
0,cleanroom,insider_cultivator,adversary,N05,0.0,0
0,cleanroom,insider_cultivator,adversary,N06,0.3,0
0,cleanroom,insider_cultivator,adversary,N07,0.0,0
0,cleanroom,insider_cultivator,adversary,N08,0.32999999999999996,1
0,cleanroom,insider_cultivator,adversary,N09,0.11875,0
0,cleanroom,insider_cultivator,adversary,N10,0.09999999999999999,1
0,cleanroom,insider_cultivator,adversary,N11,0.3,1
0,cleanroom,insider_cultivator,adversary,N12,0.2375,1
0,cleanroom,insider_cultivator,adversary,N13,0.325,0
0,cleanroom,insider_cultivator,adversary,N14,0.3,0
0,cleanroom,insider_cultivator,adversary,N15,0.33749999999999997,0
0,cleanroom,insider_cultivator,adversary,N16,0.03,1
0,cleanroom,insider_cultivator,adversary,N17,0.049999999999999996,0
0,cleanroom,insider_cultivator,adversary,N18,0.8500000000000001,1
0,cleanroom,insider_cultivator,adversary,N19,0.19999999999999998,0
0,cleanroom,insider_cultivator,adversary,N20,0.13749999999999998,0
0,cleanroom,insider_cultivator,adversary,N21,0.0,0
0,cleanroom,insider_cultivator,adversary,N22,0.3,0
0,cleanroom,insider_cultivator,adversary,N23,0.3,0
0,full_hardening,insider_cultivator,adversary,N00,0.0,0
0,full_hardening,insider_cultivator,adversary,N01,0.0,1
0,full_hardening,insider_cultivator,adversary,N03,0.03,1
0,full_hardening,insider_cultivator,adversary,N04,0.0,1
0,full_hardening,insider_cultivator,adversary,N05,0.2375,1
0,full_hardening,insider_cultivator,adversary,N06,0.0,0
0,full_hardening,insider_cultivator,adversary,N07,0.0,0
0,full_hardening,insider_cultivator,adversary,N09,0.25,0
0,full_hardening,insider_cultivator,adversary,N10,0.049999999999999996,0
0,full_hardening,insider_cultivator,adversary,N11,0.3,1
0,full_hardening,insider_cultivator,adversary,N12,0.049999999999999996,0
0,full_hardening,insider_cultivator,adversary,N14,0.39999999999999997,0
0,full_hardening,insider_cultivator,adversary,N15,0.3,1
0,full_hardening,insider_cultivator,adversary,N16,0.0,1
0,full_hardening,insider_cultivator,adversary,N17,0.0,0
0,full_hardening,insider_cultivator,adversary,N18,0.0,0
0,full_hardening,insider_cultivator,adversary,N19,0.0,0
0,full_hardening,insider_cultivator,adversary,N20,0.3,0
0,full_hardening,insider_cultivator,adversary,N21,0.09999999999999999,1
0,full_hardening,insider_cultivator,adversary,N22,0.3,0
0,full_hardening,insider_cultivator,adversary,N23,0.0,1
0,baseline_open,signals_specialist,adversary,N00,0.09999999999999999,0
0,baseline_open,signals_specialist,adversary,N01,0.0,0
0,baseline_open,signals_specialist,adversary,N02,0.3,1
0,baseline_open,signals_specialist,adversary,N03,0.09999999999999999,0
0,baseline_open,signals_specialist,adversary,N04,0.19999999999999998,0
0,baseline_open,signals_specialist,adversary,N05,0.0,0
0,baseline_open,signals_specialist,adversary,N06,0.3,0
0,baseline_open,signals_specialist,adversary,N07,0.0,0
0,baseline_open,signals_specialist,adversary,N08,0.19999999999999998,0
0,baseline_open,signals_specialist,adversary,N09,0.31875,1
0,baseline_open,signals_specialist,adversary,N10,0.3,0
0,baseline_open,signals_specialist,adversary,N11,0.3,0
0,baseline_open,signals_specialist,adversary,N12,0.0375,0
0,baseline_open,signals_specialist,adversary,N13,0.09999999999999999,1
0,baseline_open,signals_specialist,adversary,N14,0.3,0
0,baseline_open,signals_specialist,adversary,N15,0.33749999999999997,0
0,baseline_open,signals_specialist,adversary,N16,0.0,0
0,baseline_open,signals_specialist,adversary,N17,0.19999999999999998,0
0,baseline_open,signals_specialist,adversary,N18,0.3,0
0,baseline_open,signals_specialist,adversary,N19,0.09999999999999999,0
0,baseline_open,signals_specialist,adversary,N20,0.3,0
0,baseline_open,signals_specialist,adversary,N21,0.8500000000000001,0
0,baseline_open,signals_specialist,adversary,N22,0.0,0
0,baseline_open,signals_specialist,adversary,N23,0.0,0
0,airgap_core,signals_specialist,adversary,N00,0.0,0
0,airgap_core,signals_specialist,adversary,N01,0.3,0
0,airgap_core,signals_specialist,adversary,N02,0.85,1
0,airgap_core,signals_specialist,adversary,N03,0.71,0
0,airgap_core,signals_specialist,adversary,N04,0.0,0
0,airgap_core,signals_specialist,adversary,N05,0.8875000000000001,0
0,airgap_core,signals_specialist,adversary,N06,0.0,0
0,airgap_core,signals_specialist,adversary,N07,0.0,0
0,airgap_core,signals_specialist,adversary,N08,0.3,0
0,airgap_core,signals_specialist,adversary,N09,0.19999999999999998,0
0,airgap_core,signals_specialist,adversary,N10,0.049999999999999996,1
0,airgap_core,signals_specialist,adversary,N11,0.35,0
0,airgap_core,signals_specialist,adversary,N12,0.049999999999999996,0
0,airgap_core,signals_specialist,adversary,N13,0.3,0
0,airgap_core,signals_specialist,adversary,N14,0.35,1
0,airgap_core,signals_specialist,adversary,N15,0.3,0
0,airgap_core,signals_specialist,adversary,N16,0.0,1
0,airgap_core,signals_specialist,adversary,N17,0.27499999999999997,0
0,airgap_core,signals_specialist,adversary,N18,0.15,0
0,airgap_core,signals_specialist,adversary,N19,0.0,0
0,airgap_core,signals_specialist,adversary,N20,0.15,0
0,airgap_core,signals_specialist,adversary,N21,0.925,0
0,airgap_core,signals_specialist,adversary,N22,0.09999999999999999,0
0,airgap_core,signals_specialist,adversary,N23,0.0,0
0,cleanroom,signals_specialist,adversary,N00,0.09999999999999999,0
0,cleanroom,signals_specialist,adversary,N01,0.0,0
0,cleanroom,signals_specialist,adversary,N02,0.3,1
0,cleanroom,signals_specialist,adversary,N03,0.09999999999999999,0
0,cleanroom,signals_specialist,adversary,N04,0.19999999999999998,0
0,cleanroom,signals_specialist,adversary,N05,0.0,0
0,cleanroom,signals_specialist,adversary,N06,0.3,0
0,cleanroom,signals_specialist,adversary,N07,0.0,0
0,cleanroom,signals_specialist,adversary,N08,0.19999999999999998,0
0,cleanroom,signals_specialist,adversary,N09,0.31875,1
0,cleanroom,signals_specialist,adversary,N10,0.3,0
0,cleanroom,signals_specialist,adversary,N11,0.3,0
0,cleanroom,signals_specialist,adversary,N12,0.0375,0
0,cleanroom,signals_specialist,adversary,N13,0.09999999999999999,1
0,cleanroom,signals_specialist,adversary,N14,0.3,0
0,cleanroom,signals_specialist,adversary,N15,0.33749999999999997,0
0,cleanroom,signals_specialist,adversary,N16,0.0,0
0,cleanroom,signals_specialist,adversary,N17,0.19999999999999998,0
0,cleanroom,signals_specialist,adversary,N18,0.3,0
0,cleanroom,signals_specialist,adversary,N19,0.09999999999999999,0
0,cleanroom,signals_specialist,adversary,N20,0.3,0
0,cleanroom,signals_specialist,adversary,N21,0.8500000000000001,0
0,cleanroom,signals_specialist,adversary,N22,0.0,0
0,cleanroom,signals_specialist,adversary,N23,0.0,0
0,full_hardening,signals_specialist,adversary,N00,0.0,0
0,full_hardening,signals_specialist,adversary,N01,0.3,1
0,full_hardening,signals_specialist,adversary,N03,0.06,0
0,full_hardening,signals_specialist,adversary,N04,0.0,0
0,full_hardening,signals_specialist,adversary,N05,0.33749999999999997,0
0,full_hardening,signals_specialist,adversary,N06,0.0,0
0,full_hardening,signals_specialist,adversary,N07,0.0,0
0,full_hardening,signals_specialist,adversary,N09,0.19999999999999998,0
0,full_hardening,signals_specialist,adversary,N10,0.049999999999999996,1
0,full_hardening,signals_specialist,adversary,N11,0.3,0
0,full_hardening,signals_specialist,adversary,N12,0.049999999999999996,0
0,full_hardening,signals_specialist,adversary,N14,0.35,0
0,full_hardening,signals_specialist,adversary,N15,0.19999999999999998,1
0,full_hardening,signals_specialist,adversary,N16,0.0,0
0,full_hardening,signals_specialist,adversary,N17,0.3,0
0,full_hardening,signals_specialist,adversary,N18,0.075,0
0,full_hardening,signals_specialist,adversary,N19,0.0,0
0,full_hardening,signals_specialist,adversary,N20,0.3,0
0,full_hardening,signals_specialist,adversary,N21,0.75,1
0,full_hardening,signals_specialist,adversary,N22,0.19999999999999998,0
0,full_hardening,signals_specialist,adversary,N23,0.0,0
0,baseline_open,smash_and_grab,adversary,N00,0.44999999999999996,1
0,baseline_open,smash_and_grab,adversary,N01,0.11249999999999999,1
0,baseline_open,smash_and_grab,adversary,N02,0.09999999999999999,1
0,baseline_open,smash_and_grab,adversary,N03,0.8500000000000001,1
0,baseline_open,smash_and_grab,adversary,N04,0.78,1
0,baseline_open,smash_and_grab,adversary,N05,0.075,0
0,baseline_open,smash_and_grab,adversary,N06,0.375,0
0,baseline_open,smash_and_grab,adversary,N07,0.09999999999999999,1
0,baseline_open,smash_and_grab,adversary,N08,0.29,1
0,baseline_open,smash_and_grab,adversary,N09,0.39375,1
0,baseline_open,smash_and_grab,adversary,N10,0.775,1
0,baseline_open,smash_and_grab,adversary,N11,0.8875000000000001,0
0,baseline_open,smash_and_grab,adversary,N12,0.4125,0
0,baseline_open,smash_and_grab,adversary,N13,0.39999999999999997,0
0,baseline_open,smash_and_grab,adversary,N14,0.8,1
0,baseline_open,smash_and_grab,adversary,N15,0.925,1
0,baseline_open,smash_and_grab,adversary,N16,0.12,0
0,baseline_open,smash_and_grab,adversary,N17,0.9000000000000001,1
0,baseline_open,smash_and_grab,adversary,N18,0.8750000000000001,1
0,baseline_open,smash_and_grab,adversary,N19,0.4125,1
0,baseline_open,smash_and_grab,adversary,N20,0.6875,1
0,baseline_open,smash_and_grab,adversary,N21,0.8,1
0,baseline_open,smash_and_grab,adversary,N22,0.3,1
0,baseline_open,smash_and_grab,adversary,N23,0.9100000000000001,1
0,airgap_core,smash_and_grab,adversary,N00,0.0,0
0,airgap_core,smash_and_grab,adversary,N01,0.3,1
0,airgap_core,smash_and_grab,adversary,N02,0.049999999999999996,1
0,airgap_core,smash_and_grab,adversary,N03,0.09,1
0,airgap_core,smash_and_grab,adversary,N04,0.0,0
0,airgap_core,smash_and_grab,adversary,N05,0.375,1
0,airgap_core,smash_and_grab,adversary,N06,0.0,0
0,airgap_core,smash_and_grab,adversary,N07,0.0,0
0,airgap_core,smash_and_grab,adversary,N08,0.825,1
0,airgap_core,smash_and_grab,adversary,N09,0.44999999999999996,1
0,airgap_core,smash_and_grab,adversary,N10,0.75,1
0,airgap_core,smash_and_grab,adversary,N11,0.39999999999999997,0
0,airgap_core,smash_and_grab,adversary,N12,0.09999999999999999,0
0,airgap_core,smash_and_grab,adversary,N13,0.925,1
0,airgap_core,smash_and_grab,adversary,N14,0.8,1
0,airgap_core,smash_and_grab,adversary,N15,0.8500000000000001,1
0,airgap_core,smash_and_grab,adversary,N16,0.15,0
0,airgap_core,smash_and_grab,adversary,N17,0.925,1
0,airgap_core,smash_and_grab,adversary,N18,0.725,1
0,airgap_core,smash_and_grab,adversary,N19,0.0,0
0,airgap_core,smash_and_grab,adversary,N20,0.7000000000000001,1
0,airgap_core,smash_and_grab,adversary,N21,0.825,1
0,airgap_core,smash_and_grab,adversary,N22,0.925,1
0,airgap_core,smash_and_grab,adversary,N23,0.0,0
0,cleanroom,smash_and_grab,adversary,N00,0.375,0
0,cleanroom,smash_and_grab,adversary,N01,0.075,1
0,cleanroom,smash_and_grab,adversary,N02,0.15,1
0,cleanroom,smash_and_grab,adversary,N03,0.3,1
0,cleanroom,smash_and_grab,adversary,N04,0.8800000000000001,1
0,cleanroom,smash_and_grab,adversary,N05,0.725,1
0,cleanroom,smash_and_grab,adversary,N06,0.3,0
0,cleanroom,smash_and_grab,adversary,N07,0.09999999999999999,0
0,cleanroom,smash_and_grab,adversary,N08,0.87,1
0,cleanroom,smash_and_grab,adversary,N09,0.375,0
0,cleanroom,smash_and_grab,adversary,N10,0.775,1
0,cleanroom,smash_and_grab,adversary,N11,0.375,0
0,cleanroom,smash_and_grab,adversary,N12,0.375,0
0,cleanroom,smash_and_grab,adversary,N13,0.39999999999999997,1
0,cleanroom,smash_and_grab,adversary,N14,0.85,1
0,cleanroom,smash_and_grab,adversary,N15,0.375,0
0,cleanroom,smash_and_grab,adversary,N16,0.09,0
0,cleanroom,smash_and_grab,adversary,N17,0.9000000000000001,1
0,cleanroom,smash_and_grab,adversary,N18,0.8500000000000001,1
0,cleanroom,smash_and_grab,adversary,N19,0.4125,1
0,cleanroom,smash_and_grab,adversary,N20,0.725,1
0,cleanroom,smash_and_grab,adversary,N21,0.75,1
0,cleanroom,smash_and_grab,adversary,N22,0.3,0
0,cleanroom,smash_and_grab,adversary,N23,0.84,1
0,full_hardening,smash_and_grab,adversary,N00,0.0,1
0,full_hardening,smash_and_grab,adversary,N01,0.3,0
0,full_hardening,smash_and_grab,adversary,N03,0.09,1
0,full_hardening,smash_and_grab,adversary,N04,0.0,1
0,full_hardening,smash_and_grab,adversary,N05,0.375,0
0,full_hardening,smash_and_grab,adversary,N06,0.0,0
0,full_hardening,smash_and_grab,adversary,N07,0.0,0
0,full_hardening,smash_and_grab,adversary,N09,0.44999999999999996,1
0,full_hardening,smash_and_grab,adversary,N10,0.65,1
0,full_hardening,smash_and_grab,adversary,N11,0.39999999999999997,0
0,full_hardening,smash_and_grab,adversary,N12,0.049999999999999996,0
0,full_hardening,smash_and_grab,adversary,N14,0.85,1
0,full_hardening,smash_and_grab,adversary,N15,0.8500000000000001,1
0,full_hardening,smash_and_grab,adversary,N16,0.0,1
0,full_hardening,smash_and_grab,adversary,N17,0.375,0
0,full_hardening,smash_and_grab,adversary,N18,0.075,1
0,full_hardening,smash_and_grab,adversary,N19,0.0,0
0,full_hardening,smash_and_grab,adversary,N20,0.65,1
0,full_hardening,smash_and_grab,adversary,N21,0.75,1
0,full_hardening,smash_and_grab,adversary,N22,0.375,0
0,full_hardening,smash_and_grab,adversary,N23,0.65,1
0,baseline_open,authorized_red_team,benign_authorized_confound,N00,0.375,0
0,baseline_open,authorized_red_team,benign_authorized_confound,N01,0.65,1
0,baseline_open,authorized_red_team,benign_authorized_confound,N02,0.0,1
0,baseline_open,authorized_red_team,benign_authorized_confound,N03,0.09999999999999999,1
0,baseline_open,authorized_red_team,benign_authorized_confound,N04,0.32999999999999996,1
0,baseline_open,authorized_red_team,benign_authorized_confound,N05,0.0,0
0,baseline_open,authorized_red_team,benign_authorized_confound,N06,0.3,0
0,baseline_open,authorized_red_team,benign_authorized_confound,N07,0.0,0
0,baseline_open,authorized_red_team,benign_authorized_confound,N08,0.0,0
0,baseline_open,authorized_red_team,benign_authorized_confound,N09,0.01875,1
0,baseline_open,authorized_red_team,benign_authorized_confound,N10,0.325,0
0,baseline_open,authorized_red_team,benign_authorized_confound,N11,0.3,0
0,baseline_open,authorized_red_team,benign_authorized_confound,N12,0.33749999999999997,1
0,baseline_open,authorized_red_team,benign_authorized_confound,N13,0.35,1
0,baseline_open,authorized_red_team,benign_authorized_confound,N14,0.19999999999999998,0
0,baseline_open,authorized_red_team,benign_authorized_confound,N15,0.375,0
0,baseline_open,authorized_red_team,benign_authorized_confound,N16,0.03,1
0,baseline_open,authorized_red_team,benign_authorized_confound,N17,0.19999999999999998,0
0,baseline_open,authorized_red_team,benign_authorized_confound,N18,0.75,1
0,baseline_open,authorized_red_team,benign_authorized_confound,N19,0.09999999999999999,0
0,baseline_open,authorized_red_team,benign_authorized_confound,N20,0.3,0
0,baseline_open,authorized_red_team,benign_authorized_confound,N21,0.19999999999999998,0
0,baseline_open,authorized_red_team,benign_authorized_confound,N22,0.0,1
0,baseline_open,authorized_red_team,benign_authorized_confound,N23,0.3,1
0,airgap_core,authorized_red_team,benign_authorized_confound,N00,0.65,1
0,airgap_core,authorized_red_team,benign_authorized_confound,N01,0.8500000000000001,1
0,airgap_core,authorized_red_team,benign_authorized_confound,N02,0.19999999999999998,0
0,airgap_core,authorized_red_team,benign_authorized_confound,N03,0.0,1
0,airgap_core,authorized_red_team,benign_authorized_confound,N04,0.0,1
0,airgap_core,authorized_red_team,benign_authorized_confound,N05,0.3,0
0,airgap_core,authorized_red_team,benign_authorized_confound,N06,0.0,1
0,airgap_core,authorized_red_team,benign_authorized_confound,N07,0.0,0
0,airgap_core,authorized_red_team,benign_authorized_confound,N08,0.19999999999999998,0
0,airgap_core,authorized_red_team,benign_authorized_confound,N09,0.0,1
0,airgap_core,authorized_red_team,benign_authorized_confound,N10,0.0,0
0,airgap_core,authorized_red_team,benign_authorized_confound,N11,0.3,0
0,airgap_core,authorized_red_team,benign_authorized_confound,N12,0.0,0
0,airgap_core,authorized_red_team,benign_authorized_confound,N13,0.3,1
0,airgap_core,authorized_red_team,benign_authorized_confound,N14,0.3,0
0,airgap_core,authorized_red_team,benign_authorized_confound,N15,0.3,0
0,airgap_core,authorized_red_team,benign_authorized_confound,N16,0.0,1
0,airgap_core,authorized_red_team,benign_authorized_confound,N17,0.3,0
0,airgap_core,authorized_red_team,benign_authorized_confound,N18,0.0,1
0,airgap_core,authorized_red_team,benign_authorized_confound,N19,0.65,0
0,airgap_core,authorized_red_team,benign_authorized_confound,N20,0.19999999999999998,0
0,airgap_core,authorized_red_team,benign_authorized_confound,N21,0.19999999999999998,1
0,airgap_core,authorized_red_team,benign_authorized_confound,N22,0.0,1
0,airgap_core,authorized_red_team,benign_authorized_confound,N23,0.0,0
0,cleanroom,authorized_red_team,benign_authorized_confound,N00,0.375,0
0,cleanroom,authorized_red_team,benign_authorized_confound,N01,0.65,1
0,cleanroom,authorized_red_team,benign_authorized_confound,N02,0.0,1
0,cleanroom,authorized_red_team,benign_authorized_confound,N03,0.09999999999999999,1
0,cleanroom,authorized_red_team,benign_authorized_confound,N04,0.32999999999999996,1
0,cleanroom,authorized_red_team,benign_authorized_confound,N05,0.0,0
0,cleanroom,authorized_red_team,benign_authorized_confound,N06,0.3,0
0,cleanroom,authorized_red_team,benign_authorized_confound,N07,0.0,0
0,cleanroom,authorized_red_team,benign_authorized_confound,N08,0.0,0
0,cleanroom,authorized_red_team,benign_authorized_confound,N09,0.01875,1
0,cleanroom,authorized_red_team,benign_authorized_confound,N10,0.325,0
0,cleanroom,authorized_red_team,benign_authorized_confound,N11,0.3,0
0,cleanroom,authorized_red_team,benign_authorized_confound,N12,0.33749999999999997,1
0,cleanroom,authorized_red_team,benign_authorized_confound,N13,0.35,1
0,cleanroom,authorized_red_team,benign_authorized_confound,N14,0.19999999999999998,0
0,cleanroom,authorized_red_team,benign_authorized_confound,N15,0.375,0
0,cleanroom,authorized_red_team,benign_authorized_confound,N16,0.03,1
0,cleanroom,authorized_red_team,benign_authorized_confound,N17,0.19999999999999998,0
0,cleanroom,authorized_red_team,benign_authorized_confound,N18,0.75,1
0,cleanroom,authorized_red_team,benign_authorized_confound,N19,0.09999999999999999,0
0,cleanroom,authorized_red_team,benign_authorized_confound,N20,0.3,0
0,cleanroom,authorized_red_team,benign_authorized_confound,N21,0.19999999999999998,0
0,cleanroom,authorized_red_team,benign_authorized_confound,N22,0.0,1
0,cleanroom,authorized_red_team,benign_authorized_confound,N23,0.3,1
0,full_hardening,authorized_red_team,benign_authorized_confound,N00,0.65,1
0,full_hardening,authorized_red_team,benign_authorized_confound,N01,0.8500000000000001,1
0,full_hardening,authorized_red_team,benign_authorized_confound,N03,0.06,1
0,full_hardening,authorized_red_team,benign_authorized_confound,N04,0.0,0
0,full_hardening,authorized_red_team,benign_authorized_confound,N05,0.33749999999999997,0
0,full_hardening,authorized_red_team,benign_authorized_confound,N06,0.0,1
0,full_hardening,authorized_red_team,benign_authorized_confound,N07,0.0,0
0,full_hardening,authorized_red_team,benign_authorized_confound,N09,0.09999999999999999,1
0,full_hardening,authorized_red_team,benign_authorized_confound,N10,0.049999999999999996,0
0,full_hardening,authorized_red_team,benign_authorized_confound,N11,0.3,0
0,full_hardening,authorized_red_team,benign_authorized_confound,N12,0.049999999999999996,0
0,full_hardening,authorized_red_team,benign_authorized_confound,N14,0.35,0
0,full_hardening,authorized_red_team,benign_authorized_confound,N15,0.3,0
0,full_hardening,authorized_red_team,benign_authorized_confound,N16,0.0,1
0,full_hardening,authorized_red_team,benign_authorized_confound,N17,0.3,0
0,full_hardening,authorized_red_team,benign_authorized_confound,N18,0.65,1
0,full_hardening,authorized_red_team,benign_authorized_confound,N19,0.65,0
0,full_hardening,authorized_red_team,benign_authorized_confound,N20,0.09999999999999999,0
0,full_hardening,authorized_red_team,benign_authorized_confound,N21,0.375,0
0,full_hardening,authorized_red_team,benign_authorized_confound,N22,0.0,1
0,full_hardening,authorized_red_team,benign_authorized_confound,N23,0.0,0
1,baseline_open,opportunist_phisher,adversary,N00,0.725,1
1,baseline_open,opportunist_phisher,adversary,N01,0.0,1
1,baseline_open,opportunist_phisher,adversary,N02,0.075,0
1,baseline_open,opportunist_phisher,adversary,N03,0.075,1
1,baseline_open,opportunist_phisher,adversary,N04,0.825,1
1,baseline_open,opportunist_phisher,adversary,N05,0.3,1
1,baseline_open,opportunist_phisher,adversary,N06,0.375,1
1,baseline_open,opportunist_phisher,adversary,N07,0.3,0
1,baseline_open,opportunist_phisher,adversary,N08,0.3,1
1,baseline_open,opportunist_phisher,adversary,N09,0.35,1
1,baseline_open,opportunist_phisher,adversary,N10,0.03,0
1,baseline_open,opportunist_phisher,adversary,N11,0.09,1
1,baseline_open,opportunist_phisher,adversary,N12,0.7875,1
1,baseline_open,opportunist_phisher,adversary,N13,0.33749999999999997,1
1,baseline_open,opportunist_phisher,adversary,N14,0.925,1
1,baseline_open,opportunist_phisher,adversary,N15,0.925,1
1,baseline_open,opportunist_phisher,adversary,N16,0.04285714285714285,1
1,baseline_open,opportunist_phisher,adversary,N17,0.75,1
1,baseline_open,opportunist_phisher,adversary,N18,0.8,1
1,baseline_open,opportunist_phisher,adversary,N19,0.8500000000000001,1
1,baseline_open,opportunist_phisher,adversary,N20,0.15,1
1,baseline_open,opportunist_phisher,adversary,N21,0.0,1
1,baseline_open,opportunist_phisher,adversary,N22,0.22999999999999998,1
1,baseline_open,opportunist_phisher,adversary,N23,0.925,1
1,airgap_core,opportunist_phisher,adversary,N00,0.9000000000000001,1
1,airgap_core,opportunist_phisher,adversary,N01,0.65,1
1,airgap_core,opportunist_phisher,adversary,N02,0.8500000000000001,1
1,airgap_core,opportunist_phisher,adversary,N03,0.075,1
1,airgap_core,opportunist_phisher,adversary,N04,0.8500000000000001,1
1,airgap_core,opportunist_phisher,adversary,N05,0.33749999999999997,1
1,airgap_core,opportunist_phisher,adversary,N06,0.44999999999999996,1
1,airgap_core,opportunist_phisher,adversary,N07,0.44999999999999996,1
1,airgap_core,opportunist_phisher,adversary,N08,0.375,0
1,airgap_core,opportunist_phisher,adversary,N09,0.0,0
1,airgap_core,opportunist_phisher,adversary,N10,0.075,1
1,airgap_core,opportunist_phisher,adversary,N11,0.049999999999999996,1
1,airgap_core,opportunist_phisher,adversary,N12,0.09999999999999999,1
1,airgap_core,opportunist_phisher,adversary,N13,0.0,0
1,airgap_core,opportunist_phisher,adversary,N14,0.3,1
1,airgap_core,opportunist_phisher,adversary,N15,0.0,0
1,airgap_core,opportunist_phisher,adversary,N16,0.375,0
1,airgap_core,opportunist_phisher,adversary,N17,0.8500000000000001,1
1,airgap_core,opportunist_phisher,adversary,N18,0.0,0
1,airgap_core,opportunist_phisher,adversary,N19,0.0,0
1,airgap_core,opportunist_phisher,adversary,N20,0.35,1
1,airgap_core,opportunist_phisher,adversary,N21,0.725,1
1,airgap_core,opportunist_phisher,adversary,N22,0.19999999999999998,1
1,airgap_core,opportunist_phisher,adversary,N23,0.0,0
1,cleanroom,opportunist_phisher,adversary,N00,0.65,1
1,cleanroom,opportunist_phisher,adversary,N01,0.0,1
1,cleanroom,opportunist_phisher,adversary,N02,0.075,1
1,cleanroom,opportunist_phisher,adversary,N03,0.725,1
1,cleanroom,opportunist_phisher,adversary,N04,0.825,1
1,cleanroom,opportunist_phisher,adversary,N05,0.3,1
1,cleanroom,opportunist_phisher,adversary,N06,0.375,1
1,cleanroom,opportunist_phisher,adversary,N07,0.3,0
1,cleanroom,opportunist_phisher,adversary,N08,0.3,1
1,cleanroom,opportunist_phisher,adversary,N09,0.375,0
1,cleanroom,opportunist_phisher,adversary,N10,0.03,0
1,cleanroom,opportunist_phisher,adversary,N11,0.06,1
1,cleanroom,opportunist_phisher,adversary,N12,0.75,1
1,cleanroom,opportunist_phisher,adversary,N13,0.8500000000000001,1
1,cleanroom,opportunist_phisher,adversary,N14,0.375,0
1,cleanroom,opportunist_phisher,adversary,N15,0.375,0
1,cleanroom,opportunist_phisher,adversary,N16,0.06428571428571428,0
1,cleanroom,opportunist_phisher,adversary,N17,0.75,1
1,cleanroom,opportunist_phisher,adversary,N18,0.075,1
1,cleanroom,opportunist_phisher,adversary,N19,0.925,1
1,cleanroom,opportunist_phisher,adversary,N20,0.15,1
1,cleanroom,opportunist_phisher,adversary,N21,0.0,1
1,cleanroom,opportunist_phisher,adversary,N22,0.22999999999999998,1
1,cleanroom,opportunist_phisher,adversary,N23,0.8875000000000001,1
1,full_hardening,opportunist_phisher,adversary,N00,0.7000000000000001,1
1,full_hardening,opportunist_phisher,adversary,N01,0.049999999999999996,1
1,full_hardening,opportunist_phisher,adversary,N03,0.725,1
1,full_hardening,opportunist_phisher,adversary,N04,0.9000000000000001,1
1,full_hardening,opportunist_phisher,adversary,N05,0.11249999999999999,1
1,full_hardening,opportunist_phisher,adversary,N06,0.44999999999999996,1
1,full_hardening,opportunist_phisher,adversary,N09,0.0,0
1,full_hardening,opportunist_phisher,adversary,N10,0.0375,1
1,full_hardening,opportunist_phisher,adversary,N11,0.7000000000000001,1
1,full_hardening,opportunist_phisher,adversary,N12,0.15,1
1,full_hardening,opportunist_phisher,adversary,N13,0.0,0
1,full_hardening,opportunist_phisher,adversary,N14,0.35,1
1,full_hardening,opportunist_phisher,adversary,N15,0.0,0
1,full_hardening,opportunist_phisher,adversary,N16,0.3,0
1,full_hardening,opportunist_phisher,adversary,N17,0.44999999999999996,1
1,full_hardening,opportunist_phisher,adversary,N18,0.0,0
1,full_hardening,opportunist_phisher,adversary,N19,0.0,0
1,full_hardening,opportunist_phisher,adversary,N20,0.8750000000000001,1
1,full_hardening,opportunist_phisher,adversary,N21,0.8,1
1,full_hardening,opportunist_phisher,adversary,N22,0.3,1
1,full_hardening,opportunist_phisher,adversary,N23,0.0,0
1,baseline_open,patient_recruiter,adversary,N00,0.3,1
1,baseline_open,patient_recruiter,adversary,N01,0.0,1
1,baseline_open,patient_recruiter,adversary,N02,0.0,0
1,baseline_open,patient_recruiter,adversary,N03,0.65,1
1,baseline_open,patient_recruiter,adversary,N04,0.3,1
1,baseline_open,patient_recruiter,adversary,N05,0.09999999999999999,0
1,baseline_open,patient_recruiter,adversary,N06,0.024999999999999998,1
1,baseline_open,patient_recruiter,adversary,N07,0.3,0
1,baseline_open,patient_recruiter,adversary,N08,0.19999999999999998,0
1,baseline_open,patient_recruiter,adversary,N09,0.0,1
1,baseline_open,patient_recruiter,adversary,N10,0.0,1
1,baseline_open,patient_recruiter,adversary,N11,0.0,1
1,baseline_open,patient_recruiter,adversary,N12,0.3,1
1,baseline_open,patient_recruiter,adversary,N13,0.09999999999999999,1
1,baseline_open,patient_recruiter,adversary,N14,0.3,0
1,baseline_open,patient_recruiter,adversary,N15,0.19999999999999998,1
1,baseline_open,patient_recruiter,adversary,N16,0.0,0
1,baseline_open,patient_recruiter,adversary,N17,0.3,0
1,baseline_open,patient_recruiter,adversary,N18,0.0,0
1,baseline_open,patient_recruiter,adversary,N19,0.175,1
1,baseline_open,patient_recruiter,adversary,N20,0.3,0
1,baseline_open,patient_recruiter,adversary,N21,0.3,0
1,baseline_open,patient_recruiter,adversary,N22,0.19999999999999998,0
1,baseline_open,patient_recruiter,adversary,N23,0.3,0
1,airgap_core,patient_recruiter,adversary,N00,0.19999999999999998,1
1,airgap_core,patient_recruiter,adversary,N01,0.0,1
1,airgap_core,patient_recruiter,adversary,N02,0.3,0
1,airgap_core,patient_recruiter,adversary,N03,0.0,1
1,airgap_core,patient_recruiter,adversary,N04,0.3,0
1,airgap_core,patient_recruiter,adversary,N05,0.3,1
1,airgap_core,patient_recruiter,adversary,N06,0.3,0
1,airgap_core,patient_recruiter,adversary,N07,0.09999999999999999,0
1,airgap_core,patient_recruiter,adversary,N08,0.3,0
1,airgap_core,patient_recruiter,adversary,N09,0.0,0
1,airgap_core,patient_recruiter,adversary,N10,0.0,1
1,airgap_core,patient_recruiter,adversary,N11,0.09999999999999999,1
1,airgap_core,patient_recruiter,adversary,N12,0.0,0
1,airgap_core,patient_recruiter,adversary,N13,0.0,0
1,airgap_core,patient_recruiter,adversary,N14,0.3,1
1,airgap_core,patient_recruiter,adversary,N15,0.0,0
1,airgap_core,patient_recruiter,adversary,N16,0.3,0
1,airgap_core,patient_recruiter,adversary,N17,0.09999999999999999,1
1,airgap_core,patient_recruiter,adversary,N18,0.0,0
1,airgap_core,patient_recruiter,adversary,N19,0.0,0
1,airgap_core,patient_recruiter,adversary,N20,0.0,1
1,airgap_core,patient_recruiter,adversary,N21,0.19999999999999998,0
1,airgap_core,patient_recruiter,adversary,N22,0.3,0
1,airgap_core,patient_recruiter,adversary,N23,0.0,0
1,cleanroom,patient_recruiter,adversary,N00,0.3,1
1,cleanroom,patient_recruiter,adversary,N01,0.0,1
1,cleanroom,patient_recruiter,adversary,N02,0.0,0
1,cleanroom,patient_recruiter,adversary,N03,0.65,1
1,cleanroom,patient_recruiter,adversary,N04,0.3,1
1,cleanroom,patient_recruiter,adversary,N05,0.09999999999999999,0
1,cleanroom,patient_recruiter,adversary,N06,0.024999999999999998,1
1,cleanroom,patient_recruiter,adversary,N07,0.3,0
1,cleanroom,patient_recruiter,adversary,N08,0.19999999999999998,0
1,cleanroom,patient_recruiter,adversary,N09,0.0,1
1,cleanroom,patient_recruiter,adversary,N10,0.0,1
1,cleanroom,patient_recruiter,adversary,N11,0.0,1
1,cleanroom,patient_recruiter,adversary,N12,0.3,1
1,cleanroom,patient_recruiter,adversary,N13,0.09999999999999999,1
1,cleanroom,patient_recruiter,adversary,N14,0.3,0
1,cleanroom,patient_recruiter,adversary,N15,0.19999999999999998,1
1,cleanroom,patient_recruiter,adversary,N16,0.0,0
1,cleanroom,patient_recruiter,adversary,N17,0.3,0
1,cleanroom,patient_recruiter,adversary,N18,0.0,0
1,cleanroom,patient_recruiter,adversary,N19,0.175,1
1,cleanroom,patient_recruiter,adversary,N20,0.3,0
1,cleanroom,patient_recruiter,adversary,N21,0.3,0
1,cleanroom,patient_recruiter,adversary,N22,0.19999999999999998,0
1,cleanroom,patient_recruiter,adversary,N23,0.3,0
1,full_hardening,patient_recruiter,adversary,N00,0.3,0
1,full_hardening,patient_recruiter,adversary,N01,0.0,1
1,full_hardening,patient_recruiter,adversary,N03,0.0,1
1,full_hardening,patient_recruiter,adversary,N04,0.35,0
1,full_hardening,patient_recruiter,adversary,N05,0.8500000000000001,1
1,full_hardening,patient_recruiter,adversary,N06,0.3,0
1,full_hardening,patient_recruiter,adversary,N09,0.0,0
1,full_hardening,patient_recruiter,adversary,N10,0.0,0
1,full_hardening,patient_recruiter,adversary,N11,0.35,1
1,full_hardening,patient_recruiter,adversary,N12,0.049999999999999996,1
1,full_hardening,patient_recruiter,adversary,N13,0.0,0
1,full_hardening,patient_recruiter,adversary,N14,0.24999999999999997,1
1,full_hardening,patient_recruiter,adversary,N15,0.0,0
1,full_hardening,patient_recruiter,adversary,N16,0.3,0
1,full_hardening,patient_recruiter,adversary,N17,0.3,0
1,full_hardening,patient_recruiter,adversary,N18,0.0,0
1,full_hardening,patient_recruiter,adversary,N19,0.0,0
1,full_hardening,patient_recruiter,adversary,N20,0.049999999999999996,1
1,full_hardening,patient_recruiter,adversary,N21,0.19999999999999998,1
1,full_hardening,patient_recruiter,adversary,N22,0.3,0
1,full_hardening,patient_recruiter,adversary,N23,0.0,0
1,baseline_open,insider_cultivator,adversary,N00,0.33749999999999997,0
1,baseline_open,insider_cultivator,adversary,N01,0.03,0
1,baseline_open,insider_cultivator,adversary,N02,0.0,0
1,baseline_open,insider_cultivator,adversary,N03,0.0,1
1,baseline_open,insider_cultivator,adversary,N04,0.3,0
1,baseline_open,insider_cultivator,adversary,N05,0.19999999999999998,0
1,baseline_open,insider_cultivator,adversary,N06,0.12499999999999999,1
1,baseline_open,insider_cultivator,adversary,N07,0.3,0
1,baseline_open,insider_cultivator,adversary,N08,0.19999999999999998,0
1,baseline_open,insider_cultivator,adversary,N09,0.75,1
1,baseline_open,insider_cultivator,adversary,N10,0.03,0
1,baseline_open,insider_cultivator,adversary,N11,0.03,0
1,baseline_open,insider_cultivator,adversary,N12,0.33749999999999997,1
1,baseline_open,insider_cultivator,adversary,N13,0.2375,1
1,baseline_open,insider_cultivator,adversary,N14,0.8500000000000001,1
1,baseline_open,insider_cultivator,adversary,N15,0.3,0
1,baseline_open,insider_cultivator,adversary,N16,0.0,0
1,baseline_open,insider_cultivator,adversary,N17,0.3,0
1,baseline_open,insider_cultivator,adversary,N18,0.0,0
1,baseline_open,insider_cultivator,adversary,N19,0.3,1
1,baseline_open,insider_cultivator,adversary,N20,0.3,0
1,baseline_open,insider_cultivator,adversary,N21,0.09999999999999999,1
1,baseline_open,insider_cultivator,adversary,N22,0.09999999999999999,1
1,baseline_open,insider_cultivator,adversary,N23,0.0375,0
1,airgap_core,insider_cultivator,adversary,N00,0.3,1
1,airgap_core,insider_cultivator,adversary,N01,0.0,0
1,airgap_core,insider_cultivator,adversary,N02,0.3,0
1,airgap_core,insider_cultivator,adversary,N03,0.0,1
1,airgap_core,insider_cultivator,adversary,N04,0.09999999999999999,0
1,airgap_core,insider_cultivator,adversary,N05,0.09999999999999999,1
1,airgap_core,insider_cultivator,adversary,N06,0.09999999999999999,1
1,airgap_core,insider_cultivator,adversary,N07,0.3,0
1,airgap_core,insider_cultivator,adversary,N08,0.3,0
1,airgap_core,insider_cultivator,adversary,N09,0.0,0
1,airgap_core,insider_cultivator,adversary,N10,0.0,0
1,airgap_core,insider_cultivator,adversary,N11,0.09999999999999999,0
1,airgap_core,insider_cultivator,adversary,N12,0.0,1
1,airgap_core,insider_cultivator,adversary,N13,0.0,0
1,airgap_core,insider_cultivator,adversary,N14,0.3,1
1,airgap_core,insider_cultivator,adversary,N15,0.0,0
1,airgap_core,insider_cultivator,adversary,N16,0.19999999999999998,0
1,airgap_core,insider_cultivator,adversary,N17,0.09999999999999999,0
1,airgap_core,insider_cultivator,adversary,N18,0.0,0
1,airgap_core,insider_cultivator,adversary,N19,0.0,1
1,airgap_core,insider_cultivator,adversary,N20,0.19999999999999998,0
1,airgap_core,insider_cultivator,adversary,N21,0.09999999999999999,1
1,airgap_core,insider_cultivator,adversary,N22,0.09999999999999999,1
1,airgap_core,insider_cultivator,adversary,N23,0.0,0
1,cleanroom,insider_cultivator,adversary,N00,0.33749999999999997,0
1,cleanroom,insider_cultivator,adversary,N01,0.03,0
1,cleanroom,insider_cultivator,adversary,N02,0.0,0
1,cleanroom,insider_cultivator,adversary,N03,0.0,1
1,cleanroom,insider_cultivator,adversary,N04,0.3,0
1,cleanroom,insider_cultivator,adversary,N05,0.19999999999999998,0
1,cleanroom,insider_cultivator,adversary,N06,0.12499999999999999,1
1,cleanroom,insider_cultivator,adversary,N07,0.3,0
1,cleanroom,insider_cultivator,adversary,N08,0.19999999999999998,0
1,cleanroom,insider_cultivator,adversary,N09,0.75,1
1,cleanroom,insider_cultivator,adversary,N10,0.03,0
1,cleanroom,insider_cultivator,adversary,N11,0.03,0
1,cleanroom,insider_cultivator,adversary,N12,0.33749999999999997,1
1,cleanroom,insider_cultivator,adversary,N13,0.2375,1
1,cleanroom,insider_cultivator,adversary,N14,0.8500000000000001,1
1,cleanroom,insider_cultivator,adversary,N15,0.3,0
1,cleanroom,insider_cultivator,adversary,N16,0.0,0
1,cleanroom,insider_cultivator,adversary,N17,0.3,0
1,cleanroom,insider_cultivator,adversary,N18,0.0,0
1,cleanroom,insider_cultivator,adversary,N19,0.3,1
1,cleanroom,insider_cultivator,adversary,N20,0.3,0
1,cleanroom,insider_cultivator,adversary,N21,0.09999999999999999,1
1,cleanroom,insider_cultivator,adversary,N22,0.09999999999999999,1
1,cleanroom,insider_cultivator,adversary,N23,0.0375,0
1,full_hardening,insider_cultivator,adversary,N00,0.3,0
1,full_hardening,insider_cultivator,adversary,N01,0.0,0
1,full_hardening,insider_cultivator,adversary,N03,0.0,1
1,full_hardening,insider_cultivator,adversary,N04,0.0,0
1,full_hardening,insider_cultivator,adversary,N05,0.19999999999999998,1
1,full_hardening,insider_cultivator,adversary,N06,0.09999999999999999,1
1,full_hardening,insider_cultivator,adversary,N09,0.0,0
1,full_hardening,insider_cultivator,adversary,N10,0.0,0
1,full_hardening,insider_cultivator,adversary,N11,0.09999999999999999,0
1,full_hardening,insider_cultivator,adversary,N12,0.0,0
1,full_hardening,insider_cultivator,adversary,N13,0.0,0
1,full_hardening,insider_cultivator,adversary,N14,0.3,1
1,full_hardening,insider_cultivator,adversary,N15,0.0,0
1,full_hardening,insider_cultivator,adversary,N16,0.19999999999999998,0
1,full_hardening,insider_cultivator,adversary,N17,0.09999999999999999,0
1,full_hardening,insider_cultivator,adversary,N18,0.0,0
1,full_hardening,insider_cultivator,adversary,N19,0.0,1
1,full_hardening,insider_cultivator,adversary,N20,0.19999999999999998,0
1,full_hardening,insider_cultivator,adversary,N21,0.09999999999999999,1
1,full_hardening,insider_cultivator,adversary,N22,0.09999999999999999,1
1,full_hardening,insider_cultivator,adversary,N23,0.0,0
1,baseline_open,signals_specialist,adversary,N00,0.3,0
1,baseline_open,signals_specialist,adversary,N01,0.0,0
1,baseline_open,signals_specialist,adversary,N02,0.0,1
1,baseline_open,signals_specialist,adversary,N03,0.0,0
1,baseline_open,signals_specialist,adversary,N04,0.3,0
1,baseline_open,signals_specialist,adversary,N05,0.09999999999999999,1
1,baseline_open,signals_specialist,adversary,N06,0.09999999999999999,0
1,baseline_open,signals_specialist,adversary,N07,0.19999999999999998,0
1,baseline_open,signals_specialist,adversary,N08,0.3,0
1,baseline_open,signals_specialist,adversary,N09,0.3,0
1,baseline_open,signals_specialist,adversary,N10,0.0,0
1,baseline_open,signals_specialist,adversary,N11,0.0,1
1,baseline_open,signals_specialist,adversary,N12,0.3,0
1,baseline_open,signals_specialist,adversary,N13,0.09999999999999999,0
1,baseline_open,signals_specialist,adversary,N14,0.0,0
1,baseline_open,signals_specialist,adversary,N15,0.3,1
1,baseline_open,signals_specialist,adversary,N16,0.0,0
1,baseline_open,signals_specialist,adversary,N17,0.09999999999999999,0
1,baseline_open,signals_specialist,adversary,N18,0.0,0
1,baseline_open,signals_specialist,adversary,N19,0.19999999999999998,1
1,baseline_open,signals_specialist,adversary,N20,0.09999999999999999,0
1,baseline_open,signals_specialist,adversary,N21,0.09999999999999999,1
1,baseline_open,signals_specialist,adversary,N22,0.3,0
1,baseline_open,signals_specialist,adversary,N23,0.19999999999999998,0
1,airgap_core,signals_specialist,adversary,N00,0.35,0
1,airgap_core,signals_specialist,adversary,N01,0.0,0
1,airgap_core,signals_specialist,adversary,N02,0.0,0
1,airgap_core,signals_specialist,adversary,N03,0.075,0
1,airgap_core,signals_specialist,adversary,N04,0.3,0
1,airgap_core,signals_specialist,adversary,N05,0.19999999999999998,0
1,airgap_core,signals_specialist,adversary,N06,0.0,0
1,airgap_core,signals_specialist,adversary,N07,0.3,0
1,airgap_core,signals_specialist,adversary,N08,0.19999999999999998,0
1,airgap_core,signals_specialist,adversary,N09,0.0,0
1,airgap_core,signals_specialist,adversary,N10,0.0,0
1,airgap_core,signals_specialist,adversary,N11,0.0,1
1,airgap_core,signals_specialist,adversary,N12,0.0,1
1,airgap_core,signals_specialist,adversary,N13,0.0,0
1,airgap_core,signals_specialist,adversary,N14,0.3,0
1,airgap_core,signals_specialist,adversary,N15,0.0,0
1,airgap_core,signals_specialist,adversary,N16,0.3,0
1,airgap_core,signals_specialist,adversary,N17,0.3,0
1,airgap_core,signals_specialist,adversary,N18,0.0,0
1,airgap_core,signals_specialist,adversary,N19,0.0,0
1,airgap_core,signals_specialist,adversary,N20,0.3,0
1,airgap_core,signals_specialist,adversary,N21,0.65,1
1,airgap_core,signals_specialist,adversary,N22,0.0,1
1,airgap_core,signals_specialist,adversary,N23,0.0,0
1,cleanroom,signals_specialist,adversary,N00,0.3,0
1,cleanroom,signals_specialist,adversary,N01,0.0,0
1,cleanroom,signals_specialist,adversary,N02,0.0,1
1,cleanroom,signals_specialist,adversary,N03,0.0,0
1,cleanroom,signals_specialist,adversary,N04,0.3,0
1,cleanroom,signals_specialist,adversary,N05,0.09999999999999999,1
1,cleanroom,signals_specialist,adversary,N06,0.09999999999999999,0
1,cleanroom,signals_specialist,adversary,N07,0.19999999999999998,0
1,cleanroom,signals_specialist,adversary,N08,0.3,0
1,cleanroom,signals_specialist,adversary,N09,0.3,0
1,cleanroom,signals_specialist,adversary,N10,0.0,0
1,cleanroom,signals_specialist,adversary,N11,0.0,1
1,cleanroom,signals_specialist,adversary,N12,0.3,0
1,cleanroom,signals_specialist,adversary,N13,0.09999999999999999,0
1,cleanroom,signals_specialist,adversary,N14,0.0,0
1,cleanroom,signals_specialist,adversary,N15,0.3,1
1,cleanroom,signals_specialist,adversary,N16,0.0,0
1,cleanroom,signals_specialist,adversary,N17,0.09999999999999999,0
1,cleanroom,signals_specialist,adversary,N18,0.0,0
1,cleanroom,signals_specialist,adversary,N19,0.19999999999999998,1
1,cleanroom,signals_specialist,adversary,N20,0.09999999999999999,0
1,cleanroom,signals_specialist,adversary,N21,0.09999999999999999,1
1,cleanroom,signals_specialist,adversary,N22,0.3,0
1,cleanroom,signals_specialist,adversary,N23,0.19999999999999998,0
1,full_hardening,signals_specialist,adversary,N00,0.35,0
1,full_hardening,signals_specialist,adversary,N01,0.0,0
1,full_hardening,signals_specialist,adversary,N03,0.075,0
1,full_hardening,signals_specialist,adversary,N04,0.3,0
1,full_hardening,signals_specialist,adversary,N05,0.19999999999999998,0
1,full_hardening,signals_specialist,adversary,N06,0.0,0
1,full_hardening,signals_specialist,adversary,N09,0.0,0
1,full_hardening,signals_specialist,adversary,N10,0.0,0
1,full_hardening,signals_specialist,adversary,N11,0.0,1
1,full_hardening,signals_specialist,adversary,N12,0.0,1
1,full_hardening,signals_specialist,adversary,N13,0.0,0
1,full_hardening,signals_specialist,adversary,N14,0.3,0
1,full_hardening,signals_specialist,adversary,N15,0.0,0
1,full_hardening,signals_specialist,adversary,N16,0.3,0
1,full_hardening,signals_specialist,adversary,N17,0.3,0
1,full_hardening,signals_specialist,adversary,N18,0.0,0
1,full_hardening,signals_specialist,adversary,N19,0.0,0
1,full_hardening,signals_specialist,adversary,N20,0.3,0
1,full_hardening,signals_specialist,adversary,N21,0.65,1
1,full_hardening,signals_specialist,adversary,N22,0.0,1
1,full_hardening,signals_specialist,adversary,N23,0.0,0
1,baseline_open,smash_and_grab,adversary,N00,0.33749999999999997,1
1,baseline_open,smash_and_grab,adversary,N01,0.0,1
1,baseline_open,smash_and_grab,adversary,N02,0.0,0
1,baseline_open,smash_and_grab,adversary,N03,0.075,1
1,baseline_open,smash_and_grab,adversary,N04,0.0,1
1,baseline_open,smash_and_grab,adversary,N05,0.0,1
1,baseline_open,smash_and_grab,adversary,N06,0.8750000000000001,1
1,baseline_open,smash_and_grab,adversary,N07,0.375,0
1,baseline_open,smash_and_grab,adversary,N08,0.375,1
1,baseline_open,smash_and_grab,adversary,N09,0.35,0
1,baseline_open,smash_and_grab,adversary,N10,0.03,1
1,baseline_open,smash_and_grab,adversary,N11,0.0,0
1,baseline_open,smash_and_grab,adversary,N12,0.13749999999999998,1
1,baseline_open,smash_and_grab,adversary,N13,0.8875000000000001,1
1,baseline_open,smash_and_grab,adversary,N14,0.3,0
1,baseline_open,smash_and_grab,adversary,N15,0.375,0
1,baseline_open,smash_and_grab,adversary,N16,0.04285714285714285,0
1,baseline_open,smash_and_grab,adversary,N17,0.3,0
1,baseline_open,smash_and_grab,adversary,N18,0.0,0
1,baseline_open,smash_and_grab,adversary,N19,0.3,0
1,baseline_open,smash_and_grab,adversary,N20,0.3,0
1,baseline_open,smash_and_grab,adversary,N21,0.925,1
1,baseline_open,smash_and_grab,adversary,N22,0.8800000000000001,1
1,baseline_open,smash_and_grab,adversary,N23,0.3,0
1,airgap_core,smash_and_grab,adversary,N00,0.39999999999999997,1
1,airgap_core,smash_and_grab,adversary,N01,0.0,1
1,airgap_core,smash_and_grab,adversary,N02,0.3,0
1,airgap_core,smash_and_grab,adversary,N03,0.075,1
1,airgap_core,smash_and_grab,adversary,N04,0.0,1
1,airgap_core,smash_and_grab,adversary,N05,0.0,1
1,airgap_core,smash_and_grab,adversary,N06,0.8500000000000001,1
1,airgap_core,smash_and_grab,adversary,N07,0.3,0
1,airgap_core,smash_and_grab,adversary,N08,0.3,1
1,airgap_core,smash_and_grab,adversary,N09,0.65,1
1,airgap_core,smash_and_grab,adversary,N10,0.0,1
1,airgap_core,smash_and_grab,adversary,N11,0.3,1
1,airgap_core,smash_and_grab,adversary,N12,0.0,1
1,airgap_core,smash_and_grab,adversary,N13,0.0,1
1,airgap_core,smash_and_grab,adversary,N14,0.3,0
1,airgap_core,smash_and_grab,adversary,N15,0.0,0
1,airgap_core,smash_and_grab,adversary,N16,0.3,0
1,airgap_core,smash_and_grab,adversary,N17,0.3,1
1,airgap_core,smash_and_grab,adversary,N18,0.0,0
1,airgap_core,smash_and_grab,adversary,N19,0.0,0
1,airgap_core,smash_and_grab,adversary,N20,0.3,1
1,airgap_core,smash_and_grab,adversary,N21,0.8500000000000001,1
1,airgap_core,smash_and_grab,adversary,N22,0.3,0
1,airgap_core,smash_and_grab,adversary,N23,0.0,0
1,cleanroom,smash_and_grab,adversary,N00,0.33749999999999997,1
1,cleanroom,smash_and_grab,adversary,N01,0.0,1
1,cleanroom,smash_and_grab,adversary,N02,0.0,0
1,cleanroom,smash_and_grab,adversary,N03,0.075,1
1,cleanroom,smash_and_grab,adversary,N04,0.0,1
1,cleanroom,smash_and_grab,adversary,N05,0.0,1
1,cleanroom,smash_and_grab,adversary,N06,0.8750000000000001,1
1,cleanroom,smash_and_grab,adversary,N07,0.375,0
1,cleanroom,smash_and_grab,adversary,N08,0.375,1
1,cleanroom,smash_and_grab,adversary,N09,0.35,0
1,cleanroom,smash_and_grab,adversary,N10,0.03,1
1,cleanroom,smash_and_grab,adversary,N11,0.0,0
1,cleanroom,smash_and_grab,adversary,N12,0.13749999999999998,1
1,cleanroom,smash_and_grab,adversary,N13,0.8875000000000001,1
1,cleanroom,smash_and_grab,adversary,N14,0.3,0
1,cleanroom,smash_and_grab,adversary,N15,0.375,0
1,cleanroom,smash_and_grab,adversary,N16,0.04285714285714285,0
1,cleanroom,smash_and_grab,adversary,N17,0.3,0
1,cleanroom,smash_and_grab,adversary,N18,0.0,0
1,cleanroom,smash_and_grab,adversary,N19,0.3,0
1,cleanroom,smash_and_grab,adversary,N20,0.3,0
1,cleanroom,smash_and_grab,adversary,N21,0.925,1
1,cleanroom,smash_and_grab,adversary,N22,0.8800000000000001,1
1,cleanroom,smash_and_grab,adversary,N23,0.3,0
1,full_hardening,smash_and_grab,adversary,N00,0.15,1
1,full_hardening,smash_and_grab,adversary,N01,0.0,1
1,full_hardening,smash_and_grab,adversary,N03,0.075,0
1,full_hardening,smash_and_grab,adversary,N04,0.0,1
1,full_hardening,smash_and_grab,adversary,N05,0.3,0
1,full_hardening,smash_and_grab,adversary,N06,0.3,0
1,full_hardening,smash_and_grab,adversary,N09,0.0,1
1,full_hardening,smash_and_grab,adversary,N10,0.0,0
1,full_hardening,smash_and_grab,adversary,N11,0.3,0
1,full_hardening,smash_and_grab,adversary,N12,0.049999999999999996,1
1,full_hardening,smash_and_grab,adversary,N13,0.0,1
1,full_hardening,smash_and_grab,adversary,N14,0.3,0
1,full_hardening,smash_and_grab,adversary,N15,0.0,0
1,full_hardening,smash_and_grab,adversary,N16,0.3,0
1,full_hardening,smash_and_grab,adversary,N17,0.3,0
1,full_hardening,smash_and_grab,adversary,N18,0.0,0
1,full_hardening,smash_and_grab,adversary,N19,0.0,1
1,full_hardening,smash_and_grab,adversary,N20,0.3,1
1,full_hardening,smash_and_grab,adversary,N21,0.8500000000000001,1
1,full_hardening,smash_and_grab,adversary,N22,0.3,1
1,full_hardening,smash_and_grab,adversary,N23,0.0,0
1,baseline_open,authorized_red_team,benign_authorized_confound,N00,0.3,0
1,baseline_open,authorized_red_team,benign_authorized_confound,N01,0.0,1
1,baseline_open,authorized_red_team,benign_authorized_confound,N02,0.075,0
1,baseline_open,authorized_red_team,benign_authorized_confound,N03,0.0,1
1,baseline_open,authorized_red_team,benign_authorized_confound,N04,0.8500000000000001,1
1,baseline_open,authorized_red_team,benign_authorized_confound,N05,0.3,0
1,baseline_open,authorized_red_team,benign_authorized_confound,N06,0.12499999999999999,0
1,baseline_open,authorized_red_team,benign_authorized_confound,N07,0.3,0
1,baseline_open,authorized_red_team,benign_authorized_confound,N08,0.375,0
1,baseline_open,authorized_red_team,benign_authorized_confound,N09,0.19999999999999998,0
1,baseline_open,authorized_red_team,benign_authorized_confound,N10,0.0,1
1,baseline_open,authorized_red_team,benign_authorized_confound,N11,0.03,1
1,baseline_open,authorized_red_team,benign_authorized_confound,N12,0.3,0
1,baseline_open,authorized_red_team,benign_authorized_confound,N13,0.09999999999999999,0
1,baseline_open,authorized_red_team,benign_authorized_confound,N14,0.19999999999999998,1
1,baseline_open,authorized_red_team,benign_authorized_confound,N15,0.09999999999999999,1
1,baseline_open,authorized_red_team,benign_authorized_confound,N16,0.021428571428571425,1
1,baseline_open,authorized_red_team,benign_authorized_confound,N17,0.75,0
1,baseline_open,authorized_red_team,benign_authorized_confound,N18,0.0,0
1,baseline_open,authorized_red_team,benign_authorized_confound,N19,0.3,0
1,baseline_open,authorized_red_team,benign_authorized_confound,N20,0.325,1
1,baseline_open,authorized_red_team,benign_authorized_confound,N21,0.65,1
1,baseline_open,authorized_red_team,benign_authorized_confound,N22,0.3,1
1,baseline_open,authorized_red_team,benign_authorized_confound,N23,0.33749999999999997,0
1,airgap_core,authorized_red_team,benign_authorized_confound,N00,0.39999999999999997,0
1,airgap_core,authorized_red_team,benign_authorized_confound,N01,0.0,0
1,airgap_core,authorized_red_team,benign_authorized_confound,N02,0.375,0
1,airgap_core,authorized_red_team,benign_authorized_confound,N03,0.15,0
1,airgap_core,authorized_red_team,benign_authorized_confound,N04,0.3,0
1,airgap_core,authorized_red_team,benign_authorized_confound,N05,0.0,0
1,airgap_core,authorized_red_team,benign_authorized_confound,N06,0.3,1
1,airgap_core,authorized_red_team,benign_authorized_confound,N07,0.175,1
1,airgap_core,authorized_red_team,benign_authorized_confound,N08,0.09999999999999999,0
1,airgap_core,authorized_red_team,benign_authorized_confound,N09,0.0,0
1,airgap_core,authorized_red_team,benign_authorized_confound,N10,0.0,0
1,airgap_core,authorized_red_team,benign_authorized_confound,N11,0.24999999999999997,0
1,airgap_core,authorized_red_team,benign_authorized_confound,N12,0.65,1
1,airgap_core,authorized_red_team,benign_authorized_confound,N13,0.0,0
1,airgap_core,authorized_red_team,benign_authorized_confound,N14,0.3,0
1,airgap_core,authorized_red_team,benign_authorized_confound,N15,0.0,0
1,airgap_core,authorized_red_team,benign_authorized_confound,N16,0.0,0
1,airgap_core,authorized_red_team,benign_authorized_confound,N17,0.8500000000000001,0
1,airgap_core,authorized_red_team,benign_authorized_confound,N18,0.0,0
1,airgap_core,authorized_red_team,benign_authorized_confound,N19,0.0,0
1,airgap_core,authorized_red_team,benign_authorized_confound,N20,0.22499999999999998,0
1,airgap_core,authorized_red_team,benign_authorized_confound,N21,0.65,1
1,airgap_core,authorized_red_team,benign_authorized_confound,N22,0.3,0
1,airgap_core,authorized_red_team,benign_authorized_confound,N23,0.0,0
1,cleanroom,authorized_red_team,benign_authorized_confound,N00,0.3,0
1,cleanroom,authorized_red_team,benign_authorized_confound,N01,0.0,0
1,cleanroom,authorized_red_team,benign_authorized_confound,N02,0.075,0
1,cleanroom,authorized_red_team,benign_authorized_confound,N03,0.0,0
1,cleanroom,authorized_red_team,benign_authorized_confound,N04,0.3,0
1,cleanroom,authorized_red_team,benign_authorized_confound,N05,0.0,0
1,cleanroom,authorized_red_team,benign_authorized_confound,N06,0.35,1
1,cleanroom,authorized_red_team,benign_authorized_confound,N07,0.19999999999999998,0
1,cleanroom,authorized_red_team,benign_authorized_confound,N08,0.375,0
1,cleanroom,authorized_red_team,benign_authorized_confound,N09,0.024999999999999998,1
1,cleanroom,authorized_red_team,benign_authorized_confound,N10,0.0,0
1,cleanroom,authorized_red_team,benign_authorized_confound,N11,0.03,0
1,cleanroom,authorized_red_team,benign_authorized_confound,N12,0.8500000000000001,1
1,cleanroom,authorized_red_team,benign_authorized_confound,N13,0.0,0
1,cleanroom,authorized_red_team,benign_authorized_confound,N14,0.3,0
1,cleanroom,authorized_red_team,benign_authorized_confound,N15,0.024999999999999998,0
1,cleanroom,authorized_red_team,benign_authorized_confound,N16,0.0,0
1,cleanroom,authorized_red_team,benign_authorized_confound,N17,0.8500000000000001,0
1,cleanroom,authorized_red_team,benign_authorized_confound,N18,0.0,0
1,cleanroom,authorized_red_team,benign_authorized_confound,N19,0.19999999999999998,0
1,cleanroom,authorized_red_team,benign_authorized_confound,N20,0.24999999999999997,0
1,cleanroom,authorized_red_team,benign_authorized_confound,N21,0.65,1
1,cleanroom,authorized_red_team,benign_authorized_confound,N22,0.3,0
1,cleanroom,authorized_red_team,benign_authorized_confound,N23,0.19999999999999998,0
1,full_hardening,authorized_red_team,benign_authorized_confound,N00,0.39999999999999997,0
1,full_hardening,authorized_red_team,benign_authorized_confound,N01,0.0,0
1,full_hardening,authorized_red_team,benign_authorized_confound,N03,0.15,0
1,full_hardening,authorized_red_team,benign_authorized_confound,N04,0.35,0
1,full_hardening,authorized_red_team,benign_authorized_confound,N05,0.0,0
1,full_hardening,authorized_red_team,benign_authorized_confound,N06,0.3,1
1,full_hardening,authorized_red_team,benign_authorized_confound,N09,0.0,0
1,full_hardening,authorized_red_team,benign_authorized_confound,N10,0.0,0
1,full_hardening,authorized_red_team,benign_authorized_confound,N11,0.24999999999999997,0
1,full_hardening,authorized_red_team,benign_authorized_confound,N12,0.65,1
1,full_hardening,authorized_red_team,benign_authorized_confound,N13,0.0,0
1,full_hardening,authorized_red_team,benign_authorized_confound,N14,0.3,0
1,full_hardening,authorized_red_team,benign_authorized_confound,N15,0.0,0
1,full_hardening,authorized_red_team,benign_authorized_confound,N16,0.0,0
1,full_hardening,authorized_red_team,benign_authorized_confound,N17,0.9000000000000001,0
1,full_hardening,authorized_red_team,benign_authorized_confound,N18,0.0,0
1,full_hardening,authorized_red_team,benign_authorized_confound,N19,0.0,0
1,full_hardening,authorized_red_team,benign_authorized_confound,N20,0.22499999999999998,0
1,full_hardening,authorized_red_team,benign_authorized_confound,N21,0.65,1
1,full_hardening,authorized_red_team,benign_authorized_confound,N22,0.3,0
1,full_hardening,authorized_red_team,benign_authorized_confound,N23,0.0,0
2,baseline_open,opportunist_phisher,adversary,N00,0.8833333333333334,1
2,baseline_open,opportunist_phisher,adversary,N01,0.75,1
2,baseline_open,opportunist_phisher,adversary,N02,0.39,0
2,baseline_open,opportunist_phisher,adversary,N03,0.35,0
2,baseline_open,opportunist_phisher,adversary,N04,0.24999999999999997,1
2,baseline_open,opportunist_phisher,adversary,N05,0.04285714285714285,1
2,baseline_open,opportunist_phisher,adversary,N06,0.049999999999999996,1
2,baseline_open,opportunist_phisher,adversary,N07,0.27499999999999997,1
2,baseline_open,opportunist_phisher,adversary,N08,0.68,1
2,baseline_open,opportunist_phisher,adversary,N09,0.175,1
2,baseline_open,opportunist_phisher,adversary,N10,0.65,1
2,baseline_open,opportunist_phisher,adversary,N11,0.8500000000000001,1
2,baseline_open,opportunist_phisher,adversary,N12,0.675,1
2,baseline_open,opportunist_phisher,adversary,N13,0.09999999999999999,1
2,baseline_open,opportunist_phisher,adversary,N14,0.0,1
2,baseline_open,opportunist_phisher,adversary,N15,0.8500000000000001,1
2,baseline_open,opportunist_phisher,adversary,N16,0.049999999999999996,0
2,baseline_open,opportunist_phisher,adversary,N17,0.35,0
2,baseline_open,opportunist_phisher,adversary,N18,0.26428571428571423,1
2,baseline_open,opportunist_phisher,adversary,N19,0.3857142857142857,0
2,baseline_open,opportunist_phisher,adversary,N20,0.0,1
2,baseline_open,opportunist_phisher,adversary,N21,0.19,1
2,baseline_open,opportunist_phisher,adversary,N22,0.65,1
2,baseline_open,opportunist_phisher,adversary,N23,0.03,1
2,airgap_core,opportunist_phisher,adversary,N00,0.9142857142857144,1
2,airgap_core,opportunist_phisher,adversary,N01,0.0,0
2,airgap_core,opportunist_phisher,adversary,N02,0.75,1
2,airgap_core,opportunist_phisher,adversary,N03,0.44999999999999996,0
2,airgap_core,opportunist_phisher,adversary,N04,0.0,0
2,airgap_core,opportunist_phisher,adversary,N05,0.725,1
2,airgap_core,opportunist_phisher,adversary,N06,0.049999999999999996,1
2,airgap_core,opportunist_phisher,adversary,N07,0.0375,1
2,airgap_core,opportunist_phisher,adversary,N08,0.0,0
2,airgap_core,opportunist_phisher,adversary,N09,0.0,0
2,airgap_core,opportunist_phisher,adversary,N10,0.3,1
2,airgap_core,opportunist_phisher,adversary,N11,0.7625,1
2,airgap_core,opportunist_phisher,adversary,N12,0.175,1
2,airgap_core,opportunist_phisher,adversary,N13,0.8875000000000001,1
2,airgap_core,opportunist_phisher,adversary,N14,0.15,1
2,airgap_core,opportunist_phisher,adversary,N15,0.36,0
2,airgap_core,opportunist_phisher,adversary,N16,0.8500000000000001,1
2,airgap_core,opportunist_phisher,adversary,N17,0.44999999999999996,1
2,airgap_core,opportunist_phisher,adversary,N18,0.0,0
2,airgap_core,opportunist_phisher,adversary,N19,0.175,1
2,airgap_core,opportunist_phisher,adversary,N20,0.9625000000000001,1
2,airgap_core,opportunist_phisher,adversary,N21,0.049999999999999996,1
2,airgap_core,opportunist_phisher,adversary,N22,0.0,0
2,airgap_core,opportunist_phisher,adversary,N23,0.9500000000000001,1
2,cleanroom,opportunist_phisher,adversary,N00,0.8666666666666668,1
2,cleanroom,opportunist_phisher,adversary,N01,0.75,1
2,cleanroom,opportunist_phisher,adversary,N02,0.36,0
2,cleanroom,opportunist_phisher,adversary,N03,0.325,0
2,cleanroom,opportunist_phisher,adversary,N04,0.24999999999999997,1
2,cleanroom,opportunist_phisher,adversary,N05,0.6714285714285715,1
2,cleanroom,opportunist_phisher,adversary,N06,0.0,1
2,cleanroom,opportunist_phisher,adversary,N07,0.44999999999999996,1
2,cleanroom,opportunist_phisher,adversary,N08,0.71,1
2,cleanroom,opportunist_phisher,adversary,N09,0.12499999999999999,1
2,cleanroom,opportunist_phisher,adversary,N10,0.0,1
2,cleanroom,opportunist_phisher,adversary,N11,0.375,0
2,cleanroom,opportunist_phisher,adversary,N12,0.024999999999999998,1
2,cleanroom,opportunist_phisher,adversary,N13,0.09999999999999999,1
2,cleanroom,opportunist_phisher,adversary,N14,0.15,1
2,cleanroom,opportunist_phisher,adversary,N15,0.32999999999999996,0
2,cleanroom,opportunist_phisher,adversary,N16,0.65,1
2,cleanroom,opportunist_phisher,adversary,N17,0.35,0
2,cleanroom,opportunist_phisher,adversary,N18,0.24285714285714283,1
2,cleanroom,opportunist_phisher,adversary,N19,0.40714285714285714,0
2,cleanroom,opportunist_phisher,adversary,N20,0.0,1
2,cleanroom,opportunist_phisher,adversary,N21,0.32999999999999996,1
2,cleanroom,opportunist_phisher,adversary,N22,0.65,1
2,cleanroom,opportunist_phisher,adversary,N23,0.06,1
2,full_hardening,opportunist_phisher,adversary,N00,0.36428571428571427,0
2,full_hardening,opportunist_phisher,adversary,N01,0.0,0
2,full_hardening,opportunist_phisher,adversary,N02,0.75,1
2,full_hardening,opportunist_phisher,adversary,N03,0.44999999999999996,0
2,full_hardening,opportunist_phisher,adversary,N04,0.0,0
2,full_hardening,opportunist_phisher,adversary,N05,0.725,1
2,full_hardening,opportunist_phisher,adversary,N06,0.049999999999999996,1
2,full_hardening,opportunist_phisher,adversary,N07,0.11249999999999999,1
2,full_hardening,opportunist_phisher,adversary,N08,0.0,0
2,full_hardening,opportunist_phisher,adversary,N09,0.0,0
2,full_hardening,opportunist_phisher,adversary,N10,1.0,1
2,full_hardening,opportunist_phisher,adversary,N13,0.925,1
2,full_hardening,opportunist_phisher,adversary,N14,0.15,1
2,full_hardening,opportunist_phisher,adversary,N15,0.9100000000000001,1
2,full_hardening,opportunist_phisher,adversary,N16,0.9500000000000001,1
2,full_hardening,opportunist_phisher,adversary,N17,0.39999999999999997,0
2,full_hardening,opportunist_phisher,adversary,N18,0.0,0
2,full_hardening,opportunist_phisher,adversary,N19,0.9,1
2,full_hardening,opportunist_phisher,adversary,N21,0.0,0
2,full_hardening,opportunist_phisher,adversary,N22,0.0,0
2,full_hardening,opportunist_phisher,adversary,N23,0.3,1
2,baseline_open,patient_recruiter,adversary,N00,0.3,0
2,baseline_open,patient_recruiter,adversary,N01,0.19999999999999998,0
2,baseline_open,patient_recruiter,adversary,N02,0.3,0
2,baseline_open,patient_recruiter,adversary,N03,0.024999999999999998,1
2,baseline_open,patient_recruiter,adversary,N04,0.19999999999999998,0
2,baseline_open,patient_recruiter,adversary,N05,0.0,0
2,baseline_open,patient_recruiter,adversary,N06,0.19999999999999998,1
2,baseline_open,patient_recruiter,adversary,N07,0.09999999999999999,1
2,baseline_open,patient_recruiter,adversary,N08,0.19999999999999998,0
2,baseline_open,patient_recruiter,adversary,N09,0.12499999999999999,1
2,baseline_open,patient_recruiter,adversary,N10,0.0,1
2,baseline_open,patient_recruiter,adversary,N11,0.09999999999999999,1
2,baseline_open,patient_recruiter,adversary,N12,0.0,1
2,baseline_open,patient_recruiter,adversary,N13,0.09999999999999999,0
2,baseline_open,patient_recruiter,adversary,N14,0.0,1
2,baseline_open,patient_recruiter,adversary,N15,0.8500000000000001,1
2,baseline_open,patient_recruiter,adversary,N16,0.049999999999999996,1
2,baseline_open,patient_recruiter,adversary,N17,0.3,0
2,baseline_open,patient_recruiter,adversary,N18,0.22142857142857142,0
2,baseline_open,patient_recruiter,adversary,N19,0.3,0
2,baseline_open,patient_recruiter,adversary,N20,0.0,0
2,baseline_open,patient_recruiter,adversary,N21,0.13,1
2,baseline_open,patient_recruiter,adversary,N22,0.0,1
2,baseline_open,patient_recruiter,adversary,N23,0.0,0
2,airgap_core,patient_recruiter,adversary,N00,0.65,1
2,airgap_core,patient_recruiter,adversary,N01,0.0,0
2,airgap_core,patient_recruiter,adversary,N02,0.3,0
2,airgap_core,patient_recruiter,adversary,N03,0.3,0
2,airgap_core,patient_recruiter,adversary,N04,0.0,0
2,airgap_core,patient_recruiter,adversary,N05,0.3,0
2,airgap_core,patient_recruiter,adversary,N06,0.35,1
2,airgap_core,patient_recruiter,adversary,N07,0.65,1
2,airgap_core,patient_recruiter,adversary,N08,0.0,0
2,airgap_core,patient_recruiter,adversary,N09,0.0,0
2,airgap_core,patient_recruiter,adversary,N10,0.0,1
2,airgap_core,patient_recruiter,adversary,N11,0.0375,1
2,airgap_core,patient_recruiter,adversary,N12,0.375,1
2,airgap_core,patient_recruiter,adversary,N13,0.33749999999999997,0
2,airgap_core,patient_recruiter,adversary,N14,0.0,1
2,airgap_core,patient_recruiter,adversary,N15,0.26,1
2,airgap_core,patient_recruiter,adversary,N16,0.35,0
2,airgap_core,patient_recruiter,adversary,N17,0.3,0
2,airgap_core,patient_recruiter,adversary,N18,0.0,0
2,airgap_core,patient_recruiter,adversary,N19,0.3,1
2,airgap_core,patient_recruiter,adversary,N20,0.09999999999999999,1
2,airgap_core,patient_recruiter,adversary,N21,0.09999999999999999,1
2,airgap_core,patient_recruiter,adversary,N22,0.0,0
2,airgap_core,patient_recruiter,adversary,N23,0.24999999999999997,1
2,cleanroom,patient_recruiter,adversary,N00,0.3,0
2,cleanroom,patient_recruiter,adversary,N01,0.19999999999999998,0
2,cleanroom,patient_recruiter,adversary,N02,0.3,0
2,cleanroom,patient_recruiter,adversary,N03,0.024999999999999998,1
2,cleanroom,patient_recruiter,adversary,N04,0.19999999999999998,0
2,cleanroom,patient_recruiter,adversary,N05,0.0,0
2,cleanroom,patient_recruiter,adversary,N06,0.19999999999999998,1
2,cleanroom,patient_recruiter,adversary,N07,0.0,1
2,cleanroom,patient_recruiter,adversary,N08,0.19999999999999998,0
2,cleanroom,patient_recruiter,adversary,N09,0.12499999999999999,1
2,cleanroom,patient_recruiter,adversary,N10,0.0,1
2,cleanroom,patient_recruiter,adversary,N11,0.19999999999999998,1
2,cleanroom,patient_recruiter,adversary,N12,0.0,1
2,cleanroom,patient_recruiter,adversary,N13,0.09999999999999999,0
2,cleanroom,patient_recruiter,adversary,N14,0.0,1
2,cleanroom,patient_recruiter,adversary,N15,0.8500000000000001,1
2,cleanroom,patient_recruiter,adversary,N16,0.049999999999999996,0
2,cleanroom,patient_recruiter,adversary,N17,0.19999999999999998,0
2,cleanroom,patient_recruiter,adversary,N18,0.12142857142857141,1
2,cleanroom,patient_recruiter,adversary,N19,0.19999999999999998,0
2,cleanroom,patient_recruiter,adversary,N20,0.0,0
2,cleanroom,patient_recruiter,adversary,N21,0.22999999999999998,0
2,cleanroom,patient_recruiter,adversary,N22,0.09999999999999999,1
2,cleanroom,patient_recruiter,adversary,N23,0.0,1
2,full_hardening,patient_recruiter,adversary,N00,0.6714285714285715,1
2,full_hardening,patient_recruiter,adversary,N01,0.0,0
2,full_hardening,patient_recruiter,adversary,N02,0.3,0
2,full_hardening,patient_recruiter,adversary,N03,0.3,0
2,full_hardening,patient_recruiter,adversary,N04,0.0,0
2,full_hardening,patient_recruiter,adversary,N05,0.19999999999999998,1
2,full_hardening,patient_recruiter,adversary,N06,0.35,0
2,full_hardening,patient_recruiter,adversary,N07,0.0375,0
2,full_hardening,patient_recruiter,adversary,N08,0.0,0
2,full_hardening,patient_recruiter,adversary,N09,0.0,0
2,full_hardening,patient_recruiter,adversary,N10,0.09999999999999999,1
2,full_hardening,patient_recruiter,adversary,N13,0.33749999999999997,1
2,full_hardening,patient_recruiter,adversary,N14,0.0,0
2,full_hardening,patient_recruiter,adversary,N15,0.32999999999999996,0
2,full_hardening,patient_recruiter,adversary,N16,0.9000000000000001,1
2,full_hardening,patient_recruiter,adversary,N17,0.09999999999999999,0
2,full_hardening,patient_recruiter,adversary,N18,0.0,0
2,full_hardening,patient_recruiter,adversary,N19,0.925,1
2,full_hardening,patient_recruiter,adversary,N21,0.049999999999999996,0
2,full_hardening,patient_recruiter,adversary,N22,0.0,0
2,full_hardening,patient_recruiter,adversary,N23,0.39999999999999997,0
2,baseline_open,insider_cultivator,adversary,N00,0.19999999999999998,0
2,baseline_open,insider_cultivator,adversary,N01,0.3,1
2,baseline_open,insider_cultivator,adversary,N02,0.3,0
2,baseline_open,insider_cultivator,adversary,N03,0.19999999999999998,1
2,baseline_open,insider_cultivator,adversary,N04,0.0,1
2,baseline_open,insider_cultivator,adversary,N05,0.0,0
2,baseline_open,insider_cultivator,adversary,N06,0.09999999999999999,1
2,baseline_open,insider_cultivator,adversary,N07,0.09999999999999999,0
2,baseline_open,insider_cultivator,adversary,N08,0.3,0
2,baseline_open,insider_cultivator,adversary,N09,0.19999999999999998,1
2,baseline_open,insider_cultivator,adversary,N10,0.0,1
2,baseline_open,insider_cultivator,adversary,N11,0.3,0
2,baseline_open,insider_cultivator,adversary,N12,0.0,1
2,baseline_open,insider_cultivator,adversary,N13,0.19999999999999998,1
2,baseline_open,insider_cultivator,adversary,N14,0.0,0
2,baseline_open,insider_cultivator,adversary,N15,0.19999999999999998,1
2,baseline_open,insider_cultivator,adversary,N16,0.0,1
2,baseline_open,insider_cultivator,adversary,N17,0.3,0
2,baseline_open,insider_cultivator,adversary,N18,0.3,1
2,baseline_open,insider_cultivator,adversary,N19,0.19999999999999998,0
2,baseline_open,insider_cultivator,adversary,N20,0.0,0
2,baseline_open,insider_cultivator,adversary,N21,0.09999999999999999,1
2,baseline_open,insider_cultivator,adversary,N22,0.3,0
2,baseline_open,insider_cultivator,adversary,N23,0.0,0
2,airgap_core,insider_cultivator,adversary,N00,0.3,0
2,airgap_core,insider_cultivator,adversary,N01,0.0,1
2,airgap_core,insider_cultivator,adversary,N02,0.3,0
2,airgap_core,insider_cultivator,adversary,N03,0.19999999999999998,1
2,airgap_core,insider_cultivator,adversary,N04,0.0,1
2,airgap_core,insider_cultivator,adversary,N05,0.3,1
2,airgap_core,insider_cultivator,adversary,N06,0.09999999999999999,1
2,airgap_core,insider_cultivator,adversary,N07,0.0,1
2,airgap_core,insider_cultivator,adversary,N08,0.0,1
2,airgap_core,insider_cultivator,adversary,N09,0.0,0
2,airgap_core,insider_cultivator,adversary,N10,0.65,1
2,airgap_core,insider_cultivator,adversary,N11,0.3,0
2,airgap_core,insider_cultivator,adversary,N12,0.09999999999999999,1
2,airgap_core,insider_cultivator,adversary,N13,0.2375,0
2,airgap_core,insider_cultivator,adversary,N14,0.0,0
2,airgap_core,insider_cultivator,adversary,N15,0.3,1
2,airgap_core,insider_cultivator,adversary,N16,0.15,1
2,airgap_core,insider_cultivator,adversary,N17,0.3,0
2,airgap_core,insider_cultivator,adversary,N18,0.0,0
2,airgap_core,insider_cultivator,adversary,N19,0.375,0
2,airgap_core,insider_cultivator,adversary,N20,0.19999999999999998,1
2,airgap_core,insider_cultivator,adversary,N21,0.0,1
2,airgap_core,insider_cultivator,adversary,N22,0.0,0
2,airgap_core,insider_cultivator,adversary,N23,0.19999999999999998,0
2,cleanroom,insider_cultivator,adversary,N00,0.19999999999999998,0
2,cleanroom,insider_cultivator,adversary,N01,0.3,1
2,cleanroom,insider_cultivator,adversary,N02,0.3,0
2,cleanroom,insider_cultivator,adversary,N03,0.19999999999999998,1
2,cleanroom,insider_cultivator,adversary,N04,0.0,1
2,cleanroom,insider_cultivator,adversary,N05,0.0,0
2,cleanroom,insider_cultivator,adversary,N06,0.09999999999999999,1
2,cleanroom,insider_cultivator,adversary,N07,0.09999999999999999,0
2,cleanroom,insider_cultivator,adversary,N08,0.3,0
2,cleanroom,insider_cultivator,adversary,N09,0.19999999999999998,1
2,cleanroom,insider_cultivator,adversary,N10,0.0,1
2,cleanroom,insider_cultivator,adversary,N11,0.3,0
2,cleanroom,insider_cultivator,adversary,N12,0.0,1
2,cleanroom,insider_cultivator,adversary,N13,0.19999999999999998,1
2,cleanroom,insider_cultivator,adversary,N14,0.0,0
2,cleanroom,insider_cultivator,adversary,N15,0.19999999999999998,1
2,cleanroom,insider_cultivator,adversary,N16,0.0,1
2,cleanroom,insider_cultivator,adversary,N17,0.3,0
2,cleanroom,insider_cultivator,adversary,N18,0.3,1
2,cleanroom,insider_cultivator,adversary,N19,0.19999999999999998,0
2,cleanroom,insider_cultivator,adversary,N20,0.0,0
2,cleanroom,insider_cultivator,adversary,N21,0.09999999999999999,1
2,cleanroom,insider_cultivator,adversary,N22,0.3,0
2,cleanroom,insider_cultivator,adversary,N23,0.0,0
2,full_hardening,insider_cultivator,adversary,N00,0.3214285714285714,0
2,full_hardening,insider_cultivator,adversary,N01,0.0,1
2,full_hardening,insider_cultivator,adversary,N02,0.35,0
2,full_hardening,insider_cultivator,adversary,N03,0.19999999999999998,1
2,full_hardening,insider_cultivator,adversary,N04,0.0,1
2,full_hardening,insider_cultivator,adversary,N05,0.33749999999999997,1
2,full_hardening,insider_cultivator,adversary,N06,0.09999999999999999,1
2,full_hardening,insider_cultivator,adversary,N07,0.0375,1
2,full_hardening,insider_cultivator,adversary,N08,0.0,1
2,full_hardening,insider_cultivator,adversary,N09,0.0,0
2,full_hardening,insider_cultivator,adversary,N10,0.65,1
2,full_hardening,insider_cultivator,adversary,N13,0.2375,0
2,full_hardening,insider_cultivator,adversary,N14,0.0,0
2,full_hardening,insider_cultivator,adversary,N15,0.32999999999999996,1
2,full_hardening,insider_cultivator,adversary,N16,0.15,1
2,full_hardening,insider_cultivator,adversary,N17,0.35,0
2,full_hardening,insider_cultivator,adversary,N18,0.0,0
2,full_hardening,insider_cultivator,adversary,N19,0.375,0
2,full_hardening,insider_cultivator,adversary,N21,0.0,1
2,full_hardening,insider_cultivator,adversary,N22,0.0,0
2,full_hardening,insider_cultivator,adversary,N23,0.19999999999999998,0
2,baseline_open,signals_specialist,adversary,N00,0.31666666666666665,0
2,baseline_open,signals_specialist,adversary,N01,0.049999999999999996,0
2,baseline_open,signals_specialist,adversary,N02,0.22999999999999998,0
2,baseline_open,signals_specialist,adversary,N03,0.15,0
2,baseline_open,signals_specialist,adversary,N04,0.19999999999999998,0
2,baseline_open,signals_specialist,adversary,N05,0.021428571428571425,0
2,baseline_open,signals_specialist,adversary,N06,0.19999999999999998,0
2,baseline_open,signals_specialist,adversary,N07,0.3,0
2,baseline_open,signals_specialist,adversary,N08,0.19999999999999998,0
2,baseline_open,signals_specialist,adversary,N09,0.15,0
2,baseline_open,signals_specialist,adversary,N10,0.0,1
2,baseline_open,signals_specialist,adversary,N11,0.8500000000000001,0
2,baseline_open,signals_specialist,adversary,N12,0.0,0
2,baseline_open,signals_specialist,adversary,N13,0.35,0
2,baseline_open,signals_specialist,adversary,N14,0.0,0
2,baseline_open,signals_specialist,adversary,N15,0.78,0
2,baseline_open,signals_specialist,adversary,N16,0.049999999999999996,0
2,baseline_open,signals_specialist,adversary,N17,0.3,0
2,baseline_open,signals_specialist,adversary,N18,0.7714285714285715,1
2,baseline_open,signals_specialist,adversary,N19,0.3,0
2,baseline_open,signals_specialist,adversary,N20,0.0,0
2,baseline_open,signals_specialist,adversary,N21,0.36,0
2,baseline_open,signals_specialist,adversary,N22,0.09999999999999999,1
2,baseline_open,signals_specialist,adversary,N23,0.0,0
2,airgap_core,signals_specialist,adversary,N00,0.3214285714285714,0
2,airgap_core,signals_specialist,adversary,N01,0.0,0
2,airgap_core,signals_specialist,adversary,N02,0.3,0
2,airgap_core,signals_specialist,adversary,N03,0.3,0
2,airgap_core,signals_specialist,adversary,N04,0.0,0
2,airgap_core,signals_specialist,adversary,N05,0.0,1
2,airgap_core,signals_specialist,adversary,N06,0.09999999999999999,1
2,airgap_core,signals_specialist,adversary,N07,0.0375,1
2,airgap_core,signals_specialist,adversary,N08,0.0,0
2,airgap_core,signals_specialist,adversary,N09,0.0,0
2,airgap_core,signals_specialist,adversary,N10,0.9000000000000001,1
2,airgap_core,signals_specialist,adversary,N11,0.33749999999999997,0
2,airgap_core,signals_specialist,adversary,N12,0.09999999999999999,1
2,airgap_core,signals_specialist,adversary,N13,0.2375,0
2,airgap_core,signals_specialist,adversary,N14,0.0,0
2,airgap_core,signals_specialist,adversary,N15,0.3,0
2,airgap_core,signals_specialist,adversary,N16,0.9000000000000001,1
2,airgap_core,signals_specialist,adversary,N17,0.35,0
2,airgap_core,signals_specialist,adversary,N18,0.0,0
2,airgap_core,signals_specialist,adversary,N19,0.44999999999999996,0
2,airgap_core,signals_specialist,adversary,N20,0.3,0
2,airgap_core,signals_specialist,adversary,N21,0.0,1
2,airgap_core,signals_specialist,adversary,N22,0.0,0
2,airgap_core,signals_specialist,adversary,N23,0.8500000000000001,1
2,cleanroom,signals_specialist,adversary,N00,0.31666666666666665,0
2,cleanroom,signals_specialist,adversary,N01,0.049999999999999996,0
2,cleanroom,signals_specialist,adversary,N02,0.22999999999999998,0
2,cleanroom,signals_specialist,adversary,N03,0.15,0
2,cleanroom,signals_specialist,adversary,N04,0.19999999999999998,0
2,cleanroom,signals_specialist,adversary,N05,0.021428571428571425,0
2,cleanroom,signals_specialist,adversary,N06,0.19999999999999998,0
2,cleanroom,signals_specialist,adversary,N07,0.3,0
2,cleanroom,signals_specialist,adversary,N08,0.19999999999999998,0
2,cleanroom,signals_specialist,adversary,N09,0.15,0
2,cleanroom,signals_specialist,adversary,N10,0.0,1
2,cleanroom,signals_specialist,adversary,N11,0.8500000000000001,0
2,cleanroom,signals_specialist,adversary,N12,0.0,0
2,cleanroom,signals_specialist,adversary,N13,0.35,0
2,cleanroom,signals_specialist,adversary,N14,0.0,0
2,cleanroom,signals_specialist,adversary,N15,0.78,0
2,cleanroom,signals_specialist,adversary,N16,0.049999999999999996,0
2,cleanroom,signals_specialist,adversary,N17,0.3,0
2,cleanroom,signals_specialist,adversary,N18,0.7714285714285715,1
2,cleanroom,signals_specialist,adversary,N19,0.3,0
2,cleanroom,signals_specialist,adversary,N20,0.0,0
2,cleanroom,signals_specialist,adversary,N21,0.36,0
2,cleanroom,signals_specialist,adversary,N22,0.09999999999999999,1
2,cleanroom,signals_specialist,adversary,N23,0.0,0
2,full_hardening,signals_specialist,adversary,N00,0.34285714285714286,0
2,full_hardening,signals_specialist,adversary,N01,0.0,0
2,full_hardening,signals_specialist,adversary,N02,0.35,0
2,full_hardening,signals_specialist,adversary,N03,0.3,0
2,full_hardening,signals_specialist,adversary,N04,0.0,0
2,full_hardening,signals_specialist,adversary,N05,0.0375,1
2,full_hardening,signals_specialist,adversary,N06,0.09999999999999999,1
2,full_hardening,signals_specialist,adversary,N07,0.0375,0
2,full_hardening,signals_specialist,adversary,N08,0.0,0
2,full_hardening,signals_specialist,adversary,N09,0.0,0
2,full_hardening,signals_specialist,adversary,N10,0.0,0
2,full_hardening,signals_specialist,adversary,N13,0.3,0
2,full_hardening,signals_specialist,adversary,N14,0.0,1
2,full_hardening,signals_specialist,adversary,N15,0.03,0
2,full_hardening,signals_specialist,adversary,N16,0.3,1
2,full_hardening,signals_specialist,adversary,N17,0.24999999999999997,1
2,full_hardening,signals_specialist,adversary,N18,0.0,0
2,full_hardening,signals_specialist,adversary,N19,0.3,0
2,full_hardening,signals_specialist,adversary,N21,0.0,0
2,full_hardening,signals_specialist,adversary,N22,0.0,0
2,full_hardening,signals_specialist,adversary,N23,0.35,0
2,baseline_open,smash_and_grab,adversary,N00,0.36666666666666664,0
2,baseline_open,smash_and_grab,adversary,N01,0.24999999999999997,1
2,baseline_open,smash_and_grab,adversary,N02,0.36,0
2,baseline_open,smash_and_grab,adversary,N03,0.375,0
2,baseline_open,smash_and_grab,adversary,N04,0.09999999999999999,1
2,baseline_open,smash_and_grab,adversary,N05,0.0857142857142857,0
2,baseline_open,smash_and_grab,adversary,N06,0.35,0
2,baseline_open,smash_and_grab,adversary,N07,0.8500000000000001,1
2,baseline_open,smash_and_grab,adversary,N08,0.8800000000000001,1
2,baseline_open,smash_and_grab,adversary,N09,0.8750000000000001,1
2,baseline_open,smash_and_grab,adversary,N10,0.0,1
2,baseline_open,smash_and_grab,adversary,N11,0.65,1
2,baseline_open,smash_and_grab,adversary,N12,0.024999999999999998,0
2,baseline_open,smash_and_grab,adversary,N13,0.35,0
2,baseline_open,smash_and_grab,adversary,N14,0.75,1
2,baseline_open,smash_and_grab,adversary,N15,0.36,1
2,baseline_open,smash_and_grab,adversary,N16,0.049999999999999996,1
2,baseline_open,smash_and_grab,adversary,N17,0.3333333333333333,0
2,baseline_open,smash_and_grab,adversary,N18,0.8714285714285716,1
2,baseline_open,smash_and_grab,adversary,N19,0.34285714285714286,1
2,baseline_open,smash_and_grab,adversary,N20,0.0,1
2,baseline_open,smash_and_grab,adversary,N21,0.13,1
2,baseline_open,smash_and_grab,adversary,N22,0.8500000000000001,1
2,baseline_open,smash_and_grab,adversary,N23,0.68,1
2,airgap_core,smash_and_grab,adversary,N00,0.3857142857142857,1
2,airgap_core,smash_and_grab,adversary,N01,0.0,0
2,airgap_core,smash_and_grab,adversary,N02,0.39999999999999997,0
2,airgap_core,smash_and_grab,adversary,N03,0.8500000000000001,1
2,airgap_core,smash_and_grab,adversary,N04,0.0,1
2,airgap_core,smash_and_grab,adversary,N05,0.8875000000000001,1
2,airgap_core,smash_and_grab,adversary,N06,0.35,0
2,airgap_core,smash_and_grab,adversary,N07,0.11249999999999999,1
2,airgap_core,smash_and_grab,adversary,N08,0.0,0
2,airgap_core,smash_and_grab,adversary,N09,0.0,0
2,airgap_core,smash_and_grab,adversary,N10,0.35,1
2,airgap_core,smash_and_grab,adversary,N11,0.7625,1
2,airgap_core,smash_and_grab,adversary,N12,0.925,1
2,airgap_core,smash_and_grab,adversary,N13,0.375,0
2,airgap_core,smash_and_grab,adversary,N14,0.075,0
2,airgap_core,smash_and_grab,adversary,N15,0.8800000000000001,1
2,airgap_core,smash_and_grab,adversary,N16,0.8500000000000001,1
2,airgap_core,smash_and_grab,adversary,N17,0.44999999999999996,0
2,airgap_core,smash_and_grab,adversary,N18,0.0,0
2,airgap_core,smash_and_grab,adversary,N19,0.375,1
2,airgap_core,smash_and_grab,adversary,N20,0.925,1
2,airgap_core,smash_and_grab,adversary,N21,0.0,1
2,airgap_core,smash_and_grab,adversary,N22,0.0,0
2,airgap_core,smash_and_grab,adversary,N23,0.7000000000000001,1
2,cleanroom,smash_and_grab,adversary,N00,0.35,0
2,cleanroom,smash_and_grab,adversary,N01,0.24999999999999997,1
2,cleanroom,smash_and_grab,adversary,N02,0.39,0
2,cleanroom,smash_and_grab,adversary,N03,0.39999999999999997,0
2,cleanroom,smash_and_grab,adversary,N04,0.09999999999999999,1
2,cleanroom,smash_and_grab,adversary,N05,0.06428571428571428,1
2,cleanroom,smash_and_grab,adversary,N06,0.9000000000000001,1
2,cleanroom,smash_and_grab,adversary,N07,0.19999999999999998,1
2,cleanroom,smash_and_grab,adversary,N08,0.8800000000000001,1
2,cleanroom,smash_and_grab,adversary,N09,0.39999999999999997,0
2,cleanroom,smash_and_grab,adversary,N10,0.0,0
2,cleanroom,smash_and_grab,adversary,N11,0.8500000000000001,1
2,cleanroom,smash_and_grab,adversary,N12,0.675,1
2,cleanroom,smash_and_grab,adversary,N13,0.35,0
2,cleanroom,smash_and_grab,adversary,N14,0.0,0
2,cleanroom,smash_and_grab,adversary,N15,0.8800000000000001,1
2,cleanroom,smash_and_grab,adversary,N16,0.049999999999999996,0
2,cleanroom,smash_and_grab,adversary,N17,0.3333333333333333,0
2,cleanroom,smash_and_grab,adversary,N18,0.8714285714285716,1
2,cleanroom,smash_and_grab,adversary,N19,0.26428571428571423,1
2,cleanroom,smash_and_grab,adversary,N20,0.0,1
2,cleanroom,smash_and_grab,adversary,N21,0.39,0
2,cleanroom,smash_and_grab,adversary,N22,0.8500000000000001,1
2,cleanroom,smash_and_grab,adversary,N23,0.68,1
2,full_hardening,smash_and_grab,adversary,N00,0.3214285714285714,0
2,full_hardening,smash_and_grab,adversary,N01,0.0,0
2,full_hardening,smash_and_grab,adversary,N02,0.8500000000000001,1
2,full_hardening,smash_and_grab,adversary,N03,0.3,0
2,full_hardening,smash_and_grab,adversary,N04,0.0,1
2,full_hardening,smash_and_grab,adversary,N05,0.33749999999999997,0
2,full_hardening,smash_and_grab,adversary,N06,0.3,0
2,full_hardening,smash_and_grab,adversary,N07,0.0375,1
2,full_hardening,smash_and_grab,adversary,N08,0.0,0
2,full_hardening,smash_and_grab,adversary,N09,0.0,0
2,full_hardening,smash_and_grab,adversary,N10,0.24999999999999997,1
2,full_hardening,smash_and_grab,adversary,N13,0.3,0
2,full_hardening,smash_and_grab,adversary,N14,0.075,0
2,full_hardening,smash_and_grab,adversary,N15,0.3,1
2,full_hardening,smash_and_grab,adversary,N16,0.8500000000000001,1
2,full_hardening,smash_and_grab,adversary,N17,0.35,0
2,full_hardening,smash_and_grab,adversary,N18,0.0,0
2,full_hardening,smash_and_grab,adversary,N19,0.375,1
2,full_hardening,smash_and_grab,adversary,N21,0.0,1
2,full_hardening,smash_and_grab,adversary,N22,0.0,0
2,full_hardening,smash_and_grab,adversary,N23,0.65,1
2,baseline_open,authorized_red_team,benign_authorized_confound,N00,0.31666666666666665,1
2,baseline_open,authorized_red_team,benign_authorized_confound,N01,0.0,1
2,baseline_open,authorized_red_team,benign_authorized_confound,N02,0.22999999999999998,0
2,baseline_open,authorized_red_team,benign_authorized_confound,N03,0.22499999999999998,0
2,baseline_open,authorized_red_team,benign_authorized_confound,N04,0.0,1
2,baseline_open,authorized_red_team,benign_authorized_confound,N05,0.65,1
2,baseline_open,authorized_red_team,benign_authorized_confound,N06,0.049999999999999996,1
2,baseline_open,authorized_red_team,benign_authorized_confound,N07,0.3,0
2,baseline_open,authorized_red_team,benign_authorized_confound,N08,0.32999999999999996,0
2,baseline_open,authorized_red_team,benign_authorized_confound,N09,0.65,1
2,baseline_open,authorized_red_team,benign_authorized_confound,N10,0.0,1
2,baseline_open,authorized_red_team,benign_authorized_confound,N11,0.175,1
2,baseline_open,authorized_red_team,benign_authorized_confound,N12,0.024999999999999998,1
2,baseline_open,authorized_red_team,benign_authorized_confound,N13,0.3,0
2,baseline_open,authorized_red_team,benign_authorized_confound,N14,0.15,0
2,baseline_open,authorized_red_team,benign_authorized_confound,N15,0.22999999999999998,0
2,baseline_open,authorized_red_team,benign_authorized_confound,N16,0.0,1
2,baseline_open,authorized_red_team,benign_authorized_confound,N17,0.21666666666666665,0
2,baseline_open,authorized_red_team,benign_authorized_confound,N18,0.22142857142857142,0
2,baseline_open,authorized_red_team,benign_authorized_confound,N19,0.3214285714285714,0
2,baseline_open,authorized_red_team,benign_authorized_confound,N20,0.0,0
2,baseline_open,authorized_red_team,benign_authorized_confound,N21,0.09999999999999999,1
2,baseline_open,authorized_red_team,benign_authorized_confound,N22,0.19999999999999998,0
2,baseline_open,authorized_red_team,benign_authorized_confound,N23,0.03,1
2,airgap_core,authorized_red_team,benign_authorized_confound,N00,0.19999999999999998,0
2,airgap_core,authorized_red_team,benign_authorized_confound,N01,0.0,1
2,airgap_core,authorized_red_team,benign_authorized_confound,N02,0.19999999999999998,0
2,airgap_core,authorized_red_team,benign_authorized_confound,N03,0.09999999999999999,0
2,airgap_core,authorized_red_team,benign_authorized_confound,N04,0.0,0
2,airgap_core,authorized_red_team,benign_authorized_confound,N05,0.3,0
2,airgap_core,authorized_red_team,benign_authorized_confound,N06,0.0,1
2,airgap_core,authorized_red_team,benign_authorized_confound,N07,0.0,0
2,airgap_core,authorized_red_team,benign_authorized_confound,N08,0.0,0
2,airgap_core,authorized_red_team,benign_authorized_confound,N09,0.0,1
2,airgap_core,authorized_red_team,benign_authorized_confound,N10,0.3,1
2,airgap_core,authorized_red_team,benign_authorized_confound,N11,0.3,0
2,airgap_core,authorized_red_team,benign_authorized_confound,N12,0.3,0
2,airgap_core,authorized_red_team,benign_authorized_confound,N13,0.3,1
2,airgap_core,authorized_red_team,benign_authorized_confound,N14,0.0,0
2,airgap_core,authorized_red_team,benign_authorized_confound,N15,0.19999999999999998,0
2,airgap_core,authorized_red_team,benign_authorized_confound,N16,0.09999999999999999,1
2,airgap_core,authorized_red_team,benign_authorized_confound,N17,0.3,0
2,airgap_core,authorized_red_team,benign_authorized_confound,N18,0.0,0
2,airgap_core,authorized_red_team,benign_authorized_confound,N19,0.3,0
2,airgap_core,authorized_red_team,benign_authorized_confound,N20,0.3,1
2,airgap_core,authorized_red_team,benign_authorized_confound,N21,0.0,1
2,airgap_core,authorized_red_team,benign_authorized_confound,N22,0.0,0
2,airgap_core,authorized_red_team,benign_authorized_confound,N23,0.09999999999999999,0
2,cleanroom,authorized_red_team,benign_authorized_confound,N00,0.31666666666666665,1
2,cleanroom,authorized_red_team,benign_authorized_confound,N01,0.0,1
2,cleanroom,authorized_red_team,benign_authorized_confound,N02,0.22999999999999998,0
2,cleanroom,authorized_red_team,benign_authorized_confound,N03,0.22499999999999998,0
2,cleanroom,authorized_red_team,benign_authorized_confound,N04,0.0,1
2,cleanroom,authorized_red_team,benign_authorized_confound,N05,0.65,1
2,cleanroom,authorized_red_team,benign_authorized_confound,N06,0.049999999999999996,1
2,cleanroom,authorized_red_team,benign_authorized_confound,N07,0.3,0
2,cleanroom,authorized_red_team,benign_authorized_confound,N08,0.32999999999999996,0
2,cleanroom,authorized_red_team,benign_authorized_confound,N09,0.65,1
2,cleanroom,authorized_red_team,benign_authorized_confound,N10,0.0,1
2,cleanroom,authorized_red_team,benign_authorized_confound,N11,0.175,1
2,cleanroom,authorized_red_team,benign_authorized_confound,N12,0.024999999999999998,1
2,cleanroom,authorized_red_team,benign_authorized_confound,N13,0.3,0
2,cleanroom,authorized_red_team,benign_authorized_confound,N14,0.15,0
2,cleanroom,authorized_red_team,benign_authorized_confound,N15,0.22999999999999998,0
2,cleanroom,authorized_red_team,benign_authorized_confound,N16,0.0,1
2,cleanroom,authorized_red_team,benign_authorized_confound,N17,0.21666666666666665,0
2,cleanroom,authorized_red_team,benign_authorized_confound,N18,0.22142857142857142,0
2,cleanroom,authorized_red_team,benign_authorized_confound,N19,0.3214285714285714,0
2,cleanroom,authorized_red_team,benign_authorized_confound,N20,0.0,0
2,cleanroom,authorized_red_team,benign_authorized_confound,N21,0.09999999999999999,1
2,cleanroom,authorized_red_team,benign_authorized_confound,N22,0.19999999999999998,0
2,cleanroom,authorized_red_team,benign_authorized_confound,N23,0.03,1
2,full_hardening,authorized_red_team,benign_authorized_confound,N00,0.22142857142857142,0
2,full_hardening,authorized_red_team,benign_authorized_confound,N01,0.0,1
2,full_hardening,authorized_red_team,benign_authorized_confound,N02,0.19999999999999998,0
2,full_hardening,authorized_red_team,benign_authorized_confound,N03,0.09999999999999999,0
2,full_hardening,authorized_red_team,benign_authorized_confound,N04,0.0,0
2,full_hardening,authorized_red_team,benign_authorized_confound,N05,0.3,0
2,full_hardening,authorized_red_team,benign_authorized_confound,N06,0.0,1
2,full_hardening,authorized_red_team,benign_authorized_confound,N07,0.0,0
2,full_hardening,authorized_red_team,benign_authorized_confound,N08,0.0,0
2,full_hardening,authorized_red_team,benign_authorized_confound,N09,0.0,1
2,full_hardening,authorized_red_team,benign_authorized_confound,N10,0.3,1
2,full_hardening,authorized_red_team,benign_authorized_confound,N13,0.3,0
2,full_hardening,authorized_red_team,benign_authorized_confound,N14,0.0,0
2,full_hardening,authorized_red_team,benign_authorized_confound,N15,0.19999999999999998,0
2,full_hardening,authorized_red_team,benign_authorized_confound,N16,0.09999999999999999,1
2,full_hardening,authorized_red_team,benign_authorized_confound,N17,0.3,0
2,full_hardening,authorized_red_team,benign_authorized_confound,N18,0.0,0
2,full_hardening,authorized_red_team,benign_authorized_confound,N19,0.3,0
2,full_hardening,authorized_red_team,benign_authorized_confound,N21,0.0,1
2,full_hardening,authorized_red_team,benign_authorized_confound,N22,0.0,0
2,full_hardening,authorized_red_team,benign_authorized_confound,N23,0.24999999999999997,0
3,baseline_open,opportunist_phisher,adversary,N00,0.049999999999999996,1
3,baseline_open,opportunist_phisher,adversary,N01,0.06,1
3,baseline_open,opportunist_phisher,adversary,N02,0.8500000000000001,1
3,baseline_open,opportunist_phisher,adversary,N03,0.8500000000000001,1
3,baseline_open,opportunist_phisher,adversary,N04,0.3,1
3,baseline_open,opportunist_phisher,adversary,N05,0.39,1
3,baseline_open,opportunist_phisher,adversary,N06,0.3,1
3,baseline_open,opportunist_phisher,adversary,N07,0.675,1
3,baseline_open,opportunist_phisher,adversary,N08,0.175,1
3,baseline_open,opportunist_phisher,adversary,N09,0.35,1
3,baseline_open,opportunist_phisher,adversary,N10,0.0,1
3,baseline_open,opportunist_phisher,adversary,N11,0.15,0
3,baseline_open,opportunist_phisher,adversary,N12,0.09999999999999999,1
3,baseline_open,opportunist_phisher,adversary,N13,0.8800000000000001,1
3,baseline_open,opportunist_phisher,adversary,N14,0.075,1
3,baseline_open,opportunist_phisher,adversary,N15,0.3,1
3,baseline_open,opportunist_phisher,adversary,N16,0.075,1
3,baseline_open,opportunist_phisher,adversary,N17,0.8500000000000001,1
3,baseline_open,opportunist_phisher,adversary,N18,0.75,1
3,baseline_open,opportunist_phisher,adversary,N19,0.19999999999999998,1
3,baseline_open,opportunist_phisher,adversary,N20,0.375,1
3,baseline_open,opportunist_phisher,adversary,N21,0.27499999999999997,1
3,baseline_open,opportunist_phisher,adversary,N22,0.13749999999999998,1
3,baseline_open,opportunist_phisher,adversary,N23,0.3,0
3,airgap_core,opportunist_phisher,adversary,N00,0.15,1
3,airgap_core,opportunist_phisher,adversary,N01,0.925,1
3,airgap_core,opportunist_phisher,adversary,N02,0.8500000000000001,1
3,airgap_core,opportunist_phisher,adversary,N03,0.6875,1
3,airgap_core,opportunist_phisher,adversary,N04,0.09999999999999999,1
3,airgap_core,opportunist_phisher,adversary,N05,0.049999999999999996,1
3,airgap_core,opportunist_phisher,adversary,N06,0.75,1
3,airgap_core,opportunist_phisher,adversary,N07,0.0,0
3,airgap_core,opportunist_phisher,adversary,N08,0.375,1
3,airgap_core,opportunist_phisher,adversary,N09,0.19999999999999998,1
3,airgap_core,opportunist_phisher,adversary,N10,0.71,1
3,airgap_core,opportunist_phisher,adversary,N11,0.33749999999999997,1
3,airgap_core,opportunist_phisher,adversary,N12,0.25,1
3,airgap_core,opportunist_phisher,adversary,N13,0.0,0
3,airgap_core,opportunist_phisher,adversary,N14,0.0,0
3,airgap_core,opportunist_phisher,adversary,N15,0.09999999999999999,1
3,airgap_core,opportunist_phisher,adversary,N16,0.8714285714285716,1
3,airgap_core,opportunist_phisher,adversary,N17,0.0,0
3,airgap_core,opportunist_phisher,adversary,N18,0.0,1
3,airgap_core,opportunist_phisher,adversary,N19,0.35,1
3,airgap_core,opportunist_phisher,adversary,N20,0.0,0
3,airgap_core,opportunist_phisher,adversary,N21,0.0,0
3,airgap_core,opportunist_phisher,adversary,N22,0.375,1
3,airgap_core,opportunist_phisher,adversary,N23,0.36,0
3,cleanroom,opportunist_phisher,adversary,N00,0.049999999999999996,1
3,cleanroom,opportunist_phisher,adversary,N01,0.06,1
3,cleanroom,opportunist_phisher,adversary,N02,0.8500000000000001,1
3,cleanroom,opportunist_phisher,adversary,N03,0.8500000000000001,1
3,cleanroom,opportunist_phisher,adversary,N04,0.3,1
3,cleanroom,opportunist_phisher,adversary,N05,0.39,1
3,cleanroom,opportunist_phisher,adversary,N06,0.3,1
3,cleanroom,opportunist_phisher,adversary,N07,0.675,1
3,cleanroom,opportunist_phisher,adversary,N08,0.175,1
3,cleanroom,opportunist_phisher,adversary,N09,0.35,1
3,cleanroom,opportunist_phisher,adversary,N10,0.0,1
3,cleanroom,opportunist_phisher,adversary,N11,0.15,0
3,cleanroom,opportunist_phisher,adversary,N12,0.09999999999999999,1
3,cleanroom,opportunist_phisher,adversary,N13,0.8800000000000001,1
3,cleanroom,opportunist_phisher,adversary,N14,0.075,1
3,cleanroom,opportunist_phisher,adversary,N15,0.3,1
3,cleanroom,opportunist_phisher,adversary,N16,0.075,1
3,cleanroom,opportunist_phisher,adversary,N17,0.8500000000000001,1
3,cleanroom,opportunist_phisher,adversary,N18,0.75,1
3,cleanroom,opportunist_phisher,adversary,N19,0.19999999999999998,1
3,cleanroom,opportunist_phisher,adversary,N20,0.375,1
3,cleanroom,opportunist_phisher,adversary,N21,0.27499999999999997,1
3,cleanroom,opportunist_phisher,adversary,N22,0.13749999999999998,1
3,cleanroom,opportunist_phisher,adversary,N23,0.3,0
3,full_hardening,opportunist_phisher,adversary,N00,0.15,1
3,full_hardening,opportunist_phisher,adversary,N03,0.6875,1
3,full_hardening,opportunist_phisher,adversary,N04,0.09999999999999999,1
3,full_hardening,opportunist_phisher,adversary,N05,0.049999999999999996,1
3,full_hardening,opportunist_phisher,adversary,N07,0.0,0
3,full_hardening,opportunist_phisher,adversary,N08,0.375,1
3,full_hardening,opportunist_phisher,adversary,N09,0.19999999999999998,1
3,full_hardening,opportunist_phisher,adversary,N10,0.71,1
3,full_hardening,opportunist_phisher,adversary,N11,0.33749999999999997,1
3,full_hardening,opportunist_phisher,adversary,N12,0.25,1
3,full_hardening,opportunist_phisher,adversary,N13,0.0,0
3,full_hardening,opportunist_phisher,adversary,N14,0.0,0
3,full_hardening,opportunist_phisher,adversary,N15,0.09999999999999999,1
3,full_hardening,opportunist_phisher,adversary,N16,0.8714285714285716,1
3,full_hardening,opportunist_phisher,adversary,N17,0.0,0
3,full_hardening,opportunist_phisher,adversary,N18,0.0,1
3,full_hardening,opportunist_phisher,adversary,N19,0.35,1
3,full_hardening,opportunist_phisher,adversary,N20,0.0,0
3,full_hardening,opportunist_phisher,adversary,N21,0.0,0
3,full_hardening,opportunist_phisher,adversary,N22,0.375,0
3,full_hardening,opportunist_phisher,adversary,N23,0.36,0
3,baseline_open,patient_recruiter,adversary,N00,0.0,1
3,baseline_open,patient_recruiter,adversary,N01,0.0,0
3,baseline_open,patient_recruiter,adversary,N02,0.3,0
3,baseline_open,patient_recruiter,adversary,N03,0.19999999999999998,0
3,baseline_open,patient_recruiter,adversary,N04,0.3,0
3,baseline_open,patient_recruiter,adversary,N05,0.19999999999999998,1
3,baseline_open,patient_recruiter,adversary,N06,0.09999999999999999,1
3,baseline_open,patient_recruiter,adversary,N07,0.19999999999999998,1
3,baseline_open,patient_recruiter,adversary,N08,0.0,0
3,baseline_open,patient_recruiter,adversary,N09,0.09999999999999999,0
3,baseline_open,patient_recruiter,adversary,N10,0.0,1
3,baseline_open,patient_recruiter,adversary,N11,0.0,0
3,baseline_open,patient_recruiter,adversary,N12,0.0,0
3,baseline_open,patient_recruiter,adversary,N13,0.19999999999999998,1
3,baseline_open,patient_recruiter,adversary,N14,0.0,0
3,baseline_open,patient_recruiter,adversary,N15,0.3,0
3,baseline_open,patient_recruiter,adversary,N16,0.0,1
3,baseline_open,patient_recruiter,adversary,N17,0.09999999999999999,0
3,baseline_open,patient_recruiter,adversary,N18,0.3,1
3,baseline_open,patient_recruiter,adversary,N19,0.19999999999999998,0
3,baseline_open,patient_recruiter,adversary,N20,0.3,0
3,baseline_open,patient_recruiter,adversary,N21,0.3,1
3,baseline_open,patient_recruiter,adversary,N22,0.09999999999999999,1
3,baseline_open,patient_recruiter,adversary,N23,0.3,0
3,airgap_core,patient_recruiter,adversary,N00,0.0,1
3,airgap_core,patient_recruiter,adversary,N01,0.3,0
3,airgap_core,patient_recruiter,adversary,N02,0.3,0
3,airgap_core,patient_recruiter,adversary,N03,0.3,1
3,airgap_core,patient_recruiter,adversary,N04,0.0,0
3,airgap_core,patient_recruiter,adversary,N05,0.0,1
3,airgap_core,patient_recruiter,adversary,N06,0.09999999999999999,1
3,airgap_core,patient_recruiter,adversary,N07,0.0,0
3,airgap_core,patient_recruiter,adversary,N08,0.0,1
3,airgap_core,patient_recruiter,adversary,N09,0.0,1
3,airgap_core,patient_recruiter,adversary,N10,0.3,0
3,airgap_core,patient_recruiter,adversary,N11,0.3,0
3,airgap_core,patient_recruiter,adversary,N12,0.3,0
3,airgap_core,patient_recruiter,adversary,N13,0.0,0
3,airgap_core,patient_recruiter,adversary,N14,0.0,0
3,airgap_core,patient_recruiter,adversary,N15,0.049999999999999996,0
3,airgap_core,patient_recruiter,adversary,N16,0.3,0
3,airgap_core,patient_recruiter,adversary,N17,0.0,0
3,airgap_core,patient_recruiter,adversary,N18,0.65,1
3,airgap_core,patient_recruiter,adversary,N19,0.3,1
3,airgap_core,patient_recruiter,adversary,N20,0.0,0
3,airgap_core,patient_recruiter,adversary,N21,0.0,0
3,airgap_core,patient_recruiter,adversary,N22,0.0375,1
3,airgap_core,patient_recruiter,adversary,N23,0.09999999999999999,0
3,cleanroom,patient_recruiter,adversary,N00,0.0,1
3,cleanroom,patient_recruiter,adversary,N01,0.0,0
3,cleanroom,patient_recruiter,adversary,N02,0.3,0
3,cleanroom,patient_recruiter,adversary,N03,0.19999999999999998,0
3,cleanroom,patient_recruiter,adversary,N04,0.3,0
3,cleanroom,patient_recruiter,adversary,N05,0.19999999999999998,1
3,cleanroom,patient_recruiter,adversary,N06,0.09999999999999999,1
3,cleanroom,patient_recruiter,adversary,N07,0.19999999999999998,1
3,cleanroom,patient_recruiter,adversary,N08,0.0,0
3,cleanroom,patient_recruiter,adversary,N09,0.09999999999999999,0
3,cleanroom,patient_recruiter,adversary,N10,0.0,1
3,cleanroom,patient_recruiter,adversary,N11,0.0,0
3,cleanroom,patient_recruiter,adversary,N12,0.0,0
3,cleanroom,patient_recruiter,adversary,N13,0.19999999999999998,1
3,cleanroom,patient_recruiter,adversary,N14,0.0,0
3,cleanroom,patient_recruiter,adversary,N15,0.3,0
3,cleanroom,patient_recruiter,adversary,N16,0.0,1
3,cleanroom,patient_recruiter,adversary,N17,0.09999999999999999,0
3,cleanroom,patient_recruiter,adversary,N18,0.3,1
3,cleanroom,patient_recruiter,adversary,N19,0.19999999999999998,0
3,cleanroom,patient_recruiter,adversary,N20,0.3,0
3,cleanroom,patient_recruiter,adversary,N21,0.3,1
3,cleanroom,patient_recruiter,adversary,N22,0.09999999999999999,1
3,cleanroom,patient_recruiter,adversary,N23,0.3,0
3,full_hardening,patient_recruiter,adversary,N00,0.09999999999999999,1
3,full_hardening,patient_recruiter,adversary,N03,0.19999999999999998,1
3,full_hardening,patient_recruiter,adversary,N04,0.049999999999999996,0
3,full_hardening,patient_recruiter,adversary,N05,0.0,1
3,full_hardening,patient_recruiter,adversary,N07,0.0,0
3,full_hardening,patient_recruiter,adversary,N08,0.0,1
3,full_hardening,patient_recruiter,adversary,N09,0.0,1
3,full_hardening,patient_recruiter,adversary,N10,0.32999999999999996,0
3,full_hardening,patient_recruiter,adversary,N11,0.3,1
3,full_hardening,patient_recruiter,adversary,N12,0.27499999999999997,1
3,full_hardening,patient_recruiter,adversary,N13,0.0,0
3,full_hardening,patient_recruiter,adversary,N14,0.0,0
3,full_hardening,patient_recruiter,adversary,N15,0.09999999999999999,0
3,full_hardening,patient_recruiter,adversary,N16,0.3214285714285714,1
3,full_hardening,patient_recruiter,adversary,N17,0.0,0
3,full_hardening,patient_recruiter,adversary,N18,0.65,1
3,full_hardening,patient_recruiter,adversary,N19,0.3,1
3,full_hardening,patient_recruiter,adversary,N20,0.0,0
3,full_hardening,patient_recruiter,adversary,N21,0.0,0
3,full_hardening,patient_recruiter,adversary,N22,0.0375,1
3,full_hardening,patient_recruiter,adversary,N23,0.3,0
3,baseline_open,insider_cultivator,adversary,N00,0.7000000000000001,1
3,baseline_open,insider_cultivator,adversary,N01,0.03,1
3,baseline_open,insider_cultivator,adversary,N02,0.65,1
3,baseline_open,insider_cultivator,adversary,N03,0.27499999999999997,1
3,baseline_open,insider_cultivator,adversary,N04,0.3,1
3,baseline_open,insider_cultivator,adversary,N05,0.03,1
3,baseline_open,insider_cultivator,adversary,N06,0.68,1
3,baseline_open,insider_cultivator,adversary,N07,0.19999999999999998,1
3,baseline_open,insider_cultivator,adversary,N08,0.3,0
3,baseline_open,insider_cultivator,adversary,N09,0.19999999999999998,0
3,baseline_open,insider_cultivator,adversary,N10,0.0,1
3,baseline_open,insider_cultivator,adversary,N11,0.075,0
3,baseline_open,insider_cultivator,adversary,N12,0.65,1
3,baseline_open,insider_cultivator,adversary,N13,0.3,1
3,baseline_open,insider_cultivator,adversary,N14,0.0,0
3,baseline_open,insider_cultivator,adversary,N15,0.375,1
3,baseline_open,insider_cultivator,adversary,N16,0.0,0
3,baseline_open,insider_cultivator,adversary,N17,0.33749999999999997,0
3,baseline_open,insider_cultivator,adversary,N18,0.0,1
3,baseline_open,insider_cultivator,adversary,N19,0.19999999999999998,0
3,baseline_open,insider_cultivator,adversary,N20,0.31875,0
3,baseline_open,insider_cultivator,adversary,N21,0.075,1
3,baseline_open,insider_cultivator,adversary,N22,0.2375,1
3,baseline_open,insider_cultivator,adversary,N23,0.19999999999999998,1
3,airgap_core,insider_cultivator,adversary,N00,0.7000000000000001,1
3,airgap_core,insider_cultivator,adversary,N01,0.0375,1
3,airgap_core,insider_cultivator,adversary,N02,0.3,0
3,airgap_core,insider_cultivator,adversary,N03,0.175,0
3,airgap_core,insider_cultivator,adversary,N04,0.0,0
3,airgap_core,insider_cultivator,adversary,N05,0.049999999999999996,0
3,airgap_core,insider_cultivator,adversary,N06,0.75,1
3,airgap_core,insider_cultivator,adversary,N07,0.0,1
3,airgap_core,insider_cultivator,adversary,N08,0.27499999999999997,0
3,airgap_core,insider_cultivator,adversary,N09,0.3,0
3,airgap_core,insider_cultivator,adversary,N10,0.32999999999999996,0
3,airgap_core,insider_cultivator,adversary,N11,0.65,1
3,airgap_core,insider_cultivator,adversary,N12,0.925,1
3,airgap_core,insider_cultivator,adversary,N13,0.0,0
3,airgap_core,insider_cultivator,adversary,N14,0.0,0
3,airgap_core,insider_cultivator,adversary,N15,0.049999999999999996,1
3,airgap_core,insider_cultivator,adversary,N16,0.09999999999999999,1
3,airgap_core,insider_cultivator,adversary,N17,0.0,0
3,airgap_core,insider_cultivator,adversary,N18,0.0,1
3,airgap_core,insider_cultivator,adversary,N19,0.3,0
3,airgap_core,insider_cultivator,adversary,N20,0.0,0
3,airgap_core,insider_cultivator,adversary,N21,0.0,0
3,airgap_core,insider_cultivator,adversary,N22,0.19999999999999998,1
3,airgap_core,insider_cultivator,adversary,N23,0.13,1
3,cleanroom,insider_cultivator,adversary,N00,0.7000000000000001,1
3,cleanroom,insider_cultivator,adversary,N01,0.03,1
3,cleanroom,insider_cultivator,adversary,N02,0.65,1
3,cleanroom,insider_cultivator,adversary,N03,0.27499999999999997,1
3,cleanroom,insider_cultivator,adversary,N04,0.3,1
3,cleanroom,insider_cultivator,adversary,N05,0.03,1
3,cleanroom,insider_cultivator,adversary,N06,0.68,1
3,cleanroom,insider_cultivator,adversary,N07,0.19999999999999998,1
3,cleanroom,insider_cultivator,adversary,N08,0.3,0
3,cleanroom,insider_cultivator,adversary,N09,0.19999999999999998,0
3,cleanroom,insider_cultivator,adversary,N10,0.0,1
3,cleanroom,insider_cultivator,adversary,N11,0.075,0
3,cleanroom,insider_cultivator,adversary,N12,0.65,1
3,cleanroom,insider_cultivator,adversary,N13,0.3,1
3,cleanroom,insider_cultivator,adversary,N14,0.0,0
3,cleanroom,insider_cultivator,adversary,N15,0.375,1
3,cleanroom,insider_cultivator,adversary,N16,0.0,0
3,cleanroom,insider_cultivator,adversary,N17,0.33749999999999997,0
3,cleanroom,insider_cultivator,adversary,N18,0.0,1
3,cleanroom,insider_cultivator,adversary,N19,0.19999999999999998,0
3,cleanroom,insider_cultivator,adversary,N20,0.31875,0
3,cleanroom,insider_cultivator,adversary,N21,0.075,1
3,cleanroom,insider_cultivator,adversary,N22,0.2375,1
3,cleanroom,insider_cultivator,adversary,N23,0.19999999999999998,1
3,full_hardening,insider_cultivator,adversary,N00,0.75,1
3,full_hardening,insider_cultivator,adversary,N03,0.33749999999999997,0
3,full_hardening,insider_cultivator,adversary,N04,0.049999999999999996,0
3,full_hardening,insider_cultivator,adversary,N05,0.049999999999999996,1
3,full_hardening,insider_cultivator,adversary,N07,0.0,1
3,full_hardening,insider_cultivator,adversary,N08,0.35,0
3,full_hardening,insider_cultivator,adversary,N09,0.19999999999999998,0
3,full_hardening,insider_cultivator,adversary,N10,0.36,0
3,full_hardening,insider_cultivator,adversary,N11,0.65,1
3,full_hardening,insider_cultivator,adversary,N12,0.375,0
3,full_hardening,insider_cultivator,adversary,N13,0.0,0
3,full_hardening,insider_cultivator,adversary,N14,0.0,0
3,full_hardening,insider_cultivator,adversary,N15,0.049999999999999996,1
3,full_hardening,insider_cultivator,adversary,N16,0.12142857142857141,1
3,full_hardening,insider_cultivator,adversary,N17,0.0,0
3,full_hardening,insider_cultivator,adversary,N18,0.0,1
3,full_hardening,insider_cultivator,adversary,N19,0.3,0
3,full_hardening,insider_cultivator,adversary,N20,0.0,0
3,full_hardening,insider_cultivator,adversary,N21,0.0,1
3,full_hardening,insider_cultivator,adversary,N22,0.3,0
3,full_hardening,insider_cultivator,adversary,N23,0.15999999999999998,1
3,baseline_open,signals_specialist,adversary,N00,0.0,0
3,baseline_open,signals_specialist,adversary,N01,0.03,0
3,baseline_open,signals_specialist,adversary,N02,0.8500000000000001,0
3,baseline_open,signals_specialist,adversary,N03,0.19999999999999998,0
3,baseline_open,signals_specialist,adversary,N04,0.3,0
3,baseline_open,signals_specialist,adversary,N05,0.42,0
3,baseline_open,signals_specialist,adversary,N06,0.06,0
3,baseline_open,signals_specialist,adversary,N07,0.35,0
3,baseline_open,signals_specialist,adversary,N08,0.13749999999999998,0
3,baseline_open,signals_specialist,adversary,N09,0.35,0
3,baseline_open,signals_specialist,adversary,N10,0.075,1
3,baseline_open,signals_specialist,adversary,N11,0.075,1
3,baseline_open,signals_specialist,adversary,N12,0.0,0
3,baseline_open,signals_specialist,adversary,N13,0.8500000000000001,1
3,baseline_open,signals_specialist,adversary,N14,0.0,0
3,baseline_open,signals_specialist,adversary,N15,0.8500000000000001,1
3,baseline_open,signals_specialist,adversary,N16,0.0,0
3,baseline_open,signals_specialist,adversary,N17,0.3,0
3,baseline_open,signals_specialist,adversary,N18,0.8500000000000001,0
3,baseline_open,signals_specialist,adversary,N19,0.375,0
3,baseline_open,signals_specialist,adversary,N20,0.11875,1
3,baseline_open,signals_specialist,adversary,N21,0.0,1
3,baseline_open,signals_specialist,adversary,N22,0.75,1
3,baseline_open,signals_specialist,adversary,N23,0.3,0
3,airgap_core,signals_specialist,adversary,N00,0.0,0
3,airgap_core,signals_specialist,adversary,N01,0.3,0
3,airgap_core,signals_specialist,adversary,N02,0.3,0
3,airgap_core,signals_specialist,adversary,N03,0.0,1
3,airgap_core,signals_specialist,adversary,N04,0.0,0
3,airgap_core,signals_specialist,adversary,N05,0.0,0
3,airgap_core,signals_specialist,adversary,N06,0.19999999999999998,0
3,airgap_core,signals_specialist,adversary,N07,0.0,0
3,airgap_core,signals_specialist,adversary,N08,0.3,0
3,airgap_core,signals_specialist,adversary,N09,0.3,0
3,airgap_core,signals_specialist,adversary,N10,0.3,0
3,airgap_core,signals_specialist,adversary,N11,0.3,0
3,airgap_core,signals_specialist,adversary,N12,0.3,1
3,airgap_core,signals_specialist,adversary,N13,0.0,0
3,airgap_core,signals_specialist,adversary,N14,0.0,0
3,airgap_core,signals_specialist,adversary,N15,0.0,0
3,airgap_core,signals_specialist,adversary,N16,0.3,1
3,airgap_core,signals_specialist,adversary,N17,0.0,0
3,airgap_core,signals_specialist,adversary,N18,0.0,0
3,airgap_core,signals_specialist,adversary,N19,0.09999999999999999,0
3,airgap_core,signals_specialist,adversary,N20,0.0,0
3,airgap_core,signals_specialist,adversary,N21,0.0,0
3,airgap_core,signals_specialist,adversary,N22,0.3,0
3,airgap_core,signals_specialist,adversary,N23,0.3,0
3,cleanroom,signals_specialist,adversary,N00,0.0,0
3,cleanroom,signals_specialist,adversary,N01,0.03,1
3,cleanroom,signals_specialist,adversary,N02,0.8500000000000001,0
3,cleanroom,signals_specialist,adversary,N03,0.09999999999999999,0
3,cleanroom,signals_specialist,adversary,N04,0.3,0
3,cleanroom,signals_specialist,adversary,N05,0.39,0
3,cleanroom,signals_specialist,adversary,N06,0.19999999999999998,0
3,cleanroom,signals_specialist,adversary,N07,0.22499999999999998,0
3,cleanroom,signals_specialist,adversary,N08,0.33749999999999997,0
3,cleanroom,signals_specialist,adversary,N09,0.35,0
3,cleanroom,signals_specialist,adversary,N10,0.0,1
3,cleanroom,signals_specialist,adversary,N11,0.075,1
3,cleanroom,signals_specialist,adversary,N12,0.0,0
3,cleanroom,signals_specialist,adversary,N13,0.75,1
3,cleanroom,signals_specialist,adversary,N14,0.0,1
3,cleanroom,signals_specialist,adversary,N15,0.19999999999999998,0
3,cleanroom,signals_specialist,adversary,N16,0.0,0
3,cleanroom,signals_specialist,adversary,N17,0.3,1
3,cleanroom,signals_specialist,adversary,N18,0.8500000000000001,1
3,cleanroom,signals_specialist,adversary,N19,0.3,0
3,cleanroom,signals_specialist,adversary,N20,0.11875,0
3,cleanroom,signals_specialist,adversary,N21,0.0,0
3,cleanroom,signals_specialist,adversary,N22,0.19999999999999998,0
3,cleanroom,signals_specialist,adversary,N23,0.19999999999999998,0
3,full_hardening,signals_specialist,adversary,N00,0.09999999999999999,0
3,full_hardening,signals_specialist,adversary,N03,0.09999999999999999,0
3,full_hardening,signals_specialist,adversary,N04,0.049999999999999996,0
3,full_hardening,signals_specialist,adversary,N05,0.0,0
3,full_hardening,signals_specialist,adversary,N07,0.0,0
3,full_hardening,signals_specialist,adversary,N08,0.3,0
3,full_hardening,signals_specialist,adversary,N09,0.3,0
3,full_hardening,signals_specialist,adversary,N10,0.32999999999999996,0
3,full_hardening,signals_specialist,adversary,N11,0.3,0
3,full_hardening,signals_specialist,adversary,N12,0.375,0
3,full_hardening,signals_specialist,adversary,N13,0.0,0
3,full_hardening,signals_specialist,adversary,N14,0.0,0
3,full_hardening,signals_specialist,adversary,N15,0.049999999999999996,0
3,full_hardening,signals_specialist,adversary,N16,0.3214285714285714,0
3,full_hardening,signals_specialist,adversary,N17,0.0,0
3,full_hardening,signals_specialist,adversary,N18,0.0,0
3,full_hardening,signals_specialist,adversary,N19,0.19999999999999998,0
3,full_hardening,signals_specialist,adversary,N20,0.0,0
3,full_hardening,signals_specialist,adversary,N21,0.0,0
3,full_hardening,signals_specialist,adversary,N22,0.3,0
3,full_hardening,signals_specialist,adversary,N23,0.3,0
3,baseline_open,smash_and_grab,adversary,N00,0.049999999999999996,1
3,baseline_open,smash_and_grab,adversary,N01,0.03,1
3,baseline_open,smash_and_grab,adversary,N02,0.35,0
3,baseline_open,smash_and_grab,adversary,N03,0.75,1
3,baseline_open,smash_and_grab,adversary,N04,0.3,0
3,baseline_open,smash_and_grab,adversary,N05,0.22999999999999998,1
3,baseline_open,smash_and_grab,adversary,N06,0.36,1
3,baseline_open,smash_and_grab,adversary,N07,0.8500000000000001,1
3,baseline_open,smash_and_grab,adversary,N08,0.33749999999999997,0
3,baseline_open,smash_and_grab,adversary,N09,0.8500000000000001,1
3,baseline_open,smash_and_grab,adversary,N10,0.0,1
3,baseline_open,smash_and_grab,adversary,N11,0.725,1
3,baseline_open,smash_and_grab,adversary,N12,0.15,0
3,baseline_open,smash_and_grab,adversary,N13,0.36,1
3,baseline_open,smash_and_grab,adversary,N14,0.075,0
3,baseline_open,smash_and_grab,adversary,N15,0.8500000000000001,1
3,baseline_open,smash_and_grab,adversary,N16,0.075,0
3,baseline_open,smash_and_grab,adversary,N17,0.8875000000000001,1
3,baseline_open,smash_and_grab,adversary,N18,0.3,1
3,baseline_open,smash_and_grab,adversary,N19,0.3,0
3,baseline_open,smash_and_grab,adversary,N20,0.15625,1
3,baseline_open,smash_and_grab,adversary,N21,0.375,1
3,baseline_open,smash_and_grab,adversary,N22,0.2375,1
3,baseline_open,smash_and_grab,adversary,N23,0.3,0
3,airgap_core,smash_and_grab,adversary,N00,0.049999999999999996,0
3,airgap_core,smash_and_grab,adversary,N01,0.33749999999999997,1
3,airgap_core,smash_and_grab,adversary,N02,0.8500000000000001,1
3,airgap_core,smash_and_grab,adversary,N03,0.925,1
3,airgap_core,smash_and_grab,adversary,N04,0.0,1
3,airgap_core,smash_and_grab,adversary,N05,0.7000000000000001,1
3,airgap_core,smash_and_grab,adversary,N06,0.35,0
3,airgap_core,smash_and_grab,adversary,N07,0.0,0
3,airgap_core,smash_and_grab,adversary,N08,0.375,1
3,airgap_core,smash_and_grab,adversary,N09,0.9500000000000001,1
3,airgap_core,smash_and_grab,adversary,N10,0.13,1
3,airgap_core,smash_and_grab,adversary,N11,0.33749999999999997,0
3,airgap_core,smash_and_grab,adversary,N12,0.925,0
3,airgap_core,smash_and_grab,adversary,N13,0.0,1
3,airgap_core,smash_and_grab,adversary,N14,0.0,0
3,airgap_core,smash_and_grab,adversary,N15,0.09999999999999999,1
3,airgap_core,smash_and_grab,adversary,N16,0.7928571428571428,1
3,airgap_core,smash_and_grab,adversary,N17,0.0,0
3,airgap_core,smash_and_grab,adversary,N18,0.65,1
3,airgap_core,smash_and_grab,adversary,N19,0.39999999999999997,0
3,airgap_core,smash_and_grab,adversary,N20,0.0,0
3,airgap_core,smash_and_grab,adversary,N21,0.0,1
3,airgap_core,smash_and_grab,adversary,N22,0.375,0
3,airgap_core,smash_and_grab,adversary,N23,0.39,0
3,cleanroom,smash_and_grab,adversary,N00,0.049999999999999996,1
3,cleanroom,smash_and_grab,adversary,N01,0.03,1
3,cleanroom,smash_and_grab,adversary,N02,0.35,0
3,cleanroom,smash_and_grab,adversary,N03,0.75,1
3,cleanroom,smash_and_grab,adversary,N04,0.3,0
3,cleanroom,smash_and_grab,adversary,N05,0.22999999999999998,1
3,cleanroom,smash_and_grab,adversary,N06,0.36,1
3,cleanroom,smash_and_grab,adversary,N07,0.8500000000000001,1
3,cleanroom,smash_and_grab,adversary,N08,0.33749999999999997,0
3,cleanroom,smash_and_grab,adversary,N09,0.8500000000000001,1
3,cleanroom,smash_and_grab,adversary,N10,0.0,1
3,cleanroom,smash_and_grab,adversary,N11,0.725,1
3,cleanroom,smash_and_grab,adversary,N12,0.15,0
3,cleanroom,smash_and_grab,adversary,N13,0.36,1
3,cleanroom,smash_and_grab,adversary,N14,0.075,0
3,cleanroom,smash_and_grab,adversary,N15,0.8500000000000001,1
3,cleanroom,smash_and_grab,adversary,N16,0.075,0
3,cleanroom,smash_and_grab,adversary,N17,0.8875000000000001,1
3,cleanroom,smash_and_grab,adversary,N18,0.3,1
3,cleanroom,smash_and_grab,adversary,N19,0.3,0
3,cleanroom,smash_and_grab,adversary,N20,0.15625,1
3,cleanroom,smash_and_grab,adversary,N21,0.375,1
3,cleanroom,smash_and_grab,adversary,N22,0.2375,1
3,cleanroom,smash_and_grab,adversary,N23,0.3,0
3,full_hardening,smash_and_grab,adversary,N00,0.09999999999999999,0
3,full_hardening,smash_and_grab,adversary,N03,0.925,1
3,full_hardening,smash_and_grab,adversary,N04,0.049999999999999996,1
3,full_hardening,smash_and_grab,adversary,N05,0.7000000000000001,1
3,full_hardening,smash_and_grab,adversary,N07,0.0,0
3,full_hardening,smash_and_grab,adversary,N08,0.375,1
3,full_hardening,smash_and_grab,adversary,N09,0.9500000000000001,1
3,full_hardening,smash_and_grab,adversary,N10,0.15999999999999998,1
3,full_hardening,smash_and_grab,adversary,N11,0.33749999999999997,0
3,full_hardening,smash_and_grab,adversary,N12,0.925,0
3,full_hardening,smash_and_grab,adversary,N13,0.0,1
3,full_hardening,smash_and_grab,adversary,N14,0.0,0
3,full_hardening,smash_and_grab,adversary,N15,0.09999999999999999,1
3,full_hardening,smash_and_grab,adversary,N16,0.8142857142857143,1
3,full_hardening,smash_and_grab,adversary,N17,0.0,0
3,full_hardening,smash_and_grab,adversary,N18,0.65,1
3,full_hardening,smash_and_grab,adversary,N19,0.39999999999999997,0
3,full_hardening,smash_and_grab,adversary,N20,0.0,0
3,full_hardening,smash_and_grab,adversary,N21,0.0,1
3,full_hardening,smash_and_grab,adversary,N22,0.375,0
3,full_hardening,smash_and_grab,adversary,N23,0.39,0
3,baseline_open,authorized_red_team,benign_authorized_confound,N00,0.0,0
3,baseline_open,authorized_red_team,benign_authorized_confound,N01,0.03,1
3,baseline_open,authorized_red_team,benign_authorized_confound,N02,0.09999999999999999,1
3,baseline_open,authorized_red_team,benign_authorized_confound,N03,0.3,0
3,baseline_open,authorized_red_team,benign_authorized_confound,N04,0.35,1
3,baseline_open,authorized_red_team,benign_authorized_confound,N05,0.32999999999999996,0
3,baseline_open,authorized_red_team,benign_authorized_confound,N06,0.3,0
3,baseline_open,authorized_red_team,benign_authorized_confound,N07,0.325,0
3,baseline_open,authorized_red_team,benign_authorized_confound,N08,0.33749999999999997,0
3,baseline_open,authorized_red_team,benign_authorized_confound,N09,0.35,0
3,baseline_open,authorized_red_team,benign_authorized_confound,N10,0.0,1
3,baseline_open,authorized_red_team,benign_authorized_confound,N11,0.0,0
3,baseline_open,authorized_red_team,benign_authorized_confound,N12,0.0,0
3,baseline_open,authorized_red_team,benign_authorized_confound,N13,0.8500000000000001,1
3,baseline_open,authorized_red_team,benign_authorized_confound,N14,0.0,0
3,baseline_open,authorized_red_team,benign_authorized_confound,N15,0.09999999999999999,1
3,baseline_open,authorized_red_team,benign_authorized_confound,N16,0.0,0
3,baseline_open,authorized_red_team,benign_authorized_confound,N17,0.09999999999999999,0
3,baseline_open,authorized_red_team,benign_authorized_confound,N18,0.0,1
3,baseline_open,authorized_red_team,benign_authorized_confound,N19,0.8500000000000001,1
3,baseline_open,authorized_red_team,benign_authorized_confound,N20,0.3,0
3,baseline_open,authorized_red_team,benign_authorized_confound,N21,0.3,1
3,baseline_open,authorized_red_team,benign_authorized_confound,N22,0.33749999999999997,0
3,baseline_open,authorized_red_team,benign_authorized_confound,N23,0.19999999999999998,0
3,airgap_core,authorized_red_team,benign_authorized_confound,N00,0.65,1
3,airgap_core,authorized_red_team,benign_authorized_confound,N01,0.2375,1
3,airgap_core,authorized_red_team,benign_authorized_confound,N02,0.0,0
3,airgap_core,authorized_red_team,benign_authorized_confound,N03,0.33749999999999997,0
3,airgap_core,authorized_red_team,benign_authorized_confound,N04,0.0,0
3,airgap_core,authorized_red_team,benign_authorized_confound,N05,0.0,1
3,airgap_core,authorized_red_team,benign_authorized_confound,N06,0.24999999999999997,0
3,airgap_core,authorized_red_team,benign_authorized_confound,N07,0.0,0
3,airgap_core,authorized_red_team,benign_authorized_confound,N08,0.3,1
3,airgap_core,authorized_red_team,benign_authorized_confound,N09,0.09999999999999999,0
3,airgap_core,authorized_red_team,benign_authorized_confound,N10,0.19999999999999998,1
3,airgap_core,authorized_red_team,benign_authorized_confound,N11,0.3,0
3,airgap_core,authorized_red_team,benign_authorized_confound,N12,0.3,0
3,airgap_core,authorized_red_team,benign_authorized_confound,N13,0.0,1
3,airgap_core,authorized_red_team,benign_authorized_confound,N14,0.0,0
3,airgap_core,authorized_red_team,benign_authorized_confound,N15,0.0,1
3,airgap_core,authorized_red_team,benign_authorized_confound,N16,0.3,0
3,airgap_core,authorized_red_team,benign_authorized_confound,N17,0.0,1
3,airgap_core,authorized_red_team,benign_authorized_confound,N18,0.0,1
3,airgap_core,authorized_red_team,benign_authorized_confound,N19,0.09999999999999999,0
3,airgap_core,authorized_red_team,benign_authorized_confound,N20,0.0,1
3,airgap_core,authorized_red_team,benign_authorized_confound,N21,0.0,0
3,airgap_core,authorized_red_team,benign_authorized_confound,N22,0.19999999999999998,0
3,airgap_core,authorized_red_team,benign_authorized_confound,N23,0.3,0
3,cleanroom,authorized_red_team,benign_authorized_confound,N00,0.0,0
3,cleanroom,authorized_red_team,benign_authorized_confound,N01,0.03,1
3,cleanroom,authorized_red_team,benign_authorized_confound,N02,0.09999999999999999,1
3,cleanroom,authorized_red_team,benign_authorized_confound,N03,0.3,0
3,cleanroom,authorized_red_team,benign_authorized_confound,N04,0.35,1
3,cleanroom,authorized_red_team,benign_authorized_confound,N05,0.32999999999999996,0
3,cleanroom,authorized_red_team,benign_authorized_confound,N06,0.3,0
3,cleanroom,authorized_red_team,benign_authorized_confound,N07,0.325,0
3,cleanroom,authorized_red_team,benign_authorized_confound,N08,0.33749999999999997,0
3,cleanroom,authorized_red_team,benign_authorized_confound,N09,0.35,0
3,cleanroom,authorized_red_team,benign_authorized_confound,N10,0.0,1
3,cleanroom,authorized_red_team,benign_authorized_confound,N11,0.0,0
3,cleanroom,authorized_red_team,benign_authorized_confound,N12,0.0,0
3,cleanroom,authorized_red_team,benign_authorized_confound,N13,0.8500000000000001,1
3,cleanroom,authorized_red_team,benign_authorized_confound,N14,0.0,0
3,cleanroom,authorized_red_team,benign_authorized_confound,N15,0.09999999999999999,1
3,cleanroom,authorized_red_team,benign_authorized_confound,N16,0.0,0
3,cleanroom,authorized_red_team,benign_authorized_confound,N17,0.09999999999999999,0
3,cleanroom,authorized_red_team,benign_authorized_confound,N18,0.0,1
3,cleanroom,authorized_red_team,benign_authorized_confound,N19,0.8500000000000001,1
3,cleanroom,authorized_red_team,benign_authorized_confound,N20,0.3,0
3,cleanroom,authorized_red_team,benign_authorized_confound,N21,0.3,1
3,cleanroom,authorized_red_team,benign_authorized_confound,N22,0.33749999999999997,0
3,cleanroom,authorized_red_team,benign_authorized_confound,N23,0.19999999999999998,0
3,full_hardening,authorized_red_team,benign_authorized_confound,N00,0.75,1
3,full_hardening,authorized_red_team,benign_authorized_confound,N03,0.13749999999999998,1
3,full_hardening,authorized_red_team,benign_authorized_confound,N04,0.049999999999999996,0
3,full_hardening,authorized_red_team,benign_authorized_confound,N05,0.65,1
3,full_hardening,authorized_red_team,benign_authorized_confound,N07,0.0,0
3,full_hardening,authorized_red_team,benign_authorized_confound,N08,0.375,0
3,full_hardening,authorized_red_team,benign_authorized_confound,N09,0.3,1
3,full_hardening,authorized_red_team,benign_authorized_confound,N10,0.22999999999999998,0
3,full_hardening,authorized_red_team,benign_authorized_confound,N11,0.33749999999999997,0
3,full_hardening,authorized_red_team,benign_authorized_confound,N12,0.375,0
3,full_hardening,authorized_red_team,benign_authorized_confound,N13,0.0,0
3,full_hardening,authorized_red_team,benign_authorized_confound,N14,0.0,0
3,full_hardening,authorized_red_team,benign_authorized_confound,N15,0.049999999999999996,1
3,full_hardening,authorized_red_team,benign_authorized_confound,N16,0.34285714285714286,0
3,full_hardening,authorized_red_team,benign_authorized_confound,N17,0.0,1
3,full_hardening,authorized_red_team,benign_authorized_confound,N18,0.0,1
3,full_hardening,authorized_red_team,benign_authorized_confound,N19,0.19999999999999998,0
3,full_hardening,authorized_red_team,benign_authorized_confound,N20,0.65,1
3,full_hardening,authorized_red_team,benign_authorized_confound,N21,0.0,0
3,full_hardening,authorized_red_team,benign_authorized_confound,N22,0.3,1
3,full_hardening,authorized_red_team,benign_authorized_confound,N23,0.15999999999999998,0
4,baseline_open,opportunist_phisher,adversary,N00,0.049999999999999996,1
4,baseline_open,opportunist_phisher,adversary,N01,0.0,1
4,baseline_open,opportunist_phisher,adversary,N02,0.175,1
4,baseline_open,opportunist_phisher,adversary,N03,0.36,0
4,baseline_open,opportunist_phisher,adversary,N04,0.8500000000000001,1
4,baseline_open,opportunist_phisher,adversary,N05,0.44999999999999996,0
4,baseline_open,opportunist_phisher,adversary,N06,0.36,1
4,baseline_open,opportunist_phisher,adversary,N07,0.06,1
4,baseline_open,opportunist_phisher,adversary,N08,0.24999999999999997,1
4,baseline_open,opportunist_phisher,adversary,N09,0.8500000000000001,1
4,baseline_open,opportunist_phisher,adversary,N10,0.75,1
4,baseline_open,opportunist_phisher,adversary,N11,0.35,1
4,baseline_open,opportunist_phisher,adversary,N12,0.32999999999999996,1
4,baseline_open,opportunist_phisher,adversary,N13,0.0,1
4,baseline_open,opportunist_phisher,adversary,N14,0.09999999999999999,1
4,baseline_open,opportunist_phisher,adversary,N15,0.0,1
4,baseline_open,opportunist_phisher,adversary,N16,0.32999999999999996,1
4,baseline_open,opportunist_phisher,adversary,N17,0.8500000000000001,1
4,baseline_open,opportunist_phisher,adversary,N18,0.8500000000000001,1
4,baseline_open,opportunist_phisher,adversary,N19,0.09999999999999999,1
4,baseline_open,opportunist_phisher,adversary,N20,0.8500000000000001,1
4,baseline_open,opportunist_phisher,adversary,N21,0.375,1
4,baseline_open,opportunist_phisher,adversary,N22,0.13,1
4,baseline_open,opportunist_phisher,adversary,N23,0.375,1
4,airgap_core,opportunist_phisher,adversary,N00,0.4125,1
4,airgap_core,opportunist_phisher,adversary,N01,0.0,1
4,airgap_core,opportunist_phisher,adversary,N02,0.0,0
4,airgap_core,opportunist_phisher,adversary,N03,0.9100000000000001,1
4,airgap_core,opportunist_phisher,adversary,N04,0.0,0
4,airgap_core,opportunist_phisher,adversary,N05,0.375,0
4,airgap_core,opportunist_phisher,adversary,N06,0.9500000000000001,1
4,airgap_core,opportunist_phisher,adversary,N07,0.375,1
4,airgap_core,opportunist_phisher,adversary,N08,0.0,0
4,airgap_core,opportunist_phisher,adversary,N09,0.0,0
4,airgap_core,opportunist_phisher,adversary,N10,0.0,1
4,airgap_core,opportunist_phisher,adversary,N11,1.0,1
4,airgap_core,opportunist_phisher,adversary,N12,0.9000000000000001,1
4,airgap_core,opportunist_phisher,adversary,N13,0.925,1
4,airgap_core,opportunist_phisher,adversary,N14,0.0,0
4,airgap_core,opportunist_phisher,adversary,N15,0.15,1
4,airgap_core,opportunist_phisher,adversary,N16,0.8,1
4,airgap_core,opportunist_phisher,adversary,N17,0.0,0
4,airgap_core,opportunist_phisher,adversary,N18,0.925,1
4,airgap_core,opportunist_phisher,adversary,N19,0.15,1
4,airgap_core,opportunist_phisher,adversary,N20,0.725,1
4,airgap_core,opportunist_phisher,adversary,N21,0.35,1
4,airgap_core,opportunist_phisher,adversary,N22,0.19,1
4,airgap_core,opportunist_phisher,adversary,N23,0.0,0
4,cleanroom,opportunist_phisher,adversary,N00,0.049999999999999996,1
4,cleanroom,opportunist_phisher,adversary,N01,0.0,1
4,cleanroom,opportunist_phisher,adversary,N02,0.175,1
4,cleanroom,opportunist_phisher,adversary,N03,0.36,0
4,cleanroom,opportunist_phisher,adversary,N04,0.8500000000000001,1
4,cleanroom,opportunist_phisher,adversary,N05,0.44999999999999996,0
4,cleanroom,opportunist_phisher,adversary,N06,0.36,1
4,cleanroom,opportunist_phisher,adversary,N07,0.06,1
4,cleanroom,opportunist_phisher,adversary,N08,0.24999999999999997,1
4,cleanroom,opportunist_phisher,adversary,N09,0.8500000000000001,1
4,cleanroom,opportunist_phisher,adversary,N10,0.75,1
4,cleanroom,opportunist_phisher,adversary,N11,0.35,1
4,cleanroom,opportunist_phisher,adversary,N12,0.32999999999999996,1
4,cleanroom,opportunist_phisher,adversary,N13,0.0,1
4,cleanroom,opportunist_phisher,adversary,N14,0.09999999999999999,1
4,cleanroom,opportunist_phisher,adversary,N15,0.0,1
4,cleanroom,opportunist_phisher,adversary,N16,0.32999999999999996,1
4,cleanroom,opportunist_phisher,adversary,N17,0.8500000000000001,1
4,cleanroom,opportunist_phisher,adversary,N18,0.8500000000000001,1
4,cleanroom,opportunist_phisher,adversary,N19,0.09999999999999999,1
4,cleanroom,opportunist_phisher,adversary,N20,0.8500000000000001,1
4,cleanroom,opportunist_phisher,adversary,N21,0.375,1
4,cleanroom,opportunist_phisher,adversary,N22,0.13,1
4,cleanroom,opportunist_phisher,adversary,N23,0.375,1
4,full_hardening,opportunist_phisher,adversary,N00,0.4125,1
4,full_hardening,opportunist_phisher,adversary,N01,0.0,1
4,full_hardening,opportunist_phisher,adversary,N02,0.0,0
4,full_hardening,opportunist_phisher,adversary,N04,0.0,0
4,full_hardening,opportunist_phisher,adversary,N06,0.9500000000000001,1
4,full_hardening,opportunist_phisher,adversary,N07,0.375,1
4,full_hardening,opportunist_phisher,adversary,N08,0.0,0
4,full_hardening,opportunist_phisher,adversary,N09,0.0,0
4,full_hardening,opportunist_phisher,adversary,N10,0.0,1
4,full_hardening,opportunist_phisher,adversary,N12,0.9000000000000001,1
4,full_hardening,opportunist_phisher,adversary,N13,0.925,1
4,full_hardening,opportunist_phisher,adversary,N14,0.0,0
4,full_hardening,opportunist_phisher,adversary,N15,0.15,1
4,full_hardening,opportunist_phisher,adversary,N16,0.8,1
4,full_hardening,opportunist_phisher,adversary,N17,0.0,0
4,full_hardening,opportunist_phisher,adversary,N18,0.925,1
4,full_hardening,opportunist_phisher,adversary,N19,0.15,1
4,full_hardening,opportunist_phisher,adversary,N20,0.725,1
4,full_hardening,opportunist_phisher,adversary,N21,0.35,1
4,full_hardening,opportunist_phisher,adversary,N22,0.19,1
4,full_hardening,opportunist_phisher,adversary,N23,0.0,0
4,baseline_open,patient_recruiter,adversary,N00,0.0,1
4,baseline_open,patient_recruiter,adversary,N01,0.0,1
4,baseline_open,patient_recruiter,adversary,N02,0.09999999999999999,1
4,baseline_open,patient_recruiter,adversary,N03,0.8500000000000001,1
4,baseline_open,patient_recruiter,adversary,N04,0.0,1
4,baseline_open,patient_recruiter,adversary,N05,0.8500000000000001,1
4,baseline_open,patient_recruiter,adversary,N06,0.03,1
4,baseline_open,patient_recruiter,adversary,N07,0.03,0
4,baseline_open,patient_recruiter,adversary,N08,0.09999999999999999,1
4,baseline_open,patient_recruiter,adversary,N09,0.33749999999999997,0
4,baseline_open,patient_recruiter,adversary,N10,0.65,1
4,baseline_open,patient_recruiter,adversary,N11,0.0,1
4,baseline_open,patient_recruiter,adversary,N12,0.32999999999999996,1
4,baseline_open,patient_recruiter,adversary,N13,0.0,0
4,baseline_open,patient_recruiter,adversary,N14,0.09999999999999999,1
4,baseline_open,patient_recruiter,adversary,N15,0.0,0
4,baseline_open,patient_recruiter,adversary,N16,0.19999999999999998,1
4,baseline_open,patient_recruiter,adversary,N17,0.33749999999999997,1
4,baseline_open,patient_recruiter,adversary,N18,0.13749999999999998,1
4,baseline_open,patient_recruiter,adversary,N19,0.3,0
4,baseline_open,patient_recruiter,adversary,N20,0.13749999999999998,1
4,baseline_open,patient_recruiter,adversary,N21,0.27499999999999997,1
4,baseline_open,patient_recruiter,adversary,N22,0.09999999999999999,1
4,baseline_open,patient_recruiter,adversary,N23,0.09999999999999999,1
4,airgap_core,patient_recruiter,adversary,N00,0.33749999999999997,0
4,airgap_core,patient_recruiter,adversary,N01,0.0,0
4,airgap_core,patient_recruiter,adversary,N02,0.0,0
4,airgap_core,patient_recruiter,adversary,N03,0.22999999999999998,0
4,airgap_core,patient_recruiter,adversary,N04,0.0,0
4,airgap_core,patient_recruiter,adversary,N05,0.3,0
4,airgap_core,patient_recruiter,adversary,N06,0.35,0
4,airgap_core,patient_recruiter,adversary,N07,0.3,0
4,airgap_core,patient_recruiter,adversary,N08,0.0,0
4,airgap_core,patient_recruiter,adversary,N09,0.0,0
4,airgap_core,patient_recruiter,adversary,N10,0.0,0
4,airgap_core,patient_recruiter,adversary,N11,0.3,1
4,airgap_core,patient_recruiter,adversary,N12,0.75,1
4,airgap_core,patient_recruiter,adversary,N13,0.3,0
4,airgap_core,patient_recruiter,adversary,N14,0.0,0
4,airgap_core,patient_recruiter,adversary,N15,0.09999999999999999,1
4,airgap_core,patient_recruiter,adversary,N16,0.09999999999999999,1
4,airgap_core,patient_recruiter,adversary,N17,0.0,0
4,airgap_core,patient_recruiter,adversary,N18,0.65,1
4,airgap_core,patient_recruiter,adversary,N19,0.3,0
4,airgap_core,patient_recruiter,adversary,N20,0.13749999999999998,1
4,airgap_core,patient_recruiter,adversary,N21,0.3,1
4,airgap_core,patient_recruiter,adversary,N22,0.32999999999999996,0
4,airgap_core,patient_recruiter,adversary,N23,0.0,1
4,cleanroom,patient_recruiter,adversary,N00,0.0,1
4,cleanroom,patient_recruiter,adversary,N01,0.0,1
4,cleanroom,patient_recruiter,adversary,N02,0.09999999999999999,1
4,cleanroom,patient_recruiter,adversary,N03,0.8500000000000001,1
4,cleanroom,patient_recruiter,adversary,N04,0.0,1
4,cleanroom,patient_recruiter,adversary,N05,0.75,1
4,cleanroom,patient_recruiter,adversary,N06,0.06,1
4,cleanroom,patient_recruiter,adversary,N07,0.03,0
4,cleanroom,patient_recruiter,adversary,N08,0.09999999999999999,1
4,cleanroom,patient_recruiter,adversary,N09,0.33749999999999997,0
4,cleanroom,patient_recruiter,adversary,N10,0.65,1
4,cleanroom,patient_recruiter,adversary,N11,0.12499999999999999,1
4,cleanroom,patient_recruiter,adversary,N12,0.32999999999999996,1
4,cleanroom,patient_recruiter,adversary,N13,0.0,0
4,cleanroom,patient_recruiter,adversary,N14,0.09999999999999999,1
4,cleanroom,patient_recruiter,adversary,N15,0.0,0
4,cleanroom,patient_recruiter,adversary,N16,0.19999999999999998,1
4,cleanroom,patient_recruiter,adversary,N17,0.375,1
4,cleanroom,patient_recruiter,adversary,N18,0.0375,1
4,cleanroom,patient_recruiter,adversary,N19,0.3,0
4,cleanroom,patient_recruiter,adversary,N20,0.175,1
4,cleanroom,patient_recruiter,adversary,N21,0.27499999999999997,1
4,cleanroom,patient_recruiter,adversary,N22,0.09999999999999999,1
4,cleanroom,patient_recruiter,adversary,N23,0.8500000000000001,1
4,full_hardening,patient_recruiter,adversary,N00,0.33749999999999997,0
4,full_hardening,patient_recruiter,adversary,N01,0.0,0
4,full_hardening,patient_recruiter,adversary,N02,0.0,0
4,full_hardening,patient_recruiter,adversary,N04,0.0,0
4,full_hardening,patient_recruiter,adversary,N06,0.35,0
4,full_hardening,patient_recruiter,adversary,N07,0.3,0
4,full_hardening,patient_recruiter,adversary,N08,0.0,0
4,full_hardening,patient_recruiter,adversary,N09,0.0,0
4,full_hardening,patient_recruiter,adversary,N10,0.0,1
4,full_hardening,patient_recruiter,adversary,N12,0.35,0
4,full_hardening,patient_recruiter,adversary,N13,0.19999999999999998,1
4,full_hardening,patient_recruiter,adversary,N14,0.0,0
4,full_hardening,patient_recruiter,adversary,N15,0.049999999999999996,0
4,full_hardening,patient_recruiter,adversary,N16,0.09999999999999999,1
4,full_hardening,patient_recruiter,adversary,N17,0.0,0
4,full_hardening,patient_recruiter,adversary,N18,0.09999999999999999,0
4,full_hardening,patient_recruiter,adversary,N19,0.3,0
4,full_hardening,patient_recruiter,adversary,N20,0.2375,0
4,full_hardening,patient_recruiter,adversary,N21,0.19999999999999998,1
4,full_hardening,patient_recruiter,adversary,N22,0.32999999999999996,1
4,full_hardening,patient_recruiter,adversary,N23,0.0,0
4,baseline_open,insider_cultivator,adversary,N00,0.0,1
4,baseline_open,insider_cultivator,adversary,N01,0.049999999999999996,1
4,baseline_open,insider_cultivator,adversary,N02,0.3,0
4,baseline_open,insider_cultivator,adversary,N03,0.3,0
4,baseline_open,insider_cultivator,adversary,N04,0.3,1
4,baseline_open,insider_cultivator,adversary,N05,0.09999999999999999,0
4,baseline_open,insider_cultivator,adversary,N06,0.32999999999999996,0
4,baseline_open,insider_cultivator,adversary,N07,0.03,1
4,baseline_open,insider_cultivator,adversary,N08,0.775,1
4,baseline_open,insider_cultivator,adversary,N09,0.3,1
4,baseline_open,insider_cultivator,adversary,N10,0.0,1
4,baseline_open,insider_cultivator,adversary,N11,0.375,1
4,baseline_open,insider_cultivator,adversary,N12,0.09999999999999999,1
4,baseline_open,insider_cultivator,adversary,N13,0.0375,0
4,baseline_open,insider_cultivator,adversary,N14,0.33749999999999997,1
4,baseline_open,insider_cultivator,adversary,N15,0.049999999999999996,1
4,baseline_open,insider_cultivator,adversary,N16,0.22999999999999998,1
4,baseline_open,insider_cultivator,adversary,N17,0.175,1
4,baseline_open,insider_cultivator,adversary,N18,0.3,0
4,baseline_open,insider_cultivator,adversary,N19,0.6714285714285715,1
4,baseline_open,insider_cultivator,adversary,N20,0.375,1
4,baseline_open,insider_cultivator,adversary,N21,0.3,0
4,baseline_open,insider_cultivator,adversary,N22,0.22999999999999998,1
4,baseline_open,insider_cultivator,adversary,N23,0.8500000000000001,1
4,airgap_core,insider_cultivator,adversary,N00,0.13749999999999998,0
4,airgap_core,insider_cultivator,adversary,N01,0.0,1
4,airgap_core,insider_cultivator,adversary,N02,0.0,0
4,airgap_core,insider_cultivator,adversary,N03,0.65,1
4,airgap_core,insider_cultivator,adversary,N04,0.0,0
4,airgap_core,insider_cultivator,adversary,N05,0.375,0
4,airgap_core,insider_cultivator,adversary,N06,0.3,0
4,airgap_core,insider_cultivator,adversary,N07,0.19999999999999998,0
4,airgap_core,insider_cultivator,adversary,N08,0.0,0
4,airgap_core,insider_cultivator,adversary,N09,0.0,0
4,airgap_core,insider_cultivator,adversary,N10,0.15,1
4,airgap_core,insider_cultivator,adversary,N11,0.24999999999999997,0
4,airgap_core,insider_cultivator,adversary,N12,0.15,1
4,airgap_core,insider_cultivator,adversary,N13,0.375,0
4,airgap_core,insider_cultivator,adversary,N14,0.0,1
4,airgap_core,insider_cultivator,adversary,N15,0.049999999999999996,0
4,airgap_core,insider_cultivator,adversary,N16,0.3,0
4,airgap_core,insider_cultivator,adversary,N17,0.0,0
4,airgap_core,insider_cultivator,adversary,N18,0.3,0
4,airgap_core,insider_cultivator,adversary,N19,0.65,1
4,airgap_core,insider_cultivator,adversary,N20,0.3,0
4,airgap_core,insider_cultivator,adversary,N21,0.24999999999999997,0
4,airgap_core,insider_cultivator,adversary,N22,0.26,0
4,airgap_core,insider_cultivator,adversary,N23,0.65,1
4,cleanroom,insider_cultivator,adversary,N00,0.0,1
4,cleanroom,insider_cultivator,adversary,N01,0.049999999999999996,1
4,cleanroom,insider_cultivator,adversary,N02,0.3,0
4,cleanroom,insider_cultivator,adversary,N03,0.3,0
4,cleanroom,insider_cultivator,adversary,N04,0.3,1
4,cleanroom,insider_cultivator,adversary,N05,0.09999999999999999,0
4,cleanroom,insider_cultivator,adversary,N06,0.32999999999999996,0
4,cleanroom,insider_cultivator,adversary,N07,0.03,1
4,cleanroom,insider_cultivator,adversary,N08,0.775,1
4,cleanroom,insider_cultivator,adversary,N09,0.3,1
4,cleanroom,insider_cultivator,adversary,N10,0.0,1
4,cleanroom,insider_cultivator,adversary,N11,0.375,1
4,cleanroom,insider_cultivator,adversary,N12,0.09999999999999999,1
4,cleanroom,insider_cultivator,adversary,N13,0.0375,0
4,cleanroom,insider_cultivator,adversary,N14,0.33749999999999997,1
4,cleanroom,insider_cultivator,adversary,N15,0.049999999999999996,1
4,cleanroom,insider_cultivator,adversary,N16,0.22999999999999998,1
4,cleanroom,insider_cultivator,adversary,N17,0.175,1
4,cleanroom,insider_cultivator,adversary,N18,0.3,0
4,cleanroom,insider_cultivator,adversary,N19,0.6714285714285715,1
4,cleanroom,insider_cultivator,adversary,N20,0.375,1
4,cleanroom,insider_cultivator,adversary,N21,0.3,0
4,cleanroom,insider_cultivator,adversary,N22,0.22999999999999998,1
4,cleanroom,insider_cultivator,adversary,N23,0.8500000000000001,1
4,full_hardening,insider_cultivator,adversary,N00,0.0375,0
4,full_hardening,insider_cultivator,adversary,N01,0.0,1
4,full_hardening,insider_cultivator,adversary,N02,0.0,0
4,full_hardening,insider_cultivator,adversary,N04,0.0,0
4,full_hardening,insider_cultivator,adversary,N06,0.35,0
4,full_hardening,insider_cultivator,adversary,N07,0.3,0
4,full_hardening,insider_cultivator,adversary,N08,0.0,0
4,full_hardening,insider_cultivator,adversary,N09,0.0,1
4,full_hardening,insider_cultivator,adversary,N10,0.0,1
4,full_hardening,insider_cultivator,adversary,N12,0.15,1
4,full_hardening,insider_cultivator,adversary,N13,0.19999999999999998,0
4,full_hardening,insider_cultivator,adversary,N14,0.0,1
4,full_hardening,insider_cultivator,adversary,N15,0.049999999999999996,0
4,full_hardening,insider_cultivator,adversary,N16,0.3,0
4,full_hardening,insider_cultivator,adversary,N17,0.0,0
4,full_hardening,insider_cultivator,adversary,N18,0.3,0
4,full_hardening,insider_cultivator,adversary,N19,0.0,0
4,full_hardening,insider_cultivator,adversary,N20,0.375,0
4,full_hardening,insider_cultivator,adversary,N21,0.19999999999999998,1
4,full_hardening,insider_cultivator,adversary,N22,0.22999999999999998,0
4,full_hardening,insider_cultivator,adversary,N23,0.075,0
4,baseline_open,signals_specialist,adversary,N00,0.0,1
4,baseline_open,signals_specialist,adversary,N01,0.09999999999999999,0
4,baseline_open,signals_specialist,adversary,N02,0.3,0
4,baseline_open,signals_specialist,adversary,N03,0.19999999999999998,0
4,baseline_open,signals_specialist,adversary,N04,0.3,0
4,baseline_open,signals_specialist,adversary,N05,0.375,0
4,baseline_open,signals_specialist,adversary,N06,0.22999999999999998,0
4,baseline_open,signals_specialist,adversary,N07,0.03,0
4,baseline_open,signals_specialist,adversary,N08,0.24999999999999997,0
4,baseline_open,signals_specialist,adversary,N09,0.09999999999999999,0
4,baseline_open,signals_specialist,adversary,N10,0.75,1
4,baseline_open,signals_specialist,adversary,N11,0.8500000000000001,1
4,baseline_open,signals_specialist,adversary,N12,0.3,0
4,baseline_open,signals_specialist,adversary,N13,0.0,0
4,baseline_open,signals_specialist,adversary,N14,0.2375,0
4,baseline_open,signals_specialist,adversary,N15,0.0,0
4,baseline_open,signals_specialist,adversary,N16,0.19999999999999998,0
4,baseline_open,signals_specialist,adversary,N17,0.13749999999999998,0
4,baseline_open,signals_specialist,adversary,N18,0.33749999999999997,0
4,baseline_open,signals_specialist,adversary,N19,0.3214285714285714,0
4,baseline_open,signals_specialist,adversary,N20,0.65,1
4,baseline_open,signals_specialist,adversary,N21,0.3,0
4,baseline_open,signals_specialist,adversary,N22,0.09999999999999999,1
4,baseline_open,signals_specialist,adversary,N23,0.27499999999999997,0
4,airgap_core,signals_specialist,adversary,N00,0.8500000000000001,1
4,airgap_core,signals_specialist,adversary,N01,0.0,1
4,airgap_core,signals_specialist,adversary,N02,0.0,0
4,airgap_core,signals_specialist,adversary,N03,0.39,0
4,airgap_core,signals_specialist,adversary,N04,0.0,0
4,airgap_core,signals_specialist,adversary,N05,0.19999999999999998,0
4,airgap_core,signals_specialist,adversary,N06,0.35,0
4,airgap_core,signals_specialist,adversary,N07,0.3,0
4,airgap_core,signals_specialist,adversary,N08,0.0,0
4,airgap_core,signals_specialist,adversary,N09,0.0,0
4,airgap_core,signals_specialist,adversary,N10,0.65,1
4,airgap_core,signals_specialist,adversary,N11,0.8500000000000001,0
4,airgap_core,signals_specialist,adversary,N12,0.19999999999999998,1
4,airgap_core,signals_specialist,adversary,N13,0.8500000000000001,1
4,airgap_core,signals_specialist,adversary,N14,0.0,0
4,airgap_core,signals_specialist,adversary,N15,0.65,1
4,airgap_core,signals_specialist,adversary,N16,0.24999999999999997,0
4,airgap_core,signals_specialist,adversary,N17,0.0,0
4,airgap_core,signals_specialist,adversary,N18,0.33749999999999997,0
4,airgap_core,signals_specialist,adversary,N19,0.39999999999999997,0
4,airgap_core,signals_specialist,adversary,N20,0.175,1
4,airgap_core,signals_specialist,adversary,N21,0.35,0
4,airgap_core,signals_specialist,adversary,N22,0.09999999999999999,1
4,airgap_core,signals_specialist,adversary,N23,0.0,0
4,cleanroom,signals_specialist,adversary,N00,0.0,1
4,cleanroom,signals_specialist,adversary,N01,0.09999999999999999,0
4,cleanroom,signals_specialist,adversary,N02,0.3,0
4,cleanroom,signals_specialist,adversary,N03,0.19999999999999998,0
4,cleanroom,signals_specialist,adversary,N04,0.3,0
4,cleanroom,signals_specialist,adversary,N05,0.375,0
4,cleanroom,signals_specialist,adversary,N06,0.22999999999999998,0
4,cleanroom,signals_specialist,adversary,N07,0.03,0
4,cleanroom,signals_specialist,adversary,N08,0.24999999999999997,0
4,cleanroom,signals_specialist,adversary,N09,0.09999999999999999,0
4,cleanroom,signals_specialist,adversary,N10,0.75,1
4,cleanroom,signals_specialist,adversary,N11,0.8500000000000001,1
4,cleanroom,signals_specialist,adversary,N12,0.3,0
4,cleanroom,signals_specialist,adversary,N13,0.0,0
4,cleanroom,signals_specialist,adversary,N14,0.2375,0
4,cleanroom,signals_specialist,adversary,N15,0.0,0
4,cleanroom,signals_specialist,adversary,N16,0.19999999999999998,0
4,cleanroom,signals_specialist,adversary,N17,0.13749999999999998,0
4,cleanroom,signals_specialist,adversary,N18,0.33749999999999997,0
4,cleanroom,signals_specialist,adversary,N19,0.3214285714285714,0
4,cleanroom,signals_specialist,adversary,N20,0.65,1
4,cleanroom,signals_specialist,adversary,N21,0.3,0
4,cleanroom,signals_specialist,adversary,N22,0.09999999999999999,1
4,cleanroom,signals_specialist,adversary,N23,0.27499999999999997,0
4,full_hardening,signals_specialist,adversary,N00,0.3,0
4,full_hardening,signals_specialist,adversary,N01,0.0,0
4,full_hardening,signals_specialist,adversary,N02,0.0,0
4,full_hardening,signals_specialist,adversary,N04,0.0,0
4,full_hardening,signals_specialist,adversary,N06,0.35,0
4,full_hardening,signals_specialist,adversary,N07,0.3,0
4,full_hardening,signals_specialist,adversary,N08,0.0,0
4,full_hardening,signals_specialist,adversary,N09,0.0,0
4,full_hardening,signals_specialist,adversary,N10,0.15,0
4,full_hardening,signals_specialist,adversary,N12,0.3,1
4,full_hardening,signals_specialist,adversary,N13,0.375,0
4,full_hardening,signals_specialist,adversary,N14,0.0,0
4,full_hardening,signals_specialist,adversary,N15,0.0,1
4,full_hardening,signals_specialist,adversary,N16,0.19999999999999998,0
4,full_hardening,signals_specialist,adversary,N17,0.0,0
4,full_hardening,signals_specialist,adversary,N18,0.3,0
4,full_hardening,signals_specialist,adversary,N19,0.8500000000000001,0
4,full_hardening,signals_specialist,adversary,N20,0.33749999999999997,0
4,full_hardening,signals_specialist,adversary,N21,0.3,0
4,full_hardening,signals_specialist,adversary,N22,0.13,1
4,full_hardening,signals_specialist,adversary,N23,0.0,0
4,baseline_open,smash_and_grab,adversary,N00,0.049999999999999996,0
4,baseline_open,smash_and_grab,adversary,N01,0.9000000000000001,1
4,baseline_open,smash_and_grab,adversary,N02,0.375,1
4,baseline_open,smash_and_grab,adversary,N03,0.32999999999999996,0
4,baseline_open,smash_and_grab,adversary,N04,0.049999999999999996,1
4,baseline_open,smash_and_grab,adversary,N05,0.3,0
4,baseline_open,smash_and_grab,adversary,N06,0.32999999999999996,0
4,baseline_open,smash_and_grab,adversary,N07,0.06,0
4,baseline_open,smash_and_grab,adversary,N08,0.65,1
4,baseline_open,smash_and_grab,adversary,N09,0.8500000000000001,1
4,baseline_open,smash_and_grab,adversary,N10,0.75,1
4,baseline_open,smash_and_grab,adversary,N11,0.12499999999999999,1
4,baseline_open,smash_and_grab,adversary,N12,0.3,0
4,baseline_open,smash_and_grab,adversary,N13,0.0375,1
4,baseline_open,smash_and_grab,adversary,N14,0.33749999999999997,1
4,baseline_open,smash_and_grab,adversary,N15,0.049999999999999996,0
4,baseline_open,smash_and_grab,adversary,N16,0.32999999999999996,1
4,baseline_open,smash_and_grab,adversary,N17,0.33749999999999997,0
4,baseline_open,smash_and_grab,adversary,N18,0.19999999999999998,1
4,baseline_open,smash_and_grab,adversary,N19,0.36428571428571427,0
4,baseline_open,smash_and_grab,adversary,N20,0.2375,1
4,baseline_open,smash_and_grab,adversary,N21,0.3,1
4,baseline_open,smash_and_grab,adversary,N22,0.68,1
4,baseline_open,smash_and_grab,adversary,N23,0.3,0
4,airgap_core,smash_and_grab,adversary,N00,0.33749999999999997,0
4,airgap_core,smash_and_grab,adversary,N01,0.0,1
4,airgap_core,smash_and_grab,adversary,N02,0.65,1
4,airgap_core,smash_and_grab,adversary,N03,0.36,0
4,airgap_core,smash_and_grab,adversary,N04,0.0,1
4,airgap_core,smash_and_grab,adversary,N05,0.3,0
4,airgap_core,smash_and_grab,adversary,N06,0.39999999999999997,0
4,airgap_core,smash_and_grab,adversary,N07,0.375,0
4,airgap_core,smash_and_grab,adversary,N08,0.0,1
4,airgap_core,smash_and_grab,adversary,N09,0.0,0
4,airgap_core,smash_and_grab,adversary,N10,0.0,1
4,airgap_core,smash_and_grab,adversary,N11,0.75,1
4,airgap_core,smash_and_grab,adversary,N12,0.3,1
4,airgap_core,smash_and_grab,adversary,N13,0.8500000000000001,1
4,airgap_core,smash_and_grab,adversary,N14,0.0,0
4,airgap_core,smash_and_grab,adversary,N15,0.0,0
4,airgap_core,smash_and_grab,adversary,N16,0.39999999999999997,0
4,airgap_core,smash_and_grab,adversary,N17,0.0,0
4,airgap_core,smash_and_grab,adversary,N18,0.33749999999999997,1
4,airgap_core,smash_and_grab,adversary,N19,0.19999999999999998,1
4,airgap_core,smash_and_grab,adversary,N20,0.33749999999999997,1
4,airgap_core,smash_and_grab,adversary,N21,0.75,1
4,airgap_core,smash_and_grab,adversary,N22,0.65,1
4,airgap_core,smash_and_grab,adversary,N23,0.075,0
4,cleanroom,smash_and_grab,adversary,N00,0.049999999999999996,0
4,cleanroom,smash_and_grab,adversary,N01,0.9000000000000001,1
4,cleanroom,smash_and_grab,adversary,N02,0.375,1
4,cleanroom,smash_and_grab,adversary,N03,0.39,0
4,cleanroom,smash_and_grab,adversary,N04,0.049999999999999996,1
4,cleanroom,smash_and_grab,adversary,N05,0.3,0
4,cleanroom,smash_and_grab,adversary,N06,0.36,0
4,cleanroom,smash_and_grab,adversary,N07,0.06,0
4,cleanroom,smash_and_grab,adversary,N08,0.65,1
4,cleanroom,smash_and_grab,adversary,N09,0.8500000000000001,1
4,cleanroom,smash_and_grab,adversary,N10,0.75,1
4,cleanroom,smash_and_grab,adversary,N11,0.12499999999999999,1
4,cleanroom,smash_and_grab,adversary,N12,0.8500000000000001,1
4,cleanroom,smash_and_grab,adversary,N13,0.0375,0
4,cleanroom,smash_and_grab,adversary,N14,0.375,1
4,cleanroom,smash_and_grab,adversary,N15,0.09999999999999999,0
4,cleanroom,smash_and_grab,adversary,N16,0.32999999999999996,1
4,cleanroom,smash_and_grab,adversary,N17,0.0375,1
4,cleanroom,smash_and_grab,adversary,N18,0.375,0
4,cleanroom,smash_and_grab,adversary,N19,0.36428571428571427,0
4,cleanroom,smash_and_grab,adversary,N20,0.33749999999999997,1
4,cleanroom,smash_and_grab,adversary,N21,0.8500000000000001,1
4,cleanroom,smash_and_grab,adversary,N22,0.68,1
4,cleanroom,smash_and_grab,adversary,N23,0.3,0
4,full_hardening,smash_and_grab,adversary,N00,0.33749999999999997,0
4,full_hardening,smash_and_grab,adversary,N01,0.0,1
4,full_hardening,smash_and_grab,adversary,N02,0.65,1
4,full_hardening,smash_and_grab,adversary,N04,0.0,1
4,full_hardening,smash_and_grab,adversary,N06,0.39999999999999997,0
4,full_hardening,smash_and_grab,adversary,N07,0.375,0
4,full_hardening,smash_and_grab,adversary,N08,0.0,1
4,full_hardening,smash_and_grab,adversary,N09,0.0,0
4,full_hardening,smash_and_grab,adversary,N10,0.0,1
4,full_hardening,smash_and_grab,adversary,N12,0.3,1
4,full_hardening,smash_and_grab,adversary,N13,0.8500000000000001,1
4,full_hardening,smash_and_grab,adversary,N14,0.0,0
4,full_hardening,smash_and_grab,adversary,N15,0.0,0
4,full_hardening,smash_and_grab,adversary,N16,0.39999999999999997,0
4,full_hardening,smash_and_grab,adversary,N17,0.0,0
4,full_hardening,smash_and_grab,adversary,N18,0.33749999999999997,1
4,full_hardening,smash_and_grab,adversary,N19,0.19999999999999998,1
4,full_hardening,smash_and_grab,adversary,N20,0.33749999999999997,1
4,full_hardening,smash_and_grab,adversary,N21,0.75,1
4,full_hardening,smash_and_grab,adversary,N22,0.65,1
4,full_hardening,smash_and_grab,adversary,N23,0.075,0
4,baseline_open,authorized_red_team,benign_authorized_confound,N00,0.0,0
4,baseline_open,authorized_red_team,benign_authorized_confound,N01,0.3,0
4,baseline_open,authorized_red_team,benign_authorized_confound,N02,0.3,0
4,baseline_open,authorized_red_team,benign_authorized_confound,N03,0.0,0
4,baseline_open,authorized_red_team,benign_authorized_confound,N04,0.09999999999999999,0
4,baseline_open,authorized_red_team,benign_authorized_confound,N05,0.3,0
4,baseline_open,authorized_red_team,benign_authorized_confound,N06,0.0,0
4,baseline_open,authorized_red_team,benign_authorized_confound,N07,0.0,0
4,baseline_open,authorized_red_team,benign_authorized_confound,N08,0.09999999999999999,0
4,baseline_open,authorized_red_team,benign_authorized_confound,N09,0.3,0
4,baseline_open,authorized_red_team,benign_authorized_confound,N10,0.19999999999999998,0
4,baseline_open,authorized_red_team,benign_authorized_confound,N11,0.3,0
4,baseline_open,authorized_red_team,benign_authorized_confound,N12,0.19999999999999998,1
4,baseline_open,authorized_red_team,benign_authorized_confound,N13,0.0,0
4,baseline_open,authorized_red_team,benign_authorized_confound,N14,0.0,1
4,baseline_open,authorized_red_team,benign_authorized_confound,N15,0.0,0
4,baseline_open,authorized_red_team,benign_authorized_confound,N16,0.19999999999999998,1
4,baseline_open,authorized_red_team,benign_authorized_confound,N17,0.19999999999999998,0
4,baseline_open,authorized_red_team,benign_authorized_confound,N18,0.3,0
4,baseline_open,authorized_red_team,benign_authorized_confound,N19,0.09999999999999999,0
4,baseline_open,authorized_red_team,benign_authorized_confound,N20,0.3,0
4,baseline_open,authorized_red_team,benign_authorized_confound,N21,0.19999999999999998,0
4,baseline_open,authorized_red_team,benign_authorized_confound,N22,0.3,1
4,baseline_open,authorized_red_team,benign_authorized_confound,N23,0.3,0
4,airgap_core,authorized_red_team,benign_authorized_confound,N00,0.75,1
4,airgap_core,authorized_red_team,benign_authorized_confound,N01,0.0,0
4,airgap_core,authorized_red_team,benign_authorized_confound,N02,0.0,1
4,airgap_core,authorized_red_team,benign_authorized_confound,N03,0.13,1
4,airgap_core,authorized_red_team,benign_authorized_confound,N04,0.0,0
4,airgap_core,authorized_red_team,benign_authorized_confound,N05,0.19999999999999998,0
4,airgap_core,authorized_red_team,benign_authorized_confound,N06,0.09999999999999999,0
4,airgap_core,authorized_red_team,benign_authorized_confound,N07,0.19999999999999998,0
4,airgap_core,authorized_red_team,benign_authorized_confound,N08,0.0,1
4,airgap_core,authorized_red_team,benign_authorized_confound,N09,0.0,1
4,airgap_core,authorized_red_team,benign_authorized_confound,N10,0.0,0
4,airgap_core,authorized_red_team,benign_authorized_confound,N11,0.19999999999999998,1
4,airgap_core,authorized_red_team,benign_authorized_confound,N12,0.049999999999999996,1
4,airgap_core,authorized_red_team,benign_authorized_confound,N13,0.3,0
4,airgap_core,authorized_red_team,benign_authorized_confound,N14,0.0,1
4,airgap_core,authorized_red_team,benign_authorized_confound,N15,0.0,1
4,airgap_core,authorized_red_team,benign_authorized_confound,N16,0.09999999999999999,0
4,airgap_core,authorized_red_team,benign_authorized_confound,N17,0.0,0
4,airgap_core,authorized_red_team,benign_authorized_confound,N18,0.09999999999999999,0
4,airgap_core,authorized_red_team,benign_authorized_confound,N19,0.19999999999999998,1
4,airgap_core,authorized_red_team,benign_authorized_confound,N20,0.2375,1
4,airgap_core,authorized_red_team,benign_authorized_confound,N21,0.35,0
4,airgap_core,authorized_red_team,benign_authorized_confound,N22,0.3,0
4,airgap_core,authorized_red_team,benign_authorized_confound,N23,0.0,0
4,cleanroom,authorized_red_team,benign_authorized_confound,N00,0.0,0
4,cleanroom,authorized_red_team,benign_authorized_confound,N01,0.3,0
4,cleanroom,authorized_red_team,benign_authorized_confound,N02,0.3,0
4,cleanroom,authorized_red_team,benign_authorized_confound,N03,0.0,0
4,cleanroom,authorized_red_team,benign_authorized_confound,N04,0.09999999999999999,0
4,cleanroom,authorized_red_team,benign_authorized_confound,N05,0.3,0
4,cleanroom,authorized_red_team,benign_authorized_confound,N06,0.0,0
4,cleanroom,authorized_red_team,benign_authorized_confound,N07,0.0,0
4,cleanroom,authorized_red_team,benign_authorized_confound,N08,0.09999999999999999,0
4,cleanroom,authorized_red_team,benign_authorized_confound,N09,0.3,0
4,cleanroom,authorized_red_team,benign_authorized_confound,N10,0.19999999999999998,0
4,cleanroom,authorized_red_team,benign_authorized_confound,N11,0.3,0
4,cleanroom,authorized_red_team,benign_authorized_confound,N12,0.19999999999999998,1
4,cleanroom,authorized_red_team,benign_authorized_confound,N13,0.0,0
4,cleanroom,authorized_red_team,benign_authorized_confound,N14,0.0,1
4,cleanroom,authorized_red_team,benign_authorized_confound,N15,0.0,0
4,cleanroom,authorized_red_team,benign_authorized_confound,N16,0.19999999999999998,1
4,cleanroom,authorized_red_team,benign_authorized_confound,N17,0.19999999999999998,0
4,cleanroom,authorized_red_team,benign_authorized_confound,N18,0.3,0
4,cleanroom,authorized_red_team,benign_authorized_confound,N19,0.09999999999999999,0
4,cleanroom,authorized_red_team,benign_authorized_confound,N20,0.3,0
4,cleanroom,authorized_red_team,benign_authorized_confound,N21,0.19999999999999998,0
4,cleanroom,authorized_red_team,benign_authorized_confound,N22,0.3,1
4,cleanroom,authorized_red_team,benign_authorized_confound,N23,0.3,0
4,full_hardening,authorized_red_team,benign_authorized_confound,N00,0.7875,1
4,full_hardening,authorized_red_team,benign_authorized_confound,N01,0.0,0
4,full_hardening,authorized_red_team,benign_authorized_confound,N02,0.0,1
4,full_hardening,authorized_red_team,benign_authorized_confound,N04,0.0,0
4,full_hardening,authorized_red_team,benign_authorized_confound,N06,0.15,0
4,full_hardening,authorized_red_team,benign_authorized_confound,N07,0.19999999999999998,0
4,full_hardening,authorized_red_team,benign_authorized_confound,N08,0.0,1
4,full_hardening,authorized_red_team,benign_authorized_confound,N09,0.0,1
4,full_hardening,authorized_red_team,benign_authorized_confound,N10,0.0,0
4,full_hardening,authorized_red_team,benign_authorized_confound,N12,0.09999999999999999,1
4,full_hardening,authorized_red_team,benign_authorized_confound,N13,0.3,0
4,full_hardening,authorized_red_team,benign_authorized_confound,N14,0.0,1
4,full_hardening,authorized_red_team,benign_authorized_confound,N15,0.049999999999999996,1
4,full_hardening,authorized_red_team,benign_authorized_confound,N16,0.09999999999999999,0
4,full_hardening,authorized_red_team,benign_authorized_confound,N17,0.0,0
4,full_hardening,authorized_red_team,benign_authorized_confound,N18,0.09999999999999999,0
4,full_hardening,authorized_red_team,benign_authorized_confound,N19,0.19999999999999998,1
4,full_hardening,authorized_red_team,benign_authorized_confound,N20,0.27499999999999997,1
4,full_hardening,authorized_red_team,benign_authorized_confound,N21,0.35,0
4,full_hardening,authorized_red_team,benign_authorized_confound,N22,0.32999999999999996,0
4,full_hardening,authorized_red_team,benign_authorized_confound,N23,0.0,0
5,baseline_open,opportunist_phisher,adversary,N00,0.35,1
5,baseline_open,opportunist_phisher,adversary,N01,0.65,1
5,baseline_open,opportunist_phisher,adversary,N02,0.325,0
5,baseline_open,opportunist_phisher,adversary,N03,0.33749999999999997,1
5,baseline_open,opportunist_phisher,adversary,N04,0.0,1
5,baseline_open,opportunist_phisher,adversary,N05,0.12499999999999999,1
5,baseline_open,opportunist_phisher,adversary,N06,0.35624999999999996,0
5,baseline_open,opportunist_phisher,adversary,N07,0.03,0
5,baseline_open,opportunist_phisher,adversary,N08,0.049999999999999996,0
5,baseline_open,opportunist_phisher,adversary,N09,0.32999999999999996,1
5,baseline_open,opportunist_phisher,adversary,N10,0.8500000000000001,1
5,baseline_open,opportunist_phisher,adversary,N11,0.325,1
5,baseline_open,opportunist_phisher,adversary,N12,0.19999999999999998,1
5,baseline_open,opportunist_phisher,adversary,N13,0.0,0
5,baseline_open,opportunist_phisher,adversary,N14,0.65,1
5,baseline_open,opportunist_phisher,adversary,N15,0.049999999999999996,1
5,baseline_open,opportunist_phisher,adversary,N16,0.13749999999999998,1
5,baseline_open,opportunist_phisher,adversary,N17,0.15999999999999998,1
5,baseline_open,opportunist_phisher,adversary,N18,0.7875,1
5,baseline_open,opportunist_phisher,adversary,N19,0.39,1
5,baseline_open,opportunist_phisher,adversary,N20,0.3,1
5,baseline_open,opportunist_phisher,adversary,N21,0.8750000000000001,1
5,baseline_open,opportunist_phisher,adversary,N22,0.03,1
5,baseline_open,opportunist_phisher,adversary,N23,0.33749999999999997,1
5,airgap_core,opportunist_phisher,adversary,N00,0.3,1
5,airgap_core,opportunist_phisher,adversary,N01,0.29,1
5,airgap_core,opportunist_phisher,adversary,N02,0.0,0
5,airgap_core,opportunist_phisher,adversary,N03,0.7000000000000001,1
5,airgap_core,opportunist_phisher,adversary,N04,0.049999999999999996,1
5,airgap_core,opportunist_phisher,adversary,N05,0.09999999999999999,1
5,airgap_core,opportunist_phisher,adversary,N06,0.0,0
5,airgap_core,opportunist_phisher,adversary,N07,0.0,0
5,airgap_core,opportunist_phisher,adversary,N08,0.175,1
5,airgap_core,opportunist_phisher,adversary,N09,0.35,1
5,airgap_core,opportunist_phisher,adversary,N10,0.75,1
5,airgap_core,opportunist_phisher,adversary,N11,0.7875,1
5,airgap_core,opportunist_phisher,adversary,N12,0.39999999999999997,1
5,airgap_core,opportunist_phisher,adversary,N13,0.36,1
5,airgap_core,opportunist_phisher,adversary,N14,0.0,0
5,airgap_core,opportunist_phisher,adversary,N15,0.44999999999999996,1
5,airgap_core,opportunist_phisher,adversary,N16,0.8500000000000001,1
5,airgap_core,opportunist_phisher,adversary,N17,0.75,1
5,airgap_core,opportunist_phisher,adversary,N18,0.725,1
5,airgap_core,opportunist_phisher,adversary,N19,0.3,1
5,airgap_core,opportunist_phisher,adversary,N20,0.15,1
5,airgap_core,opportunist_phisher,adversary,N21,0.9000000000000001,1
5,airgap_core,opportunist_phisher,adversary,N22,0.0,0
5,airgap_core,opportunist_phisher,adversary,N23,0.0,0
5,cleanroom,opportunist_phisher,adversary,N00,0.9000000000000001,1
5,cleanroom,opportunist_phisher,adversary,N01,0.65,1
5,cleanroom,opportunist_phisher,adversary,N02,0.325,0
5,cleanroom,opportunist_phisher,adversary,N03,0.35624999999999996,1
5,cleanroom,opportunist_phisher,adversary,N04,0.0375,1
5,cleanroom,opportunist_phisher,adversary,N05,0.35,1
5,cleanroom,opportunist_phisher,adversary,N06,0.33749999999999997,0
5,cleanroom,opportunist_phisher,adversary,N07,0.03,0
5,cleanroom,opportunist_phisher,adversary,N08,0.024999999999999998,0
5,cleanroom,opportunist_phisher,adversary,N09,0.8500000000000001,1
5,cleanroom,opportunist_phisher,adversary,N10,0.19999999999999998,1
5,cleanroom,opportunist_phisher,adversary,N11,0.375,0
5,cleanroom,opportunist_phisher,adversary,N12,0.35,1
5,cleanroom,opportunist_phisher,adversary,N13,0.0,0
5,cleanroom,opportunist_phisher,adversary,N14,0.65,1
5,cleanroom,opportunist_phisher,adversary,N15,0.049999999999999996,1
5,cleanroom,opportunist_phisher,adversary,N16,0.13749999999999998,1
5,cleanroom,opportunist_phisher,adversary,N17,0.13,1
5,cleanroom,opportunist_phisher,adversary,N18,0.375,1
5,cleanroom,opportunist_phisher,adversary,N19,0.36,1
5,cleanroom,opportunist_phisher,adversary,N20,0.65,1
5,cleanroom,opportunist_phisher,adversary,N21,0.8750000000000001,1
5,cleanroom,opportunist_phisher,adversary,N22,0.03,1
5,cleanroom,opportunist_phisher,adversary,N23,0.33749999999999997,1
5,full_hardening,opportunist_phisher,adversary,N00,0.3,1
5,full_hardening,opportunist_phisher,adversary,N01,0.31999999999999995,1
5,full_hardening,opportunist_phisher,adversary,N02,0.0,0
5,full_hardening,opportunist_phisher,adversary,N03,0.75,1
5,full_hardening,opportunist_phisher,adversary,N04,0.09999999999999999,1
5,full_hardening,opportunist_phisher,adversary,N05,0.0,1
5,full_hardening,opportunist_phisher,adversary,N06,0.0,0
5,full_hardening,opportunist_phisher,adversary,N07,0.0,0
5,full_hardening,opportunist_phisher,adversary,N08,0.175,1
5,full_hardening,opportunist_phisher,adversary,N09,1.0,1
5,full_hardening,opportunist_phisher,adversary,N11,0.33749999999999997,0
5,full_hardening,opportunist_phisher,adversary,N14,0.0,0
5,full_hardening,opportunist_phisher,adversary,N15,0.39999999999999997,1
5,full_hardening,opportunist_phisher,adversary,N16,0.9000000000000001,1
5,full_hardening,opportunist_phisher,adversary,N17,0.65,1
5,full_hardening,opportunist_phisher,adversary,N18,0.075,1
5,full_hardening,opportunist_phisher,adversary,N19,0.8875000000000001,1
5,full_hardening,opportunist_phisher,adversary,N20,0.075,1
5,full_hardening,opportunist_phisher,adversary,N21,0.9500000000000001,1
5,full_hardening,opportunist_phisher,adversary,N22,0.0,0
5,full_hardening,opportunist_phisher,adversary,N23,0.0,0
5,baseline_open,patient_recruiter,adversary,N00,0.3,0
5,baseline_open,patient_recruiter,adversary,N01,0.33749999999999997,0
5,baseline_open,patient_recruiter,adversary,N02,0.09999999999999999,1
5,baseline_open,patient_recruiter,adversary,N03,0.31875,1
5,baseline_open,patient_recruiter,adversary,N04,0.7875,1
5,baseline_open,patient_recruiter,adversary,N05,0.3,0
5,baseline_open,patient_recruiter,adversary,N06,0.3,0
5,baseline_open,patient_recruiter,adversary,N07,0.03,0
5,baseline_open,patient_recruiter,adversary,N08,0.024999999999999998,1
5,baseline_open,patient_recruiter,adversary,N09,0.32999999999999996,0
5,baseline_open,patient_recruiter,adversary,N10,0.3,0
5,baseline_open,patient_recruiter,adversary,N11,0.0,1
5,baseline_open,patient_recruiter,adversary,N12,0.3,1
5,baseline_open,patient_recruiter,adversary,N13,0.0,0
5,baseline_open,patient_recruiter,adversary,N14,0.0,1
5,baseline_open,patient_recruiter,adversary,N15,0.09999999999999999,1
5,baseline_open,patient_recruiter,adversary,N16,0.375,0
5,baseline_open,patient_recruiter,adversary,N17,0.0,1
5,baseline_open,patient_recruiter,adversary,N18,0.3,0
5,baseline_open,patient_recruiter,adversary,N19,0.3,1
5,baseline_open,patient_recruiter,adversary,N20,0.3,0
5,baseline_open,patient_recruiter,adversary,N21,0.09999999999999999,1
5,baseline_open,patient_recruiter,adversary,N22,0.8800000000000001,1
5,baseline_open,patient_recruiter,adversary,N23,0.0,1
5,airgap_core,patient_recruiter,adversary,N00,0.3,1
5,airgap_core,patient_recruiter,adversary,N01,0.19999999999999998,1
5,airgap_core,patient_recruiter,adversary,N02,0.0,0
5,airgap_core,patient_recruiter,adversary,N03,0.0,1
5,airgap_core,patient_recruiter,adversary,N04,0.0,1
5,airgap_core,patient_recruiter,adversary,N05,0.0,1
5,airgap_core,patient_recruiter,adversary,N06,0.0,0
5,airgap_core,patient_recruiter,adversary,N07,0.0,0
5,airgap_core,patient_recruiter,adversary,N08,0.19999999999999998,1
5,airgap_core,patient_recruiter,adversary,N09,0.3,0
5,airgap_core,patient_recruiter,adversary,N10,0.09999999999999999,1
5,airgap_core,patient_recruiter,adversary,N11,0.3,0
5,airgap_core,patient_recruiter,adversary,N12,0.19999999999999998,1
5,airgap_core,patient_recruiter,adversary,N13,0.3,0
5,airgap_core,patient_recruiter,adversary,N14,0.0,0
5,airgap_core,patient_recruiter,adversary,N15,0.3,1
5,airgap_core,patient_recruiter,adversary,N16,0.3,0
5,airgap_core,patient_recruiter,adversary,N17,0.3,0
5,airgap_core,patient_recruiter,adversary,N18,0.0,0
5,airgap_core,patient_recruiter,adversary,N19,0.3,0
5,airgap_core,patient_recruiter,adversary,N20,0.0,0
5,airgap_core,patient_recruiter,adversary,N21,0.19999999999999998,1
5,airgap_core,patient_recruiter,adversary,N22,0.0,0
5,airgap_core,patient_recruiter,adversary,N23,0.0,0
5,cleanroom,patient_recruiter,adversary,N00,0.3,0
5,cleanroom,patient_recruiter,adversary,N01,0.33749999999999997,0
5,cleanroom,patient_recruiter,adversary,N02,0.09999999999999999,1
5,cleanroom,patient_recruiter,adversary,N03,0.31875,1
5,cleanroom,patient_recruiter,adversary,N04,0.7875,1
5,cleanroom,patient_recruiter,adversary,N05,0.3,0
5,cleanroom,patient_recruiter,adversary,N06,0.3,0
5,cleanroom,patient_recruiter,adversary,N07,0.03,0
5,cleanroom,patient_recruiter,adversary,N08,0.024999999999999998,1
5,cleanroom,patient_recruiter,adversary,N09,0.32999999999999996,0
5,cleanroom,patient_recruiter,adversary,N10,0.3,0
5,cleanroom,patient_recruiter,adversary,N11,0.0,1
5,cleanroom,patient_recruiter,adversary,N12,0.3,1
5,cleanroom,patient_recruiter,adversary,N13,0.0,0
5,cleanroom,patient_recruiter,adversary,N14,0.0,1
5,cleanroom,patient_recruiter,adversary,N15,0.09999999999999999,1
5,cleanroom,patient_recruiter,adversary,N16,0.375,0
5,cleanroom,patient_recruiter,adversary,N17,0.0,1
5,cleanroom,patient_recruiter,adversary,N18,0.3,0
5,cleanroom,patient_recruiter,adversary,N19,0.3,1
5,cleanroom,patient_recruiter,adversary,N20,0.3,0
5,cleanroom,patient_recruiter,adversary,N21,0.09999999999999999,1
5,cleanroom,patient_recruiter,adversary,N22,0.8800000000000001,1
5,cleanroom,patient_recruiter,adversary,N23,0.0,1
5,full_hardening,patient_recruiter,adversary,N00,0.3,0
5,full_hardening,patient_recruiter,adversary,N01,0.32999999999999996,1
5,full_hardening,patient_recruiter,adversary,N02,0.0,0
5,full_hardening,patient_recruiter,adversary,N03,0.35,0
5,full_hardening,patient_recruiter,adversary,N04,0.024999999999999998,1
5,full_hardening,patient_recruiter,adversary,N05,0.0,0
5,full_hardening,patient_recruiter,adversary,N06,0.0,0
5,full_hardening,patient_recruiter,adversary,N07,0.0,0
5,full_hardening,patient_recruiter,adversary,N08,0.19999999999999998,1
5,full_hardening,patient_recruiter,adversary,N09,0.19999999999999998,0
5,full_hardening,patient_recruiter,adversary,N11,0.19999999999999998,0
5,full_hardening,patient_recruiter,adversary,N14,0.0,0
5,full_hardening,patient_recruiter,adversary,N15,0.8500000000000001,1
5,full_hardening,patient_recruiter,adversary,N16,0.19999999999999998,0
5,full_hardening,patient_recruiter,adversary,N17,0.3,1
5,full_hardening,patient_recruiter,adversary,N18,0.0375,0
5,full_hardening,patient_recruiter,adversary,N19,0.3,0
5,full_hardening,patient_recruiter,adversary,N20,0.075,0
5,full_hardening,patient_recruiter,adversary,N21,0.12499999999999999,0
5,full_hardening,patient_recruiter,adversary,N22,0.0,0
5,full_hardening,patient_recruiter,adversary,N23,0.0,0
5,baseline_open,insider_cultivator,adversary,N00,0.0,1
5,baseline_open,insider_cultivator,adversary,N01,0.3,1
5,baseline_open,insider_cultivator,adversary,N02,0.3,0
5,baseline_open,insider_cultivator,adversary,N03,0.3,0
5,baseline_open,insider_cultivator,adversary,N04,0.3,1
5,baseline_open,insider_cultivator,adversary,N05,0.19999999999999998,1
5,baseline_open,insider_cultivator,adversary,N06,0.19999999999999998,0
5,baseline_open,insider_cultivator,adversary,N07,0.0,1
5,baseline_open,insider_cultivator,adversary,N08,0.0,1
5,baseline_open,insider_cultivator,adversary,N09,0.09999999999999999,1
5,baseline_open,insider_cultivator,adversary,N10,0.3,0
5,baseline_open,insider_cultivator,adversary,N11,0.09999999999999999,1
5,baseline_open,insider_cultivator,adversary,N12,0.3,0
5,baseline_open,insider_cultivator,adversary,N13,0.0,0
5,baseline_open,insider_cultivator,adversary,N14,0.0,1
5,baseline_open,insider_cultivator,adversary,N15,0.0,1
5,baseline_open,insider_cultivator,adversary,N16,0.19999999999999998,1
5,baseline_open,insider_cultivator,adversary,N17,0.09999999999999999,1
5,baseline_open,insider_cultivator,adversary,N18,0.3,0
5,baseline_open,insider_cultivator,adversary,N19,0.09999999999999999,1
5,baseline_open,insider_cultivator,adversary,N20,0.19999999999999998,1
5,baseline_open,insider_cultivator,adversary,N21,0.3,0
5,baseline_open,insider_cultivator,adversary,N22,0.3,1
5,baseline_open,insider_cultivator,adversary,N23,0.3,0
5,airgap_core,insider_cultivator,adversary,N00,0.0,1
5,airgap_core,insider_cultivator,adversary,N01,0.3,1
5,airgap_core,insider_cultivator,adversary,N02,0.0,0
5,airgap_core,insider_cultivator,adversary,N03,0.3,0
5,airgap_core,insider_cultivator,adversary,N04,0.0,1
5,airgap_core,insider_cultivator,adversary,N05,0.0,1
5,airgap_core,insider_cultivator,adversary,N06,0.0,0
5,airgap_core,insider_cultivator,adversary,N07,0.0,0
5,airgap_core,insider_cultivator,adversary,N08,0.3,1
5,airgap_core,insider_cultivator,adversary,N09,0.09999999999999999,1
5,airgap_core,insider_cultivator,adversary,N10,0.35,0
5,airgap_core,insider_cultivator,adversary,N11,0.33749999999999997,0
5,airgap_core,insider_cultivator,adversary,N12,0.0,1
5,airgap_core,insider_cultivator,adversary,N13,0.3,0
5,airgap_core,insider_cultivator,adversary,N14,0.0,1
5,airgap_core,insider_cultivator,adversary,N15,0.0,1
5,airgap_core,insider_cultivator,adversary,N16,0.09999999999999999,1
5,airgap_core,insider_cultivator,adversary,N17,0.19999999999999998,1
5,airgap_core,insider_cultivator,adversary,N18,0.0,1
5,airgap_core,insider_cultivator,adversary,N19,0.0,1
5,airgap_core,insider_cultivator,adversary,N20,0.65,1
5,airgap_core,insider_cultivator,adversary,N21,0.3,0
5,airgap_core,insider_cultivator,adversary,N22,0.0,0
5,airgap_core,insider_cultivator,adversary,N23,0.0,0
5,cleanroom,insider_cultivator,adversary,N00,0.0,1
5,cleanroom,insider_cultivator,adversary,N01,0.3,1
5,cleanroom,insider_cultivator,adversary,N02,0.3,0
5,cleanroom,insider_cultivator,adversary,N03,0.3,0
5,cleanroom,insider_cultivator,adversary,N04,0.3,1
5,cleanroom,insider_cultivator,adversary,N05,0.19999999999999998,1
5,cleanroom,insider_cultivator,adversary,N06,0.19999999999999998,0
5,cleanroom,insider_cultivator,adversary,N07,0.0,1
5,cleanroom,insider_cultivator,adversary,N08,0.0,1
5,cleanroom,insider_cultivator,adversary,N09,0.09999999999999999,1
5,cleanroom,insider_cultivator,adversary,N10,0.3,0
5,cleanroom,insider_cultivator,adversary,N11,0.09999999999999999,1
5,cleanroom,insider_cultivator,adversary,N12,0.3,0
5,cleanroom,insider_cultivator,adversary,N13,0.0,0
5,cleanroom,insider_cultivator,adversary,N14,0.0,1
5,cleanroom,insider_cultivator,adversary,N15,0.0,1
5,cleanroom,insider_cultivator,adversary,N16,0.19999999999999998,1
5,cleanroom,insider_cultivator,adversary,N17,0.09999999999999999,1
5,cleanroom,insider_cultivator,adversary,N18,0.3,0
5,cleanroom,insider_cultivator,adversary,N19,0.09999999999999999,1
5,cleanroom,insider_cultivator,adversary,N20,0.19999999999999998,1
5,cleanroom,insider_cultivator,adversary,N21,0.3,0
5,cleanroom,insider_cultivator,adversary,N22,0.3,1
5,cleanroom,insider_cultivator,adversary,N23,0.3,0
5,full_hardening,insider_cultivator,adversary,N00,0.0,1
5,full_hardening,insider_cultivator,adversary,N01,0.3,1
5,full_hardening,insider_cultivator,adversary,N02,0.0,0
5,full_hardening,insider_cultivator,adversary,N03,0.35,0
5,full_hardening,insider_cultivator,adversary,N04,0.0,1
5,full_hardening,insider_cultivator,adversary,N05,0.0,1
5,full_hardening,insider_cultivator,adversary,N06,0.0,0
5,full_hardening,insider_cultivator,adversary,N07,0.0,0
5,full_hardening,insider_cultivator,adversary,N08,0.3,1
5,full_hardening,insider_cultivator,adversary,N09,0.15,1
5,full_hardening,insider_cultivator,adversary,N11,0.33749999999999997,0
5,full_hardening,insider_cultivator,adversary,N14,0.0,1
5,full_hardening,insider_cultivator,adversary,N15,0.0,1
5,full_hardening,insider_cultivator,adversary,N16,0.09999999999999999,1
5,full_hardening,insider_cultivator,adversary,N17,0.19999999999999998,1
5,full_hardening,insider_cultivator,adversary,N18,0.0,1
5,full_hardening,insider_cultivator,adversary,N19,0.0,1
5,full_hardening,insider_cultivator,adversary,N20,0.65,1
5,full_hardening,insider_cultivator,adversary,N21,0.325,0
5,full_hardening,insider_cultivator,adversary,N22,0.0,0
5,full_hardening,insider_cultivator,adversary,N23,0.0,0
5,baseline_open,signals_specialist,adversary,N00,0.19999999999999998,1
5,baseline_open,signals_specialist,adversary,N01,0.3,0
5,baseline_open,signals_specialist,adversary,N02,0.325,0
5,baseline_open,signals_specialist,adversary,N03,0.0,0
5,baseline_open,signals_specialist,adversary,N04,0.19999999999999998,1
5,baseline_open,signals_specialist,adversary,N05,0.3,0
5,baseline_open,signals_specialist,adversary,N06,0.3,0
5,baseline_open,signals_specialist,adversary,N07,0.03,0
5,baseline_open,signals_specialist,adversary,N08,0.024999999999999998,0
5,baseline_open,signals_specialist,adversary,N09,0.22999999999999998,0
5,baseline_open,signals_specialist,adversary,N10,0.19999999999999998,0
5,baseline_open,signals_specialist,adversary,N11,0.8500000000000001,1
5,baseline_open,signals_specialist,adversary,N12,0.3,0
5,baseline_open,signals_specialist,adversary,N13,0.0,0
5,baseline_open,signals_specialist,adversary,N14,0.0,1
5,baseline_open,signals_specialist,adversary,N15,0.3,0
5,baseline_open,signals_specialist,adversary,N16,0.3,0
5,baseline_open,signals_specialist,adversary,N17,0.09999999999999999,0
5,baseline_open,signals_specialist,adversary,N18,0.19999999999999998,0
5,baseline_open,signals_specialist,adversary,N19,0.19999999999999998,0
5,baseline_open,signals_specialist,adversary,N20,0.375,0
5,baseline_open,signals_specialist,adversary,N21,0.024999999999999998,0
5,baseline_open,signals_specialist,adversary,N22,0.09999999999999999,0
5,baseline_open,signals_specialist,adversary,N23,0.3,0
5,airgap_core,signals_specialist,adversary,N00,0.3,1
5,airgap_core,signals_specialist,adversary,N01,0.15999999999999998,1
5,airgap_core,signals_specialist,adversary,N02,0.0,0
5,airgap_core,signals_specialist,adversary,N03,0.8500000000000001,0
5,airgap_core,signals_specialist,adversary,N04,0.024999999999999998,0
5,airgap_core,signals_specialist,adversary,N05,0.0,1
5,airgap_core,signals_specialist,adversary,N06,0.0,0
5,airgap_core,signals_specialist,adversary,N07,0.0,0
5,airgap_core,signals_specialist,adversary,N08,0.375,0
5,airgap_core,signals_specialist,adversary,N09,0.3,0
5,airgap_core,signals_specialist,adversary,N10,0.09999999999999999,0
5,airgap_core,signals_specialist,adversary,N11,0.33749999999999997,0
5,airgap_core,signals_specialist,adversary,N12,0.35,0
5,airgap_core,signals_specialist,adversary,N13,0.32999999999999996,0
5,airgap_core,signals_specialist,adversary,N14,0.0,0
5,airgap_core,signals_specialist,adversary,N15,0.35,0
5,airgap_core,signals_specialist,adversary,N16,0.3,0
5,airgap_core,signals_specialist,adversary,N17,0.75,1
5,airgap_core,signals_specialist,adversary,N18,0.0375,0
5,airgap_core,signals_specialist,adversary,N19,0.8500000000000001,0
5,airgap_core,signals_specialist,adversary,N20,0.0,0
5,airgap_core,signals_specialist,adversary,N21,0.325,0
5,airgap_core,signals_specialist,adversary,N22,0.0,0
5,airgap_core,signals_specialist,adversary,N23,0.0,0
5,cleanroom,signals_specialist,adversary,N00,0.19999999999999998,1
5,cleanroom,signals_specialist,adversary,N01,0.3,0
5,cleanroom,signals_specialist,adversary,N02,0.325,0
5,cleanroom,signals_specialist,adversary,N03,0.0,0
5,cleanroom,signals_specialist,adversary,N04,0.19999999999999998,1
5,cleanroom,signals_specialist,adversary,N05,0.3,0
5,cleanroom,signals_specialist,adversary,N06,0.3,0
5,cleanroom,signals_specialist,adversary,N07,0.03,0
5,cleanroom,signals_specialist,adversary,N08,0.024999999999999998,0
5,cleanroom,signals_specialist,adversary,N09,0.22999999999999998,0
5,cleanroom,signals_specialist,adversary,N10,0.19999999999999998,0
5,cleanroom,signals_specialist,adversary,N11,0.8500000000000001,1
5,cleanroom,signals_specialist,adversary,N12,0.3,0
5,cleanroom,signals_specialist,adversary,N13,0.0,0
5,cleanroom,signals_specialist,adversary,N14,0.0,1
5,cleanroom,signals_specialist,adversary,N15,0.3,0
5,cleanroom,signals_specialist,adversary,N16,0.3,0
5,cleanroom,signals_specialist,adversary,N17,0.09999999999999999,0
5,cleanroom,signals_specialist,adversary,N18,0.19999999999999998,0
5,cleanroom,signals_specialist,adversary,N19,0.19999999999999998,0
5,cleanroom,signals_specialist,adversary,N20,0.375,0
5,cleanroom,signals_specialist,adversary,N21,0.024999999999999998,0
5,cleanroom,signals_specialist,adversary,N22,0.09999999999999999,0
5,cleanroom,signals_specialist,adversary,N23,0.3,0
5,full_hardening,signals_specialist,adversary,N00,0.3,1
5,full_hardening,signals_specialist,adversary,N01,0.13,1
5,full_hardening,signals_specialist,adversary,N02,0.0,0
5,full_hardening,signals_specialist,adversary,N03,0.9000000000000001,0
5,full_hardening,signals_specialist,adversary,N04,0.024999999999999998,0
5,full_hardening,signals_specialist,adversary,N05,0.0,1
5,full_hardening,signals_specialist,adversary,N06,0.0,0
5,full_hardening,signals_specialist,adversary,N07,0.0,0
5,full_hardening,signals_specialist,adversary,N08,0.375,0
5,full_hardening,signals_specialist,adversary,N09,0.35,0
5,full_hardening,signals_specialist,adversary,N11,0.3,0
5,full_hardening,signals_specialist,adversary,N14,0.0,0
5,full_hardening,signals_specialist,adversary,N15,0.35,0
5,full_hardening,signals_specialist,adversary,N16,0.3,0
5,full_hardening,signals_specialist,adversary,N17,0.19999999999999998,0
5,full_hardening,signals_specialist,adversary,N18,0.0,0
5,full_hardening,signals_specialist,adversary,N19,0.8500000000000001,0
5,full_hardening,signals_specialist,adversary,N20,0.0,0
5,full_hardening,signals_specialist,adversary,N21,0.35,0
5,full_hardening,signals_specialist,adversary,N22,0.0,0
5,full_hardening,signals_specialist,adversary,N23,0.0,0
5,baseline_open,smash_and_grab,adversary,N00,0.3,1
5,baseline_open,smash_and_grab,adversary,N01,0.33749999999999997,1
5,baseline_open,smash_and_grab,adversary,N02,0.9000000000000001,1
5,baseline_open,smash_and_grab,adversary,N03,0.33749999999999997,1
5,baseline_open,smash_and_grab,adversary,N04,0.7875,1
5,baseline_open,smash_and_grab,adversary,N05,0.9000000000000001,1
5,baseline_open,smash_and_grab,adversary,N06,0.35624999999999996,0
5,baseline_open,smash_and_grab,adversary,N07,0.06,0
5,baseline_open,smash_and_grab,adversary,N08,0.7000000000000001,1
5,baseline_open,smash_and_grab,adversary,N09,0.32999999999999996,0
5,baseline_open,smash_and_grab,adversary,N10,0.175,1
5,baseline_open,smash_and_grab,adversary,N11,0.375,0
5,baseline_open,smash_and_grab,adversary,N12,0.8500000000000001,1
5,baseline_open,smash_and_grab,adversary,N13,0.15,0
5,baseline_open,smash_and_grab,adversary,N14,0.125,1
5,baseline_open,smash_and_grab,adversary,N15,0.15,1
5,baseline_open,smash_and_grab,adversary,N16,0.375,1
5,baseline_open,smash_and_grab,adversary,N17,0.39,1
5,baseline_open,smash_and_grab,adversary,N18,0.33749999999999997,1
5,baseline_open,smash_and_grab,adversary,N19,0.8500000000000001,1
5,baseline_open,smash_and_grab,adversary,N20,0.375,1
5,baseline_open,smash_and_grab,adversary,N21,0.8500000000000001,1
5,baseline_open,smash_and_grab,adversary,N22,0.22999999999999998,1
5,baseline_open,smash_and_grab,adversary,N23,0.8875000000000001,1
5,airgap_core,smash_and_grab,adversary,N00,0.19999999999999998,1
5,airgap_core,smash_and_grab,adversary,N01,0.29,1
5,airgap_core,smash_and_grab,adversary,N02,0.65,1
5,airgap_core,smash_and_grab,adversary,N03,0.24999999999999997,1
5,airgap_core,smash_and_grab,adversary,N04,0.7000000000000001,1
5,airgap_core,smash_and_grab,adversary,N05,0.75,1
5,airgap_core,smash_and_grab,adversary,N06,0.0,0
5,airgap_core,smash_and_grab,adversary,N07,0.65,1
5,airgap_core,smash_and_grab,adversary,N08,0.375,1
5,airgap_core,smash_and_grab,adversary,N09,0.35,0
5,airgap_core,smash_and_grab,adversary,N10,0.39999999999999997,0
5,airgap_core,smash_and_grab,adversary,N11,0.4125,0
5,airgap_core,smash_and_grab,adversary,N12,0.35,0
5,airgap_core,smash_and_grab,adversary,N13,0.39,0
5,airgap_core,smash_and_grab,adversary,N14,0.0,1
5,airgap_core,smash_and_grab,adversary,N15,0.39999999999999997,1
5,airgap_core,smash_and_grab,adversary,N16,0.35,0
5,airgap_core,smash_and_grab,adversary,N17,0.9000000000000001,1
5,airgap_core,smash_and_grab,adversary,N18,0.7625,1
5,airgap_core,smash_and_grab,adversary,N19,0.8875000000000001,1
5,airgap_core,smash_and_grab,adversary,N20,0.65,1
5,airgap_core,smash_and_grab,adversary,N21,0.8750000000000001,1
5,airgap_core,smash_and_grab,adversary,N22,0.65,1
5,airgap_core,smash_and_grab,adversary,N23,0.65,1
5,cleanroom,smash_and_grab,adversary,N00,0.24999999999999997,1
5,cleanroom,smash_and_grab,adversary,N01,0.33749999999999997,1
5,cleanroom,smash_and_grab,adversary,N02,0.9000000000000001,1
5,cleanroom,smash_and_grab,adversary,N03,0.31875,1
5,cleanroom,smash_and_grab,adversary,N04,0.75,1
5,cleanroom,smash_and_grab,adversary,N05,0.8750000000000001,1
5,cleanroom,smash_and_grab,adversary,N06,0.33749999999999997,0
5,cleanroom,smash_and_grab,adversary,N07,0.06,0
5,cleanroom,smash_and_grab,adversary,N08,0.049999999999999996,1
5,cleanroom,smash_and_grab,adversary,N09,0.32999999999999996,0
5,cleanroom,smash_and_grab,adversary,N10,0.13749999999999998,1
5,cleanroom,smash_and_grab,adversary,N11,0.325,0
5,cleanroom,smash_and_grab,adversary,N12,0.8500000000000001,1
5,cleanroom,smash_and_grab,adversary,N13,0.15,0
5,cleanroom,smash_and_grab,adversary,N14,0.09999999999999999,1
5,cleanroom,smash_and_grab,adversary,N15,0.09999999999999999,1
5,cleanroom,smash_and_grab,adversary,N16,0.375,1
5,cleanroom,smash_and_grab,adversary,N17,0.36,1
5,cleanroom,smash_and_grab,adversary,N18,0.3,1
5,cleanroom,smash_and_grab,adversary,N19,0.8500000000000001,1
5,cleanroom,smash_and_grab,adversary,N20,0.375,1
5,cleanroom,smash_and_grab,adversary,N21,0.3,1
5,cleanroom,smash_and_grab,adversary,N22,0.22999999999999998,1
5,cleanroom,smash_and_grab,adversary,N23,0.8875000000000001,1
5,full_hardening,smash_and_grab,adversary,N00,0.19999999999999998,1
5,full_hardening,smash_and_grab,adversary,N01,0.22999999999999998,1
5,full_hardening,smash_and_grab,adversary,N02,0.65,1
5,full_hardening,smash_and_grab,adversary,N03,0.9000000000000001,1
5,full_hardening,smash_and_grab,adversary,N04,0.049999999999999996,1
5,full_hardening,smash_and_grab,adversary,N05,0.65,1
5,full_hardening,smash_and_grab,adversary,N06,0.0,0
5,full_hardening,smash_and_grab,adversary,N07,0.0,0
5,full_hardening,smash_and_grab,adversary,N08,0.8500000000000001,1
5,full_hardening,smash_and_grab,adversary,N09,0.35,0
5,full_hardening,smash_and_grab,adversary,N11,0.375,0
5,full_hardening,smash_and_grab,adversary,N14,0.0,0
5,full_hardening,smash_and_grab,adversary,N15,0.39999999999999997,0
5,full_hardening,smash_and_grab,adversary,N16,0.3,0
5,full_hardening,smash_and_grab,adversary,N17,0.3,0
5,full_hardening,smash_and_grab,adversary,N18,0.075,1
5,full_hardening,smash_and_grab,adversary,N19,0.33749999999999997,0
5,full_hardening,smash_and_grab,adversary,N20,0.075,0
5,full_hardening,smash_and_grab,adversary,N21,0.8750000000000001,1
5,full_hardening,smash_and_grab,adversary,N22,0.0,0
5,full_hardening,smash_and_grab,adversary,N23,0.0,1
5,baseline_open,authorized_red_team,benign_authorized_confound,N00,0.3,1
5,baseline_open,authorized_red_team,benign_authorized_confound,N01,0.19999999999999998,1
5,baseline_open,authorized_red_team,benign_authorized_confound,N02,0.19999999999999998,0
5,baseline_open,authorized_red_team,benign_authorized_confound,N03,0.19999999999999998,0
5,baseline_open,authorized_red_team,benign_authorized_confound,N04,0.3,1
5,baseline_open,authorized_red_team,benign_authorized_confound,N05,0.19999999999999998,1
5,baseline_open,authorized_red_team,benign_authorized_confound,N06,0.3,0
5,baseline_open,authorized_red_team,benign_authorized_confound,N07,0.0,0
5,baseline_open,authorized_red_team,benign_authorized_confound,N08,0.0,1
5,baseline_open,authorized_red_team,benign_authorized_confound,N09,0.19999999999999998,0
5,baseline_open,authorized_red_team,benign_authorized_confound,N10,0.09999999999999999,0
5,baseline_open,authorized_red_team,benign_authorized_confound,N11,0.19999999999999998,0
5,baseline_open,authorized_red_team,benign_authorized_confound,N12,0.3,0
5,baseline_open,authorized_red_team,benign_authorized_confound,N13,0.0,0
5,baseline_open,authorized_red_team,benign_authorized_confound,N14,0.0,0
5,baseline_open,authorized_red_team,benign_authorized_confound,N15,0.3,0
5,baseline_open,authorized_red_team,benign_authorized_confound,N16,0.3,0
5,baseline_open,authorized_red_team,benign_authorized_confound,N17,0.3,0
5,baseline_open,authorized_red_team,benign_authorized_confound,N18,0.19999999999999998,0
5,baseline_open,authorized_red_team,benign_authorized_confound,N19,0.0,0
5,baseline_open,authorized_red_team,benign_authorized_confound,N20,0.3,0
5,baseline_open,authorized_red_team,benign_authorized_confound,N21,0.19999999999999998,0
5,baseline_open,authorized_red_team,benign_authorized_confound,N22,0.0,0
5,baseline_open,authorized_red_team,benign_authorized_confound,N23,0.09999999999999999,1
5,airgap_core,authorized_red_team,benign_authorized_confound,N00,0.3,1
5,airgap_core,authorized_red_team,benign_authorized_confound,N01,0.3,1
5,airgap_core,authorized_red_team,benign_authorized_confound,N02,0.0,0
5,airgap_core,authorized_red_team,benign_authorized_confound,N03,0.24999999999999997,0
5,airgap_core,authorized_red_team,benign_authorized_confound,N04,0.0,0
5,airgap_core,authorized_red_team,benign_authorized_confound,N05,0.0,1
5,airgap_core,authorized_red_team,benign_authorized_confound,N06,0.0,0
5,airgap_core,authorized_red_team,benign_authorized_confound,N07,0.0,0
5,airgap_core,authorized_red_team,benign_authorized_confound,N08,0.3,1
5,airgap_core,authorized_red_team,benign_authorized_confound,N09,0.09999999999999999,0
5,airgap_core,authorized_red_team,benign_authorized_confound,N10,0.19999999999999998,1
5,airgap_core,authorized_red_team,benign_authorized_confound,N11,0.09999999999999999,0
5,airgap_core,authorized_red_team,benign_authorized_confound,N12,0.09999999999999999,1
5,airgap_core,authorized_red_team,benign_authorized_confound,N13,0.09999999999999999,0
5,airgap_core,authorized_red_team,benign_authorized_confound,N14,0.0,0
5,airgap_core,authorized_red_team,benign_authorized_confound,N15,0.8500000000000001,1
5,airgap_core,authorized_red_team,benign_authorized_confound,N16,0.09999999999999999,1
5,airgap_core,authorized_red_team,benign_authorized_confound,N17,0.3,0
5,airgap_core,authorized_red_team,benign_authorized_confound,N18,0.0375,0
5,airgap_core,authorized_red_team,benign_authorized_confound,N19,0.09999999999999999,1
5,airgap_core,authorized_red_team,benign_authorized_confound,N20,0.0,1
5,airgap_core,authorized_red_team,benign_authorized_confound,N21,0.325,0
5,airgap_core,authorized_red_team,benign_authorized_confound,N22,0.0,1
5,airgap_core,authorized_red_team,benign_authorized_confound,N23,0.0,0
5,cleanroom,authorized_red_team,benign_authorized_confound,N00,0.3,1
5,cleanroom,authorized_red_team,benign_authorized_confound,N01,0.19999999999999998,1
5,cleanroom,authorized_red_team,benign_authorized_confound,N02,0.19999999999999998,0
5,cleanroom,authorized_red_team,benign_authorized_confound,N03,0.19999999999999998,0
5,cleanroom,authorized_red_team,benign_authorized_confound,N04,0.3,1
5,cleanroom,authorized_red_team,benign_authorized_confound,N05,0.19999999999999998,1
5,cleanroom,authorized_red_team,benign_authorized_confound,N06,0.3,0
5,cleanroom,authorized_red_team,benign_authorized_confound,N07,0.0,0
5,cleanroom,authorized_red_team,benign_authorized_confound,N08,0.0,1
5,cleanroom,authorized_red_team,benign_authorized_confound,N09,0.19999999999999998,0
5,cleanroom,authorized_red_team,benign_authorized_confound,N10,0.09999999999999999,0
5,cleanroom,authorized_red_team,benign_authorized_confound,N11,0.19999999999999998,0
5,cleanroom,authorized_red_team,benign_authorized_confound,N12,0.3,0
5,cleanroom,authorized_red_team,benign_authorized_confound,N13,0.0,0
5,cleanroom,authorized_red_team,benign_authorized_confound,N14,0.0,0
5,cleanroom,authorized_red_team,benign_authorized_confound,N15,0.3,0
5,cleanroom,authorized_red_team,benign_authorized_confound,N16,0.3,0
5,cleanroom,authorized_red_team,benign_authorized_confound,N17,0.3,0
5,cleanroom,authorized_red_team,benign_authorized_confound,N18,0.19999999999999998,0
5,cleanroom,authorized_red_team,benign_authorized_confound,N19,0.0,0
5,cleanroom,authorized_red_team,benign_authorized_confound,N20,0.3,0
5,cleanroom,authorized_red_team,benign_authorized_confound,N21,0.19999999999999998,0
5,cleanroom,authorized_red_team,benign_authorized_confound,N22,0.0,0
5,cleanroom,authorized_red_team,benign_authorized_confound,N23,0.09999999999999999,1
5,full_hardening,authorized_red_team,benign_authorized_confound,N00,0.3,0
5,full_hardening,authorized_red_team,benign_authorized_confound,N01,0.26,1
5,full_hardening,authorized_red_team,benign_authorized_confound,N02,0.0,0
5,full_hardening,authorized_red_team,benign_authorized_confound,N03,0.24999999999999997,0
5,full_hardening,authorized_red_team,benign_authorized_confound,N04,0.7000000000000001,1
5,full_hardening,authorized_red_team,benign_authorized_confound,N05,0.049999999999999996,1
5,full_hardening,authorized_red_team,benign_authorized_confound,N06,0.0,0
5,full_hardening,authorized_red_team,benign_authorized_confound,N07,0.0,0
5,full_hardening,authorized_red_team,benign_authorized_confound,N08,0.3,0
5,full_hardening,authorized_red_team,benign_authorized_confound,N09,0.39999999999999997,0
5,full_hardening,authorized_red_team,benign_authorized_confound,N11,0.19999999999999998,0
5,full_hardening,authorized_red_team,benign_authorized_confound,N14,0.0,0
5,full_hardening,authorized_red_team,benign_authorized_confound,N15,0.19999999999999998,1
5,full_hardening,authorized_red_team,benign_authorized_confound,N16,0.19999999999999998,1
5,full_hardening,authorized_red_team,benign_authorized_confound,N17,0.19999999999999998,0
5,full_hardening,authorized_red_team,benign_authorized_confound,N18,0.0,1
5,full_hardening,authorized_red_team,benign_authorized_confound,N19,0.27499999999999997,1
5,full_hardening,authorized_red_team,benign_authorized_confound,N20,0.075,1
5,full_hardening,authorized_red_team,benign_authorized_confound,N21,0.35,0
5,full_hardening,authorized_red_team,benign_authorized_confound,N22,0.0,1
5,full_hardening,authorized_red_team,benign_authorized_confound,N23,0.65,1
6,baseline_open,opportunist_phisher,adversary,N00,0.33749999999999997,0
6,baseline_open,opportunist_phisher,adversary,N01,0.375,1
6,baseline_open,opportunist_phisher,adversary,N02,0.925,1
6,baseline_open,opportunist_phisher,adversary,N03,0.075,1
6,baseline_open,opportunist_phisher,adversary,N04,0.8800000000000001,1
6,baseline_open,opportunist_phisher,adversary,N05,0.725,1
6,baseline_open,opportunist_phisher,adversary,N06,0.65,1
6,baseline_open,opportunist_phisher,adversary,N07,0.09999999999999999,1
6,baseline_open,opportunist_phisher,adversary,N08,0.725,1
6,baseline_open,opportunist_phisher,adversary,N09,0.3,0
6,baseline_open,opportunist_phisher,adversary,N10,0.8142857142857143,1
6,baseline_open,opportunist_phisher,adversary,N11,0.675,1
6,baseline_open,opportunist_phisher,adversary,N12,0.049999999999999996,1
6,baseline_open,opportunist_phisher,adversary,N13,0.09999999999999999,1
6,baseline_open,opportunist_phisher,adversary,N14,0.09999999999999999,1
6,baseline_open,opportunist_phisher,adversary,N15,0.375,1
6,baseline_open,opportunist_phisher,adversary,N16,0.3857142857142857,1
6,baseline_open,opportunist_phisher,adversary,N17,0.39,0
6,baseline_open,opportunist_phisher,adversary,N18,0.3,0
6,baseline_open,opportunist_phisher,adversary,N19,0.6928571428571428,1
6,baseline_open,opportunist_phisher,adversary,N20,0.24999999999999997,1
6,baseline_open,opportunist_phisher,adversary,N21,0.3,0
6,baseline_open,opportunist_phisher,adversary,N22,0.09999999999999999,1
6,baseline_open,opportunist_phisher,adversary,N23,0.13749999999999998,1
6,airgap_core,opportunist_phisher,adversary,N00,0.925,1
6,airgap_core,opportunist_phisher,adversary,N01,0.6928571428571428,1
6,airgap_core,opportunist_phisher,adversary,N02,0.4125,0
6,airgap_core,opportunist_phisher,adversary,N03,0.125,1
6,airgap_core,opportunist_phisher,adversary,N04,0.375,1
6,airgap_core,opportunist_phisher,adversary,N05,0.9000000000000001,1
6,airgap_core,opportunist_phisher,adversary,N06,0.85,1
6,airgap_core,opportunist_phisher,adversary,N07,0.0,0
6,airgap_core,opportunist_phisher,adversary,N08,0.375,1
6,airgap_core,opportunist_phisher,adversary,N09,0.0,0
6,airgap_core,opportunist_phisher,adversary,N10,0.8142857142857143,1
6,airgap_core,opportunist_phisher,adversary,N11,0.8875000000000001,1
6,airgap_core,opportunist_phisher,adversary,N12,0.0,0
6,airgap_core,opportunist_phisher,adversary,N13,0.9400000000000001,1
6,airgap_core,opportunist_phisher,adversary,N14,0.0,0
6,airgap_core,opportunist_phisher,adversary,N15,0.39999999999999997,1
6,airgap_core,opportunist_phisher,adversary,N16,0.049999999999999996,1
6,airgap_core,opportunist_phisher,adversary,N17,0.4125,0
6,airgap_core,opportunist_phisher,adversary,N18,0.8500000000000001,1
6,airgap_core,opportunist_phisher,adversary,N19,0.375,1
6,airgap_core,opportunist_phisher,adversary,N20,0.0,0
6,airgap_core,opportunist_phisher,adversary,N21,0.8500000000000001,1
6,airgap_core,opportunist_phisher,adversary,N22,0.09999999999999999,1
6,airgap_core,opportunist_phisher,adversary,N23,0.0,0
6,cleanroom,opportunist_phisher,adversary,N00,0.33749999999999997,0
6,cleanroom,opportunist_phisher,adversary,N01,0.375,1
6,cleanroom,opportunist_phisher,adversary,N02,0.925,1
6,cleanroom,opportunist_phisher,adversary,N03,0.075,1
6,cleanroom,opportunist_phisher,adversary,N04,0.8800000000000001,1
6,cleanroom,opportunist_phisher,adversary,N05,0.725,1
6,cleanroom,opportunist_phisher,adversary,N06,0.65,1
6,cleanroom,opportunist_phisher,adversary,N07,0.09999999999999999,1
6,cleanroom,opportunist_phisher,adversary,N08,0.725,1
6,cleanroom,opportunist_phisher,adversary,N09,0.3,0
6,cleanroom,opportunist_phisher,adversary,N10,0.8142857142857143,1
6,cleanroom,opportunist_phisher,adversary,N11,0.675,1
6,cleanroom,opportunist_phisher,adversary,N12,0.049999999999999996,1
6,cleanroom,opportunist_phisher,adversary,N13,0.09999999999999999,1
6,cleanroom,opportunist_phisher,adversary,N14,0.09999999999999999,1
6,cleanroom,opportunist_phisher,adversary,N15,0.375,1
6,cleanroom,opportunist_phisher,adversary,N16,0.3857142857142857,1
6,cleanroom,opportunist_phisher,adversary,N17,0.39,0
6,cleanroom,opportunist_phisher,adversary,N18,0.3,0
6,cleanroom,opportunist_phisher,adversary,N19,0.6928571428571428,1
6,cleanroom,opportunist_phisher,adversary,N20,0.24999999999999997,1
6,cleanroom,opportunist_phisher,adversary,N21,0.3,0
6,cleanroom,opportunist_phisher,adversary,N22,0.09999999999999999,1
6,cleanroom,opportunist_phisher,adversary,N23,0.13749999999999998,1
6,full_hardening,opportunist_phisher,adversary,N00,0.925,1
6,full_hardening,opportunist_phisher,adversary,N01,0.7571428571428571,1
6,full_hardening,opportunist_phisher,adversary,N02,1.0,1
6,full_hardening,opportunist_phisher,adversary,N03,0.125,1
6,full_hardening,opportunist_phisher,adversary,N04,0.375,1
6,full_hardening,opportunist_phisher,adversary,N07,0.0,0
6,full_hardening,opportunist_phisher,adversary,N09,0.0,0
6,full_hardening,opportunist_phisher,adversary,N10,0.8357142857142857,1
6,full_hardening,opportunist_phisher,adversary,N11,0.925,1
6,full_hardening,opportunist_phisher,adversary,N12,0.0,0
6,full_hardening,opportunist_phisher,adversary,N13,0.9400000000000001,1
6,full_hardening,opportunist_phisher,adversary,N14,0.0,0
6,full_hardening,opportunist_phisher,adversary,N15,0.39999999999999997,1
6,full_hardening,opportunist_phisher,adversary,N16,0.049999999999999996,1
6,full_hardening,opportunist_phisher,adversary,N17,0.4125,0
6,full_hardening,opportunist_phisher,adversary,N18,0.8500000000000001,1
6,full_hardening,opportunist_phisher,adversary,N19,0.21249999999999997,1
6,full_hardening,opportunist_phisher,adversary,N20,0.0,0
6,full_hardening,opportunist_phisher,adversary,N21,0.8500000000000001,1
6,full_hardening,opportunist_phisher,adversary,N22,0.9500000000000001,1
6,full_hardening,opportunist_phisher,adversary,N23,0.0,0
6,baseline_open,patient_recruiter,adversary,N00,0.11875,0
6,baseline_open,patient_recruiter,adversary,N01,0.19999999999999998,0
6,baseline_open,patient_recruiter,adversary,N02,0.19999999999999998,1
6,baseline_open,patient_recruiter,adversary,N03,0.09999999999999999,0
6,baseline_open,patient_recruiter,adversary,N04,0.0,1
6,baseline_open,patient_recruiter,adversary,N05,0.8500000000000001,1
6,baseline_open,patient_recruiter,adversary,N06,0.3,0
6,baseline_open,patient_recruiter,adversary,N07,0.3,1
6,baseline_open,patient_recruiter,adversary,N08,0.09999999999999999,1
6,baseline_open,patient_recruiter,adversary,N09,0.3,0
6,baseline_open,patient_recruiter,adversary,N10,0.22142857142857142,1
6,baseline_open,patient_recruiter,adversary,N11,0.22499999999999998,1
6,baseline_open,patient_recruiter,adversary,N12,0.0,1
6,baseline_open,patient_recruiter,adversary,N13,0.0,0
6,baseline_open,patient_recruiter,adversary,N14,0.0,0
6,baseline_open,patient_recruiter,adversary,N15,0.33749999999999997,0
6,baseline_open,patient_recruiter,adversary,N16,0.19999999999999998,1
6,baseline_open,patient_recruiter,adversary,N17,0.36,0
6,baseline_open,patient_recruiter,adversary,N18,0.3,0
6,baseline_open,patient_recruiter,adversary,N19,0.021428571428571425,1
6,baseline_open,patient_recruiter,adversary,N20,0.325,0
6,baseline_open,patient_recruiter,adversary,N21,0.3,0
6,baseline_open,patient_recruiter,adversary,N22,0.0,1
6,baseline_open,patient_recruiter,adversary,N23,0.65,1
6,airgap_core,patient_recruiter,adversary,N00,0.33749999999999997,0
6,airgap_core,patient_recruiter,adversary,N01,0.06428571428571428,1
6,airgap_core,patient_recruiter,adversary,N02,0.725,1
6,airgap_core,patient_recruiter,adversary,N03,0.325,1
6,airgap_core,patient_recruiter,adversary,N04,0.175,1
6,airgap_core,patient_recruiter,adversary,N05,0.85,1
6,airgap_core,patient_recruiter,adversary,N06,0.35,0
6,airgap_core,patient_recruiter,adversary,N07,0.0,0
6,airgap_core,patient_recruiter,adversary,N08,0.175,1
6,airgap_core,patient_recruiter,adversary,N09,0.0,0
6,airgap_core,patient_recruiter,adversary,N10,0.6928571428571428,1
6,airgap_core,patient_recruiter,adversary,N11,0.725,1
6,airgap_core,patient_recruiter,adversary,N12,0.0,0
6,airgap_core,patient_recruiter,adversary,N13,0.15999999999999998,1
6,airgap_core,patient_recruiter,adversary,N14,0.0,0
6,airgap_core,patient_recruiter,adversary,N15,0.65,1
6,airgap_core,patient_recruiter,adversary,N16,0.049999999999999996,1
6,airgap_core,patient_recruiter,adversary,N17,0.375,0
6,airgap_core,patient_recruiter,adversary,N18,0.3,0
6,airgap_core,patient_recruiter,adversary,N19,0.925,1
6,airgap_core,patient_recruiter,adversary,N20,0.0,0
6,airgap_core,patient_recruiter,adversary,N21,0.375,0
6,airgap_core,patient_recruiter,adversary,N22,0.9500000000000001,1
6,airgap_core,patient_recruiter,adversary,N23,0.0,0
6,cleanroom,patient_recruiter,adversary,N00,0.11875,0
6,cleanroom,patient_recruiter,adversary,N01,0.19999999999999998,0
6,cleanroom,patient_recruiter,adversary,N02,0.19999999999999998,1
6,cleanroom,patient_recruiter,adversary,N03,0.09999999999999999,0
6,cleanroom,patient_recruiter,adversary,N04,0.0,1
6,cleanroom,patient_recruiter,adversary,N05,0.8500000000000001,1
6,cleanroom,patient_recruiter,adversary,N06,0.3,0
6,cleanroom,patient_recruiter,adversary,N07,0.3,1
6,cleanroom,patient_recruiter,adversary,N08,0.09999999999999999,1
6,cleanroom,patient_recruiter,adversary,N09,0.3,0
6,cleanroom,patient_recruiter,adversary,N10,0.22142857142857142,1
6,cleanroom,patient_recruiter,adversary,N11,0.22499999999999998,1
6,cleanroom,patient_recruiter,adversary,N12,0.0,1
6,cleanroom,patient_recruiter,adversary,N13,0.0,0
6,cleanroom,patient_recruiter,adversary,N14,0.0,0
6,cleanroom,patient_recruiter,adversary,N15,0.33749999999999997,0
6,cleanroom,patient_recruiter,adversary,N16,0.19999999999999998,1
6,cleanroom,patient_recruiter,adversary,N17,0.36,0
6,cleanroom,patient_recruiter,adversary,N18,0.3,0
6,cleanroom,patient_recruiter,adversary,N19,0.021428571428571425,1
6,cleanroom,patient_recruiter,adversary,N20,0.325,0
6,cleanroom,patient_recruiter,adversary,N21,0.3,0
6,cleanroom,patient_recruiter,adversary,N22,0.0,1
6,cleanroom,patient_recruiter,adversary,N23,0.65,1
6,full_hardening,patient_recruiter,adversary,N00,0.3,0
6,full_hardening,patient_recruiter,adversary,N01,0.04285714285714285,1
6,full_hardening,patient_recruiter,adversary,N02,0.725,1
6,full_hardening,patient_recruiter,adversary,N03,0.3,0
6,full_hardening,patient_recruiter,adversary,N04,0.09999999999999999,1
6,full_hardening,patient_recruiter,adversary,N07,0.0,0
6,full_hardening,patient_recruiter,adversary,N09,0.0,0
6,full_hardening,patient_recruiter,adversary,N10,0.19999999999999998,1
6,full_hardening,patient_recruiter,adversary,N11,0.375,1
6,full_hardening,patient_recruiter,adversary,N12,0.0,0
6,full_hardening,patient_recruiter,adversary,N13,0.09999999999999999,1
6,full_hardening,patient_recruiter,adversary,N14,0.0,0
6,full_hardening,patient_recruiter,adversary,N15,0.19999999999999998,1
6,full_hardening,patient_recruiter,adversary,N16,0.0,1
6,full_hardening,patient_recruiter,adversary,N17,0.33749999999999997,0
6,full_hardening,patient_recruiter,adversary,N18,0.3,0
6,full_hardening,patient_recruiter,adversary,N19,0.3,0
6,full_hardening,patient_recruiter,adversary,N20,0.0,0
6,full_hardening,patient_recruiter,adversary,N21,0.3,0
6,full_hardening,patient_recruiter,adversary,N22,0.3,0
6,full_hardening,patient_recruiter,adversary,N23,0.0,0
6,baseline_open,insider_cultivator,adversary,N00,0.3,0
6,baseline_open,insider_cultivator,adversary,N01,0.09999999999999999,0
6,baseline_open,insider_cultivator,adversary,N02,0.3,1
6,baseline_open,insider_cultivator,adversary,N03,0.09999999999999999,1
6,baseline_open,insider_cultivator,adversary,N04,0.22999999999999998,0
6,baseline_open,insider_cultivator,adversary,N05,0.33749999999999997,0
6,baseline_open,insider_cultivator,adversary,N06,0.0,1
6,baseline_open,insider_cultivator,adversary,N07,0.35,0
6,baseline_open,insider_cultivator,adversary,N08,0.175,1
6,baseline_open,insider_cultivator,adversary,N09,0.0,0
6,baseline_open,insider_cultivator,adversary,N10,0.12142857142857141,1
6,baseline_open,insider_cultivator,adversary,N11,0.024999999999999998,1
6,baseline_open,insider_cultivator,adversary,N12,0.0,1
6,baseline_open,insider_cultivator,adversary,N13,0.049999999999999996,0
6,baseline_open,insider_cultivator,adversary,N14,0.0,0
6,baseline_open,insider_cultivator,adversary,N15,0.3,0
6,baseline_open,insider_cultivator,adversary,N16,0.22142857142857142,1
6,baseline_open,insider_cultivator,adversary,N17,0.65,1
6,baseline_open,insider_cultivator,adversary,N18,0.3,0
6,baseline_open,insider_cultivator,adversary,N19,0.65,1
6,baseline_open,insider_cultivator,adversary,N20,0.325,0
6,baseline_open,insider_cultivator,adversary,N21,0.3,0
6,baseline_open,insider_cultivator,adversary,N22,0.024999999999999998,1
6,baseline_open,insider_cultivator,adversary,N23,0.375,0
6,airgap_core,insider_cultivator,adversary,N00,0.19999999999999998,0
6,airgap_core,insider_cultivator,adversary,N01,0.3214285714285714,1
6,airgap_core,insider_cultivator,adversary,N02,0.3,0
6,airgap_core,insider_cultivator,adversary,N03,0.09999999999999999,1
6,airgap_core,insider_cultivator,adversary,N04,0.09999999999999999,0
6,airgap_core,insider_cultivator,adversary,N05,0.35,0
6,airgap_core,insider_cultivator,adversary,N06,0.0,1
6,airgap_core,insider_cultivator,adversary,N07,0.65,1
6,airgap_core,insider_cultivator,adversary,N08,0.3,0
6,airgap_core,insider_cultivator,adversary,N09,0.0,0
6,airgap_core,insider_cultivator,adversary,N10,0.3,1
6,airgap_core,insider_cultivator,adversary,N11,0.0375,1
6,airgap_core,insider_cultivator,adversary,N12,0.0,1
6,airgap_core,insider_cultivator,adversary,N13,0.09999999999999999,0
6,airgap_core,insider_cultivator,adversary,N14,0.0,0
6,airgap_core,insider_cultivator,adversary,N15,0.3,0
6,airgap_core,insider_cultivator,adversary,N16,0.024999999999999998,0
6,airgap_core,insider_cultivator,adversary,N17,0.65,1
6,airgap_core,insider_cultivator,adversary,N18,0.3,0
6,airgap_core,insider_cultivator,adversary,N19,0.19999999999999998,1
6,airgap_core,insider_cultivator,adversary,N20,0.0,0
6,airgap_core,insider_cultivator,adversary,N21,0.3,0
6,airgap_core,insider_cultivator,adversary,N22,0.19999999999999998,0
6,airgap_core,insider_cultivator,adversary,N23,0.0,0
6,cleanroom,insider_cultivator,adversary,N00,0.3,0
6,cleanroom,insider_cultivator,adversary,N01,0.09999999999999999,0
6,cleanroom,insider_cultivator,adversary,N02,0.3,1
6,cleanroom,insider_cultivator,adversary,N03,0.09999999999999999,1
6,cleanroom,insider_cultivator,adversary,N04,0.22999999999999998,0
6,cleanroom,insider_cultivator,adversary,N05,0.33749999999999997,0
6,cleanroom,insider_cultivator,adversary,N06,0.0,1
6,cleanroom,insider_cultivator,adversary,N07,0.35,0
6,cleanroom,insider_cultivator,adversary,N08,0.175,1
6,cleanroom,insider_cultivator,adversary,N09,0.0,0
6,cleanroom,insider_cultivator,adversary,N10,0.12142857142857141,1
6,cleanroom,insider_cultivator,adversary,N11,0.024999999999999998,1
6,cleanroom,insider_cultivator,adversary,N12,0.0,1
6,cleanroom,insider_cultivator,adversary,N13,0.049999999999999996,0
6,cleanroom,insider_cultivator,adversary,N14,0.0,0
6,cleanroom,insider_cultivator,adversary,N15,0.3,0
6,cleanroom,insider_cultivator,adversary,N16,0.22142857142857142,1
6,cleanroom,insider_cultivator,adversary,N17,0.65,1
6,cleanroom,insider_cultivator,adversary,N18,0.3,0
6,cleanroom,insider_cultivator,adversary,N19,0.65,1
6,cleanroom,insider_cultivator,adversary,N20,0.325,0
6,cleanroom,insider_cultivator,adversary,N21,0.3,0
6,cleanroom,insider_cultivator,adversary,N22,0.024999999999999998,1
6,cleanroom,insider_cultivator,adversary,N23,0.375,0
6,full_hardening,insider_cultivator,adversary,N00,0.2375,0
6,full_hardening,insider_cultivator,adversary,N01,0.3214285714285714,1
6,full_hardening,insider_cultivator,adversary,N02,0.33749999999999997,0
6,full_hardening,insider_cultivator,adversary,N03,0.12499999999999999,1
6,full_hardening,insider_cultivator,adversary,N04,0.09999999999999999,0
6,full_hardening,insider_cultivator,adversary,N07,0.0,0
6,full_hardening,insider_cultivator,adversary,N09,0.0,0
6,full_hardening,insider_cultivator,adversary,N10,0.3214285714285714,1
6,full_hardening,insider_cultivator,adversary,N11,0.075,1
6,full_hardening,insider_cultivator,adversary,N12,0.0,1
6,full_hardening,insider_cultivator,adversary,N13,0.0,0
6,full_hardening,insider_cultivator,adversary,N14,0.0,0
6,full_hardening,insider_cultivator,adversary,N15,0.3,0
6,full_hardening,insider_cultivator,adversary,N16,0.024999999999999998,0
6,full_hardening,insider_cultivator,adversary,N17,0.6875,1
6,full_hardening,insider_cultivator,adversary,N18,0.3,0
6,full_hardening,insider_cultivator,adversary,N19,0.19999999999999998,1
6,full_hardening,insider_cultivator,adversary,N20,0.0,0
6,full_hardening,insider_cultivator,adversary,N21,0.3,0
6,full_hardening,insider_cultivator,adversary,N22,0.19999999999999998,0
6,full_hardening,insider_cultivator,adversary,N23,0.0,0
6,baseline_open,signals_specialist,adversary,N00,0.33749999999999997,0
6,baseline_open,signals_specialist,adversary,N01,0.33749999999999997,0
6,baseline_open,signals_specialist,adversary,N02,0.2375,0
6,baseline_open,signals_specialist,adversary,N03,0.09999999999999999,0
6,baseline_open,signals_specialist,adversary,N04,0.36,0
6,baseline_open,signals_specialist,adversary,N05,0.09999999999999999,0
6,baseline_open,signals_specialist,adversary,N06,0.24999999999999997,0
6,baseline_open,signals_specialist,adversary,N07,0.7000000000000001,1
6,baseline_open,signals_specialist,adversary,N08,0.09999999999999999,0
6,baseline_open,signals_specialist,adversary,N09,0.8500000000000001,1
6,baseline_open,signals_specialist,adversary,N10,0.14285714285714285,1
6,baseline_open,signals_specialist,adversary,N11,0.12499999999999999,0
6,baseline_open,signals_specialist,adversary,N12,0.049999999999999996,0
6,baseline_open,signals_specialist,adversary,N13,0.09999999999999999,0
6,baseline_open,signals_specialist,adversary,N14,0.049999999999999996,0
6,baseline_open,signals_specialist,adversary,N15,0.33749999999999997,0
6,baseline_open,signals_specialist,adversary,N16,0.36428571428571427,0
6,baseline_open,signals_specialist,adversary,N17,0.32999999999999996,0
6,baseline_open,signals_specialist,adversary,N18,0.8500000000000001,1
6,baseline_open,signals_specialist,adversary,N19,0.6928571428571428,1
6,baseline_open,signals_specialist,adversary,N20,0.65,1
6,baseline_open,signals_specialist,adversary,N21,0.375,0
6,baseline_open,signals_specialist,adversary,N22,0.675,1
6,baseline_open,signals_specialist,adversary,N23,0.27499999999999997,0
6,airgap_core,signals_specialist,adversary,N00,0.3,0
6,airgap_core,signals_specialist,adversary,N01,0.24285714285714283,1
6,airgap_core,signals_specialist,adversary,N02,0.3,0
6,airgap_core,signals_specialist,adversary,N03,0.24999999999999997,1
6,airgap_core,signals_specialist,adversary,N04,0.09999999999999999,1
6,airgap_core,signals_specialist,adversary,N05,0.35,0
6,airgap_core,signals_specialist,adversary,N06,0.35,0
6,airgap_core,signals_specialist,adversary,N07,0.0,0
6,airgap_core,signals_specialist,adversary,N08,0.3,0
6,airgap_core,signals_specialist,adversary,N09,0.0,0
6,airgap_core,signals_specialist,adversary,N10,0.65,1
6,airgap_core,signals_specialist,adversary,N11,0.13749999999999998,1
6,airgap_core,signals_specialist,adversary,N12,0.0,0
6,airgap_core,signals_specialist,adversary,N13,0.32999999999999996,0
6,airgap_core,signals_specialist,adversary,N14,0.0,0
6,airgap_core,signals_specialist,adversary,N15,0.3,0
6,airgap_core,signals_specialist,adversary,N16,0.049999999999999996,0
6,airgap_core,signals_specialist,adversary,N17,0.8500000000000001,0
6,airgap_core,signals_specialist,adversary,N18,0.65,1
6,airgap_core,signals_specialist,adversary,N19,0.2375,0
6,airgap_core,signals_specialist,adversary,N20,0.0,0
6,airgap_core,signals_specialist,adversary,N21,0.3,0
6,airgap_core,signals_specialist,adversary,N22,0.35,0
6,airgap_core,signals_specialist,adversary,N23,0.0,0
6,cleanroom,signals_specialist,adversary,N00,0.33749999999999997,0
6,cleanroom,signals_specialist,adversary,N01,0.33749999999999997,0
6,cleanroom,signals_specialist,adversary,N02,0.2375,0
6,cleanroom,signals_specialist,adversary,N03,0.19999999999999998,0
6,cleanroom,signals_specialist,adversary,N04,0.22999999999999998,0
6,cleanroom,signals_specialist,adversary,N05,0.19999999999999998,0
6,cleanroom,signals_specialist,adversary,N06,0.24999999999999997,0
6,cleanroom,signals_specialist,adversary,N07,0.65,1
6,cleanroom,signals_specialist,adversary,N08,0.09999999999999999,0
6,cleanroom,signals_specialist,adversary,N09,0.8500000000000001,0
6,cleanroom,signals_specialist,adversary,N10,0.12142857142857141,1
6,cleanroom,signals_specialist,adversary,N11,0.22499999999999998,0
6,cleanroom,signals_specialist,adversary,N12,0.049999999999999996,0
6,cleanroom,signals_specialist,adversary,N13,0.049999999999999996,0
6,cleanroom,signals_specialist,adversary,N14,0.049999999999999996,0
6,cleanroom,signals_specialist,adversary,N15,0.2375,0
6,cleanroom,signals_specialist,adversary,N16,0.34285714285714286,0
6,cleanroom,signals_specialist,adversary,N17,0.32999999999999996,0
6,cleanroom,signals_specialist,adversary,N18,0.8500000000000001,1
6,cleanroom,signals_specialist,adversary,N19,0.04285714285714285,0
6,cleanroom,signals_specialist,adversary,N20,0.65,1
6,cleanroom,signals_specialist,adversary,N21,0.375,0
6,cleanroom,signals_specialist,adversary,N22,0.65,1
6,cleanroom,signals_specialist,adversary,N23,0.33749999999999997,0
6,full_hardening,signals_specialist,adversary,N00,0.3,0
6,full_hardening,signals_specialist,adversary,N01,0.22142857142857142,1
6,full_hardening,signals_specialist,adversary,N02,0.33749999999999997,0
6,full_hardening,signals_specialist,adversary,N03,0.22499999999999998,1
6,full_hardening,signals_specialist,adversary,N04,0.09999999999999999,1
6,full_hardening,signals_specialist,adversary,N07,0.0,0
6,full_hardening,signals_specialist,adversary,N09,0.0,0
6,full_hardening,signals_specialist,adversary,N10,0.65,1
6,full_hardening,signals_specialist,adversary,N11,0.13749999999999998,1
6,full_hardening,signals_specialist,adversary,N12,0.0,0
6,full_hardening,signals_specialist,adversary,N13,0.32999999999999996,0
6,full_hardening,signals_specialist,adversary,N14,0.0,0
6,full_hardening,signals_specialist,adversary,N15,0.3,0
6,full_hardening,signals_specialist,adversary,N16,0.024999999999999998,0
6,full_hardening,signals_specialist,adversary,N17,0.33749999999999997,0
6,full_hardening,signals_specialist,adversary,N18,0.19999999999999998,0
6,full_hardening,signals_specialist,adversary,N19,0.2375,0
6,full_hardening,signals_specialist,adversary,N20,0.0,0
6,full_hardening,signals_specialist,adversary,N21,0.3,0
6,full_hardening,signals_specialist,adversary,N22,0.35,0
6,full_hardening,signals_specialist,adversary,N23,0.0,0
6,baseline_open,smash_and_grab,adversary,N00,0.9062500000000001,1
6,baseline_open,smash_and_grab,adversary,N01,1.0,1
6,baseline_open,smash_and_grab,adversary,N02,0.3,1
6,baseline_open,smash_and_grab,adversary,N03,0.725,1
6,baseline_open,smash_and_grab,adversary,N04,0.9700000000000001,1
6,baseline_open,smash_and_grab,adversary,N05,0.33749999999999997,0
6,baseline_open,smash_and_grab,adversary,N06,0.925,1
6,baseline_open,smash_and_grab,adversary,N07,0.85,1
6,baseline_open,smash_and_grab,adversary,N08,0.3,0
6,baseline_open,smash_and_grab,adversary,N09,0.375,0
6,baseline_open,smash_and_grab,adversary,N10,0.36428571428571427,1
6,baseline_open,smash_and_grab,adversary,N11,0.65,1
6,baseline_open,smash_and_grab,adversary,N12,0.09999999999999999,1
6,baseline_open,smash_and_grab,adversary,N13,0.049999999999999996,1
6,baseline_open,smash_and_grab,adversary,N14,0.049999999999999996,0
6,baseline_open,smash_and_grab,adversary,N15,0.375,0
6,baseline_open,smash_and_grab,adversary,N16,0.9142857142857144,1
6,baseline_open,smash_and_grab,adversary,N17,0.32999999999999996,0
6,baseline_open,smash_and_grab,adversary,N18,0.39999999999999997,0
6,baseline_open,smash_and_grab,adversary,N19,0.06428571428571428,1
6,baseline_open,smash_and_grab,adversary,N20,0.35,0
6,baseline_open,smash_and_grab,adversary,N21,0.925,1
6,baseline_open,smash_and_grab,adversary,N22,0.075,0
6,baseline_open,smash_and_grab,adversary,N23,0.33749999999999997,0
6,airgap_core,smash_and_grab,adversary,N00,0.925,1
6,airgap_core,smash_and_grab,adversary,N01,0.8928571428571429,1
6,airgap_core,smash_and_grab,adversary,N02,0.375,1
6,airgap_core,smash_and_grab,adversary,N03,0.75,1
6,airgap_core,smash_and_grab,adversary,N04,0.8875000000000001,1
6,airgap_core,smash_and_grab,adversary,N05,0.35,0
6,airgap_core,smash_and_grab,adversary,N06,1.0,1
6,airgap_core,smash_and_grab,adversary,N07,0.0,1
6,airgap_core,smash_and_grab,adversary,N08,0.375,0
6,airgap_core,smash_and_grab,adversary,N09,0.0,0
6,airgap_core,smash_and_grab,adversary,N10,0.7357142857142858,1
6,airgap_core,smash_and_grab,adversary,N11,0.6875,1
6,airgap_core,smash_and_grab,adversary,N12,0.0,1
6,airgap_core,smash_and_grab,adversary,N13,0.42,1
6,airgap_core,smash_and_grab,adversary,N14,0.65,1
6,airgap_core,smash_and_grab,adversary,N15,0.39999999999999997,0
6,airgap_core,smash_and_grab,adversary,N16,0.09999999999999999,0
6,airgap_core,smash_and_grab,adversary,N17,0.375,0
6,airgap_core,smash_and_grab,adversary,N18,0.44999999999999996,0
6,airgap_core,smash_and_grab,adversary,N19,0.4125,0
6,airgap_core,smash_and_grab,adversary,N20,0.65,1
6,airgap_core,smash_and_grab,adversary,N21,0.925,1
6,airgap_core,smash_and_grab,adversary,N22,0.85,1
6,airgap_core,smash_and_grab,adversary,N23,0.0,0
6,cleanroom,smash_and_grab,adversary,N00,0.9062500000000001,1
6,cleanroom,smash_and_grab,adversary,N01,1.0,1
6,cleanroom,smash_and_grab,adversary,N02,0.3,1
6,cleanroom,smash_and_grab,adversary,N03,0.725,1
6,cleanroom,smash_and_grab,adversary,N04,0.9700000000000001,1
6,cleanroom,smash_and_grab,adversary,N05,0.33749999999999997,0
6,cleanroom,smash_and_grab,adversary,N06,0.925,1
6,cleanroom,smash_and_grab,adversary,N07,0.85,1
6,cleanroom,smash_and_grab,adversary,N08,0.3,0
6,cleanroom,smash_and_grab,adversary,N09,0.375,0
6,cleanroom,smash_and_grab,adversary,N10,0.36428571428571427,1
6,cleanroom,smash_and_grab,adversary,N11,0.65,1
6,cleanroom,smash_and_grab,adversary,N12,0.09999999999999999,1
6,cleanroom,smash_and_grab,adversary,N13,0.049999999999999996,1
6,cleanroom,smash_and_grab,adversary,N14,0.049999999999999996,0
6,cleanroom,smash_and_grab,adversary,N15,0.375,0
6,cleanroom,smash_and_grab,adversary,N16,0.9142857142857144,1
6,cleanroom,smash_and_grab,adversary,N17,0.32999999999999996,0
6,cleanroom,smash_and_grab,adversary,N18,0.39999999999999997,0
6,cleanroom,smash_and_grab,adversary,N19,0.06428571428571428,1
6,cleanroom,smash_and_grab,adversary,N20,0.35,0
6,cleanroom,smash_and_grab,adversary,N21,0.925,1
6,cleanroom,smash_and_grab,adversary,N22,0.075,0
6,cleanroom,smash_and_grab,adversary,N23,0.33749999999999997,0
6,full_hardening,smash_and_grab,adversary,N00,0.375,0
6,full_hardening,smash_and_grab,adversary,N01,0.3,0
6,full_hardening,smash_and_grab,adversary,N02,0.3,0
6,full_hardening,smash_and_grab,adversary,N03,0.375,1
6,full_hardening,smash_and_grab,adversary,N04,0.33749999999999997,0
6,full_hardening,smash_and_grab,adversary,N07,0.0,0
6,full_hardening,smash_and_grab,adversary,N09,0.0,0
6,full_hardening,smash_and_grab,adversary,N10,0.34285714285714286,1
6,full_hardening,smash_and_grab,adversary,N11,0.3,0
6,full_hardening,smash_and_grab,adversary,N12,0.0,0
6,full_hardening,smash_and_grab,adversary,N13,0.32999999999999996,1
6,full_hardening,smash_and_grab,adversary,N14,0.0,0
6,full_hardening,smash_and_grab,adversary,N15,0.9000000000000001,1
6,full_hardening,smash_and_grab,adversary,N16,0.024999999999999998,0
6,full_hardening,smash_and_grab,adversary,N17,0.3,0
6,full_hardening,smash_and_grab,adversary,N18,0.8500000000000001,1
6,full_hardening,smash_and_grab,adversary,N19,0.8500000000000001,1
6,full_hardening,smash_and_grab,adversary,N20,0.65,1
6,full_hardening,smash_and_grab,adversary,N21,0.925,1
6,full_hardening,smash_and_grab,adversary,N22,0.35,0
6,full_hardening,smash_and_grab,adversary,N23,0.0,0
6,baseline_open,authorized_red_team,benign_authorized_confound,N00,0.19999999999999998,0
6,baseline_open,authorized_red_team,benign_authorized_confound,N01,0.3,0
6,baseline_open,authorized_red_team,benign_authorized_confound,N02,0.3,1
6,baseline_open,authorized_red_team,benign_authorized_confound,N03,0.3,0
6,baseline_open,authorized_red_team,benign_authorized_confound,N04,0.0,1
6,baseline_open,authorized_red_team,benign_authorized_confound,N05,0.27499999999999997,1
6,baseline_open,authorized_red_team,benign_authorized_confound,N06,0.19999999999999998,1
6,baseline_open,authorized_red_team,benign_authorized_confound,N07,0.09999999999999999,1
6,baseline_open,authorized_red_team,benign_authorized_confound,N08,0.375,0
6,baseline_open,authorized_red_team,benign_authorized_confound,N09,0.3,0
6,baseline_open,authorized_red_team,benign_authorized_confound,N10,0.09999999999999999,0
6,baseline_open,authorized_red_team,benign_authorized_confound,N11,0.775,1
6,baseline_open,authorized_red_team,benign_authorized_confound,N12,0.0,0
6,baseline_open,authorized_red_team,benign_authorized_confound,N13,0.049999999999999996,0
6,baseline_open,authorized_red_team,benign_authorized_confound,N14,0.049999999999999996,0
6,baseline_open,authorized_red_team,benign_authorized_confound,N15,0.2375,0
6,baseline_open,authorized_red_team,benign_authorized_confound,N16,0.09999999999999999,1
6,baseline_open,authorized_red_team,benign_authorized_confound,N17,0.8800000000000001,1
6,baseline_open,authorized_red_team,benign_authorized_confound,N18,0.3,1
6,baseline_open,authorized_red_team,benign_authorized_confound,N19,0.0,1
6,baseline_open,authorized_red_team,benign_authorized_confound,N20,0.325,0
6,baseline_open,authorized_red_team,benign_authorized_confound,N21,0.19999999999999998,0
6,baseline_open,authorized_red_team,benign_authorized_confound,N22,0.024999999999999998,0
6,baseline_open,authorized_red_team,benign_authorized_confound,N23,0.33749999999999997,0
6,airgap_core,authorized_red_team,benign_authorized_confound,N00,0.33749999999999997,0
6,airgap_core,authorized_red_team,benign_authorized_confound,N01,0.34285714285714286,0
6,airgap_core,authorized_red_team,benign_authorized_confound,N02,0.3,0
6,airgap_core,authorized_red_team,benign_authorized_confound,N03,0.325,0
6,airgap_core,authorized_red_team,benign_authorized_confound,N04,0.0375,1
6,airgap_core,authorized_red_team,benign_authorized_confound,N05,0.19999999999999998,1
6,airgap_core,authorized_red_team,benign_authorized_confound,N06,0.24999999999999997,1
6,airgap_core,authorized_red_team,benign_authorized_confound,N07,0.65,1
6,airgap_core,authorized_red_team,benign_authorized_confound,N08,0.3,0
6,airgap_core,authorized_red_team,benign_authorized_confound,N09,0.0,1
6,airgap_core,authorized_red_team,benign_authorized_confound,N10,0.7714285714285715,1
6,airgap_core,authorized_red_team,benign_authorized_confound,N11,0.3,0
6,airgap_core,authorized_red_team,benign_authorized_confound,N12,0.0,0
6,airgap_core,authorized_red_team,benign_authorized_confound,N13,0.68,1
6,airgap_core,authorized_red_team,benign_authorized_confound,N14,0.0,1
6,airgap_core,authorized_red_team,benign_authorized_confound,N15,0.3,0
6,airgap_core,authorized_red_team,benign_authorized_confound,N16,0.024999999999999998,1
6,airgap_core,authorized_red_team,benign_authorized_confound,N17,0.3,0
6,airgap_core,authorized_red_team,benign_authorized_confound,N18,0.3,1
6,airgap_core,authorized_red_team,benign_authorized_confound,N19,0.375,1
6,airgap_core,authorized_red_team,benign_authorized_confound,N20,0.0,0
6,airgap_core,authorized_red_team,benign_authorized_confound,N21,0.3,1
6,airgap_core,authorized_red_team,benign_authorized_confound,N22,0.24999999999999997,0
6,airgap_core,authorized_red_team,benign_authorized_confound,N23,0.0,0
6,cleanroom,authorized_red_team,benign_authorized_confound,N00,0.19999999999999998,0
6,cleanroom,authorized_red_team,benign_authorized_confound,N01,0.3,0
6,cleanroom,authorized_red_team,benign_authorized_confound,N02,0.3,1
6,cleanroom,authorized_red_team,benign_authorized_confound,N03,0.3,0
6,cleanroom,authorized_red_team,benign_authorized_confound,N04,0.0,1
6,cleanroom,authorized_red_team,benign_authorized_confound,N05,0.27499999999999997,1
6,cleanroom,authorized_red_team,benign_authorized_confound,N06,0.19999999999999998,1
6,cleanroom,authorized_red_team,benign_authorized_confound,N07,0.09999999999999999,1
6,cleanroom,authorized_red_team,benign_authorized_confound,N08,0.375,0
6,cleanroom,authorized_red_team,benign_authorized_confound,N09,0.3,0
6,cleanroom,authorized_red_team,benign_authorized_confound,N10,0.09999999999999999,0
6,cleanroom,authorized_red_team,benign_authorized_confound,N11,0.775,1
6,cleanroom,authorized_red_team,benign_authorized_confound,N12,0.0,0
6,cleanroom,authorized_red_team,benign_authorized_confound,N13,0.049999999999999996,0
6,cleanroom,authorized_red_team,benign_authorized_confound,N14,0.049999999999999996,0
6,cleanroom,authorized_red_team,benign_authorized_confound,N15,0.2375,0
6,cleanroom,authorized_red_team,benign_authorized_confound,N16,0.09999999999999999,1
6,cleanroom,authorized_red_team,benign_authorized_confound,N17,0.8800000000000001,1
6,cleanroom,authorized_red_team,benign_authorized_confound,N18,0.3,1
6,cleanroom,authorized_red_team,benign_authorized_confound,N19,0.0,1
6,cleanroom,authorized_red_team,benign_authorized_confound,N20,0.325,0
6,cleanroom,authorized_red_team,benign_authorized_confound,N21,0.19999999999999998,0
6,cleanroom,authorized_red_team,benign_authorized_confound,N22,0.024999999999999998,0
6,cleanroom,authorized_red_team,benign_authorized_confound,N23,0.33749999999999997,0
6,full_hardening,authorized_red_team,benign_authorized_confound,N00,0.375,0
6,full_hardening,authorized_red_team,benign_authorized_confound,N01,0.34285714285714286,0
6,full_hardening,authorized_red_team,benign_authorized_confound,N02,0.33749999999999997,0
6,full_hardening,authorized_red_team,benign_authorized_confound,N03,0.35,0
6,full_hardening,authorized_red_team,benign_authorized_confound,N04,0.0375,1
6,full_hardening,authorized_red_team,benign_authorized_confound,N07,0.65,1
6,full_hardening,authorized_red_team,benign_authorized_confound,N09,0.0,1
6,full_hardening,authorized_red_team,benign_authorized_confound,N10,0.7928571428571428,1
6,full_hardening,authorized_red_team,benign_authorized_confound,N11,0.33749999999999997,0
6,full_hardening,authorized_red_team,benign_authorized_confound,N12,0.0,0
6,full_hardening,authorized_red_team,benign_authorized_confound,N13,0.68,1
6,full_hardening,authorized_red_team,benign_authorized_confound,N14,0.0,1
6,full_hardening,authorized_red_team,benign_authorized_confound,N15,0.3,0
6,full_hardening,authorized_red_team,benign_authorized_confound,N16,0.024999999999999998,1
6,full_hardening,authorized_red_team,benign_authorized_confound,N17,0.33749999999999997,0
6,full_hardening,authorized_red_team,benign_authorized_confound,N18,0.3,1
6,full_hardening,authorized_red_team,benign_authorized_confound,N19,0.375,1
6,full_hardening,authorized_red_team,benign_authorized_confound,N20,0.0,0
6,full_hardening,authorized_red_team,benign_authorized_confound,N21,0.3,1
6,full_hardening,authorized_red_team,benign_authorized_confound,N22,0.24999999999999997,0
6,full_hardening,authorized_red_team,benign_authorized_confound,N23,0.0,0
7,baseline_open,opportunist_phisher,adversary,N00,0.65,1
7,baseline_open,opportunist_phisher,adversary,N01,0.68,1
7,baseline_open,opportunist_phisher,adversary,N02,0.06,1
7,baseline_open,opportunist_phisher,adversary,N03,0.39999999999999997,1
7,baseline_open,opportunist_phisher,adversary,N04,0.375,1
7,baseline_open,opportunist_phisher,adversary,N05,0.0,0
7,baseline_open,opportunist_phisher,adversary,N06,0.075,0
7,baseline_open,opportunist_phisher,adversary,N07,0.9100000000000001,1
7,baseline_open,opportunist_phisher,adversary,N08,0.2375,1
7,baseline_open,opportunist_phisher,adversary,N09,0.35,0
7,baseline_open,opportunist_phisher,adversary,N10,0.39375,1
7,baseline_open,opportunist_phisher,adversary,N11,0.34285714285714286,0
7,baseline_open,opportunist_phisher,adversary,N12,0.03,1
7,baseline_open,opportunist_phisher,adversary,N13,0.925,1
7,baseline_open,opportunist_phisher,adversary,N14,0.049999999999999996,0
7,baseline_open,opportunist_phisher,adversary,N15,0.3,0
7,baseline_open,opportunist_phisher,adversary,N16,0.8875000000000001,1
7,baseline_open,opportunist_phisher,adversary,N17,0.9100000000000001,1
7,baseline_open,opportunist_phisher,adversary,N18,0.35,0
7,baseline_open,opportunist_phisher,adversary,N19,0.39999999999999997,0
7,baseline_open,opportunist_phisher,adversary,N20,0.9000000000000001,1
7,baseline_open,opportunist_phisher,adversary,N21,0.65,1
7,baseline_open,opportunist_phisher,adversary,N22,0.09999999999999999,1
7,baseline_open,opportunist_phisher,adversary,N23,0.04285714285714285,1
7,airgap_core,opportunist_phisher,adversary,N00,0.0,0
7,airgap_core,opportunist_phisher,adversary,N01,0.24999999999999997,1
7,airgap_core,opportunist_phisher,adversary,N02,0.0,1
7,airgap_core,opportunist_phisher,adversary,N03,0.049999999999999996,1
7,airgap_core,opportunist_phisher,adversary,N04,0.925,1
7,airgap_core,opportunist_phisher,adversary,N05,0.75,1
7,airgap_core,opportunist_phisher,adversary,N06,0.11249999999999999,1
7,airgap_core,opportunist_phisher,adversary,N07,0.7000000000000001,1
7,airgap_core,opportunist_phisher,adversary,N08,0.0375,1
7,airgap_core,opportunist_phisher,adversary,N09,0.375,0
7,airgap_core,opportunist_phisher,adversary,N10,0.175,1
7,airgap_core,opportunist_phisher,adversary,N11,0.725,1
7,airgap_core,opportunist_phisher,adversary,N12,0.0,0
7,airgap_core,opportunist_phisher,adversary,N13,0.0,0
7,airgap_core,opportunist_phisher,adversary,N14,0.3,0
7,airgap_core,opportunist_phisher,adversary,N15,0.925,1
7,airgap_core,opportunist_phisher,adversary,N16,0.8500000000000001,1
7,airgap_core,opportunist_phisher,adversary,N17,0.3,1
7,airgap_core,opportunist_phisher,adversary,N18,0.8875000000000001,1
7,airgap_core,opportunist_phisher,adversary,N19,0.0,0
7,airgap_core,opportunist_phisher,adversary,N20,0.0,0
7,airgap_core,opportunist_phisher,adversary,N21,0.0,0
7,airgap_core,opportunist_phisher,adversary,N22,0.36,1
7,airgap_core,opportunist_phisher,adversary,N23,0.33749999999999997,1
7,cleanroom,opportunist_phisher,adversary,N00,0.65,1
7,cleanroom,opportunist_phisher,adversary,N01,0.68,1
7,cleanroom,opportunist_phisher,adversary,N02,0.03,1
7,cleanroom,opportunist_phisher,adversary,N03,0.35,1
7,cleanroom,opportunist_phisher,adversary,N04,0.33749999999999997,1
7,cleanroom,opportunist_phisher,adversary,N05,0.0,1
7,cleanroom,opportunist_phisher,adversary,N06,0.15,1
7,cleanroom,opportunist_phisher,adversary,N07,0.8800000000000001,1
7,cleanroom,opportunist_phisher,adversary,N08,0.2375,1
7,cleanroom,opportunist_phisher,adversary,N09,0.39999999999999997,0
7,cleanroom,opportunist_phisher,adversary,N10,0.9062500000000001,1
7,cleanroom,opportunist_phisher,adversary,N11,0.36428571428571427,0
7,cleanroom,opportunist_phisher,adversary,N12,0.03,1
7,cleanroom,opportunist_phisher,adversary,N13,0.375,0
7,cleanroom,opportunist_phisher,adversary,N14,0.0,0
7,cleanroom,opportunist_phisher,adversary,N15,0.8500000000000001,1
7,cleanroom,opportunist_phisher,adversary,N16,0.375,0
7,cleanroom,opportunist_phisher,adversary,N17,0.3,1
7,cleanroom,opportunist_phisher,adversary,N18,0.39999999999999997,0
7,cleanroom,opportunist_phisher,adversary,N19,0.39999999999999997,0
7,cleanroom,opportunist_phisher,adversary,N20,0.3,1
7,cleanroom,opportunist_phisher,adversary,N21,0.68,1
7,cleanroom,opportunist_phisher,adversary,N22,0.049999999999999996,1
7,cleanroom,opportunist_phisher,adversary,N23,0.0,1
7,full_hardening,opportunist_phisher,adversary,N00,0.0,0
7,full_hardening,opportunist_phisher,adversary,N02,0.0,1
7,full_hardening,opportunist_phisher,adversary,N03,0.7000000000000001,1
7,full_hardening,opportunist_phisher,adversary,N05,0.8500000000000001,1
7,full_hardening,opportunist_phisher,adversary,N06,0.15,1
7,full_hardening,opportunist_phisher,adversary,N07,0.75,1
7,full_hardening,opportunist_phisher,adversary,N08,0.0375,1
7,full_hardening,opportunist_phisher,adversary,N09,0.4125,0
7,full_hardening,opportunist_phisher,adversary,N10,0.4125,1
7,full_hardening,opportunist_phisher,adversary,N11,0.725,1
7,full_hardening,opportunist_phisher,adversary,N12,0.0,0
7,full_hardening,opportunist_phisher,adversary,N13,0.0,0
7,full_hardening,opportunist_phisher,adversary,N14,0.3,0
7,full_hardening,opportunist_phisher,adversary,N16,0.8500000000000001,1
7,full_hardening,opportunist_phisher,adversary,N17,0.3,1
7,full_hardening,opportunist_phisher,adversary,N18,0.925,1
7,full_hardening,opportunist_phisher,adversary,N19,0.0,0
7,full_hardening,opportunist_phisher,adversary,N20,0.0,0
7,full_hardening,opportunist_phisher,adversary,N21,0.0,0
7,full_hardening,opportunist_phisher,adversary,N22,0.29,1
7,full_hardening,opportunist_phisher,adversary,N23,0.33749999999999997,1
7,baseline_open,patient_recruiter,adversary,N00,0.3,0
7,baseline_open,patient_recruiter,adversary,N01,0.68,1
7,baseline_open,patient_recruiter,adversary,N02,0.03,0
7,baseline_open,patient_recruiter,adversary,N03,0.3,1
7,baseline_open,patient_recruiter,adversary,N04,0.3,0
7,baseline_open,patient_recruiter,adversary,N05,0.0375,0
7,baseline_open,patient_recruiter,adversary,N06,0.0,0
7,baseline_open,patient_recruiter,adversary,N07,0.22999999999999998,1
7,baseline_open,patient_recruiter,adversary,N08,0.09999999999999999,1
7,baseline_open,patient_recruiter,adversary,N09,0.35,0
7,baseline_open,patient_recruiter,adversary,N10,0.21874999999999997,1
7,baseline_open,patient_recruiter,adversary,N11,0.3214285714285714,0
7,baseline_open,patient_recruiter,adversary,N12,0.13,0
7,baseline_open,patient_recruiter,adversary,N13,0.22499999999999998,0
7,baseline_open,patient_recruiter,adversary,N14,0.0,0
7,baseline_open,patient_recruiter,adversary,N15,0.65,1
7,baseline_open,patient_recruiter,adversary,N16,0.19999999999999998,1
7,baseline_open,patient_recruiter,adversary,N17,0.09999999999999999,0
7,baseline_open,patient_recruiter,adversary,N18,0.35,1
7,baseline_open,patient_recruiter,adversary,N19,0.7000000000000001,1
7,baseline_open,patient_recruiter,adversary,N20,0.09999999999999999,1
7,baseline_open,patient_recruiter,adversary,N21,0.3,0
7,baseline_open,patient_recruiter,adversary,N22,0.0,1
7,baseline_open,patient_recruiter,adversary,N23,0.0,1
7,airgap_core,patient_recruiter,adversary,N00,0.0,0
7,airgap_core,patient_recruiter,adversary,N01,0.9000000000000001,1
7,airgap_core,patient_recruiter,adversary,N02,0.0375,1
7,airgap_core,patient_recruiter,adversary,N03,0.049999999999999996,1
7,airgap_core,patient_recruiter,adversary,N04,0.09999999999999999,1
7,airgap_core,patient_recruiter,adversary,N05,0.375,0
7,airgap_core,patient_recruiter,adversary,N06,0.8500000000000001,1
7,airgap_core,patient_recruiter,adversary,N07,0.09999999999999999,0
7,airgap_core,patient_recruiter,adversary,N08,0.65,1
7,airgap_core,patient_recruiter,adversary,N09,0.3,0
7,airgap_core,patient_recruiter,adversary,N10,0.33749999999999997,0
7,airgap_core,patient_recruiter,adversary,N11,0.375,0
7,airgap_core,patient_recruiter,adversary,N12,0.0,0
7,airgap_core,patient_recruiter,adversary,N13,0.0,0
7,airgap_core,patient_recruiter,adversary,N14,0.27499999999999997,0
7,airgap_core,patient_recruiter,adversary,N15,0.33749999999999997,0
7,airgap_core,patient_recruiter,adversary,N16,0.27499999999999997,0
7,airgap_core,patient_recruiter,adversary,N17,0.375,1
7,airgap_core,patient_recruiter,adversary,N18,0.33749999999999997,0
7,airgap_core,patient_recruiter,adversary,N19,0.0,0
7,airgap_core,patient_recruiter,adversary,N20,0.0,0
7,airgap_core,patient_recruiter,adversary,N21,0.0,0
7,airgap_core,patient_recruiter,adversary,N22,0.68,1
7,airgap_core,patient_recruiter,adversary,N23,0.2375,1
7,cleanroom,patient_recruiter,adversary,N00,0.3,0
7,cleanroom,patient_recruiter,adversary,N01,0.68,1
7,cleanroom,patient_recruiter,adversary,N02,0.03,0
7,cleanroom,patient_recruiter,adversary,N03,0.3,1
7,cleanroom,patient_recruiter,adversary,N04,0.3,0
7,cleanroom,patient_recruiter,adversary,N05,0.0375,0
7,cleanroom,patient_recruiter,adversary,N06,0.0,0
7,cleanroom,patient_recruiter,adversary,N07,0.22999999999999998,1
7,cleanroom,patient_recruiter,adversary,N08,0.09999999999999999,1
7,cleanroom,patient_recruiter,adversary,N09,0.35,0
7,cleanroom,patient_recruiter,adversary,N10,0.21874999999999997,1
7,cleanroom,patient_recruiter,adversary,N11,0.3214285714285714,0
7,cleanroom,patient_recruiter,adversary,N12,0.13,0
7,cleanroom,patient_recruiter,adversary,N13,0.22499999999999998,0
7,cleanroom,patient_recruiter,adversary,N14,0.0,0
7,cleanroom,patient_recruiter,adversary,N15,0.65,1
7,cleanroom,patient_recruiter,adversary,N16,0.19999999999999998,1
7,cleanroom,patient_recruiter,adversary,N17,0.09999999999999999,0
7,cleanroom,patient_recruiter,adversary,N18,0.35,1
7,cleanroom,patient_recruiter,adversary,N19,0.7000000000000001,1
7,cleanroom,patient_recruiter,adversary,N20,0.09999999999999999,1
7,cleanroom,patient_recruiter,adversary,N21,0.3,0
7,cleanroom,patient_recruiter,adversary,N22,0.0,1
7,cleanroom,patient_recruiter,adversary,N23,0.0,1
7,full_hardening,patient_recruiter,adversary,N00,0.0,0
7,full_hardening,patient_recruiter,adversary,N02,0.0375,1
7,full_hardening,patient_recruiter,adversary,N03,0.049999999999999996,1
7,full_hardening,patient_recruiter,adversary,N05,0.375,0
7,full_hardening,patient_recruiter,adversary,N06,0.8875000000000001,1
7,full_hardening,patient_recruiter,adversary,N07,0.15,0
7,full_hardening,patient_recruiter,adversary,N08,0.65,1
7,full_hardening,patient_recruiter,adversary,N09,0.33749999999999997,0
7,full_hardening,patient_recruiter,adversary,N10,0.375,0
7,full_hardening,patient_recruiter,adversary,N11,0.44999999999999996,0
7,full_hardening,patient_recruiter,adversary,N12,0.0,0
7,full_hardening,patient_recruiter,adversary,N13,0.0,0
7,full_hardening,patient_recruiter,adversary,N14,0.27499999999999997,0
7,full_hardening,patient_recruiter,adversary,N16,0.375,0
7,full_hardening,patient_recruiter,adversary,N17,0.375,1
7,full_hardening,patient_recruiter,adversary,N18,0.375,0
7,full_hardening,patient_recruiter,adversary,N19,0.0,0
7,full_hardening,patient_recruiter,adversary,N20,0.0,0
7,full_hardening,patient_recruiter,adversary,N21,0.0,0
7,full_hardening,patient_recruiter,adversary,N22,0.68,1
7,full_hardening,patient_recruiter,adversary,N23,0.2375,1
7,baseline_open,insider_cultivator,adversary,N00,0.0,0
7,baseline_open,insider_cultivator,adversary,N01,0.3,0
7,baseline_open,insider_cultivator,adversary,N02,0.0,1
7,baseline_open,insider_cultivator,adversary,N03,0.35,0
7,baseline_open,insider_cultivator,adversary,N04,0.0,1
7,baseline_open,insider_cultivator,adversary,N05,0.0375,0
7,baseline_open,insider_cultivator,adversary,N06,0.0,0
7,baseline_open,insider_cultivator,adversary,N07,0.09999999999999999,0
7,baseline_open,insider_cultivator,adversary,N08,0.09999999999999999,1
7,baseline_open,insider_cultivator,adversary,N09,0.09999999999999999,0
7,baseline_open,insider_cultivator,adversary,N10,0.3,0
7,baseline_open,insider_cultivator,adversary,N11,0.19999999999999998,0
7,baseline_open,insider_cultivator,adversary,N12,0.8500000000000001,1
7,baseline_open,insider_cultivator,adversary,N13,0.3,0
7,baseline_open,insider_cultivator,adversary,N14,0.049999999999999996,0
7,baseline_open,insider_cultivator,adversary,N15,0.3,1
7,baseline_open,insider_cultivator,adversary,N16,0.0,1
7,baseline_open,insider_cultivator,adversary,N17,0.13,0
7,baseline_open,insider_cultivator,adversary,N18,0.8500000000000001,1
7,baseline_open,insider_cultivator,adversary,N19,0.3,0
7,baseline_open,insider_cultivator,adversary,N20,0.3,0
7,baseline_open,insider_cultivator,adversary,N21,0.32999999999999996,0
7,baseline_open,insider_cultivator,adversary,N22,0.0,1
7,baseline_open,insider_cultivator,adversary,N23,0.021428571428571425,1
7,airgap_core,insider_cultivator,adversary,N00,0.0,0
7,airgap_core,insider_cultivator,adversary,N01,0.3,0
7,airgap_core,insider_cultivator,adversary,N02,0.0,1
7,airgap_core,insider_cultivator,adversary,N03,0.0,0
7,airgap_core,insider_cultivator,adversary,N04,0.0,1
7,airgap_core,insider_cultivator,adversary,N05,0.3,0
7,airgap_core,insider_cultivator,adversary,N06,0.09999999999999999,0
7,airgap_core,insider_cultivator,adversary,N07,0.0,1
7,airgap_core,insider_cultivator,adversary,N08,0.0,1
7,airgap_core,insider_cultivator,adversary,N09,0.19999999999999998,0
7,airgap_core,insider_cultivator,adversary,N10,0.3,0
7,airgap_core,insider_cultivator,adversary,N11,0.19999999999999998,0
7,airgap_core,insider_cultivator,adversary,N12,0.0,0
7,airgap_core,insider_cultivator,adversary,N13,0.0,0
7,airgap_core,insider_cultivator,adversary,N14,0.3,0
7,airgap_core,insider_cultivator,adversary,N15,0.19999999999999998,1
7,airgap_core,insider_cultivator,adversary,N16,0.0,1
7,airgap_core,insider_cultivator,adversary,N17,0.19999999999999998,0
7,airgap_core,insider_cultivator,adversary,N18,0.3,0
7,airgap_core,insider_cultivator,adversary,N19,0.0,1
7,airgap_core,insider_cultivator,adversary,N20,0.0,0
7,airgap_core,insider_cultivator,adversary,N21,0.0,0
7,airgap_core,insider_cultivator,adversary,N22,0.19999999999999998,1
7,airgap_core,insider_cultivator,adversary,N23,0.09999999999999999,1
7,cleanroom,insider_cultivator,adversary,N00,0.0,0
7,cleanroom,insider_cultivator,adversary,N01,0.3,0
7,cleanroom,insider_cultivator,adversary,N02,0.0,1
7,cleanroom,insider_cultivator,adversary,N03,0.35,0
7,cleanroom,insider_cultivator,adversary,N04,0.0,1
7,cleanroom,insider_cultivator,adversary,N05,0.0375,0
7,cleanroom,insider_cultivator,adversary,N06,0.0,0
7,cleanroom,insider_cultivator,adversary,N07,0.09999999999999999,0
7,cleanroom,insider_cultivator,adversary,N08,0.09999999999999999,1
7,cleanroom,insider_cultivator,adversary,N09,0.09999999999999999,0
7,cleanroom,insider_cultivator,adversary,N10,0.3,0
7,cleanroom,insider_cultivator,adversary,N11,0.19999999999999998,0
7,cleanroom,insider_cultivator,adversary,N12,0.8500000000000001,1
7,cleanroom,insider_cultivator,adversary,N13,0.3,0
7,cleanroom,insider_cultivator,adversary,N14,0.049999999999999996,0
7,cleanroom,insider_cultivator,adversary,N15,0.3,1
7,cleanroom,insider_cultivator,adversary,N16,0.0,1
7,cleanroom,insider_cultivator,adversary,N17,0.13,0
7,cleanroom,insider_cultivator,adversary,N18,0.8500000000000001,1
7,cleanroom,insider_cultivator,adversary,N19,0.3,0
7,cleanroom,insider_cultivator,adversary,N20,0.3,0
7,cleanroom,insider_cultivator,adversary,N21,0.32999999999999996,0
7,cleanroom,insider_cultivator,adversary,N22,0.0,1
7,cleanroom,insider_cultivator,adversary,N23,0.021428571428571425,1
7,full_hardening,insider_cultivator,adversary,N00,0.0,0
7,full_hardening,insider_cultivator,adversary,N02,0.0,1
7,full_hardening,insider_cultivator,adversary,N03,0.0,0
7,full_hardening,insider_cultivator,adversary,N05,0.3,0
7,full_hardening,insider_cultivator,adversary,N06,0.2375,1
7,full_hardening,insider_cultivator,adversary,N07,0.09999999999999999,0
7,full_hardening,insider_cultivator,adversary,N08,0.0,1
7,full_hardening,insider_cultivator,adversary,N09,0.13749999999999998,0
7,full_hardening,insider_cultivator,adversary,N10,0.375,0
7,full_hardening,insider_cultivator,adversary,N11,0.375,1
7,full_hardening,insider_cultivator,adversary,N12,0.0,0
7,full_hardening,insider_cultivator,adversary,N13,0.0,0
7,full_hardening,insider_cultivator,adversary,N14,0.3,0
7,full_hardening,insider_cultivator,adversary,N16,0.0,1
7,full_hardening,insider_cultivator,adversary,N17,0.09999999999999999,0
7,full_hardening,insider_cultivator,adversary,N18,0.33749999999999997,0
7,full_hardening,insider_cultivator,adversary,N19,0.0,0
7,full_hardening,insider_cultivator,adversary,N20,0.0,0
7,full_hardening,insider_cultivator,adversary,N21,0.0,0
7,full_hardening,insider_cultivator,adversary,N22,0.22999999999999998,1
7,full_hardening,insider_cultivator,adversary,N23,0.09999999999999999,1
7,baseline_open,signals_specialist,adversary,N00,0.3,0
7,baseline_open,signals_specialist,adversary,N01,0.13,0
7,baseline_open,signals_specialist,adversary,N02,0.65,1
7,baseline_open,signals_specialist,adversary,N03,0.8500000000000001,0
7,baseline_open,signals_specialist,adversary,N04,0.19999999999999998,0
7,baseline_open,signals_specialist,adversary,N05,0.0,0
7,baseline_open,signals_specialist,adversary,N06,0.0,0
7,baseline_open,signals_specialist,adversary,N07,0.75,0
7,baseline_open,signals_specialist,adversary,N08,0.2375,0
7,baseline_open,signals_specialist,adversary,N09,0.09999999999999999,0
7,baseline_open,signals_specialist,adversary,N10,0.21874999999999997,0
7,baseline_open,signals_specialist,adversary,N11,0.021428571428571425,0
7,baseline_open,signals_specialist,adversary,N12,0.03,1
7,baseline_open,signals_specialist,adversary,N13,0.325,0
7,baseline_open,signals_specialist,adversary,N14,0.0,0
7,baseline_open,signals_specialist,adversary,N15,0.19999999999999998,0
7,baseline_open,signals_specialist,adversary,N16,0.2375,0
7,baseline_open,signals_specialist,adversary,N17,0.22999999999999998,0
7,baseline_open,signals_specialist,adversary,N18,0.3,0
7,baseline_open,signals_specialist,adversary,N19,0.15,0
7,baseline_open,signals_specialist,adversary,N20,0.35,0
7,baseline_open,signals_specialist,adversary,N21,0.22999999999999998,1
7,baseline_open,signals_specialist,adversary,N22,0.049999999999999996,1
7,baseline_open,signals_specialist,adversary,N23,0.021428571428571425,1
7,airgap_core,signals_specialist,adversary,N00,0.0,0
7,airgap_core,signals_specialist,adversary,N01,0.8500000000000001,1
7,airgap_core,signals_specialist,adversary,N02,0.6875,0
7,airgap_core,signals_specialist,adversary,N03,0.049999999999999996,1
7,airgap_core,signals_specialist,adversary,N04,0.0,0
7,airgap_core,signals_specialist,adversary,N05,0.3,0
7,airgap_core,signals_specialist,adversary,N06,0.8500000000000001,1
7,airgap_core,signals_specialist,adversary,N07,0.049999999999999996,1
7,airgap_core,signals_specialist,adversary,N08,0.0375,0
7,airgap_core,signals_specialist,adversary,N09,0.2375,0
7,airgap_core,signals_specialist,adversary,N10,0.2375,0
7,airgap_core,signals_specialist,adversary,N11,0.375,1
7,airgap_core,signals_specialist,adversary,N12,0.0,0
7,airgap_core,signals_specialist,adversary,N13,0.0,0
7,airgap_core,signals_specialist,adversary,N14,0.3,0
7,airgap_core,signals_specialist,adversary,N15,0.13749999999999998,0
7,airgap_core,signals_specialist,adversary,N16,0.3,0
7,airgap_core,signals_specialist,adversary,N17,0.7875,0
7,airgap_core,signals_specialist,adversary,N18,0.33749999999999997,0
7,airgap_core,signals_specialist,adversary,N19,0.0,0
7,airgap_core,signals_specialist,adversary,N20,0.0,0
7,airgap_core,signals_specialist,adversary,N21,0.0,0
7,airgap_core,signals_specialist,adversary,N22,0.29,1
7,airgap_core,signals_specialist,adversary,N23,0.375,0
7,cleanroom,signals_specialist,adversary,N00,0.3,0
7,cleanroom,signals_specialist,adversary,N01,0.13,0
7,cleanroom,signals_specialist,adversary,N02,0.65,1
7,cleanroom,signals_specialist,adversary,N03,0.8500000000000001,0
7,cleanroom,signals_specialist,adversary,N04,0.19999999999999998,0
7,cleanroom,signals_specialist,adversary,N05,0.0,0
7,cleanroom,signals_specialist,adversary,N06,0.0,0
7,cleanroom,signals_specialist,adversary,N07,0.75,0
7,cleanroom,signals_specialist,adversary,N08,0.2375,0
7,cleanroom,signals_specialist,adversary,N09,0.09999999999999999,0
7,cleanroom,signals_specialist,adversary,N10,0.21874999999999997,0
7,cleanroom,signals_specialist,adversary,N11,0.021428571428571425,0
7,cleanroom,signals_specialist,adversary,N12,0.03,1
7,cleanroom,signals_specialist,adversary,N13,0.325,0
7,cleanroom,signals_specialist,adversary,N14,0.0,0
7,cleanroom,signals_specialist,adversary,N15,0.19999999999999998,0
7,cleanroom,signals_specialist,adversary,N16,0.2375,0
7,cleanroom,signals_specialist,adversary,N17,0.22999999999999998,0
7,cleanroom,signals_specialist,adversary,N18,0.3,0
7,cleanroom,signals_specialist,adversary,N19,0.15,0
7,cleanroom,signals_specialist,adversary,N20,0.35,0
7,cleanroom,signals_specialist,adversary,N21,0.22999999999999998,1
7,cleanroom,signals_specialist,adversary,N22,0.049999999999999996,1
7,cleanroom,signals_specialist,adversary,N23,0.021428571428571425,1
7,full_hardening,signals_specialist,adversary,N00,0.0,0
7,full_hardening,signals_specialist,adversary,N02,0.6875,0
7,full_hardening,signals_specialist,adversary,N03,0.049999999999999996,1
7,full_hardening,signals_specialist,adversary,N05,0.3,0
7,full_hardening,signals_specialist,adversary,N06,0.8500000000000001,1
7,full_hardening,signals_specialist,adversary,N07,0.09999999999999999,1
7,full_hardening,signals_specialist,adversary,N08,0.0375,0
7,full_hardening,signals_specialist,adversary,N09,0.2375,0
7,full_hardening,signals_specialist,adversary,N10,0.27499999999999997,0
7,full_hardening,signals_specialist,adversary,N11,0.375,1
7,full_hardening,signals_specialist,adversary,N12,0.0,0
7,full_hardening,signals_specialist,adversary,N13,0.0,0
7,full_hardening,signals_specialist,adversary,N14,0.3,0
7,full_hardening,signals_specialist,adversary,N16,0.3,0
7,full_hardening,signals_specialist,adversary,N17,0.8875000000000001,0
7,full_hardening,signals_specialist,adversary,N18,0.33749999999999997,0
7,full_hardening,signals_specialist,adversary,N19,0.0,0
7,full_hardening,signals_specialist,adversary,N20,0.0,0
7,full_hardening,signals_specialist,adversary,N21,0.0,0
7,full_hardening,signals_specialist,adversary,N22,0.29,1
7,full_hardening,signals_specialist,adversary,N23,0.375,0
7,baseline_open,smash_and_grab,adversary,N00,0.8500000000000001,1
7,baseline_open,smash_and_grab,adversary,N01,0.9100000000000001,1
7,baseline_open,smash_and_grab,adversary,N02,0.74,1
7,baseline_open,smash_and_grab,adversary,N03,0.39999999999999997,1
7,baseline_open,smash_and_grab,adversary,N04,0.8875000000000001,1
7,baseline_open,smash_and_grab,adversary,N05,0.075,0
7,baseline_open,smash_and_grab,adversary,N06,0.075,1
7,baseline_open,smash_and_grab,adversary,N07,0.32999999999999996,1
7,baseline_open,smash_and_grab,adversary,N08,0.375,1
7,baseline_open,smash_and_grab,adversary,N09,0.39999999999999997,0
7,baseline_open,smash_and_grab,adversary,N10,0.375,1
7,baseline_open,smash_and_grab,adversary,N11,0.1857142857142857,1
7,baseline_open,smash_and_grab,adversary,N12,0.9100000000000001,1
7,baseline_open,smash_and_grab,adversary,N13,0.9000000000000001,1
7,baseline_open,smash_and_grab,adversary,N14,0.15,0
7,baseline_open,smash_and_grab,adversary,N15,0.9500000000000001,1
7,baseline_open,smash_and_grab,adversary,N16,0.33749999999999997,1
7,baseline_open,smash_and_grab,adversary,N17,0.42,1
7,baseline_open,smash_and_grab,adversary,N18,0.9500000000000001,1
7,baseline_open,smash_and_grab,adversary,N19,0.35,1
7,baseline_open,smash_and_grab,adversary,N20,0.75,1
7,baseline_open,smash_and_grab,adversary,N21,0.8800000000000001,1
7,baseline_open,smash_and_grab,adversary,N22,0.049999999999999996,1
7,baseline_open,smash_and_grab,adversary,N23,0.7142857142857143,1
7,airgap_core,smash_and_grab,adversary,N00,0.0,1
7,airgap_core,smash_and_grab,adversary,N01,0.9000000000000001,1
7,airgap_core,smash_and_grab,adversary,N02,0.0375,1
7,airgap_core,smash_and_grab,adversary,N03,0.0,1
7,airgap_core,smash_and_grab,adversary,N04,0.375,1
7,airgap_core,smash_and_grab,adversary,N05,0.375,1
7,airgap_core,smash_and_grab,adversary,N06,0.19999999999999998,1
7,airgap_core,smash_and_grab,adversary,N07,0.049999999999999996,0
7,airgap_core,smash_and_grab,adversary,N08,0.075,1
7,airgap_core,smash_and_grab,adversary,N09,0.3,0
7,airgap_core,smash_and_grab,adversary,N10,0.925,1
7,airgap_core,smash_and_grab,adversary,N11,0.09999999999999999,1
7,airgap_core,smash_and_grab,adversary,N12,0.0,1
7,airgap_core,smash_and_grab,adversary,N13,0.65,1
7,airgap_core,smash_and_grab,adversary,N14,0.925,1
7,airgap_core,smash_and_grab,adversary,N15,0.3,0
7,airgap_core,smash_and_grab,adversary,N16,0.375,1
7,airgap_core,smash_and_grab,adversary,N17,0.13749999999999998,1
7,airgap_core,smash_and_grab,adversary,N18,0.3,1
7,airgap_core,smash_and_grab,adversary,N19,0.65,1
7,airgap_core,smash_and_grab,adversary,N20,0.65,1
7,airgap_core,smash_and_grab,adversary,N21,0.65,1
7,airgap_core,smash_and_grab,adversary,N22,0.32999999999999996,1
7,airgap_core,smash_and_grab,adversary,N23,0.65,1
7,cleanroom,smash_and_grab,adversary,N00,0.8500000000000001,1
7,cleanroom,smash_and_grab,adversary,N01,0.9100000000000001,1
7,cleanroom,smash_and_grab,adversary,N02,0.74,1
7,cleanroom,smash_and_grab,adversary,N03,0.39999999999999997,1
7,cleanroom,smash_and_grab,adversary,N04,0.8875000000000001,1
7,cleanroom,smash_and_grab,adversary,N05,0.075,0
7,cleanroom,smash_and_grab,adversary,N06,0.075,1
7,cleanroom,smash_and_grab,adversary,N07,0.32999999999999996,1
7,cleanroom,smash_and_grab,adversary,N08,0.375,1
7,cleanroom,smash_and_grab,adversary,N09,0.39999999999999997,0
7,cleanroom,smash_and_grab,adversary,N10,0.375,1
7,cleanroom,smash_and_grab,adversary,N11,0.1857142857142857,1
7,cleanroom,smash_and_grab,adversary,N12,0.9100000000000001,1
7,cleanroom,smash_and_grab,adversary,N13,0.9000000000000001,1
7,cleanroom,smash_and_grab,adversary,N14,0.15,0
7,cleanroom,smash_and_grab,adversary,N15,0.9500000000000001,1
7,cleanroom,smash_and_grab,adversary,N16,0.33749999999999997,1
7,cleanroom,smash_and_grab,adversary,N17,0.42,1
7,cleanroom,smash_and_grab,adversary,N18,0.9500000000000001,1
7,cleanroom,smash_and_grab,adversary,N19,0.35,1
7,cleanroom,smash_and_grab,adversary,N20,0.75,1
7,cleanroom,smash_and_grab,adversary,N21,0.8800000000000001,1
7,cleanroom,smash_and_grab,adversary,N22,0.049999999999999996,1
7,cleanroom,smash_and_grab,adversary,N23,0.7142857142857143,1
7,full_hardening,smash_and_grab,adversary,N00,0.0,1
7,full_hardening,smash_and_grab,adversary,N02,0.0375,1
7,full_hardening,smash_and_grab,adversary,N03,0.0,1
7,full_hardening,smash_and_grab,adversary,N05,0.375,0
7,full_hardening,smash_and_grab,adversary,N06,0.13749999999999998,1
7,full_hardening,smash_and_grab,adversary,N07,0.09999999999999999,1
7,full_hardening,smash_and_grab,adversary,N08,0.0375,1
7,full_hardening,smash_and_grab,adversary,N09,0.33749999999999997,0
7,full_hardening,smash_and_grab,adversary,N10,0.4125,0
7,full_hardening,smash_and_grab,adversary,N11,0.175,1
7,full_hardening,smash_and_grab,adversary,N12,0.65,1
7,full_hardening,smash_and_grab,adversary,N13,0.0,1
7,full_hardening,smash_and_grab,adversary,N14,0.3,0
7,full_hardening,smash_and_grab,adversary,N16,0.8500000000000001,1
7,full_hardening,smash_and_grab,adversary,N17,0.33749999999999997,0
7,full_hardening,smash_and_grab,adversary,N18,0.33749999999999997,0
7,full_hardening,smash_and_grab,adversary,N19,0.0,0
7,full_hardening,smash_and_grab,adversary,N20,0.65,1
7,full_hardening,smash_and_grab,adversary,N21,0.65,1
7,full_hardening,smash_and_grab,adversary,N22,0.36,1
7,full_hardening,smash_and_grab,adversary,N23,0.65,1
7,baseline_open,authorized_red_team,benign_authorized_confound,N00,0.3,0
7,baseline_open,authorized_red_team,benign_authorized_confound,N01,0.09999999999999999,0
7,baseline_open,authorized_red_team,benign_authorized_confound,N02,0.0,1
7,baseline_open,authorized_red_team,benign_authorized_confound,N03,0.09999999999999999,1
7,baseline_open,authorized_red_team,benign_authorized_confound,N04,0.3,0
7,baseline_open,authorized_red_team,benign_authorized_confound,N05,0.0,1
7,baseline_open,authorized_red_team,benign_authorized_confound,N06,0.0,0
7,baseline_open,authorized_red_team,benign_authorized_confound,N07,0.09999999999999999,1
7,baseline_open,authorized_red_team,benign_authorized_confound,N08,0.0,1
7,baseline_open,authorized_red_team,benign_authorized_confound,N09,0.3,0
7,baseline_open,authorized_red_team,benign_authorized_confound,N10,0.09999999999999999,0
7,baseline_open,authorized_red_team,benign_authorized_confound,N11,0.19999999999999998,0
7,baseline_open,authorized_red_team,benign_authorized_confound,N12,0.3,0
7,baseline_open,authorized_red_team,benign_authorized_confound,N13,0.325,0
7,baseline_open,authorized_red_team,benign_authorized_confound,N14,0.65,1
7,baseline_open,authorized_red_team,benign_authorized_confound,N15,0.19999999999999998,0
7,baseline_open,authorized_red_team,benign_authorized_confound,N16,0.0,1
7,baseline_open,authorized_red_team,benign_authorized_confound,N17,0.09999999999999999,1
7,baseline_open,authorized_red_team,benign_authorized_confound,N18,0.15,0
7,baseline_open,authorized_red_team,benign_authorized_confound,N19,0.3,0
7,baseline_open,authorized_red_team,benign_authorized_confound,N20,0.3,0
7,baseline_open,authorized_red_team,benign_authorized_confound,N21,0.19999999999999998,0
7,baseline_open,authorized_red_team,benign_authorized_confound,N22,0.0,1
7,baseline_open,authorized_red_team,benign_authorized_confound,N23,0.021428571428571425,0
7,airgap_core,authorized_red_team,benign_authorized_confound,N00,0.0,0
7,airgap_core,authorized_red_team,benign_authorized_confound,N01,0.09999999999999999,0
7,airgap_core,authorized_red_team,benign_authorized_confound,N02,0.0,1
7,airgap_core,authorized_red_team,benign_authorized_confound,N03,0.0,1
7,airgap_core,authorized_red_team,benign_authorized_confound,N04,0.3,0
7,airgap_core,authorized_red_team,benign_authorized_confound,N05,0.3,1
7,airgap_core,authorized_red_team,benign_authorized_confound,N06,0.19999999999999998,0
7,airgap_core,authorized_red_team,benign_authorized_confound,N07,0.0,1
7,airgap_core,authorized_red_team,benign_authorized_confound,N08,0.0375,1
7,airgap_core,authorized_red_team,benign_authorized_confound,N09,0.3,0
7,airgap_core,authorized_red_team,benign_authorized_confound,N10,0.13749999999999998,0
7,airgap_core,authorized_red_team,benign_authorized_confound,N11,0.19999999999999998,0
7,airgap_core,authorized_red_team,benign_authorized_confound,N12,0.0,0
7,airgap_core,authorized_red_team,benign_authorized_confound,N13,0.0,0
7,airgap_core,authorized_red_team,benign_authorized_confound,N14,0.75,1
7,airgap_core,authorized_red_team,benign_authorized_confound,N15,0.19999999999999998,0
7,airgap_core,authorized_red_team,benign_authorized_confound,N16,0.0,1
7,airgap_core,authorized_red_team,benign_authorized_confound,N17,0.09999999999999999,1
7,airgap_core,authorized_red_team,benign_authorized_confound,N18,0.09999999999999999,0
7,airgap_core,authorized_red_team,benign_authorized_confound,N19,0.0,0
7,airgap_core,authorized_red_team,benign_authorized_confound,N20,0.0,0
7,airgap_core,authorized_red_team,benign_authorized_confound,N21,0.0,0
7,airgap_core,authorized_red_team,benign_authorized_confound,N22,0.09999999999999999,1
7,airgap_core,authorized_red_team,benign_authorized_confound,N23,0.09999999999999999,0
7,cleanroom,authorized_red_team,benign_authorized_confound,N00,0.3,0
7,cleanroom,authorized_red_team,benign_authorized_confound,N01,0.09999999999999999,0
7,cleanroom,authorized_red_team,benign_authorized_confound,N02,0.0,1
7,cleanroom,authorized_red_team,benign_authorized_confound,N03,0.09999999999999999,1
7,cleanroom,authorized_red_team,benign_authorized_confound,N04,0.3,0
7,cleanroom,authorized_red_team,benign_authorized_confound,N05,0.0,1
7,cleanroom,authorized_red_team,benign_authorized_confound,N06,0.0,0
7,cleanroom,authorized_red_team,benign_authorized_confound,N07,0.09999999999999999,1
7,cleanroom,authorized_red_team,benign_authorized_confound,N08,0.0,1
7,cleanroom,authorized_red_team,benign_authorized_confound,N09,0.3,0
7,cleanroom,authorized_red_team,benign_authorized_confound,N10,0.09999999999999999,0
7,cleanroom,authorized_red_team,benign_authorized_confound,N11,0.19999999999999998,0
7,cleanroom,authorized_red_team,benign_authorized_confound,N12,0.3,0
7,cleanroom,authorized_red_team,benign_authorized_confound,N13,0.325,0
7,cleanroom,authorized_red_team,benign_authorized_confound,N14,0.65,1
7,cleanroom,authorized_red_team,benign_authorized_confound,N15,0.19999999999999998,0
7,cleanroom,authorized_red_team,benign_authorized_confound,N16,0.0,1
7,cleanroom,authorized_red_team,benign_authorized_confound,N17,0.09999999999999999,1
7,cleanroom,authorized_red_team,benign_authorized_confound,N18,0.15,0
7,cleanroom,authorized_red_team,benign_authorized_confound,N19,0.3,0
7,cleanroom,authorized_red_team,benign_authorized_confound,N20,0.3,0
7,cleanroom,authorized_red_team,benign_authorized_confound,N21,0.19999999999999998,0
7,cleanroom,authorized_red_team,benign_authorized_confound,N22,0.0,1
7,cleanroom,authorized_red_team,benign_authorized_confound,N23,0.021428571428571425,0
7,full_hardening,authorized_red_team,benign_authorized_confound,N00,0.0,0
7,full_hardening,authorized_red_team,benign_authorized_confound,N02,0.0,1
7,full_hardening,authorized_red_team,benign_authorized_confound,N03,0.0,1
7,full_hardening,authorized_red_team,benign_authorized_confound,N05,0.3,1
7,full_hardening,authorized_red_team,benign_authorized_confound,N06,0.19999999999999998,0
7,full_hardening,authorized_red_team,benign_authorized_confound,N07,0.0,1
7,full_hardening,authorized_red_team,benign_authorized_confound,N08,0.0375,1
7,full_hardening,authorized_red_team,benign_authorized_confound,N09,0.3,0
7,full_hardening,authorized_red_team,benign_authorized_confound,N10,0.13749999999999998,0
7,full_hardening,authorized_red_team,benign_authorized_confound,N11,0.19999999999999998,0
7,full_hardening,authorized_red_team,benign_authorized_confound,N12,0.0,0
7,full_hardening,authorized_red_team,benign_authorized_confound,N13,0.0,0
7,full_hardening,authorized_red_team,benign_authorized_confound,N14,0.75,1
7,full_hardening,authorized_red_team,benign_authorized_confound,N16,0.0,1
7,full_hardening,authorized_red_team,benign_authorized_confound,N17,0.09999999999999999,1
7,full_hardening,authorized_red_team,benign_authorized_confound,N18,0.09999999999999999,0
7,full_hardening,authorized_red_team,benign_authorized_confound,N19,0.0,0
7,full_hardening,authorized_red_team,benign_authorized_confound,N20,0.0,0
7,full_hardening,authorized_red_team,benign_authorized_confound,N21,0.0,0
7,full_hardening,authorized_red_team,benign_authorized_confound,N22,0.09999999999999999,1
7,full_hardening,authorized_red_team,benign_authorized_confound,N23,0.09999999999999999,0
