evaluation_split,topology_index,topology_sample_id,topology_mode,topology_nodes,topology_edges,topology_bridges,balance_draw,balance_model,demand_regime,routing_policy,capital_policy,connector_endpoints,connector_capital,connector_matches_evaluation_hotspot,imbalance_start,imbalance_end,capacity_end,training_attempted,training_succeeded,training_attempted_volume,training_delivered_volume,training_infeasible_path_attempts,training_fee_msat,training_success_rate,training_volume_rate,training_leakage_proxy,early_evaluation_attempted,early_evaluation_succeeded,early_evaluation_attempted_volume,early_evaluation_delivered_volume,early_evaluation_infeasible_path_attempts,early_evaluation_fee_msat,early_evaluation_success_rate,early_evaluation_volume_rate,early_evaluation_leakage_proxy,late_evaluation_attempted,late_evaluation_succeeded,late_evaluation_attempted_volume,late_evaluation_delivered_volume,late_evaluation_infeasible_path_attempts,late_evaluation_fee_msat,late_evaluation_success_rate,late_evaluation_volume_rate,late_evaluation_leakage_proxy,evaluation_attempted,evaluation_succeeded,evaluation_attempted_volume,evaluation_delivered_volume,evaluation_infeasible_path_attempts,evaluation_fee_msat,evaluation_success_rate,evaluation_volume_rate,evaluation_leakage_proxy
calibration,0,public-hub-100-aa9d146e13c3,hub,64,126,28,0,balanced_band,diffuse,public,none,,0,False,0.04833185480235602,0.07530740325601402,18974032,110,107,481000,466000,3,523951,0.9727272727272728,0.9688149688149689,0.02727272727272727,25,25,69000,69000,0,73180,1.0,1.0,0.0,85,82,341000,330000,3,288075,0.9647058823529412,0.967741935483871,0.03529411764705882,110,107,410000,399000,3,361255,0.9727272727272728,0.973170731707317,0.02727272727272727
calibration,0,public-hub-100-aa9d146e13c3,hub,64,126,28,0,balanced_band,diffuse,retry,none,,0,False,0.04833185480235602,0.0758997091783834,18974032,110,108,481000,474000,5,530175,0.9818181818181818,0.9854469854469855,0.045454545454545456,25,25,69000,69000,0,73180,1.0,1.0,0.0,85,82,341000,330000,7,288075,0.9647058823529412,0.967741935483871,0.08235294117647059,110,107,410000,399000,7,361255,0.9727272727272728,0.973170731707317,0.06363636363636363
calibration,0,public-hub-100-aa9d146e13c3,hub,64,126,28,0,balanced_band,diffuse,online,none,,0,False,0.04833185480235602,0.07817597239520523,18974032,110,108,481000,474000,5,531416,0.9818181818181818,0.9854469854469855,0.045454545454545456,25,25,69000,69000,0,73811,1.0,1.0,0.0,85,82,341000,330000,9,290355,0.9647058823529412,0.967741935483871,0.10588235294117647,110,107,410000,399000,9,364166,0.9727272727272728,0.973170731707317,0.08181818181818182
calibration,0,public-hub-100-aa9d146e13c3,hub,64,126,28,0,balanced_band,diffuse,oracle,none,,0,False,0.04833185480235602,0.0758997091783834,18974032,110,108,481000,474000,0,530175,0.9818181818181818,0.9854469854469855,0.0,25,25,69000,69000,0,73180,1.0,1.0,0.0,85,82,341000,330000,0,288075,0.9647058823529412,0.967741935483871,0.0,110,107,410000,399000,0,361255,0.9727272727272728,0.973170731707317,0.0
calibration,0,public-hub-100-aa9d146e13c3,hub,64,126,28,0,balanced_band,diffuse,online,random,N018|N031,120000,False,0.04833185480235602,0.07887077507046562,19094032,110,108,481000,474000,5,531416,0.9818181818181818,0.9854469854469855,0.045454545454545456,25,25,69000,69000,0,71998,1.0,1.0,0.0,85,82,341000,330000,8,296391,0.9647058823529412,0.967741935483871,0.09411764705882353,110,107,410000,399000,8,368389,0.9727272727272728,0.973170731707317,0.07272727272727272
calibration,0,public-hub-100-aa9d146e13c3,hub,64,126,28,0,balanced_band,diffuse,online,failure_aware,N052|N061,120000,False,0.04833185480235602,0.07815473783435072,19094032,110,108,481000,474000,5,531416,0.9818181818181818,0.9854469854469855,0.045454545454545456,25,25,69000,69000,0,71998,1.0,1.0,0.0,85,82,341000,330000,8,296654,0.9647058823529412,0.967741935483871,0.09411764705882353,110,107,410000,399000,8,368652,0.9727272727272728,0.973170731707317,0.07272727272727272
calibration,0,public-hub-100-aa9d146e13c3,hub,64,126,28,0,balanced_band,stationary_hotspot,public,none,,0,False,0.04833185480235602,0.07988746496543189,18974032,110,88,473000,361000,22,373603,0.8,0.7632135306553911,0.2,25,23,115000,102000,2,105473,0.92,0.8869565217391304,0.08,85,73,341000,267000,12,282137,0.8588235294117647,0.782991202346041,0.1411764705882353,110,96,456000,369000,14,387610,0.8727272727272727,0.8092105263157895,0.12727272727272726
calibration,0,public-hub-100-aa9d146e13c3,hub,64,126,28,0,balanced_band,stationary_hotspot,retry,none,,0,False,0.04833185480235602,0.0825663944733618,18974032,110,89,473000,369000,26,378892,0.8090909090909091,0.7801268498942917,0.23636363636363636,25,24,115000,110000,1,106602,0.96,0.9565217391304348,0.04,85,76,341000,291000,12,304481,0.8941176470588236,0.8533724340175953,0.1411764705882353,110,100,456000,401000,13,411083,0.9090909090909091,0.8793859649122807,0.11818181818181818
calibration,0,public-hub-100-aa9d146e13c3,hub,64,126,28,0,balanced_band,stationary_hotspot,online,none,,0,False,0.04833185480235602,0.08628439901290605,18974032,110,89,473000,369000,26,379593,0.8090909090909091,0.7801268498942917,0.23636363636363636,25,24,115000,110000,1,107800,0.96,0.9565217391304348,0.04,85,76,341000,291000,12,312010,0.8941176470588236,0.8533724340175953,0.1411764705882353,110,100,456000,401000,13,419810,0.9090909090909091,0.8793859649122807,0.11818181818181818
calibration,0,public-hub-100-aa9d146e13c3,hub,64,126,28,0,balanced_band,stationary_hotspot,oracle,none,,0,False,0.04833185480235602,0.0825663944733618,18974032,110,89,473000,369000,0,378892,0.8090909090909091,0.7801268498942917,0.0,25,24,115000,110000,0,106602,0.96,0.9565217391304348,0.0,85,76,341000,291000,0,304481,0.8941176470588236,0.8533724340175953,0.0,110,100,456000,401000,0,411083,0.9090909090909091,0.8793859649122807,0.0
calibration,0,public-hub-100-aa9d146e13c3,hub,64,126,28,0,balanced_band,stationary_hotspot,online,random,N018|N031,120000,False,0.04833185480235602,0.08168475070393916,19094032,110,89,473000,369000,26,379593,0.8090909090909091,0.7801268498942917,0.23636363636363636,25,24,115000,110000,1,105987,0.96,0.9565217391304348,0.04,85,76,341000,291000,14,314856,0.8941176470588236,0.8533724340175953,0.16470588235294117,110,100,456000,401000,15,420843,0.9090909090909091,0.8793859649122807,0.13636363636363635
calibration,0,public-hub-100-aa9d146e13c3,hub,64,126,28,0,balanced_band,stationary_hotspot,online,failure_aware,N061|N063,120000,True,0.04833185480235602,0.084873549455106,19094032,110,89,473000,369000,26,379593,0.8090909090909091,0.7801268498942917,0.23636363636363636,25,25,115000,115000,1,79903,1.0,1.0,0.04,85,84,341000,336000,7,288852,0.9882352941176471,0.9853372434017595,0.08235294117647059,110,109,456000,451000,8,368755,0.990909090909091,0.9890350877192983,0.07272727272727272
calibration,0,public-hub-100-aa9d146e13c3,hub,64,126,28,0,balanced_band,shifted_hotspot,public,none,,0,False,0.04833185480235602,0.07920702214040108,18974032,110,88,473000,361000,22,373603,0.8,0.7632135306553911,0.2,25,24,115000,107000,1,75853,0.96,0.9304347826086956,0.04,85,81,341000,312000,4,247297,0.9529411764705882,0.9149560117302052,0.047058823529411764,110,105,456000,419000,5,323150,0.9545454545454546,0.918859649122807,0.045454545454545456
calibration,0,public-hub-100-aa9d146e13c3,hub,64,126,28,0,balanced_band,shifted_hotspot,retry,none,,0,False,0.04833185480235602,0.08188595164833098,18974032,110,89,473000,369000,26,378892,0.8090909090909091,0.7801268498942917,0.23636363636363636,25,25,115000,115000,0,76982,1.0,1.0,0.0,85,84,341000,336000,4,269641,0.9882352941176471,0.9853372434017595,0.047058823529411764,110,109,456000,451000,4,346623,0.990909090909091,0.9890350877192983,0.03636363636363636
calibration,0,public-hub-100-aa9d146e13c3,hub,64,126,28,0,balanced_band,shifted_hotspot,online,none,,0,False,0.04833185480235602,0.0862287834426339,18974032,110,89,473000,369000,26,379593,0.8090909090909091,0.7801268498942917,0.23636363636363636,25,25,115000,115000,0,78180,1.0,1.0,0.0,85,84,341000,336000,4,277170,0.9882352941176471,0.9853372434017595,0.047058823529411764,110,109,456000,451000,4,355350,0.990909090909091,0.9890350877192983,0.03636363636363636
calibration,0,public-hub-100-aa9d146e13c3,hub,64,126,28,0,balanced_band,shifted_hotspot,oracle,none,,0,False,0.04833185480235602,0.08188595164833098,18974032,110,89,473000,369000,0,378892,0.8090909090909091,0.7801268498942917,0.0,25,25,115000,115000,0,76982,1.0,1.0,0.0,85,84,341000,336000,0,269641,0.9882352941176471,0.9853372434017595,0.0,110,109,456000,451000,0,346623,0.990909090909091,0.9890350877192983,0.0
calibration,0,public-hub-100-aa9d146e13c3,hub,64,126,28,0,balanced_band,shifted_hotspot,online,random,N018|N031,120000,False,0.04833185480235602,0.08413103531800502,19094032,110,89,473000,369000,26,379593,0.8090909090909091,0.7801268498942917,0.23636363636363636,25,25,115000,115000,0,76367,1.0,1.0,0.0,85,84,341000,336000,6,280016,0.9882352941176471,0.9853372434017595,0.07058823529411765,110,109,456000,451000,6,356383,0.990909090909091,0.9890350877192983,0.05454545454545454
calibration,0,public-hub-100-aa9d146e13c3,hub,64,126,28,0,balanced_band,shifted_hotspot,online,failure_aware,N061|N063,120000,False,0.04833185480235602,0.0827397314235903,19094032,110,89,473000,369000,26,379593,0.8090909090909091,0.7801268498942917,0.23636363636363636,25,25,115000,115000,1,76367,1.0,1.0,0.04,85,84,341000,336000,6,277716,0.9882352941176471,0.9853372434017595,0.07058823529411765,110,109,456000,451000,7,354083,0.990909090909091,0.9890350877192983,0.06363636363636363
calibration,0,public-hub-100-aa9d146e13c3,hub,64,126,28,0,uniform,diffuse,public,none,,0,False,0.27838988216134763,0.28686626407112487,18974032,110,95,481000,376000,15,406512,0.8636363636363636,0.7817047817047817,0.13636363636363635,25,25,69000,69000,0,73180,1.0,1.0,0.0,85,79,341000,315000,6,276071,0.9294117647058824,0.9237536656891495,0.07058823529411765,110,104,410000,384000,6,349251,0.9454545454545454,0.9365853658536586,0.05454545454545454
calibration,0,public-hub-100-aa9d146e13c3,hub,64,126,28,0,uniform,diffuse,retry,none,,0,False,0.27838988216134763,0.2882814278557746,18974032,110,100,481000,413000,27,466171,0.9090909090909091,0.8586278586278586,0.24545454545454545,25,25,69000,69000,0,73180,1.0,1.0,0.0,85,80,341000,320000,15,281931,0.9411764705882353,0.9384164222873901,0.17647058823529413,110,105,410000,389000,15,355111,0.9545454545454546,0.948780487804878,0.13636363636363635
calibration,0,public-hub-100-aa9d146e13c3,hub,64,126,28,0,uniform,diffuse,online,none,,0,False,0.27838988216134763,0.2962406125940286,18974032,110,100,481000,413000,28,470423,0.9090909090909091,0.8586278586278586,0.2545454545454545,25,25,69000,69000,0,73764,1.0,1.0,0.0,85,80,341000,320000,18,282744,0.9411764705882353,0.9384164222873901,0.21176470588235294,110,105,410000,389000,18,356508,0.9545454545454546,0.948780487804878,0.16363636363636364
calibration,0,public-hub-100-aa9d146e13c3,hub,64,126,28,0,uniform,diffuse,oracle,none,,0,False,0.27838988216134763,0.2885589887788227,18974032,110,100,481000,413000,0,466171,0.9090909090909091,0.8586278586278586,0.0,25,25,69000,69000,0,73180,1.0,1.0,0.0,85,81,341000,328000,0,293731,0.9529411764705882,0.9618768328445748,0.0,110,106,410000,397000,0,366911,0.9636363636363636,0.9682926829268292,0.0
calibration,0,public-hub-100-aa9d146e13c3,hub,64,126,28,0,uniform,diffuse,online,random,N018|N031,120000,False,0.27838988216134763,0.2934458310332818,19094032,110,100,481000,413000,28,470423,0.9090909090909091,0.8586278586278586,0.2545454545454545,25,25,69000,69000,0,72098,1.0,1.0,0.0,85,80,341000,323000,18,289544,0.9411764705882353,0.9472140762463344,0.21176470588235294,110,105,410000,392000,18,361642,0.9545454545454546,0.9560975609756097,0.16363636363636364
calibration,0,public-hub-100-aa9d146e13c3,hub,64,126,28,0,uniform,diffuse,online,failure_aware,N049|N061,120000,False,0.27838988216134763,0.29258823760722696,19094032,110,100,481000,413000,28,470423,0.9090909090909091,0.8586278586278586,0.2545454545454545,25,25,69000,69000,0,72098,1.0,1.0,0.0,85,80,341000,323000,17,291051,0.9411764705882353,0.9472140762463344,0.2,110,105,410000,392000,17,363149,0.9545454545454546,0.9560975609756097,0.15454545454545454
calibration,0,public-hub-100-aa9d146e13c3,hub,64,126,28,0,uniform,stationary_hotspot,public,none,,0,False,0.27838988216134763,0.2825831972974561,18974032,110,75,473000,274000,35,275068,0.6818181818181818,0.5792811839323467,0.3181818181818182,25,22,115000,94000,3,100496,0.88,0.8173913043478261,0.12,85,71,341000,256000,14,264450,0.8352941176470589,0.750733137829912,0.16470588235294117,110,93,456000,350000,17,364946,0.8454545454545455,0.7675438596491229,0.15454545454545454
calibration,0,public-hub-100-aa9d146e13c3,hub,64,126,28,0,uniform,stationary_hotspot,retry,none,,0,False,0.27838988216134763,0.2914846927951211,18974032,110,83,473000,323000,42,362528,0.7545454545454545,0.6828752642706131,0.38181818181818183,25,24,115000,110000,4,121442,0.96,0.9565217391304348,0.16,85,77,341000,292000,16,311011,0.9058823529411765,0.8563049853372434,0.18823529411764706,110,101,456000,402000,20,432453,0.9181818181818182,0.881578947368421,0.18181818181818182
calibration,0,public-hub-100-aa9d146e13c3,hub,64,126,28,0,uniform,stationary_hotspot,online,none,,0,False,0.27838988216134763,0.2897980167698198,18974032,110,83,473000,323000,42,369498,0.7545454545454545,0.6828752642706131,0.38181818181818183,25,24,115000,110000,4,122690,0.96,0.9565217391304348,0.16,85,76,341000,287000,15,304456,0.8941176470588236,0.841642228739003,0.17647058823529413,110,100,456000,397000,19,427146,0.9090909090909091,0.8706140350877193,0.17272727272727273
calibration,0,public-hub-100-aa9d146e13c3,hub,64,126,28,0,uniform,stationary_hotspot,oracle,none,,0,False,0.27838988216134763,0.29103189604195073,18974032,110,84,473000,331000,0,371852,0.7636363636363637,0.6997885835095138,0.0,25,24,115000,110000,0,121442,0.96,0.9565217391304348,0.0,85,77,341000,292000,0,311011,0.9058823529411765,0.8563049853372434,0.0,110,101,456000,402000,0,432453,0.9181818181818182,0.881578947368421,0.0
calibration,0,public-hub-100-aa9d146e13c3,hub,64,126,28,0,uniform,stationary_hotspot,online,random,N018|N031,120000,False,0.27838988216134763,0.29444400985236047,19094032,110,83,473000,323000,42,369498,0.7545454545454545,0.6828752642706131,0.38181818181818183,25,24,115000,110000,3,116667,0.96,0.9565217391304348,0.12,85,76,341000,284000,15,308480,0.8941176470588236,0.8328445747800587,0.17647058823529413,110,100,456000,394000,18,425147,0.9090909090909091,0.8640350877192983,0.16363636363636364
calibration,0,public-hub-100-aa9d146e13c3,hub,64,126,28,0,uniform,stationary_hotspot,online,failure_aware,N061|N063,120000,True,0.27838988216134763,0.29760564746555435,19094032,110,83,473000,323000,42,369498,0.7545454545454545,0.6828752642706131,0.38181818181818183,25,25,115000,115000,2,85703,1.0,1.0,0.08,85,82,341000,323000,10,274418,0.9647058823529412,0.9472140762463344,0.11764705882352941,110,107,456000,438000,12,360121,0.9727272727272728,0.9605263157894737,0.10909090909090909
calibration,0,public-hub-100-aa9d146e13c3,hub,64,126,28,0,uniform,shifted_hotspot,public,none,,0,False,0.27838988216134763,0.2769393425743861,18974032,110,75,473000,274000,35,275068,0.6818181818181818,0.5792811839323467,0.3181818181818182,25,23,115000,99000,2,70876,0.92,0.8608695652173913,0.08,85,77,341000,295000,8,221838,0.9058823529411765,0.8651026392961877,0.09411764705882353,110,100,456000,394000,10,292714,0.9090909090909091,0.8640350877192983,0.09090909090909091
calibration,0,public-hub-100-aa9d146e13c3,hub,64,126,28,0,uniform,shifted_hotspot,retry,none,,0,False,0.27838988216134763,0.2853938701679184,18974032,110,83,473000,323000,42,362528,0.7545454545454545,0.6828752642706131,0.38181818181818183,25,25,115000,115000,3,91822,1.0,1.0,0.12,85,83,341000,331000,10,268399,0.9764705882352941,0.9706744868035191,0.11764705882352941,110,108,456000,446000,13,360221,0.9818181818181818,0.9780701754385965,0.11818181818181818
calibration,0,public-hub-100-aa9d146e13c3,hub,64,126,28,0,uniform,shifted_hotspot,online,none,,0,False,0.27838988216134763,0.2837071941426171,18974032,110,83,473000,323000,42,369498,0.7545454545454545,0.6828752642706131,0.38181818181818183,25,25,115000,115000,4,93070,1.0,1.0,0.16,85,82,341000,326000,9,261844,0.9647058823529412,0.9560117302052786,0.10588235294117647,110,107,456000,441000,13,354914,0.9727272727272728,0.9671052631578947,0.11818181818181818
calibration,0,public-hub-100-aa9d146e13c3,hub,64,126,28,0,uniform,shifted_hotspot,oracle,none,,0,False,0.27838988216134763,0.28494107341474806,18974032,110,84,473000,331000,0,371852,0.7636363636363637,0.6997885835095138,0.0,25,25,115000,115000,0,91822,1.0,1.0,0.0,85,83,341000,331000,0,268399,0.9764705882352941,0.9706744868035191,0.0,110,108,456000,446000,0,360221,0.9818181818181818,0.9780701754385965,0.0
calibration,0,public-hub-100-aa9d146e13c3,hub,64,126,28,0,uniform,shifted_hotspot,online,random,N018|N031,120000,False,0.27838988216134763,0.2913824520565718,19094032,110,83,473000,323000,42,369498,0.7545454545454545,0.6828752642706131,0.38181818181818183,25,25,115000,115000,3,87047,1.0,1.0,0.12,85,82,341000,323000,10,267408,0.9647058823529412,0.9472140762463344,0.11764705882352941,110,107,456000,438000,13,354455,0.9727272727272728,0.9605263157894737,0.11818181818181818
calibration,0,public-hub-100-aa9d146e13c3,hub,64,126,28,0,uniform,shifted_hotspot,online,failure_aware,N061|N063,120000,False,0.27838988216134763,0.2928493299325584,19094032,110,83,473000,323000,42,369498,0.7545454545454545,0.6828752642706131,0.38181818181818183,25,25,115000,115000,3,82167,1.0,1.0,0.12,85,82,341000,323000,11,267408,0.9647058823529412,0.9472140762463344,0.12941176470588237,110,107,456000,438000,14,349575,0.9727272727272728,0.9605263157894737,0.12727272727272726
calibration,0,public-hub-100-aa9d146e13c3,hub,64,126,28,0,polarized,diffuse,public,none,,0,False,0.6981175932868082,0.6759065300401963,18974032,110,79,481000,300000,31,323965,0.7181818181818181,0.6237006237006237,0.2818181818181818,25,23,69000,60000,2,54129,0.92,0.8695652173913043,0.08,85,67,341000,260000,18,218663,0.788235294117647,0.7624633431085044,0.21176470588235294,110,90,410000,320000,20,272792,0.8181818181818182,0.7804878048780488,0.18181818181818182
calibration,0,public-hub-100-aa9d146e13c3,hub,64,126,28,0,polarized,diffuse,retry,none,,0,False,0.6981175932868082,0.6740076902979458,18974032,110,86,481000,341000,60,405396,0.7818181818181819,0.7089397089397089,0.5454545454545454,25,24,69000,61000,4,56530,0.96,0.8840579710144928,0.16,85,72,341000,264000,41,250889,0.8470588235294118,0.7741935483870968,0.4823529411764706,110,96,410000,325000,45,307419,0.8727272727272727,0.7926829268292683,0.4090909090909091
calibration,0,public-hub-100-aa9d146e13c3,hub,64,126,28,0,polarized,diffuse,online,none,,0,False,0.6981175932868082,0.6694732311727364,18974032,110,85,481000,336000,66,403541,0.7727272727272727,0.6985446985446986,0.6,25,24,69000,61000,6,57991,0.96,0.8840579710144928,0.24,85,72,341000,264000,42,252856,0.8470588235294118,0.7741935483870968,0.49411764705882355,110,96,410000,325000,48,310847,0.8727272727272727,0.7926829268292683,0.43636363636363634
calibration,0,public-hub-100-aa9d146e13c3,hub,64,126,28,0,polarized,diffuse,oracle,none,,0,False,0.6981175932868082,0.6726072312531324,18974032,110,88,481000,357000,0,459405,0.8,0.7422037422037422,0.0,25,25,69000,69000,0,84410,1.0,1.0,0.0,85,76,341000,296000,0,303962,0.8941176470588236,0.8680351906158358,0.0,110,101,410000,365000,0,388372,0.9181818181818182,0.8902439024390244,0.0
calibration,0,public-hub-100-aa9d146e13c3,hub,64,126,28,0,polarized,diffuse,online,random,N018|N031,120000,False,0.6981175932868082,0.6624427513151144,19094032,110,85,481000,336000,66,403541,0.7727272727272727,0.6985446985446986,0.6,25,24,69000,61000,6,56806,0.96,0.8840579710144928,0.24,85,74,341000,284000,39,268253,0.8705882352941177,0.8328445747800587,0.4588235294117647,110,98,410000,345000,45,325059,0.8909090909090909,0.8414634146341463,0.4090909090909091
calibration,0,public-hub-100-aa9d146e13c3,hub,64,126,28,0,polarized,diffuse,online,failure_aware,N059|N063,120000,False,0.6981175932868082,0.6637049289248714,19094032,110,85,481000,336000,66,403541,0.7727272727272727,0.6985446985446986,0.6,25,24,69000,61000,6,56806,0.96,0.8840579710144928,0.24,85,74,341000,284000,39,272511,0.8705882352941177,0.8328445747800587,0.4588235294117647,110,98,410000,345000,45,329317,0.8909090909090909,0.8414634146341463,0.4090909090909091
calibration,0,public-hub-100-aa9d146e13c3,hub,64,126,28,0,polarized,stationary_hotspot,public,none,,0,False,0.6981175932868082,0.6862635576938889,18974032,110,64,473000,221000,46,236913,0.5818181818181818,0.46723044397463004,0.41818181818181815,25,19,115000,73000,6,81574,0.76,0.6347826086956522,0.24,85,64,341000,228000,21,253956,0.7529411764705882,0.6686217008797654,0.24705882352941178,110,83,456000,301000,27,335530,0.7545454545454545,0.6600877192982456,0.24545454545454545
calibration,0,public-hub-100-aa9d146e13c3,hub,64,126,28,0,polarized,stationary_hotspot,retry,none,,0,False,0.6981175932868082,0.6888532060141663,18974032,110,74,473000,274000,65,314856,0.6727272727272727,0.5792811839323467,0.5909090909090909,25,24,115000,110000,6,123259,0.96,0.9565217391304348,0.24,85,74,341000,271000,30,303085,0.8705882352941177,0.7947214076246334,0.35294117647058826,110,98,456000,381000,36,426344,0.8909090909090909,0.8355263157894737,0.32727272727272727
calibration,0,public-hub-100-aa9d146e13c3,hub,64,126,28,0,polarized,stationary_hotspot,online,none,,0,False,0.6981175932868082,0.6902453181101615,18974032,110,75,473000,282000,65,325684,0.6818181818181818,0.5961945031712473,0.5909090909090909,25,24,115000,110000,5,123767,0.96,0.9565217391304348,0.2,85,74,341000,271000,31,320464,0.8705882352941177,0.7947214076246334,0.36470588235294116,110,98,456000,381000,36,444231,0.8909090909090909,0.8355263157894737,0.32727272727272727
calibration,0,public-hub-100-aa9d146e13c3,hub,64,126,28,0,polarized,stationary_hotspot,oracle,none,,0,False,0.6981175932868082,0.6932341615410864,18974032,110,79,473000,308000,0,403783,0.7181818181818181,0.6511627906976745,0.0,25,24,115000,110000,0,123259,0.96,0.9565217391304348,0.0,85,77,341000,292000,0,400110,0.9058823529411765,0.8563049853372434,0.0,110,101,456000,402000,0,523369,0.9181818181818182,0.881578947368421,0.0
calibration,0,public-hub-100-aa9d146e13c3,hub,64,126,28,0,polarized,stationary_hotspot,online,random,N018|N031,120000,False,0.6981175932868082,0.683626426726111,19094032,110,75,473000,282000,65,325684,0.6818181818181818,0.5961945031712473,0.5909090909090909,25,23,115000,102000,6,110827,0.92,0.8869565217391304,0.24,85,74,341000,271000,29,324400,0.8705882352941177,0.7947214076246334,0.3411764705882353,110,97,456000,373000,35,435227,0.8818181818181818,0.8179824561403509,0.3181818181818182
calibration,0,public-hub-100-aa9d146e13c3,hub,64,126,28,0,polarized,stationary_hotspot,online,failure_aware,N061|N063,120000,True,0.6981175932868082,0.6870014591740241,19094032,110,75,473000,282000,65,325684,0.6818181818181818,0.5961945031712473,0.5909090909090909,25,24,115000,107000,5,79863,0.96,0.9304347826086956,0.2,85,80,341000,310000,23,290338,0.9411764705882353,0.9090909090909091,0.27058823529411763,110,104,456000,417000,28,370201,0.9454545454545454,0.9144736842105263,0.2545454545454545
calibration,0,public-hub-100-aa9d146e13c3,hub,64,126,28,0,polarized,shifted_hotspot,public,none,,0,False,0.6981175932868082,0.6719161609337162,18974032,110,64,473000,221000,46,236913,0.5818181818181818,0.46723044397463004,0.41818181818181815,25,21,115000,86000,4,68320,0.84,0.7478260869565218,0.16,85,71,341000,272000,14,218208,0.8352941176470589,0.7976539589442815,0.16470588235294117,110,92,456000,358000,18,286528,0.8363636363636363,0.7850877192982456,0.16363636363636364
calibration,0,public-hub-100-aa9d146e13c3,hub,64,126,28,0,polarized,shifted_hotspot,retry,none,,0,False,0.6981175932868082,0.6733196428649306,18974032,110,74,473000,274000,65,314856,0.6727272727272727,0.5792811839323467,0.5909090909090909,25,24,115000,107000,8,92613,0.96,0.9304347826086956,0.32,85,80,341000,310000,23,258837,0.9411764705882353,0.9090909090909091,0.27058823529411763,110,104,456000,417000,31,351450,0.9454545454545454,0.9144736842105263,0.2818181818181818
calibration,0,public-hub-100-aa9d146e13c3,hub,64,126,28,0,polarized,shifted_hotspot,online,none,,0,False,0.6981175932868082,0.6758640813605945,18974032,110,75,473000,282000,65,325684,0.6818181818181818,0.5961945031712473,0.5909090909090909,25,24,115000,107000,7,93121,0.96,0.9304347826086956,0.28,85,80,341000,310000,25,277852,0.9411764705882353,0.9090909090909091,0.29411764705882354,110,104,456000,417000,32,370973,0.9454545454545454,0.9144736842105263,0.2909090909090909
calibration,0,public-hub-100-aa9d146e13c3,hub,64,126,28,0,polarized,shifted_hotspot,oracle,none,,0,False,0.6981175932868082,0.6776047962888675,18974032,110,79,473000,308000,0,403783,0.7181818181818181,0.6511627906976745,0.0,25,24,115000,107000,0,92613,0.96,0.9304347826086956,0.0,85,83,341000,331000,0,355862,0.9764705882352941,0.9706744868035191,0.0,110,107,456000,438000,0,448475,0.9727272727272728,0.9605263157894737,0.0
calibration,0,public-hub-100-aa9d146e13c3,hub,64,126,28,0,polarized,shifted_hotspot,online,random,N018|N031,120000,False,0.6981175932868082,0.6703518297924623,19094032,110,75,473000,282000,65,325684,0.6818181818181818,0.5961945031712473,0.5909090909090909,25,23,115000,99000,8,80181,0.92,0.8608695652173913,0.32,85,80,341000,310000,23,281788,0.9411764705882353,0.9090909090909091,0.27058823529411763,110,103,456000,409000,31,361969,0.9363636363636364,0.8969298245614035,0.2818181818181818
calibration,0,public-hub-100-aa9d146e13c3,hub,64,126,28,0,polarized,shifted_hotspot,online,failure_aware,N061|N063,120000,False,0.6981175932868082,0.6712496547758644,19094032,110,75,473000,282000,65,325684,0.6818181818181818,0.5961945031712473,0.5909090909090909,25,23,115000,99000,8,75301,0.92,0.8608695652173913,0.32,85,80,341000,310000,23,281788,0.9411764705882353,0.9090909090909091,0.27058823529411763,110,103,456000,409000,31,357089,0.9363636363636364,0.8969298245614035,0.2818181818181818
calibration,0,public-hub-100-aa9d146e13c3,hub,64,126,28,1,balanced_band,diffuse,public,none,,0,False,0.05465402081405981,0.08118081210715328,18974032,110,108,429000,420000,2,427332,0.9818181818181818,0.9790209790209791,0.01818181818181818,25,25,101000,101000,0,98317,1.0,1.0,0.0,85,80,316000,276000,5,342856,0.9411764705882353,0.8734177215189873,0.058823529411764705,110,105,417000,377000,5,441173,0.9545454545454546,0.9040767386091128,0.045454545454545456
calibration,0,public-hub-100-aa9d146e13c3,hub,64,126,28,1,balanced_band,diffuse,retry,none,,0,False,0.05465402081405981,0.08436715619877991,18974032,110,109,429000,421000,2,429452,0.990909090909091,0.9813519813519813,0.01818181818181818,25,25,101000,101000,0,98317,1.0,1.0,0.0,85,84,316000,308000,10,373445,0.9882352941176471,0.9746835443037974,0.11764705882352941,110,109,417000,409000,10,471762,0.990909090909091,0.9808153477218226,0.09090909090909091
calibration,0,public-hub-100-aa9d146e13c3,hub,64,126,28,1,balanced_band,diffuse,online,none,,0,False,0.05465402081405981,0.08195939303908178,18974032,110,109,429000,421000,2,432604,0.990909090909091,0.9813519813519813,0.01818181818181818,25,25,101000,101000,1,99728,1.0,1.0,0.04,85,84,316000,308000,11,375958,0.9882352941176471,0.9746835443037974,0.12941176470588237,110,109,417000,409000,12,475686,0.990909090909091,0.9808153477218226,0.10909090909090909
calibration,0,public-hub-100-aa9d146e13c3,hub,64,126,28,1,balanced_band,diffuse,oracle,none,,0,False,0.05465402081405981,0.08566643514070521,18974032,110,109,429000,421000,0,429452,0.990909090909091,0.9813519813519813,0.0,25,25,101000,101000,0,98317,1.0,1.0,0.0,85,85,316000,316000,0,392645,1.0,1.0,0.0,110,110,417000,417000,0,490962,1.0,1.0,0.0
calibration,0,public-hub-100-aa9d146e13c3,hub,64,126,28,1,balanced_band,diffuse,online,random,N008|N040,120000,False,0.05465402081405981,0.09072290243425049,19094032,110,109,429000,421000,2,432604,0.990909090909091,0.9813519813519813,0.01818181818181818,25,25,101000,101000,0,82300,1.0,1.0,0.0,85,85,316000,316000,6,346983,1.0,1.0,0.07058823529411765,110,110,417000,417000,6,429283,1.0,1.0,0.05454545454545454
calibration,0,public-hub-100-aa9d146e13c3,hub,64,126,28,1,balanced_band,diffuse,online,failure_aware,N004|N021,120000,False,0.05465402081405981,0.09051183347686677,19094032,110,109,429000,421000,2,432604,0.990909090909091,0.9813519813519813,0.01818181818181818,25,25,101000,101000,0,101444,1.0,1.0,0.0,85,85,316000,316000,8,390618,1.0,1.0,0.09411764705882353,110,110,417000,417000,8,492062,1.0,1.0,0.07272727272727272
calibration,0,public-hub-100-aa9d146e13c3,hub,64,126,28,1,balanced_band,stationary_hotspot,public,none,,0,False,0.05465402081405981,0.06730035151837191,18974032,110,98,438000,380000,12,424434,0.8909090909090909,0.867579908675799,0.10909090909090909,25,19,102000,77000,6,75196,0.76,0.7549019607843137,0.24,85,76,300000,247000,9,315368,0.8941176470588236,0.8233333333333334,0.10588235294117647,110,95,402000,324000,15,390564,0.8636363636363636,0.8059701492537313,0.13636363636363635
calibration,0,public-hub-100-aa9d146e13c3,hub,64,126,28,1,balanced_band,stationary_hotspot,retry,none,,0,False,0.05465402081405981,0.07100599962741681,18974032,110,99,438000,385000,12,431414,0.9,0.8789954337899544,0.10909090909090909,25,19,102000,77000,6,75196,0.76,0.7549019607843137,0.24,85,79,300000,271000,9,343704,0.9294117647058824,0.9033333333333333,0.10588235294117647,110,98,402000,348000,15,418900,0.8909090909090909,0.8656716417910447,0.13636363636363635
calibration,0,public-hub-100-aa9d146e13c3,hub,64,126,28,1,balanced_band,stationary_hotspot,online,none,,0,False,0.05465402081405981,0.0862764819723302,18974032,110,99,438000,385000,12,434984,0.9,0.8789954337899544,0.10909090909090909,25,19,102000,77000,6,75885,0.76,0.7549019607843137,0.24,85,79,300000,271000,9,346721,0.9294117647058824,0.9033333333333333,0.10588235294117647,110,98,402000,348000,15,422606,0.8909090909090909,0.8656716417910447,0.13636363636363635
calibration,0,public-hub-100-aa9d146e13c3,hub,64,126,28,1,balanced_band,stationary_hotspot,oracle,none,,0,False,0.05465402081405981,0.07100599962741681,18974032,110,99,438000,385000,0,431414,0.9,0.8789954337899544,0.0,25,19,102000,77000,0,75196,0.76,0.7549019607843137,0.0,85,79,300000,271000,0,343704,0.9294117647058824,0.9033333333333333,0.0,110,98,402000,348000,0,418900,0.8909090909090909,0.8656716417910447,0.0
calibration,0,public-hub-100-aa9d146e13c3,hub,64,126,28,1,balanced_band,stationary_hotspot,online,random,N008|N040,120000,False,0.05465402081405981,0.07494615529048598,19094032,110,99,438000,385000,12,434984,0.9,0.8789954337899544,0.10909090909090909,25,19,102000,77000,6,82386,0.76,0.7549019607843137,0.24,85,79,300000,271000,8,290185,0.9294117647058824,0.9033333333333333,0.09411764705882353,110,98,402000,348000,14,372571,0.8909090909090909,0.8656716417910447,0.12727272727272726
calibration,0,public-hub-100-aa9d146e13c3,hub,64,126,28,1,balanced_band,stationary_hotspot,online,failure_aware,N061|N063,120000,True,0.05465402081405981,0.08047751478799606,19094032,110,99,438000,385000,12,434984,0.9,0.8789954337899544,0.10909090909090909,25,25,102000,102000,1,86635,1.0,1.0,0.04,85,85,300000,300000,3,299772,1.0,1.0,0.03529411764705882,110,110,402000,402000,4,386407,1.0,1.0,0.03636363636363636
calibration,0,public-hub-100-aa9d146e13c3,hub,64,126,28,1,balanced_band,shifted_hotspot,public,none,,0,False,0.05465402081405981,0.06639051738997359,18974032,110,98,438000,380000,12,424434,0.8909090909090909,0.867579908675799,0.10909090909090909,25,24,102000,97000,1,93604,0.96,0.9509803921568627,0.04,85,76,300000,248000,9,314465,0.8941176470588236,0.8266666666666667,0.10588235294117647,110,100,402000,345000,10,408069,0.9090909090909091,0.8582089552238806,0.09090909090909091
calibration,0,public-hub-100-aa9d146e13c3,hub,64,126,28,1,balanced_band,shifted_hotspot,retry,none,,0,False,0.05465402081405981,0.07099444570085087,18974032,110,99,438000,385000,12,431414,0.9,0.8789954337899544,0.10909090909090909,25,24,102000,97000,1,93604,0.96,0.9509803921568627,0.04,85,82,300000,279000,13,354408,0.9647058823529412,0.93,0.15294117647058825,110,106,402000,376000,14,448012,0.9636363636363636,0.9353233830845771,0.12727272727272726
calibration,0,public-hub-100-aa9d146e13c3,hub,64,126,28,1,balanced_band,shifted_hotspot,online,none,,0,False,0.05465402081405981,0.08677483744787497,18974032,110,99,438000,385000,12,434984,0.9,0.8789954337899544,0.10909090909090909,25,24,102000,97000,2,98661,0.96,0.9509803921568627,0.08,85,82,300000,279000,11,358581,0.9647058823529412,0.93,0.12941176470588237,110,106,402000,376000,13,457242,0.9636363636363636,0.9353233830845771,0.11818181818181818
calibration,0,public-hub-100-aa9d146e13c3,hub,64,126,28,1,balanced_band,shifted_hotspot,oracle,none,,0,False,0.05465402081405981,0.07333565099376929,18974032,110,99,438000,385000,0,431414,0.9,0.8789954337899544,0.0,25,24,102000,97000,0,93604,0.96,0.9509803921568627,0.0,85,84,300000,292000,0,389346,0.9882352941176471,0.9733333333333334,0.0,110,108,402000,389000,0,482950,0.9818181818181818,0.9676616915422885,0.0
calibration,0,public-hub-100-aa9d146e13c3,hub,64,126,28,1,balanced_band,shifted_hotspot,online,random,N008|N040,120000,False,0.05465402081405981,0.08698862442961791,19094032,110,99,438000,385000,12,434984,0.9,0.8789954337899544,0.10909090909090909,25,24,102000,97000,2,100864,0.96,0.9509803921568627,0.08,85,78,300000,267000,35,292906,0.9176470588235294,0.89,0.4117647058823529,110,102,402000,364000,37,393770,0.9272727272727272,0.9054726368159204,0.33636363636363636
calibration,0,public-hub-100-aa9d146e13c3,hub,64,126,28,1,balanced_band,shifted_hotspot,online,failure_aware,N061|N063,120000,False,0.05465402081405981,0.08711026633928114,19094032,110,99,438000,385000,12,434984,0.9,0.8789954337899544,0.10909090909090909,25,25,102000,102000,2,111905,1.0,1.0,0.08,85,80,300000,276000,33,350966,0.9411764705882353,0.92,0.38823529411764707,110,105,402000,378000,35,462871,0.9545454545454546,0.9402985074626866,0.3181818181818182
calibration,0,public-hub-100-aa9d146e13c3,hub,64,126,28,1,uniform,diffuse,public,none,,0,False,0.3148070915335392,0.3176502822817496,18974032,110,100,429000,364000,10,395602,0.9090909090909091,0.8484848484848485,0.09090909090909091,25,22,101000,77000,3,77205,0.88,0.7623762376237624,0.12,85,76,316000,256000,9,331990,0.8941176470588236,0.810126582278481,0.10588235294117647,110,98,417000,333000,12,409195,0.8909090909090909,0.7985611510791367,0.10909090909090909
calibration,0,public-hub-100-aa9d146e13c3,hub,64,126,28,1,uniform,diffuse,retry,none,,0,False,0.3148070915335392,0.32434156612800313,18974032,110,109,429000,421000,14,455041,0.990909090909091,0.9813519813519813,0.12727272727272726,25,23,101000,85000,6,88328,0.92,0.8415841584158416,0.24,85,77,316000,270000,33,341785,0.9058823529411765,0.8544303797468354,0.38823529411764707,110,100,417000,355000,39,430113,0.9090909090909091,0.8513189448441247,0.35454545454545455
calibration,0,public-hub-100-aa9d146e13c3,hub,64,126,28,1,uniform,diffuse,online,none,,0,False,0.3148070915335392,0.325276519034998,18974032,110,109,429000,421000,14,462517,0.990909090909091,0.9813519813519813,0.12727272727272726,25,23,101000,85000,5,88381,0.92,0.8415841584158416,0.2,85,78,316000,275000,32,354204,0.9176470588235294,0.870253164556962,0.3764705882352941,110,101,417000,360000,37,442585,0.9181818181818182,0.8633093525179856,0.33636363636363636
calibration,0,public-hub-100-aa9d146e13c3,hub,64,126,28,1,uniform,diffuse,oracle,none,,0,False,0.3148070915335392,0.325612796882481,18974032,110,109,429000,421000,0,455041,0.990909090909091,0.9813519813519813,0.0,25,23,101000,85000,0,88328,0.92,0.8415841584158416,0.0,85,82,316000,301000,0,385673,0.9647058823529412,0.9525316455696202,0.0,110,105,417000,386000,0,474001,0.9545454545454546,0.9256594724220624,0.0
calibration,0,public-hub-100-aa9d146e13c3,hub,64,126,28,1,uniform,diffuse,online,random,N008|N040,120000,False,0.3148070915335392,0.3341905429092072,19094032,110,109,429000,421000,14,462517,0.990909090909091,0.9813519813519813,0.12727272727272726,25,23,101000,85000,6,76043,0.92,0.8415841584158416,0.24,85,82,316000,301000,20,347880,0.9647058823529412,0.9525316455696202,0.23529411764705882,110,105,417000,386000,26,423923,0.9545454545454546,0.9256594724220624,0.23636363636363636
calibration,0,public-hub-100-aa9d146e13c3,hub,64,126,28,1,uniform,diffuse,online,failure_aware,N004|N021,120000,False,0.3148070915335392,0.3299174361305631,19094032,110,109,429000,421000,14,462517,0.990909090909091,0.9813519813519813,0.12727272727272726,25,23,101000,85000,6,95187,0.92,0.8415841584158416,0.24,85,82,316000,301000,23,391411,0.9647058823529412,0.9525316455696202,0.27058823529411763,110,105,417000,386000,29,486598,0.9545454545454546,0.9256594724220624,0.2636363636363636
calibration,0,public-hub-100-aa9d146e13c3,hub,64,126,28,1,uniform,stationary_hotspot,public,none,,0,False,0.3148070915335392,0.3116471772539663,18974032,110,91,438000,343000,19,363647,0.8272727272727273,0.7831050228310502,0.17272727272727273,25,19,102000,77000,6,75196,0.76,0.7549019607843137,0.24,85,75,300000,245000,10,319868,0.8823529411764706,0.8166666666666667,0.11764705882352941,110,94,402000,322000,16,395064,0.8545454545454545,0.8009950248756219,0.14545454545454545
calibration,0,public-hub-100-aa9d146e13c3,hub,64,126,28,1,uniform,stationary_hotspot,retry,none,,0,False,0.3148070915335392,0.31215420945254035,18974032,110,98,438000,387000,22,441952,0.8909090909090909,0.8835616438356164,0.2,25,19,102000,77000,6,75196,0.76,0.7549019607843137,0.24,85,77,300000,258000,15,338736,0.9058823529411765,0.86,0.17647058823529413,110,96,402000,335000,21,413932,0.8727272727272727,0.8333333333333334,0.19090909090909092
calibration,0,public-hub-100-aa9d146e13c3,hub,64,126,28,1,uniform,stationary_hotspot,online,none,,0,False,0.3148070915335392,0.3178185309673411,18974032,110,98,438000,387000,21,444255,0.8909090909090909,0.8835616438356164,0.19090909090909092,25,19,102000,77000,6,75885,0.76,0.7549019607843137,0.24,85,77,300000,258000,16,340156,0.9058823529411765,0.86,0.18823529411764706,110,96,402000,335000,22,416041,0.8727272727272727,0.8333333333333334,0.2
calibration,0,public-hub-100-aa9d146e13c3,hub,64,126,28,1,uniform,stationary_hotspot,oracle,none,,0,False,0.3148070915335392,0.31215420945254035,18974032,110,98,438000,387000,0,441952,0.8909090909090909,0.8835616438356164,0.0,25,19,102000,77000,0,75196,0.76,0.7549019607843137,0.0,85,77,300000,258000,0,338736,0.9058823529411765,0.86,0.0,110,96,402000,335000,0,413932,0.8727272727272727,0.8333333333333334,0.0
calibration,0,public-hub-100-aa9d146e13c3,hub,64,126,28,1,uniform,stationary_hotspot,online,random,N008|N040,120000,False,0.3148070915335392,0.31177925991540617,19094032,110,98,438000,387000,21,444255,0.8909090909090909,0.8835616438356164,0.19090909090909092,25,19,102000,77000,6,82876,0.76,0.7549019607843137,0.24,85,77,300000,258000,15,288943,0.9058823529411765,0.86,0.17647058823529413,110,96,402000,335000,21,371819,0.8727272727272727,0.8333333333333334,0.19090909090909092
calibration,0,public-hub-100-aa9d146e13c3,hub,64,126,28,1,uniform,stationary_hotspot,online,failure_aware,N061|N063,120000,True,0.3148070915335392,0.31673843250261835,19094032,110,98,438000,387000,21,444255,0.8909090909090909,0.8835616438356164,0.19090909090909092,25,25,102000,102000,1,87125,1.0,1.0,0.04,85,83,300000,287000,9,299579,0.9764705882352941,0.9566666666666667,0.10588235294117647,110,108,402000,389000,10,386704,0.9818181818181818,0.9676616915422885,0.09090909090909091
calibration,0,public-hub-100-aa9d146e13c3,hub,64,126,28,1,uniform,shifted_hotspot,public,none,,0,False,0.3148070915335392,0.30508232924980705,18974032,110,91,438000,343000,19,363647,0.8272727272727273,0.7831050228310502,0.17272727272727273,25,23,102000,89000,2,87304,0.92,0.8725490196078431,0.08,85,74,300000,243000,11,315290,0.8705882352941177,0.81,0.12941176470588237,110,97,402000,332000,13,402594,0.8818181818181818,0.8258706467661692,0.11818181818181818
calibration,0,public-hub-100-aa9d146e13c3,hub,64,126,28,1,uniform,shifted_hotspot,retry,none,,0,False,0.3148070915335392,0.3115463229661716,18974032,110,98,438000,387000,22,441952,0.8909090909090909,0.8835616438356164,0.2,25,23,102000,92000,5,90159,0.92,0.9019607843137255,0.2,85,78,300000,263000,24,346823,0.9176470588235294,0.8766666666666667,0.2823529411764706,110,101,402000,355000,29,436982,0.9181818181818182,0.8830845771144279,0.2636363636363636
calibration,0,public-hub-100-aa9d146e13c3,hub,64,126,28,1,uniform,shifted_hotspot,online,none,,0,False,0.3148070915335392,0.3175849761458198,18974032,110,98,438000,387000,21,444255,0.8909090909090909,0.8835616438356164,0.19090909090909092,25,23,102000,92000,5,90848,0.92,0.9019607843137255,0.2,85,77,300000,255000,26,335235,0.9058823529411765,0.85,0.3058823529411765,110,100,402000,347000,31,426083,0.9090909090909091,0.8631840796019901,0.2818181818181818
calibration,0,public-hub-100-aa9d146e13c3,hub,64,126,28,1,uniform,shifted_hotspot,oracle,none,,0,False,0.3148070915335392,0.3073628070751902,18974032,110,98,438000,387000,0,441952,0.8909090909090909,0.8835616438356164,0.0,25,24,102000,97000,0,104289,0.96,0.9509803921568627,0.0,85,81,300000,274000,0,395095,0.9529411764705882,0.9133333333333333,0.0,110,105,402000,371000,0,499384,0.9545454545454546,0.9228855721393034,0.0
calibration,0,public-hub-100-aa9d146e13c3,hub,64,126,28,1,uniform,shifted_hotspot,online,random,N008|N040,120000,False,0.3148070915335392,0.3190048743676828,19094032,110,98,438000,387000,21,444255,0.8909090909090909,0.8835616438356164,0.19090909090909092,25,24,102000,97000,6,110590,0.96,0.9509803921568627,0.24,85,70,300000,243000,56,271413,0.8235294117647058,0.81,0.6588235294117647,110,94,402000,340000,62,382003,0.8545454545454545,0.845771144278607,0.5636363636363636
calibration,0,public-hub-100-aa9d146e13c3,hub,64,126,28,1,uniform,shifted_hotspot,online,failure_aware,N061|N063,120000,False,0.3148070915335392,0.31881398661066346,19094032,110,98,438000,387000,21,444255,0.8909090909090909,0.8835616438356164,0.19090909090909092,25,25,102000,102000,6,121631,1.0,1.0,0.24,85,71,300000,251000,56,326350,0.8352941176470589,0.8366666666666667,0.6588235294117647,110,96,402000,353000,62,447981,0.8727272727272727,0.8781094527363185,0.5636363636363636
calibration,0,public-hub-100-aa9d146e13c3,hub,64,126,28,1,polarized,diffuse,public,none,,0,False,0.7187284127971284,0.6873380839149178,18974032,110,84,429000,273000,26,303747,0.7636363636363637,0.6363636363636364,0.23636363636363636,25,20,101000,61000,5,62269,0.8,0.6039603960396039,0.2,85,66,316000,218000,19,264716,0.7764705882352941,0.689873417721519,0.2235294117647059,110,86,417000,279000,24,326985,0.7818181818181819,0.6690647482014388,0.21818181818181817
calibration,0,public-hub-100-aa9d146e13c3,hub,64,126,28,1,polarized,diffuse,retry,none,,0,False,0.7187284127971284,0.6770487967858084,18974032,110,95,429000,339000,57,387576,0.8636363636363636,0.7902097902097902,0.5181818181818182,25,21,101000,69000,10,71857,0.84,0.6831683168316832,0.4,85,68,316000,233000,45,275669,0.8,0.7373417721518988,0.5294117647058824,110,89,417000,302000,55,347526,0.8090909090909091,0.7242206235011991,0.5
calibration,0,public-hub-100-aa9d146e13c3,hub,64,126,28,1,polarized,diffuse,online,none,,0,False,0.7187284127971284,0.6750972596784274,18974032,110,97,429000,346000,52,398134,0.8818181818181818,0.8065268065268065,0.4727272727272727,25,21,101000,69000,11,72330,0.84,0.6831683168316832,0.44,85,68,316000,230000,44,272207,0.8,0.7278481012658228,0.5176470588235295,110,89,417000,299000,55,344537,0.8090909090909091,0.7170263788968825,0.5
calibration,0,public-hub-100-aa9d146e13c3,hub,64,126,28,1,polarized,diffuse,oracle,none,,0,False,0.7187284127971284,0.663641399271082,18974032,110,102,429000,380000,0,454859,0.9272727272727272,0.8857808857808858,0.0,25,22,101000,77000,0,87462,0.88,0.7623762376237624,0.0,85,75,316000,277000,0,1475034,0.8823529411764706,0.8765822784810127,0.0,110,97,417000,354000,0,1562496,0.8818181818181818,0.8489208633093526,0.0
calibration,0,public-hub-100-aa9d146e13c3,hub,64,126,28,1,polarized,diffuse,online,random,N008|N040,120000,False,0.7187284127971284,0.6802292273397433,19094032,110,97,429000,346000,52,398134,0.8818181818181818,0.8065268065268065,0.4727272727272727,25,21,101000,69000,9,56577,0.84,0.6831683168316832,0.36,85,68,316000,230000,47,284239,0.8,0.7278481012658228,0.5529411764705883,110,89,417000,299000,56,340816,0.8090909090909091,0.7170263788968825,0.509090909090909
calibration,0,public-hub-100-aa9d146e13c3,hub,64,126,28,1,polarized,diffuse,online,failure_aware,N048|N050,120000,False,0.7187284127971284,0.6773633489397858,19094032,110,97,429000,346000,52,398134,0.8818181818181818,0.8065268065268065,0.4727272727272727,25,21,101000,69000,9,75721,0.84,0.6831683168316832,0.36,85,68,316000,230000,46,294465,0.8,0.7278481012658228,0.5411764705882353,110,89,417000,299000,55,370186,0.8090909090909091,0.7170263788968825,0.5
calibration,0,public-hub-100-aa9d146e13c3,hub,64,126,28,1,polarized,stationary_hotspot,public,none,,0,False,0.7187284127971284,0.6800881149221443,18974032,110,85,438000,297000,25,322337,0.7727272727272727,0.678082191780822,0.22727272727272727,25,18,102000,69000,7,67468,0.72,0.6764705882352942,0.28,85,71,300000,228000,14,289669,0.8352941176470589,0.76,0.16470588235294117,110,89,402000,297000,21,357137,0.8090909090909091,0.7388059701492538,0.19090909090909092
calibration,0,public-hub-100-aa9d146e13c3,hub,64,126,28,1,polarized,stationary_hotspot,retry,none,,0,False,0.7187284127971284,0.6811310383205722,18974032,110,92,438000,341000,40,408541,0.8363636363636363,0.7785388127853882,0.36363636363636365,25,18,102000,69000,9,67468,0.72,0.6764705882352942,0.36,85,73,300000,235000,25,287097,0.8588235294117647,0.7833333333333333,0.29411764705882354,110,91,402000,304000,34,354565,0.8272727272727273,0.7562189054726368,0.3090909090909091
calibration,0,public-hub-100-aa9d146e13c3,hub,64,126,28,1,polarized,stationary_hotspot,online,none,,0,False,0.7187284127971284,0.681782414870046,18974032,110,92,438000,341000,41,409547,0.8363636363636363,0.7785388127853882,0.37272727272727274,25,18,102000,69000,9,68244,0.72,0.6764705882352942,0.36,85,74,300000,240000,24,289128,0.8705882352941177,0.8,0.2823529411764706,110,92,402000,309000,33,357372,0.8363636363636363,0.7686567164179104,0.3
calibration,0,public-hub-100-aa9d146e13c3,hub,64,126,28,1,polarized,stationary_hotspot,oracle,none,,0,False,0.7187284127971284,0.6762325969576325,18974032,110,94,438000,351000,0,428634,0.8545454545454545,0.8013698630136986,0.0,25,19,102000,77000,0,80436,0.76,0.7549019607843137,0.0,85,75,300000,248000,0,324021,0.8823529411764706,0.8266666666666667,0.0,110,94,402000,325000,0,404457,0.8545454545454545,0.8084577114427861,0.0
calibration,0,public-hub-100-aa9d146e13c3,hub,64,126,28,1,polarized,stationary_hotspot,online,random,N008|N040,120000,False,0.7187284127971284,0.6704934595013972,19094032,110,92,438000,341000,41,409547,0.8363636363636363,0.7785388127853882,0.37272727272727274,25,18,102000,69000,9,75148,0.72,0.6764705882352942,0.36,85,76,300000,253000,20,287573,0.8941176470588236,0.8433333333333334,0.23529411764705882,110,94,402000,322000,29,362721,0.8545454545454545,0.8009950248756219,0.2636363636363636
calibration,0,public-hub-100-aa9d146e13c3,hub,64,126,28,1,polarized,stationary_hotspot,online,failure_aware,N061|N063,120000,True,0.7187284127971284,0.6775185996428026,19094032,110,92,438000,341000,41,409547,0.8363636363636363,0.7785388127853882,0.37272727272727274,25,24,102000,94000,4,79397,0.96,0.9215686274509803,0.16,85,80,300000,269000,20,255671,0.9411764705882353,0.8966666666666666,0.23529411764705882,110,104,402000,363000,24,335068,0.9454545454545454,0.9029850746268657,0.21818181818181817
calibration,0,public-hub-100-aa9d146e13c3,hub,64,126,28,1,polarized,shifted_hotspot,public,none,,0,False,0.7187284127971284,0.6738386723634234,18974032,110,85,438000,297000,25,322337,0.7727272727272727,0.678082191780822,0.22727272727272727,25,21,102000,76000,4,74851,0.84,0.7450980392156863,0.16,85,72,300000,230000,13,291391,0.8470588235294118,0.7666666666666667,0.15294117647058825,110,93,402000,306000,17,366242,0.8454545454545455,0.7611940298507462,0.15454545454545454
calibration,0,public-hub-100-aa9d146e13c3,hub,64,126,28,1,polarized,shifted_hotspot,retry,none,,0,False,0.7187284127971284,0.683515656123352,18974032,110,92,438000,341000,40,408541,0.8363636363636363,0.7785388127853882,0.36363636363636365,25,23,102000,89000,6,88436,0.92,0.8725490196078431,0.24,85,77,300000,248000,30,308823,0.9058823529411765,0.8266666666666667,0.35294117647058826,110,100,402000,337000,36,397259,0.9090909090909091,0.8383084577114428,0.32727272727272727
calibration,0,public-hub-100-aa9d146e13c3,hub,64,126,28,1,polarized,shifted_hotspot,online,none,,0,False,0.7187284127971284,0.6829071188599852,18974032,110,92,438000,341000,41,409547,0.8363636363636363,0.7785388127853882,0.37272727272727274,25,23,102000,89000,7,89212,0.92,0.8725490196078431,0.28,85,79,300000,258000,28,323460,0.9294117647058824,0.86,0.32941176470588235,110,102,402000,347000,35,412672,0.9272727272727272,0.8631840796019901,0.3181818181818182
calibration,0,public-hub-100-aa9d146e13c3,hub,64,126,28,1,polarized,shifted_hotspot,oracle,none,,0,False,0.7187284127971284,0.6734393570825239,18974032,110,94,438000,351000,0,428634,0.8545454545454545,0.8013698630136986,0.0,25,24,102000,97000,0,101404,0.96,0.9509803921568627,0.0,85,81,300000,274000,0,392504,0.9529411764705882,0.9133333333333333,0.0,110,105,402000,371000,0,493908,0.9545454545454546,0.9228855721393034,0.0
calibration,0,public-hub-100-aa9d146e13c3,hub,64,126,28,1,polarized,shifted_hotspot,online,random,N008|N040,120000,False,0.7187284127971284,0.6739322761308365,19094032,110,92,438000,341000,41,409547,0.8363636363636363,0.7785388127853882,0.37272727272727274,25,23,102000,89000,7,96662,0.92,0.8725490196078431,0.28,85,78,300000,267000,36,321051,0.9176470588235294,0.89,0.4235294117647059,110,101,402000,356000,43,417713,0.9181818181818182,0.8855721393034826,0.39090909090909093
calibration,0,public-hub-100-aa9d146e13c3,hub,64,126,28,1,polarized,shifted_hotspot,online,failure_aware,N061|N063,120000,False,0.7187284127971284,0.6753955007985462,19094032,110,92,438000,341000,41,409547,0.8363636363636363,0.7785388127853882,0.37272727272727274,25,24,102000,94000,7,107703,0.96,0.9215686274509803,0.28,85,77,300000,262000,41,334377,0.9058823529411765,0.8733333333333333,0.4823529411764706,110,101,402000,356000,48,442080,0.9181818181818182,0.8855721393034826,0.43636363636363634
calibration,0,public-hub-100-aa9d146e13c3,hub,64,126,28,2,balanced_band,diffuse,public,none,,0,False,0.05143068225815395,0.08550991288142228,18974032,110,106,470000,444000,4,494526,0.9636363636363636,0.9446808510638298,0.03636363636363636,25,24,92000,84000,1,91321,0.96,0.9130434782608695,0.04,85,79,353000,318000,6,297742,0.9294117647058824,0.9008498583569405,0.07058823529411765,110,103,445000,402000,7,389063,0.9363636363636364,0.903370786516854,0.06363636363636363
calibration,0,public-hub-100-aa9d146e13c3,hub,64,126,28,2,balanced_band,diffuse,retry,none,,0,False,0.05143068225815395,0.08622294020152484,18974032,110,107,470000,452000,10,506392,0.9727272727272728,0.9617021276595744,0.09090909090909091,25,25,92000,92000,1,95321,1.0,1.0,0.04,85,84,353000,345000,10,341168,0.9882352941176471,0.9773371104815864,0.11764705882352941,110,109,445000,437000,11,436489,0.990909090909091,0.9820224719101124,0.1
calibration,0,public-hub-100-aa9d146e13c3,hub,64,126,28,2,balanced_band,diffuse,online,none,,0,False,0.05143068225815395,0.08531597880204994,18974032,110,107,470000,452000,11,508368,0.9727272727272728,0.9617021276595744,0.1,25,25,92000,92000,0,94008,1.0,1.0,0.0,85,85,353000,353000,6,355133,1.0,1.0,0.07058823529411765,110,110,445000,445000,6,449141,1.0,1.0,0.05454545454545454
calibration,0,public-hub-100-aa9d146e13c3,hub,64,126,28,2,balanced_band,diffuse,oracle,none,,0,False,0.05143068225815395,0.08713008432281427,18974032,110,108,470000,454000,0,510747,0.9818181818181818,0.9659574468085106,0.0,25,25,92000,92000,0,95321,1.0,1.0,0.0,85,85,353000,353000,0,353536,1.0,1.0,0.0,110,110,445000,445000,0,448857,1.0,1.0,0.0
calibration,0,public-hub-100-aa9d146e13c3,hub,64,126,28,2,balanced_band,diffuse,online,random,N006|N011,120000,False,0.05143068225815395,0.0799567405556796,19094032,110,107,470000,452000,11,508368,0.9727272727272728,0.9617021276595744,0.1,25,25,92000,92000,2,100812,1.0,1.0,0.08,85,85,353000,353000,4,335737,1.0,1.0,0.047058823529411764,110,110,445000,445000,6,436549,1.0,1.0,0.05454545454545454
calibration,0,public-hub-100-aa9d146e13c3,hub,64,126,28,2,balanced_band,diffuse,online,failure_aware,N028|N030,120000,False,0.05143068225815395,0.07910110456886403,19094032,110,107,470000,452000,11,508368,0.9727272727272728,0.9617021276595744,0.1,25,25,92000,92000,2,97914,1.0,1.0,0.08,85,85,353000,353000,5,337796,1.0,1.0,0.058823529411764705,110,110,445000,445000,7,435710,1.0,1.0,0.06363636363636363
calibration,0,public-hub-100-aa9d146e13c3,hub,64,126,28,2,balanced_band,stationary_hotspot,public,none,,0,False,0.05143068225815395,0.07500678773599308,18974032,110,96,445000,368000,14,435075,0.8727272727272727,0.8269662921348314,0.12727272727272726,25,22,83000,65000,3,62692,0.88,0.7831325301204819,0.12,85,68,387000,296000,17,330326,0.8,0.7648578811369509,0.2,110,90,470000,361000,20,393018,0.8181818181818182,0.7680851063829788,0.18181818181818182
calibration,0,public-hub-100-aa9d146e13c3,hub,64,126,28,2,balanced_band,stationary_hotspot,retry,none,,0,False,0.05143068225815395,0.07172451974564796,18974032,110,103,445000,412000,32,515742,0.9363636363636364,0.9258426966292135,0.2909090909090909,25,23,83000,70000,6,71792,0.92,0.8433734939759037,0.24,85,65,387000,286000,62,317371,0.7647058823529411,0.7390180878552972,0.7294117647058823,110,88,470000,356000,68,389163,0.8,0.7574468085106383,0.6181818181818182
calibration,0,public-hub-100-aa9d146e13c3,hub,64,126,28,2,balanced_band,stationary_hotspot,online,none,,0,False,0.05143068225815395,0.07617253772782187,18974032,110,103,445000,412000,32,513548,0.9363636363636364,0.9258426966292135,0.2909090909090909,25,23,83000,70000,6,72542,0.92,0.8433734939759037,0.24,85,65,387000,286000,60,315212,0.7647058823529411,0.7390180878552972,0.7058823529411765,110,88,470000,356000,66,387754,0.8,0.7574468085106383,0.6
calibration,0,public-hub-100-aa9d146e13c3,hub,64,126,28,2,balanced_band,stationary_hotspot,oracle,none,,0,False,0.05143068225815395,0.07205806583797232,18974032,110,103,445000,412000,0,515742,0.9363636363636364,0.9258426966292135,0.0,25,23,83000,70000,0,71792,0.92,0.8433734939759037,0.0,85,65,387000,289000,0,324864,0.7647058823529411,0.7467700258397932,0.0,110,88,470000,359000,0,396656,0.8,0.7638297872340426,0.0
calibration,0,public-hub-100-aa9d146e13c3,hub,64,126,28,2,balanced_band,stationary_hotspot,online,random,N006|N011,120000,False,0.05143068225815395,0.08980666003903345,19094032,110,103,445000,412000,32,513548,0.9363636363636364,0.9258426966292135,0.2909090909090909,25,23,83000,70000,7,70621,0.92,0.8433734939759037,0.28,85,65,387000,286000,65,309617,0.7647058823529411,0.7390180878552972,0.7647058823529411,110,88,470000,356000,72,380238,0.8,0.7574468085106383,0.6545454545454545
calibration,0,public-hub-100-aa9d146e13c3,hub,64,126,28,2,balanced_band,stationary_hotspot,online,failure_aware,N056|N063,120000,True,0.05143068225815395,0.09142135866079305,19094032,110,103,445000,412000,32,513548,0.9363636363636364,0.9258426966292135,0.2909090909090909,25,25,83000,83000,0,60113,1.0,1.0,0.0,85,77,387000,333000,28,260985,0.9058823529411765,0.8604651162790697,0.32941176470588235,110,102,470000,416000,28,321098,0.9272727272727272,0.8851063829787233,0.2545454545454545
calibration,0,public-hub-100-aa9d146e13c3,hub,64,126,28,2,balanced_band,shifted_hotspot,public,none,,0,False,0.05143068225815395,0.07237185212625524,18974032,110,96,445000,368000,14,435075,0.8727272727272727,0.8269662921348314,0.12727272727272726,25,23,83000,73000,2,74363,0.92,0.8795180722891566,0.08,85,67,387000,284000,18,321741,0.788235294117647,0.7338501291989664,0.21176470588235294,110,90,470000,357000,20,396104,0.8181818181818182,0.7595744680851064,0.18181818181818182
calibration,0,public-hub-100-aa9d146e13c3,hub,64,126,28,2,balanced_band,shifted_hotspot,retry,none,,0,False,0.05143068225815395,0.07486853104882762,18974032,110,103,445000,412000,32,515742,0.9363636363636364,0.9258426966292135,0.2909090909090909,25,24,83000,78000,3,83463,0.96,0.9397590361445783,0.12,85,66,387000,291000,61,327078,0.7764705882352941,0.751937984496124,0.7176470588235294,110,90,470000,369000,64,410541,0.8181818181818182,0.7851063829787234,0.5818181818181818
calibration,0,public-hub-100-aa9d146e13c3,hub,64,126,28,2,balanced_band,shifted_hotspot,online,none,,0,False,0.05143068225815395,0.08039565880747113,18974032,110,103,445000,412000,32,513548,0.9363636363636364,0.9258426966292135,0.2909090909090909,25,24,83000,78000,3,84213,0.96,0.9397590361445783,0.12,85,70,387000,295000,52,346787,0.8235294117647058,0.7622739018087855,0.611764705882353,110,94,470000,373000,55,431000,0.8545454545454545,0.7936170212765957,0.5
calibration,0,public-hub-100-aa9d146e13c3,hub,64,126,28,2,balanced_band,shifted_hotspot,oracle,none,,0,False,0.05143068225815395,0.08504749074804303,18974032,110,103,445000,412000,0,515742,0.9363636363636364,0.9258426966292135,0.0,25,25,83000,83000,0,99919,1.0,1.0,0.0,85,68,387000,313000,0,394385,0.8,0.8087855297157622,0.0,110,93,470000,396000,0,494304,0.8454545454545455,0.8425531914893617,0.0
calibration,0,public-hub-100-aa9d146e13c3,hub,64,126,28,2,balanced_band,shifted_hotspot,online,random,N006|N011,120000,False,0.05143068225815395,0.08920537235330392,19094032,110,103,445000,412000,32,513548,0.9363636363636364,0.9258426966292135,0.2909090909090909,25,24,83000,78000,3,80542,0.96,0.9397590361445783,0.12,85,65,387000,261000,74,283940,0.7647058823529411,0.6744186046511628,0.8705882352941177,110,89,470000,339000,77,364482,0.8090909090909091,0.7212765957446808,0.7
calibration,0,public-hub-100-aa9d146e13c3,hub,64,126,28,2,balanced_band,shifted_hotspot,online,failure_aware,N056|N063,120000,False,0.05143068225815395,0.08947123345170324,19094032,110,103,445000,412000,32,513548,0.9363636363636364,0.9258426966292135,0.2909090909090909,25,24,83000,78000,3,80542,0.96,0.9397590361445783,0.12,85,65,387000,261000,74,283680,0.7647058823529411,0.6744186046511628,0.8705882352941177,110,89,470000,339000,77,364222,0.8090909090909091,0.7212765957446808,0.7
calibration,0,public-hub-100-aa9d146e13c3,hub,64,126,28,2,uniform,diffuse,public,none,,0,False,0.29624094645350196,0.3015983561295849,18974032,110,92,470000,351000,18,413762,0.8363636363636363,0.7468085106382979,0.16363636363636364,25,21,92000,76000,4,82822,0.84,0.8260869565217391,0.16,85,70,353000,255000,15,254074,0.8235294117647058,0.7223796033994334,0.17647058823529413,110,91,445000,331000,19,336896,0.8272727272727273,0.7438202247191011,0.17272727272727273
calibration,0,public-hub-100-aa9d146e13c3,hub,64,126,28,2,uniform,diffuse,retry,none,,0,False,0.29624094645350196,0.29914638754150624,18974032,110,106,470000,444000,22,521559,0.9636363636363636,0.9446808510638298,0.2,25,24,92000,84000,5,93621,0.96,0.9130434782608695,0.2,85,80,353000,322000,26,343515,0.9411764705882353,0.9121813031161473,0.3058823529411765,110,104,445000,406000,31,437136,0.9454545454545454,0.9123595505617977,0.2818181818181818
calibration,0,public-hub-100-aa9d146e13c3,hub,64,126,28,2,uniform,diffuse,online,none,,0,False,0.29624094645350196,0.2966923255362792,18974032,110,106,470000,444000,23,522056,0.9636363636363636,0.9446808510638298,0.20909090909090908,25,24,92000,84000,5,95458,0.96,0.9130434782608695,0.2,85,81,353000,330000,23,354824,0.9529411764705882,0.9348441926345609,0.27058823529411763,110,105,445000,414000,28,450282,0.9545454545454546,0.9303370786516854,0.2545454545454545
calibration,0,public-hub-100-aa9d146e13c3,hub,64,126,28,2,uniform,diffuse,oracle,none,,0,False,0.29624094645350196,0.2991155391610454,18974032,110,106,470000,444000,0,521559,0.9636363636363636,0.9446808510638298,0.0,25,24,92000,84000,0,93621,0.96,0.9130434782608695,0.0,85,82,353000,332000,0,363027,0.9647058823529412,0.9405099150141643,0.0,110,106,445000,416000,0,456648,0.9636363636363636,0.9348314606741573,0.0
calibration,0,public-hub-100-aa9d146e13c3,hub,64,126,28,2,uniform,diffuse,online,random,N006|N011,120000,False,0.29624094645350196,0.3006338824399481,19094032,110,106,470000,444000,23,522056,0.9636363636363636,0.9446808510638298,0.20909090909090908,25,24,92000,84000,6,101299,0.96,0.9130434782608695,0.24,85,80,353000,328000,26,341719,0.9411764705882353,0.9291784702549575,0.3058823529411765,110,104,445000,412000,32,443018,0.9454545454545454,0.9258426966292135,0.2909090909090909
calibration,0,public-hub-100-aa9d146e13c3,hub,64,126,28,2,uniform,diffuse,online,failure_aware,N050|N060,120000,False,0.29624094645350196,0.3018125086748207,19094032,110,106,470000,444000,23,522056,0.9636363636363636,0.9446808510638298,0.20909090909090908,25,24,92000,84000,7,101299,0.96,0.9130434782608695,0.28,85,80,353000,328000,26,336919,0.9411764705882353,0.9291784702549575,0.3058823529411765,110,104,445000,412000,33,438218,0.9454545454545454,0.9258426966292135,0.3
calibration,0,public-hub-100-aa9d146e13c3,hub,64,126,28,2,uniform,stationary_hotspot,public,none,,0,False,0.29624094645350196,0.3088924658309032,18974032,110,87,445000,310000,23,379787,0.7909090909090909,0.6966292134831461,0.20909090909090908,25,22,83000,65000,3,62692,0.88,0.7831325301204819,0.12,85,67,387000,282000,18,313060,0.788235294117647,0.7286821705426356,0.21176470588235294,110,89,470000,347000,21,375752,0.8090909090909091,0.7382978723404255,0.19090909090909092
calibration,0,public-hub-100-aa9d146e13c3,hub,64,126,28,2,uniform,stationary_hotspot,retry,none,,0,False,0.29624094645350196,0.30057094690002456,18974032,110,101,445000,402000,47,525918,0.9181818181818182,0.903370786516854,0.42727272727272725,25,23,83000,70000,8,73692,0.92,0.8433734939759037,0.32,85,63,387000,270000,67,292052,0.7411764705882353,0.6976744186046512,0.788235294117647,110,86,470000,340000,75,365744,0.7818181818181819,0.723404255319149,0.6818181818181818
calibration,0,public-hub-100-aa9d146e13c3,hub,64,126,28,2,uniform,stationary_hotspot,online,none,,0,False,0.29624094645350196,0.30096455423701013,18974032,110,101,445000,402000,42,525935,0.9181818181818182,0.903370786516854,0.38181818181818183,25,23,83000,70000,8,75348,0.92,0.8433734939759037,0.32,85,63,387000,270000,66,292660,0.7411764705882353,0.6976744186046512,0.7764705882352941,110,86,470000,340000,74,368008,0.7818181818181819,0.723404255319149,0.6727272727272727
calibration,0,public-hub-100-aa9d146e13c3,hub,64,126,28,2,uniform,stationary_hotspot,oracle,none,,0,False,0.29624094645350196,0.303838332301531,18974032,110,101,445000,402000,0,525918,0.9181818181818182,0.903370786516854,0.0,25,23,83000,70000,0,73692,0.92,0.8433734939759037,0.0,85,64,387000,278000,0,303956,0.7529411764705882,0.7183462532299741,0.0,110,87,470000,348000,0,377648,0.7909090909090909,0.7404255319148936,0.0
calibration,0,public-hub-100-aa9d146e13c3,hub,64,126,28,2,uniform,stationary_hotspot,online,random,N006|N011,120000,False,0.29624094645350196,0.309506632383834,19094032,110,101,445000,402000,42,525935,0.9181818181818182,0.903370786516854,0.38181818181818183,25,23,83000,70000,8,73114,0.92,0.8433734939759037,0.32,85,64,387000,278000,65,283755,0.7529411764705882,0.7183462532299741,0.7647058823529411,110,87,470000,348000,73,356869,0.7909090909090909,0.7404255319148936,0.6636363636363637
calibration,0,public-hub-100-aa9d146e13c3,hub,64,126,28,2,uniform,stationary_hotspot,online,failure_aware,N056|N063,120000,True,0.29624094645350196,0.3171356578531026,19094032,110,101,445000,402000,42,525935,0.9181818181818182,0.903370786516854,0.38181818181818183,25,25,83000,83000,2,64716,1.0,1.0,0.08,85,76,387000,325000,31,240478,0.8941176470588236,0.8397932816537468,0.36470588235294116,110,101,470000,408000,33,305194,0.9181818181818182,0.8680851063829788,0.3
calibration,0,public-hub-100-aa9d146e13c3,hub,64,126,28,2,uniform,shifted_hotspot,public,none,,0,False,0.29624094645350196,0.3035888770558394,18974032,110,87,445000,310000,23,379787,0.7909090909090909,0.6966292134831461,0.20909090909090908,25,23,83000,70000,2,71960,0.92,0.8433734939759037,0.08,85,65,387000,265000,20,298665,0.7647058823529411,0.6847545219638242,0.23529411764705882,110,88,470000,335000,22,370625,0.8,0.7127659574468085,0.2
calibration,0,public-hub-100-aa9d146e13c3,hub,64,126,28,2,uniform,shifted_hotspot,retry,none,,0,False,0.29624094645350196,0.30432302740725975,18974032,110,101,445000,402000,47,525918,0.9181818181818182,0.903370786516854,0.42727272727272725,25,25,83000,83000,4,94660,1.0,1.0,0.16,85,65,387000,273000,63,302151,0.7647058823529411,0.7054263565891473,0.7411764705882353,110,90,470000,356000,67,396811,0.8181818181818182,0.7574468085106383,0.6090909090909091
calibration,0,public-hub-100-aa9d146e13c3,hub,64,126,28,2,uniform,shifted_hotspot,online,none,,0,False,0.29624094645350196,0.3051921153307513,18974032,110,101,445000,402000,42,525935,0.9181818181818182,0.903370786516854,0.38181818181818183,25,25,83000,83000,4,96316,1.0,1.0,0.16,85,67,387000,275000,58,313632,0.788235294117647,0.710594315245478,0.6823529411764706,110,92,470000,358000,62,409948,0.8363636363636363,0.7617021276595745,0.5636363636363636
calibration,0,public-hub-100-aa9d146e13c3,hub,64,126,28,2,uniform,shifted_hotspot,oracle,none,,0,False,0.29624094645350196,0.30823655660016464,18974032,110,101,445000,402000,0,525918,0.9181818181818182,0.903370786516854,0.0,25,25,83000,83000,0,94660,1.0,1.0,0.0,85,68,387000,283000,0,324507,0.8,0.7312661498708011,0.0,110,93,470000,366000,0,419167,0.8454545454545455,0.7787234042553192,0.0
calibration,0,public-hub-100-aa9d146e13c3,hub,64,126,28,2,uniform,shifted_hotspot,online,random,N006|N011,120000,False,0.29624094645350196,0.3095613058562844,19094032,110,101,445000,402000,42,525935,0.9181818181818182,0.903370786516854,0.38181818181818183,25,25,83000,83000,3,91772,1.0,1.0,0.12,85,66,387000,270000,70,288520,0.7764705882352941,0.6976744186046512,0.8235294117647058,110,91,470000,353000,73,380292,0.8272727272727273,0.7510638297872341,0.6636363636363637
calibration,0,public-hub-100-aa9d146e13c3,hub,64,126,28,2,uniform,shifted_hotspot,online,failure_aware,N056|N063,120000,False,0.29624094645350196,0.31017649231221844,19094032,110,101,445000,402000,42,525935,0.9181818181818182,0.903370786516854,0.38181818181818183,25,25,83000,83000,3,91772,1.0,1.0,0.12,85,66,387000,270000,70,288260,0.7764705882352941,0.6976744186046512,0.8235294117647058,110,91,470000,353000,73,380032,0.8272727272727273,0.7510638297872341,0.6636363636363637
calibration,0,public-hub-100-aa9d146e13c3,hub,64,126,28,2,polarized,diffuse,public,none,,0,False,0.7025154951876461,0.6668590858133531,18974032,110,70,470000,239000,40,287374,0.6363636363636364,0.5085106382978724,0.36363636363636365,25,18,92000,55000,7,64692,0.72,0.5978260869565217,0.28,85,64,353000,226000,21,247864,0.7529411764705882,0.6402266288951841,0.24705882352941178,110,82,445000,281000,28,312556,0.7454545454545455,0.6314606741573033,0.2545454545454545
calibration,0,public-hub-100-aa9d146e13c3,hub,64,126,28,2,polarized,diffuse,retry,none,,0,False,0.7025154951876461,0.6442746986633079,18974032,110,94,470000,375000,69,483164,0.8545454545454545,0.7978723404255319,0.6272727272727273,25,24,92000,84000,6,94314,0.96,0.9130434782608695,0.24,85,67,353000,250000,47,266574,0.788235294117647,0.7082152974504249,0.5529411764705883,110,91,445000,334000,53,360888,0.8272727272727273,0.750561797752809,0.4818181818181818
calibration,0,public-hub-100-aa9d146e13c3,hub,64,126,28,2,polarized,diffuse,online,none,,0,False,0.7025154951876461,0.6407928306279193,18974032,110,95,470000,377000,62,490250,0.8636363636363636,0.8021276595744681,0.5636363636363636,25,24,92000,84000,4,96162,0.96,0.9130434782608695,0.16,85,68,353000,258000,46,282749,0.8,0.7308781869688386,0.5411764705882353,110,92,445000,342000,50,378911,0.8363636363636363,0.7685393258426966,0.45454545454545453
calibration,0,public-hub-100-aa9d146e13c3,hub,64,126,28,2,polarized,diffuse,oracle,none,,0,False,0.7025154951876461,0.6411228366536212,18974032,110,99,470000,406000,0,541954,0.9,0.8638297872340426,0.0,25,24,92000,84000,0,95545,0.96,0.9130434782608695,0.0,85,73,353000,295000,0,453479,0.8588235294117647,0.8356940509915014,0.0,110,97,445000,379000,0,549024,0.8818181818181818,0.851685393258427,0.0
calibration,0,public-hub-100-aa9d146e13c3,hub,64,126,28,2,polarized,diffuse,online,random,N006|N011,120000,False,0.7025154951876461,0.635527673458117,19094032,110,95,470000,377000,62,490250,0.8636363636363636,0.8021276595744681,0.5636363636363636,25,24,92000,84000,6,103628,0.96,0.9130434782608695,0.24,85,69,353000,263000,44,263604,0.8117647058823529,0.7450424929178471,0.5176470588235295,110,93,445000,347000,50,367232,0.8454545454545455,0.7797752808988764,0.45454545454545453
calibration,0,public-hub-100-aa9d146e13c3,hub,64,126,28,2,polarized,diffuse,online,failure_aware,N058|N059,120000,False,0.7025154951876461,0.6353395266544056,19094032,110,95,470000,377000,62,490250,0.8636363636363636,0.8021276595744681,0.5636363636363636,25,24,92000,84000,6,103628,0.96,0.9130434782608695,0.24,85,69,353000,263000,44,263205,0.8117647058823529,0.7450424929178471,0.5176470588235295,110,93,445000,347000,50,366833,0.8454545454545455,0.7797752808988764,0.45454545454545453
calibration,0,public-hub-100-aa9d146e13c3,hub,64,126,28,2,polarized,stationary_hotspot,public,none,,0,False,0.7025154951876461,0.691007102521013,18974032,110,76,445000,237000,34,296943,0.6909090909090909,0.5325842696629214,0.3090909090909091,25,21,83000,57000,4,59684,0.84,0.6867469879518072,0.16,85,65,387000,252000,20,279731,0.7647058823529411,0.6511627906976745,0.23529411764705882,110,86,470000,309000,24,339415,0.7818181818181819,0.6574468085106383,0.21818181818181817
calibration,0,public-hub-100-aa9d146e13c3,hub,64,126,28,2,polarized,stationary_hotspot,retry,none,,0,False,0.7025154951876461,0.6747020200107775,18974032,110,82,445000,307000,96,402962,0.7454545454545455,0.6898876404494382,0.8727272727272727,25,22,83000,62000,12,71692,0.88,0.7469879518072289,0.48,85,60,387000,249000,78,273639,0.7058823529411765,0.6434108527131783,0.9176470588235294,110,82,470000,311000,90,345331,0.7454545454545455,0.6617021276595745,0.8181818181818182
calibration,0,public-hub-100-aa9d146e13c3,hub,64,126,28,2,polarized,stationary_hotspot,online,none,,0,False,0.7025154951876461,0.6757304441192499,18974032,110,82,445000,307000,96,404117,0.7454545454545455,0.6898876404494382,0.8727272727272727,25,20,83000,49000,16,59271,0.8,0.5903614457831325,0.64,85,60,387000,249000,77,274625,0.7058823529411765,0.6434108527131783,0.9058823529411765,110,80,470000,298000,93,333896,0.7272727272727273,0.6340425531914894,0.8454545454545455
calibration,0,public-hub-100-aa9d146e13c3,hub,64,126,28,2,polarized,stationary_hotspot,oracle,none,,0,False,0.7025154951876461,0.665274052302756,18974032,110,84,445000,320000,0,423751,0.7636363636363637,0.7191011235955056,0.0,25,22,83000,62000,0,71692,0.88,0.7469879518072289,0.0,85,63,387000,273000,0,444031,0.7411764705882353,0.7054263565891473,0.0,110,85,470000,335000,0,515723,0.7727272727272727,0.7127659574468085,0.0
calibration,0,public-hub-100-aa9d146e13c3,hub,64,126,28,2,polarized,stationary_hotspot,online,random,N006|N011,120000,False,0.7025154951876461,0.6679299367407653,19094032,110,82,445000,307000,96,404117,0.7454545454545455,0.6898876404494382,0.8727272727272727,25,21,83000,57000,16,65296,0.84,0.6867469879518072,0.64,85,60,387000,255000,77,274288,0.7058823529411765,0.6589147286821705,0.9058823529411765,110,81,470000,312000,93,339584,0.7363636363636363,0.6638297872340425,0.8454545454545455
calibration,0,public-hub-100-aa9d146e13c3,hub,64,126,28,2,polarized,stationary_hotspot,online,failure_aware,N056|N063,120000,True,0.7025154951876461,0.6786827991439962,19094032,110,82,445000,307000,96,404117,0.7454545454545455,0.6898876404494382,0.8727272727272727,25,23,83000,70000,9,56553,0.92,0.8433734939759037,0.36,85,72,387000,302000,45,231557,0.8470588235294118,0.7803617571059431,0.5294117647058824,110,95,470000,372000,54,288110,0.8636363636363636,0.7914893617021277,0.4909090909090909
calibration,0,public-hub-100-aa9d146e13c3,hub,64,126,28,2,polarized,shifted_hotspot,public,none,,0,False,0.7025154951876461,0.6870147431439799,18974032,110,76,445000,237000,34,296943,0.6909090909090909,0.5325842696629214,0.3090909090909091,25,20,83000,49000,5,54539,0.8,0.5903614457831325,0.2,85,53,387000,178000,32,202128,0.6235294117647059,0.4599483204134367,0.3764705882352941,110,73,470000,227000,37,256667,0.6636363636363637,0.4829787234042553,0.33636363636363636
calibration,0,public-hub-100-aa9d146e13c3,hub,64,126,28,2,polarized,shifted_hotspot,retry,none,,0,False,0.7025154951876461,0.6830236869598625,18974032,110,82,445000,307000,96,402962,0.7454545454545455,0.6898876404494382,0.8727272727272727,25,23,83000,67000,10,81980,0.92,0.8072289156626506,0.4,85,64,387000,247000,71,285889,0.7529411764705882,0.6382428940568475,0.8352941176470589,110,87,470000,314000,81,367869,0.7909090909090909,0.6680851063829787,0.7363636363636363
calibration,0,public-hub-100-aa9d146e13c3,hub,64,126,28,2,polarized,shifted_hotspot,online,none,,0,False,0.7025154951876461,0.6842740724017421,18974032,110,82,445000,307000,96,404117,0.7454545454545455,0.6898876404494382,0.8727272727272727,25,21,83000,54000,14,69559,0.84,0.6506024096385542,0.56,85,65,387000,248000,70,292101,0.7647058823529411,0.6408268733850129,0.8235294117647058,110,86,470000,302000,84,361660,0.7818181818181819,0.6425531914893617,0.7636363636363637
calibration,0,public-hub-100-aa9d146e13c3,hub,64,126,28,2,polarized,shifted_hotspot,oracle,none,,0,False,0.7025154951876461,0.6745214037008178,18974032,110,84,445000,320000,0,423751,0.7636363636363637,0.7191011235955056,0.0,25,24,83000,75000,0,100276,0.96,0.9036144578313253,0.0,85,65,387000,281000,0,477419,0.7647058823529411,0.7260981912144703,0.0,110,89,470000,356000,0,577695,0.8090909090909091,0.7574468085106383,0.0
calibration,0,public-hub-100-aa9d146e13c3,hub,64,126,28,2,polarized,shifted_hotspot,online,random,N006|N011,120000,False,0.7025154951876461,0.6676060477587621,19094032,110,82,445000,307000,96,404117,0.7454545454545455,0.6898876404494382,0.8727272727272727,25,20,83000,49000,18,60176,0.8,0.5903614457831325,0.72,85,56,387000,185000,94,216090,0.6588235294117647,0.4780361757105943,1.1058823529411765,110,76,470000,234000,112,276266,0.6909090909090909,0.4978723404255319,1.018181818181818
calibration,0,public-hub-100-aa9d146e13c3,hub,64,126,28,2,polarized,shifted_hotspot,online,failure_aware,N056|N063,120000,False,0.7025154951876461,0.668524970616961,19094032,110,82,445000,307000,96,404117,0.7454545454545455,0.6898876404494382,0.8727272727272727,25,20,83000,49000,18,60176,0.8,0.5903614457831325,0.72,85,56,387000,185000,94,215830,0.6588235294117647,0.4780361757105943,1.1058823529411765,110,76,470000,234000,112,276006,0.6909090909090909,0.4978723404255319,1.018181818181818
calibration,1,public-random-101-d6de9229e83d,random,64,105,38,0,balanced_band,diffuse,public,none,,0,False,0.05648935475457995,0.07468504015908645,15930260,110,105,452000,424000,5,328544,0.9545454545454546,0.9380530973451328,0.045454545454545456,25,24,109000,107000,1,65242,0.96,0.981651376146789,0.04,85,81,339000,307000,4,296894,0.9529411764705882,0.9056047197640118,0.047058823529411764,110,105,448000,414000,5,362136,0.9545454545454546,0.9241071428571429,0.045454545454545456
calibration,1,public-random-101-d6de9229e83d,random,64,105,38,0,balanced_band,diffuse,retry,none,,0,False,0.05648935475457995,0.08166692491024928,15930260,110,108,452000,442000,6,360638,0.9818181818181818,0.9778761061946902,0.05454545454545454,25,25,109000,109000,1,70494,1.0,1.0,0.04,85,83,339000,323000,7,304872,0.9764705882352941,0.9528023598820059,0.08235294117647059,110,108,448000,432000,8,375366,0.9818181818181818,0.9642857142857143,0.07272727272727272
calibration,1,public-random-101-d6de9229e83d,random,64,105,38,0,balanced_band,diffuse,online,none,,0,False,0.05648935475457995,0.08005009751043213,15930260,110,108,452000,442000,6,361155,0.9818181818181818,0.9778761061946902,0.05454545454545454,25,25,109000,109000,1,70864,1.0,1.0,0.04,85,83,339000,323000,8,305758,0.9764705882352941,0.9528023598820059,0.09411764705882353,110,108,448000,432000,9,376622,0.9818181818181818,0.9642857142857143,0.08181818181818182
calibration,1,public-random-101-d6de9229e83d,random,64,105,38,0,balanced_band,diffuse,oracle,none,,0,False,0.05648935475457995,0.08214866453125205,15930260,110,108,452000,442000,0,360638,0.9818181818181818,0.9778761061946902,0.0,25,25,109000,109000,0,70494,1.0,1.0,0.0,85,84,339000,331000,0,320960,0.9882352941176471,0.976401179941003,0.0,110,109,448000,440000,0,391454,0.990909090909091,0.9821428571428571,0.0
calibration,1,public-random-101-d6de9229e83d,random,64,105,38,0,balanced_band,diffuse,online,random,N005|N052,120000,False,0.05648935475457995,0.07998161882980993,16050260,110,108,452000,442000,6,361155,0.9818181818181818,0.9778761061946902,0.05454545454545454,25,25,109000,109000,1,69884,1.0,1.0,0.04,85,83,339000,323000,6,303891,0.9764705882352941,0.9528023598820059,0.07058823529411765,110,108,448000,432000,7,373775,0.9818181818181818,0.9642857142857143,0.06363636363636363
calibration,1,public-random-101-d6de9229e83d,random,64,105,38,0,balanced_band,diffuse,online,failure_aware,N035|N054,120000,False,0.05648935475457995,0.07915480511733834,16050260,110,108,452000,442000,6,361155,0.9818181818181818,0.9778761061946902,0.05454545454545454,25,25,109000,109000,1,70864,1.0,1.0,0.04,85,84,339000,331000,6,309376,0.9882352941176471,0.976401179941003,0.07058823529411765,110,109,448000,440000,7,380240,0.990909090909091,0.9821428571428571,0.06363636363636363
calibration,1,public-random-101-d6de9229e83d,random,64,105,38,0,balanced_band,stationary_hotspot,public,none,,0,False,0.05648935475457995,0.08792168204485322,15930260,110,104,432000,410000,6,351557,0.9454545454545454,0.9490740740740741,0.05454545454545454,25,23,101000,88000,2,66834,0.92,0.8712871287128713,0.08,85,80,331000,297000,5,137196,0.9411764705882353,0.8972809667673716,0.058823529411764705,110,103,432000,385000,7,204030,0.9363636363636364,0.8912037037037037,0.06363636363636363
calibration,1,public-random-101-d6de9229e83d,random,64,105,38,0,balanced_band,stationary_hotspot,retry,none,,0,False,0.05648935475457995,0.10264452123519344,15930260,110,110,432000,432000,6,357642,1.0,1.0,0.05454545454545454,25,25,101000,101000,3,70492,1.0,1.0,0.12,85,83,331000,324000,14,147379,0.9764705882352941,0.9788519637462235,0.16470588235294117,110,108,432000,425000,17,217871,0.9818181818181818,0.9837962962962963,0.15454545454545454
calibration,1,public-random-101-d6de9229e83d,random,64,105,38,0,balanced_band,stationary_hotspot,online,none,,0,False,0.05648935475457995,0.10450152293154802,15930260,110,110,432000,432000,7,362679,1.0,1.0,0.06363636363636363,25,25,101000,101000,3,70723,1.0,1.0,0.12,85,83,331000,324000,13,149133,0.9764705882352941,0.9788519637462235,0.15294117647058825,110,108,432000,425000,16,219856,0.9818181818181818,0.9837962962962963,0.14545454545454545
calibration,1,public-random-101-d6de9229e83d,random,64,105,38,0,balanced_band,stationary_hotspot,oracle,none,,0,False,0.05648935475457995,0.10264452123519344,15930260,110,110,432000,432000,0,357642,1.0,1.0,0.0,25,25,101000,101000,0,70492,1.0,1.0,0.0,85,83,331000,324000,0,147379,0.9764705882352941,0.9788519637462235,0.0,110,108,432000,425000,0,217871,0.9818181818181818,0.9837962962962963,0.0
calibration,1,public-random-101-d6de9229e83d,random,64,105,38,0,balanced_band,stationary_hotspot,online,random,N005|N052,120000,False,0.05648935475457995,0.1009571045803426,16050260,110,110,432000,432000,7,362679,1.0,1.0,0.06363636363636363,25,25,101000,101000,4,71894,1.0,1.0,0.16,85,82,331000,313000,12,144450,0.9647058823529412,0.945619335347432,0.1411764705882353,110,107,432000,414000,16,216344,0.9727272727272728,0.9583333333333334,0.14545454545454545
calibration,1,public-random-101-d6de9229e83d,random,64,105,38,0,balanced_band,stationary_hotspot,online,failure_aware,N005|N052,120000,False,0.05648935475457995,0.1009571045803426,16050260,110,110,432000,432000,7,362679,1.0,1.0,0.06363636363636363,25,25,101000,101000,4,71894,1.0,1.0,0.16,85,82,331000,313000,12,144450,0.9647058823529412,0.945619335347432,0.1411764705882353,110,107,432000,414000,16,216344,0.9727272727272728,0.9583333333333334,0.14545454545454545
calibration,1,public-random-101-d6de9229e83d,random,64,105,38,0,balanced_band,shifted_hotspot,public,none,,0,False,0.05648935475457995,0.09535538542677079,15930260,110,104,432000,410000,6,351557,0.9454545454545454,0.9490740740740741,0.05454545454545454,25,25,101000,101000,0,77141,1.0,1.0,0.0,85,82,331000,316000,3,184162,0.9647058823529412,0.9546827794561934,0.03529411764705882,110,107,432000,417000,3,261303,0.9727272727272728,0.9652777777777778,0.02727272727272727
calibration,1,public-random-101-d6de9229e83d,random,64,105,38,0,balanced_band,shifted_hotspot,retry,none,,0,False,0.05648935475457995,0.09953441808016854,15930260,110,110,432000,432000,6,357642,1.0,1.0,0.05454545454545454,25,25,101000,101000,0,77141,1.0,1.0,0.0,85,84,331000,326000,6,189319,0.9882352941176471,0.9848942598187311,0.07058823529411765,110,109,432000,427000,6,266460,0.990909090909091,0.9884259259259259,0.05454545454545454
calibration,1,public-random-101-d6de9229e83d,random,64,105,38,0,balanced_band,shifted_hotspot,online,none,,0,False,0.05648935475457995,0.1073501408261834,15930260,110,110,432000,432000,7,362679,1.0,1.0,0.06363636363636363,25,25,101000,101000,0,77556,1.0,1.0,0.0,85,84,331000,326000,8,193126,0.9882352941176471,0.9848942598187311,0.09411764705882353,110,109,432000,427000,8,270682,0.990909090909091,0.9884259259259259,0.07272727272727272
calibration,1,public-random-101-d6de9229e83d,random,64,105,38,0,balanced_band,shifted_hotspot,oracle,none,,0,False,0.05648935475457995,0.09953441808016854,15930260,110,110,432000,432000,0,357642,1.0,1.0,0.0,25,25,101000,101000,0,77141,1.0,1.0,0.0,85,84,331000,326000,0,189319,0.9882352941176471,0.9848942598187311,0.0,110,109,432000,427000,0,266460,0.990909090909091,0.9884259259259259,0.0
calibration,1,public-random-101-d6de9229e83d,random,64,105,38,0,balanced_band,shifted_hotspot,online,random,N005|N052,120000,False,0.05648935475457995,0.10669960122167393,16050260,110,110,432000,432000,7,362679,1.0,1.0,0.06363636363636363,25,25,101000,101000,0,78544,1.0,1.0,0.0,85,84,331000,326000,6,191216,0.9882352941176471,0.9848942598187311,0.07058823529411765,110,109,432000,427000,6,269760,0.990909090909091,0.9884259259259259,0.05454545454545454
calibration,1,public-random-101-d6de9229e83d,random,64,105,38,0,balanced_band,shifted_hotspot,online,failure_aware,N005|N052,120000,False,0.05648935475457995,0.10669960122167393,16050260,110,110,432000,432000,7,362679,1.0,1.0,0.06363636363636363,25,25,101000,101000,0,78544,1.0,1.0,0.0,85,84,331000,326000,6,191216,0.9882352941176471,0.9848942598187311,0.07058823529411765,110,109,432000,427000,6,269760,0.990909090909091,0.9884259259259259,0.05454545454545454
calibration,1,public-random-101-d6de9229e83d,random,64,105,38,0,uniform,diffuse,public,none,,0,False,0.3253786665406518,0.3155327972963136,15930260,110,101,452000,398000,9,309029,0.9181818181818182,0.8805309734513275,0.08181818181818182,25,24,109000,101000,1,68539,0.96,0.926605504587156,0.04,85,74,339000,281000,11,238143,0.8705882352941177,0.8289085545722714,0.12941176470588237,110,98,448000,382000,12,306682,0.8909090909090909,0.8526785714285714,0.10909090909090909
calibration,1,public-random-101-d6de9229e83d,random,64,105,38,0,uniform,diffuse,retry,none,,0,False,0.3253786665406518,0.32143255771985557,15930260,110,107,452000,434000,13,404796,0.9727272727272728,0.9601769911504425,0.11818181818181818,25,24,109000,101000,2,77199,0.96,0.926605504587156,0.08,85,80,339000,313000,16,302824,0.9411764705882353,0.9233038348082596,0.18823529411764706,110,104,448000,414000,18,380023,0.9454545454545454,0.9241071428571429,0.16363636363636364
calibration,1,public-random-101-d6de9229e83d,random,64,105,38,0,uniform,diffuse,online,none,,0,False,0.3253786665406518,0.3174694078734414,15930260,110,107,452000,434000,13,405675,0.9727272727272728,0.9601769911504425,0.11818181818181818,25,24,109000,101000,2,77269,0.96,0.926605504587156,0.08,85,80,339000,313000,16,303287,0.9411764705882353,0.9233038348082596,0.18823529411764706,110,104,448000,414000,18,380556,0.9454545454545454,0.9241071428571429,0.16363636363636364
calibration,1,public-random-101-d6de9229e83d,random,64,105,38,0,uniform,diffuse,oracle,none,,0,False,0.3253786665406518,0.3240537069232074,15930260,110,108,452000,442000,0,420060,0.9818181818181818,0.9778761061946902,0.0,25,24,109000,101000,0,77199,0.96,0.926605504587156,0.0,85,81,339000,321000,0,318912,0.9529411764705882,0.9469026548672567,0.0,110,105,448000,422000,0,396111,0.9545454545454546,0.9419642857142857,0.0
calibration,1,public-random-101-d6de9229e83d,random,64,105,38,0,uniform,diffuse,online,random,N005|N052,120000,False,0.3253786665406518,0.31165208849409287,16050260,110,107,452000,434000,13,405675,0.9727272727272728,0.9601769911504425,0.11818181818181818,25,24,109000,101000,4,78165,0.96,0.926605504587156,0.16,85,81,339000,321000,12,303098,0.9529411764705882,0.9469026548672567,0.1411764705882353,110,105,448000,422000,16,381263,0.9545454545454546,0.9419642857142857,0.14545454545454545
calibration,1,public-random-101-d6de9229e83d,random,64,105,38,0,uniform,diffuse,online,failure_aware,N035|N054,120000,False,0.3253786665406518,0.31606269076330584,16050260,110,107,452000,434000,13,405675,0.9727272727272728,0.9601769911504425,0.11818181818181818,25,24,109000,101000,2,78165,0.96,0.926605504587156,0.08,85,82,339000,329000,13,309492,0.9647058823529412,0.9705014749262537,0.15294117647058825,110,106,448000,430000,15,387657,0.9636363636363636,0.9598214285714286,0.13636363636363635
calibration,1,public-random-101-d6de9229e83d,random,64,105,38,0,uniform,stationary_hotspot,public,none,,0,False,0.3253786665406518,0.3325924199396894,15930260,110,98,432000,357000,12,305208,0.8909090909090909,0.8263888888888888,0.10909090909090909,25,21,101000,86000,4,25605,0.84,0.8514851485148515,0.16,85,78,331000,293000,7,132238,0.9176470588235294,0.8851963746223565,0.08235294117647059,110,99,432000,379000,11,157843,0.9,0.8773148148148148,0.1
calibration,1,public-random-101-d6de9229e83d,random,64,105,38,0,uniform,stationary_hotspot,retry,none,,0,False,0.3253786665406518,0.3548469431776178,15930260,110,107,432000,414000,21,377298,0.9727272727272728,0.9583333333333334,0.19090909090909092,25,25,101000,101000,7,73537,1.0,1.0,0.28,85,84,331000,326000,9,146320,0.9882352941176471,0.9848942598187311,0.10588235294117647,110,109,432000,427000,16,219857,0.990909090909091,0.9884259259259259,0.14545454545454545
calibration,1,public-random-101-d6de9229e83d,random,64,105,38,0,uniform,stationary_hotspot,online,none,,0,False,0.3253786665406518,0.35935811752512486,15930260,110,107,432000,414000,20,382680,0.9727272727272728,0.9583333333333334,0.18181818181818182,25,25,101000,101000,4,73068,1.0,1.0,0.16,85,84,331000,326000,15,150357,0.9882352941176471,0.9848942598187311,0.17647058823529413,110,109,432000,427000,19,223425,0.990909090909091,0.9884259259259259,0.17272727272727273
calibration,1,public-random-101-d6de9229e83d,random,64,105,38,0,uniform,stationary_hotspot,oracle,none,,0,False,0.3253786665406518,0.35652984015054473,15930260,110,108,432000,419000,0,382443,0.9818181818181818,0.9699074074074074,0.0,25,25,101000,101000,0,73537,1.0,1.0,0.0,85,84,331000,326000,0,146320,0.9882352941176471,0.9848942598187311,0.0,110,109,432000,427000,0,219857,0.990909090909091,0.9884259259259259,0.0
calibration,1,public-random-101-d6de9229e83d,random,64,105,38,0,uniform,stationary_hotspot,online,random,N005|N052,120000,False,0.3253786665406518,0.3533393248755428,16050260,110,107,432000,414000,20,382680,0.9727272727272728,0.9583333333333334,0.18181818181818182,25,25,101000,101000,5,74418,1.0,1.0,0.2,85,82,331000,316000,14,144945,0.9647058823529412,0.9546827794561934,0.16470588235294117,110,107,432000,417000,19,219363,0.9727272727272728,0.9652777777777778,0.17272727272727273
calibration,1,public-random-101-d6de9229e83d,random,64,105,38,0,uniform,stationary_hotspot,online,failure_aware,N014|N022,120000,False,0.3253786665406518,0.35441463651265426,16050260,110,107,432000,414000,20,382680,0.9727272727272728,0.9583333333333334,0.18181818181818182,25,25,101000,101000,5,74418,1.0,1.0,0.2,85,82,331000,316000,17,147915,0.9647058823529412,0.9546827794561934,0.2,110,107,432000,417000,22,222333,0.9727272727272728,0.9652777777777778,0.2
calibration,1,public-random-101-d6de9229e83d,random,64,105,38,0,uniform,shifted_hotspot,public,none,,0,False,0.3253786665406518,0.3302873584776213,15930260,110,98,432000,357000,12,305208,0.8909090909090909,0.8263888888888888,0.10909090909090909,25,22,101000,91000,3,35175,0.88,0.900990099009901,0.12,85,78,331000,296000,7,172662,0.9176470588235294,0.8942598187311178,0.08235294117647059,110,100,432000,387000,10,207837,0.9090909090909091,0.8958333333333334,0.09090909090909091
calibration,1,public-random-101-d6de9229e83d,random,64,105,38,0,uniform,shifted_hotspot,retry,none,,0,False,0.3253786665406518,0.3451573706162951,15930260,110,107,432000,414000,21,377298,0.9727272727272728,0.9583333333333334,0.19090909090909092,25,25,101000,101000,4,80186,1.0,1.0,0.16,85,82,331000,319000,13,186450,0.9647058823529412,0.9637462235649547,0.15294117647058825,110,107,432000,420000,17,266636,0.9727272727272728,0.9722222222222222,0.15454545454545454
calibration,1,public-random-101-d6de9229e83d,random,64,105,38,0,uniform,shifted_hotspot,online,none,,0,False,0.3253786665406518,0.3512611461281191,15930260,110,107,432000,414000,20,382680,0.9727272727272728,0.9583333333333334,0.18181818181818182,25,25,101000,101000,3,81113,1.0,1.0,0.12,85,82,331000,319000,12,191127,0.9647058823529412,0.9637462235649547,0.1411764705882353,110,107,432000,420000,15,272240,0.9727272727272728,0.9722222222222222,0.13636363636363635
calibration,1,public-random-101-d6de9229e83d,random,64,105,38,0,uniform,shifted_hotspot,oracle,none,,0,False,0.3253786665406518,0.346840267589222,15930260,110,108,432000,419000,0,382443,0.9818181818181818,0.9699074074074074,0.0,25,25,101000,101000,0,80186,1.0,1.0,0.0,85,82,331000,319000,0,186450,0.9647058823529412,0.9637462235649547,0.0,110,107,432000,420000,0,266636,0.9727272727272728,0.9722222222222222,0.0
calibration,1,public-random-101-d6de9229e83d,random,64,105,38,0,uniform,shifted_hotspot,online,random,N005|N052,120000,False,0.3253786665406518,0.3498385563847383,16050260,110,107,432000,414000,20,382680,0.9727272727272728,0.9583333333333334,0.18181818181818182,25,25,101000,101000,3,82101,1.0,1.0,0.12,85,82,331000,319000,9,188432,0.9647058823529412,0.9637462235649547,0.10588235294117647,110,107,432000,420000,12,270533,0.9727272727272728,0.9722222222222222,0.10909090909090909
calibration,1,public-random-101-d6de9229e83d,random,64,105,38,0,uniform,shifted_hotspot,online,failure_aware,N014|N022,120000,False,0.3253786665406518,0.3505570154189605,16050260,110,107,432000,414000,20,382680,0.9727272727272728,0.9583333333333334,0.18181818181818182,25,25,101000,101000,3,82101,1.0,1.0,0.12,85,82,331000,319000,10,190487,0.9647058823529412,0.9637462235649547,0.11764705882352941,110,107,432000,420000,13,272588,0.9727272727272728,0.9722222222222222,0.11818181818181818
calibration,1,public-random-101-d6de9229e83d,random,64,105,38,0,polarized,diffuse,public,none,,0,False,0.7100459443115713,0.6774844430568107,15930260,110,89,452000,333000,21,284465,0.8090909090909091,0.7367256637168141,0.19090909090909092,25,20,109000,75000,5,43129,0.8,0.6880733944954128,0.2,85,66,339000,247000,19,209538,0.7764705882352941,0.7286135693215339,0.2235294117647059,110,86,448000,322000,24,252667,0.7818181818181819,0.71875,0.21818181818181817
calibration,1,public-random-101-d6de9229e83d,random,64,105,38,0,polarized,diffuse,retry,none,,0,False,0.7100459443115713,0.660669992439504,15930260,110,96,452000,377000,41,328332,0.8727272727272727,0.834070796460177,0.37272727272727274,25,22,109000,88000,6,75734,0.88,0.8073394495412844,0.24,85,71,339000,271000,33,228612,0.8352941176470589,0.799410029498525,0.38823529411764707,110,93,448000,359000,39,304346,0.8454545454545455,0.8013392857142857,0.35454545454545455
calibration,1,public-random-101-d6de9229e83d,random,64,105,38,0,polarized,diffuse,online,none,,0,False,0.7100459443115713,0.6508378562058017,15930260,110,96,452000,377000,42,328332,0.8727272727272727,0.834070796460177,0.38181818181818183,25,22,109000,88000,4,75734,0.88,0.8073394495412844,0.16,85,71,339000,271000,30,229815,0.8352941176470589,0.799410029498525,0.35294117647058826,110,93,448000,359000,34,305549,0.8454545454545455,0.8013392857142857,0.3090909090909091
calibration,1,public-random-101-d6de9229e83d,random,64,105,38,0,polarized,diffuse,oracle,none,,0,False,0.7100459443115713,0.6620431888514396,15930260,110,98,452000,387000,0,355522,0.8909090909090909,0.8561946902654868,0.0,25,22,109000,88000,0,75734,0.88,0.8073394495412844,0.0,85,73,339000,287000,0,325932,0.8588235294117647,0.8466076696165191,0.0,110,95,448000,375000,0,401666,0.8636363636363636,0.8370535714285714,0.0
calibration,1,public-random-101-d6de9229e83d,random,64,105,38,0,polarized,diffuse,online,random,N005|N052,120000,False,0.7100459443115713,0.6440681352187391,16050260,110,96,452000,377000,42,328332,0.8727272727272727,0.834070796460177,0.38181818181818183,25,22,109000,88000,4,76630,0.88,0.8073394495412844,0.16,85,71,339000,271000,30,227787,0.8352941176470589,0.799410029498525,0.35294117647058826,110,93,448000,359000,34,304417,0.8454545454545455,0.8013392857142857,0.3090909090909091
calibration,1,public-random-101-d6de9229e83d,random,64,105,38,0,polarized,diffuse,online,failure_aware,N054|N062,120000,False,0.7100459443115713,0.6477542835207337,16050260,110,96,452000,377000,42,328332,0.8727272727272727,0.834070796460177,0.38181818181818183,25,22,109000,88000,4,76630,0.88,0.8073394495412844,0.16,85,72,339000,279000,31,238608,0.8470588235294118,0.8230088495575221,0.36470588235294116,110,94,448000,367000,35,315238,0.8545454545454545,0.8191964285714286,0.3181818181818182
calibration,1,public-random-101-d6de9229e83d,random,64,105,38,0,polarized,stationary_hotspot,public,none,,0,False,0.7100459443115713,0.6734898237748287,15930260,110,80,432000,246000,30,223581,0.7272727272727273,0.5694444444444444,0.2727272727272727,25,18,101000,57000,7,24849,0.72,0.5643564356435643,0.28,85,71,331000,249000,14,89203,0.8352941176470589,0.7522658610271903,0.16470588235294117,110,89,432000,306000,21,114052,0.8090909090909091,0.7083333333333334,0.19090909090909092
calibration,1,public-random-101-d6de9229e83d,random,64,105,38,0,polarized,stationary_hotspot,retry,none,,0,False,0.7100459443115713,0.6763138868139009,15930260,110,91,432000,316000,60,293414,0.8272727272727273,0.7314814814814815,0.5454545454545454,25,21,101000,72000,12,27522,0.84,0.7128712871287128,0.48,85,77,331000,285000,25,108773,0.9058823529411765,0.8610271903323263,0.29411764705882354,110,98,432000,357000,37,136295,0.8909090909090909,0.8263888888888888,0.33636363636363636
calibration,1,public-random-101-d6de9229e83d,random,64,105,38,0,polarized,stationary_hotspot,online,none,,0,False,0.7100459443115713,0.678321443901075,15930260,110,92,432000,321000,62,297892,0.8363636363636363,0.7430555555555556,0.5636363636363636,25,22,101000,80000,10,28259,0.88,0.7920792079207921,0.4,85,75,331000,278000,29,103467,0.8823529411764706,0.8398791540785498,0.3411764705882353,110,97,432000,358000,39,131726,0.8818181818181818,0.8287037037037037,0.35454545454545455
calibration,1,public-random-101-d6de9229e83d,random,64,105,38,0,polarized,stationary_hotspot,oracle,none,,0,False,0.7100459443115713,0.6676182246930094,15930260,110,98,432000,357000,0,354308,0.8909090909090909,0.8263888888888888,0.0,25,23,101000,85000,0,44581,0.92,0.8415841584158416,0.0,85,79,331000,292000,0,119598,0.9294117647058824,0.8821752265861027,0.0,110,102,432000,377000,0,164179,0.9272727272727272,0.8726851851851852,0.0
calibration,1,public-random-101-d6de9229e83d,random,64,105,38,0,polarized,stationary_hotspot,online,random,N005|N052,120000,False,0.7100459443115713,0.6814604960730243,16050260,110,92,432000,321000,62,297892,0.8363636363636363,0.7430555555555556,0.5636363636363636,25,23,101000,85000,8,30194,0.92,0.8415841584158416,0.32,85,77,331000,285000,21,103770,0.9058823529411765,0.8610271903323263,0.24705882352941178,110,100,432000,370000,29,133964,0.9090909090909091,0.8564814814814815,0.2636363636363636
calibration,1,public-random-101-d6de9229e83d,random,64,105,38,0,polarized,stationary_hotspot,online,failure_aware,N057|N058,120000,True,0.7100459443115713,0.6807546836755535,16050260,110,92,432000,321000,62,297892,0.8363636363636363,0.7430555555555556,0.5636363636363636,25,23,101000,85000,8,29939,0.92,0.8415841584158416,0.32,85,77,331000,285000,23,106459,0.9058823529411765,0.8610271903323263,0.27058823529411763,110,100,432000,370000,31,136398,0.9090909090909091,0.8564814814814815,0.2818181818181818
calibration,1,public-random-101-d6de9229e83d,random,64,105,38,0,polarized,shifted_hotspot,public,none,,0,False,0.7100459443115713,0.6747083927417941,15930260,110,80,432000,246000,30,223581,0.7272727272727273,0.5694444444444444,0.2727272727272727,25,20,101000,70000,5,35156,0.8,0.693069306930693,0.2,85,68,331000,237000,17,131152,0.8,0.716012084592145,0.2,110,88,432000,307000,22,166308,0.8,0.7106481481481481,0.2
calibration,1,public-random-101-d6de9229e83d,random,64,105,38,0,polarized,shifted_hotspot,retry,none,,0,False,0.7100459443115713,0.6726786068140441,15930260,110,91,432000,316000,60,293414,0.8272727272727273,0.7314814814814815,0.5454545454545454,25,23,101000,85000,6,37829,0.92,0.8415841584158416,0.24,85,74,331000,270000,33,144817,0.8705882352941177,0.8157099697885196,0.38823529411764707,110,97,432000,355000,39,182646,0.8818181818181818,0.8217592592592593,0.35454545454545455
calibration,1,public-random-101-d6de9229e83d,random,64,105,38,0,polarized,shifted_hotspot,online,none,,0,False,0.7100459443115713,0.6744421552214965,15930260,110,92,432000,321000,62,297892,0.8363636363636363,0.7430555555555556,0.5636363636363636,25,23,101000,85000,7,38641,0.92,0.8415841584158416,0.28,85,73,331000,265000,37,146671,0.8588235294117647,0.8006042296072508,0.43529411764705883,110,96,432000,350000,44,185312,0.8727272727272727,0.8101851851851852,0.4
calibration,1,public-random-101-d6de9229e83d,random,64,105,38,0,polarized,shifted_hotspot,oracle,none,,0,False,0.7100459443115713,0.6626003484208849,15930260,110,98,432000,357000,0,354308,0.8909090909090909,0.8263888888888888,0.0,25,23,101000,85000,0,37829,0.92,0.8415841584158416,0.0,85,75,331000,272000,0,148827,0.8823529411764706,0.8217522658610272,0.0,110,98,432000,357000,0,186656,0.8909090909090909,0.8263888888888888,0.0
calibration,1,public-random-101-d6de9229e83d,random,64,105,38,0,polarized,shifted_hotspot,online,random,N005|N052,120000,False,0.7100459443115713,0.673498295271817,16050260,110,92,432000,321000,62,297892,0.8363636363636363,0.7430555555555556,0.5636363636363636,25,23,101000,85000,7,39196,0.92,0.8415841584158416,0.28,85,73,331000,265000,35,142486,0.8588235294117647,0.8006042296072508,0.4117647058823529,110,96,432000,350000,42,181682,0.8727272727272727,0.8101851851851852,0.38181818181818183
calibration,1,public-random-101-d6de9229e83d,random,64,105,38,0,polarized,shifted_hotspot,online,failure_aware,N057|N058,120000,False,0.7100459443115713,0.6716555998968795,16050260,110,92,432000,321000,62,297892,0.8363636363636363,0.7430555555555556,0.5636363636363636,25,23,101000,85000,7,38941,0.92,0.8415841584158416,0.28,85,73,331000,265000,36,143541,0.8588235294117647,0.8006042296072508,0.4235294117647059,110,96,432000,350000,43,182482,0.8727272727272727,0.8101851851851852,0.39090909090909093
calibration,1,public-random-101-d6de9229e83d,random,64,105,38,1,balanced_band,diffuse,public,none,,0,False,0.053486122875104625,0.08038569825032571,15930260,110,106,425000,402000,4,413000,0.9636363636363636,0.9458823529411765,0.03636363636363636,25,21,127000,101000,4,38547,0.84,0.7952755905511811,0.16,85,82,379000,362000,3,150854,0.9647058823529412,0.9551451187335093,0.03529411764705882,110,103,506000,463000,7,189401,0.9363636363636364,0.9150197628458498,0.06363636363636363
calibration,1,public-random-101-d6de9229e83d,random,64,105,38,1,balanced_band,diffuse,retry,none,,0,False,0.053486122875104625,0.07990535534618973,15930260,110,106,425000,402000,9,438001,0.9636363636363636,0.9458823529411765,0.08181818181818182,25,21,127000,101000,8,38547,0.84,0.7952755905511811,0.32,85,83,379000,370000,5,153187,0.9764705882352941,0.9762532981530343,0.058823529411764705,110,104,506000,471000,13,191734,0.9454545454545454,0.9308300395256917,0.11818181818181818
calibration,1,public-random-101-d6de9229e83d,random,64,105,38,1,balanced_band,diffuse,online,none,,0,False,0.053486122875104625,0.07611359662891186,15930260,110,106,425000,402000,9,438460,0.9636363636363636,0.9458823529411765,0.08181818181818182,25,21,127000,101000,8,38547,0.84,0.7952755905511811,0.32,85,83,379000,370000,4,151480,0.9764705882352941,0.9762532981530343,0.047058823529411764,110,104,506000,471000,12,190027,0.9454545454545454,0.9308300395256917,0.10909090909090909
calibration,1,public-random-101-d6de9229e83d,random,64,105,38,1,balanced_band,diffuse,oracle,none,,0,False,0.053486122875104625,0.07992358429173028,15930260,110,106,425000,402000,0,438001,0.9636363636363636,0.9458823529411765,0.0,25,21,127000,101000,0,38547,0.84,0.7952755905511811,0.0,85,84,379000,371000,0,159025,0.9882352941176471,0.978891820580475,0.0,110,105,506000,472000,0,197572,0.9545454545454546,0.932806324110672,0.0
calibration,1,public-random-101-d6de9229e83d,random,64,105,38,1,balanced_band,diffuse,online,random,N022|N041,120000,False,0.053486122875104625,0.07487785424440133,16050260,110,106,425000,402000,9,438460,0.9636363636363636,0.9458823529411765,0.08181818181818182,25,21,127000,101000,8,38547,0.84,0.7952755905511811,0.32,85,83,379000,370000,5,143509,0.9764705882352941,0.9762532981530343,0.058823529411764705,110,104,506000,471000,13,182056,0.9454545454545454,0.9308300395256917,0.11818181818181818
calibration,1,public-random-101-d6de9229e83d,random,64,105,38,1,balanced_band,diffuse,online,failure_aware,N038|N054,120000,False,0.053486122875104625,0.07459184568788994,16050260,110,106,425000,402000,9,438460,0.9636363636363636,0.9458823529411765,0.08181818181818182,25,21,127000,101000,8,38547,0.84,0.7952755905511811,0.32,85,83,379000,370000,6,148301,0.9764705882352941,0.9762532981530343,0.07058823529411765,110,104,506000,471000,14,186848,0.9454545454545454,0.9308300395256917,0.12727272727272726
calibration,1,public-random-101-d6de9229e83d,random,64,105,38,1,balanced_band,stationary_hotspot,public,none,,0,False,0.053486122875104625,0.07888976348393925,15930260,110,102,451000,399000,8,239164,0.9272727272727272,0.88470066518847,0.07272727272727272,25,25,117000,117000,0,42270,1.0,1.0,0.0,85,63,367000,252000,22,220192,0.7411764705882353,0.6866485013623979,0.25882352941176473,110,88,484000,369000,22,262462,0.8,0.762396694214876,0.2
calibration,1,public-random-101-d6de9229e83d,random,64,105,38,1,balanced_band,stationary_hotspot,retry,none,,0,False,0.053486122875104625,0.07762007398564022,15930260,110,99,451000,402000,34,240234,0.9,0.8913525498891353,0.3090909090909091,25,25,117000,117000,0,42270,1.0,1.0,0.0,85,67,367000,263000,55,227914,0.788235294117647,0.7166212534059946,0.6470588235294118,110,92,484000,380000,55,270184,0.8363636363636363,0.7851239669421488,0.5
calibration,1,public-random-101-d6de9229e83d,random,64,105,38,1,balanced_band,stationary_hotspot,online,none,,0,False,0.053486122875104625,0.07421753889638824,15930260,110,99,451000,402000,32,242701,0.9,0.8913525498891353,0.2909090909090909,25,25,117000,117000,0,43098,1.0,1.0,0.0,85,67,367000,263000,53,228961,0.788235294117647,0.7166212534059946,0.6235294117647059,110,92,484000,380000,53,272059,0.8363636363636363,0.7851239669421488,0.4818181818181818
calibration,1,public-random-101-d6de9229e83d,random,64,105,38,1,balanced_band,stationary_hotspot,oracle,none,,0,False,0.053486122875104625,0.07793939083055197,15930260,110,100,451000,410000,0,246894,0.9090909090909091,0.9090909090909091,0.0,25,25,117000,117000,0,42270,1.0,1.0,0.0,85,67,367000,263000,0,227914,0.788235294117647,0.7166212534059946,0.0,110,92,484000,380000,0,270184,0.8363636363636363,0.7851239669421488,0.0
calibration,1,public-random-101-d6de9229e83d,random,64,105,38,1,balanced_band,stationary_hotspot,online,random,N022|N041,120000,False,0.053486122875104625,0.07248250154153574,16050260,110,99,451000,402000,32,242701,0.9,0.8913525498891353,0.2909090909090909,25,25,117000,117000,0,42923,1.0,1.0,0.0,85,67,367000,263000,53,157553,0.788235294117647,0.7166212534059946,0.6235294117647059,110,92,484000,380000,53,200476,0.8363636363636363,0.7851239669421488,0.4818181818181818
calibration,1,public-random-101-d6de9229e83d,random,64,105,38,1,balanced_band,stationary_hotspot,online,failure_aware,N055|N060,120000,True,0.053486122875104625,0.08078729468552186,16050260,110,99,451000,402000,32,242701,0.9,0.8913525498891353,0.2909090909090909,25,25,117000,117000,0,42923,1.0,1.0,0.0,85,78,367000,323000,30,248958,0.9176470588235294,0.8801089918256131,0.35294117647058826,110,103,484000,440000,30,291881,0.9363636363636364,0.9090909090909091,0.2727272727272727
calibration,1,public-random-101-d6de9229e83d,random,64,105,38,1,balanced_band,shifted_hotspot,public,none,,0,False,0.053486122875104625,0.07526725912755722,15930260,110,102,451000,399000,8,239164,0.9272727272727272,0.88470066518847,0.07272727272727272,25,23,117000,101000,2,37844,0.92,0.8632478632478633,0.08,85,64,367000,249000,21,213316,0.7529411764705882,0.6784741144414169,0.24705882352941178,110,87,484000,350000,23,251160,0.7909090909090909,0.7231404958677686,0.20909090909090908
calibration,1,public-random-101-d6de9229e83d,random,64,105,38,1,balanced_band,shifted_hotspot,retry,none,,0,False,0.053486122875104625,0.07652307317692374,15930260,110,99,451000,402000,34,240234,0.9,0.8913525498891353,0.3090909090909091,25,23,117000,101000,6,37844,0.92,0.8632478632478633,0.24,85,66,367000,262000,58,220119,0.7764705882352941,0.7138964577656676,0.6823529411764706,110,89,484000,363000,64,257963,0.8090909090909091,0.75,0.5818181818181818
calibration,1,public-random-101-d6de9229e83d,random,64,105,38,1,balanced_band,shifted_hotspot,online,none,,0,False,0.053486122875104625,0.07224375135356036,15930260,110,99,451000,402000,32,242701,0.9,0.8913525498891353,0.2909090909090909,25,23,117000,101000,6,38084,0.92,0.8632478632478633,0.24,85,66,367000,262000,57,221235,0.7764705882352941,0.7138964577656676,0.6705882352941176,110,89,484000,363000,63,259319,0.8090909090909091,0.75,0.5727272727272728
calibration,1,public-random-101-d6de9229e83d,random,64,105,38,1,balanced_band,shifted_hotspot,oracle,none,,0,False,0.053486122875104625,0.07684239002183549,15930260,110,100,451000,410000,0,246894,0.9090909090909091,0.9090909090909091,0.0,25,23,117000,101000,0,37844,0.92,0.8632478632478633,0.0,85,66,367000,262000,0,220119,0.7764705882352941,0.7138964577656676,0.0,110,89,484000,363000,0,257963,0.8090909090909091,0.75,0.0
calibration,1,public-random-101-d6de9229e83d,random,64,105,38,1,balanced_band,shifted_hotspot,online,random,N022|N041,120000,False,0.053486122875104625,0.07052261991592976,16050260,110,99,451000,402000,32,242701,0.9,0.8913525498891353,0.2909090909090909,25,23,117000,101000,6,37909,0.92,0.8632478632478633,0.24,85,66,367000,262000,57,149827,0.7764705882352941,0.7138964577656676,0.6705882352941176,110,89,484000,363000,63,187736,0.8090909090909091,0.75,0.5727272727272728
calibration,1,public-random-101-d6de9229e83d,random,64,105,38,1,balanced_band,shifted_hotspot,online,failure_aware,N055|N060,120000,False,0.053486122875104625,0.07135089866077218,16050260,110,99,451000,402000,32,242701,0.9,0.8913525498891353,0.2909090909090909,25,23,117000,101000,6,37909,0.92,0.8632478632478633,0.24,85,66,367000,262000,57,221235,0.7764705882352941,0.7138964577656676,0.6705882352941176,110,89,484000,363000,63,259144,0.8090909090909091,0.75,0.5727272727272728
calibration,1,public-random-101-d6de9229e83d,random,64,105,38,1,uniform,diffuse,public,none,,0,False,0.30808068003526967,0.31052748954325116,15930260,110,97,425000,348000,13,346872,0.8818181818181818,0.8188235294117647,0.11818181818181818,25,18,127000,83000,7,29722,0.72,0.6535433070866141,0.28,85,77,379000,327000,8,142380,0.9058823529411765,0.862796833773087,0.09411764705882353,110,95,506000,410000,15,172102,0.8636363636363636,0.8102766798418972,0.13636363636363635
calibration,1,public-random-101-d6de9229e83d,random,64,105,38,1,uniform,diffuse,retry,none,,0,False,0.30808068003526967,0.31131395426282865,15930260,110,100,425000,372000,23,398192,0.9090909090909091,0.8752941176470588,0.20909090909090908,25,18,127000,83000,13,29722,0.72,0.6535433070866141,0.52,85,81,379000,350000,14,156683,0.9529411764705882,0.9234828496042217,0.16470588235294117,110,99,506000,433000,27,186405,0.9,0.8557312252964426,0.24545454545454545
calibration,1,public-random-101-d6de9229e83d,random,64,105,38,1,uniform,diffuse,online,none,,0,False,0.30808068003526967,0.2969359125621421,15930260,110,100,425000,372000,22,398350,0.9090909090909091,0.8752941176470588,0.2,25,18,127000,83000,13,29897,0.72,0.6535433070866141,0.52,85,81,379000,350000,11,154282,0.9529411764705882,0.9234828496042217,0.12941176470588237,110,99,506000,433000,24,184179,0.9,0.8557312252964426,0.21818181818181817
calibration,1,public-random-101-d6de9229e83d,random,64,105,38,1,uniform,diffuse,oracle,none,,0,False,0.30808068003526967,0.31010004906690886,15930260,110,100,425000,372000,0,398192,0.9090909090909091,0.8752941176470588,0.0,25,18,127000,83000,0,29722,0.72,0.6535433070866141,0.0,85,82,379000,358000,0,163628,0.9647058823529412,0.9445910290237467,0.0,110,100,506000,441000,0,193350,0.9090909090909091,0.8715415019762845,0.0
calibration,1,public-random-101-d6de9229e83d,random,64,105,38,1,uniform,diffuse,online,random,N022|N041,120000,False,0.30808068003526967,0.29772965799370865,16050260,110,100,425000,372000,22,398350,0.9090909090909091,0.8752941176470588,0.2,25,18,127000,83000,13,29897,0.72,0.6535433070866141,0.52,85,81,379000,350000,11,149624,0.9529411764705882,0.9234828496042217,0.12941176470588237,110,99,506000,433000,24,179521,0.9,0.8557312252964426,0.21818181818181817
calibration,1,public-random-101-d6de9229e83d,random,64,105,38,1,uniform,diffuse,online,failure_aware,N019|N025,120000,False,0.30808068003526967,0.29761866293455375,16050260,110,100,425000,372000,22,398350,0.9090909090909091,0.8752941176470588,0.2,25,19,127000,85000,12,33677,0.76,0.6692913385826772,0.48,85,81,379000,350000,11,157534,0.9529411764705882,0.9234828496042217,0.12941176470588237,110,100,506000,435000,23,191211,0.9090909090909091,0.8596837944664032,0.20909090909090908
calibration,1,public-random-101-d6de9229e83d,random,64,105,38,1,uniform,stationary_hotspot,public,none,,0,False,0.30808068003526967,0.3061623149553079,15930260,110,91,451000,359000,19,222232,0.8272727272727273,0.7960088691796009,0.17272727272727273,25,24,117000,109000,1,41088,0.96,0.9316239316239316,0.04,85,62,367000,238000,23,208994,0.7294117647058823,0.6485013623978202,0.27058823529411763,110,86,484000,347000,24,250082,0.7818181818181819,0.7169421487603306,0.21818181818181817
calibration,1,public-random-101-d6de9229e83d,random,64,105,38,1,uniform,stationary_hotspot,retry,none,,0,False,0.30808068003526967,0.31409283317313363,15930260,110,101,451000,407000,30,241223,0.9181818181818182,0.9024390243902439,0.2727272727272727,25,25,117000,117000,1,42417,1.0,1.0,0.04,85,64,367000,242000,59,213759,0.7529411764705882,0.659400544959128,0.6941176470588235,110,89,484000,359000,60,256176,0.8090909090909091,0.7417355371900827,0.5454545454545454
calibration,1,public-random-101-d6de9229e83d,random,64,105,38,1,uniform,stationary_hotspot,online,none,,0,False,0.30808068003526967,0.30394831907270115,15930260,110,101,451000,407000,28,244369,0.9181818181818182,0.9024390243902439,0.2545454545454545,25,25,117000,117000,0,43184,1.0,1.0,0.0,85,64,367000,242000,59,214798,0.7529411764705882,0.659400544959128,0.6941176470588235,110,89,484000,359000,59,257982,0.8090909090909091,0.7417355371900827,0.5363636363636364
calibration,1,public-random-101-d6de9229e83d,random,64,105,38,1,uniform,stationary_hotspot,oracle,none,,0,False,0.30808068003526967,0.31483697786498016,15930260,110,102,451000,415000,0,247883,0.9272727272727272,0.9201773835920177,0.0,25,25,117000,117000,0,42417,1.0,1.0,0.0,85,64,367000,242000,0,213759,0.7529411764705882,0.659400544959128,0.0,110,89,484000,359000,0,256176,0.8090909090909091,0.7417355371900827,0.0
calibration,1,public-random-101-d6de9229e83d,random,64,105,38,1,uniform,stationary_hotspot,online,random,N022|N041,120000,False,0.30808068003526967,0.29874559341312173,16050260,110,101,451000,407000,28,244369,0.9181818181818182,0.9024390243902439,0.2545454545454545,25,25,117000,117000,0,43435,1.0,1.0,0.0,85,64,367000,242000,59,143390,0.7529411764705882,0.659400544959128,0.6941176470588235,110,89,484000,359000,59,186825,0.8090909090909091,0.7417355371900827,0.5363636363636364
calibration,1,public-random-101-d6de9229e83d,random,64,105,38,1,uniform,stationary_hotspot,online,failure_aware,N055|N060,120000,True,0.30808068003526967,0.3056325463615888,16050260,110,101,451000,407000,28,244369,0.9181818181818182,0.9024390243902439,0.2545454545454545,25,25,117000,117000,0,43435,1.0,1.0,0.0,85,74,367000,297000,37,233634,0.8705882352941177,0.8092643051771117,0.43529411764705883,110,99,484000,414000,37,277069,0.9,0.8553719008264463,0.33636363636363636
calibration,1,public-random-101-d6de9229e83d,random,64,105,38,1,uniform,shifted_hotspot,public,none,,0,False,0.30808068003526967,0.30505335004063566,15930260,110,91,451000,359000,19,222232,0.8272727272727273,0.7960088691796009,0.17272727272727273,25,23,117000,101000,2,37891,0.92,0.8632478632478633,0.08,85,60,367000,229000,25,201353,0.7058823529411765,0.6239782016348774,0.29411764705882354,110,83,484000,330000,27,239244,0.7545454545454545,0.6818181818181818,0.24545454545454545
calibration,1,public-random-101-d6de9229e83d,random,64,105,38,1,uniform,shifted_hotspot,retry,none,,0,False,0.30808068003526967,0.31152744138503574,15930260,110,101,451000,407000,30,241223,0.9181818181818182,0.9024390243902439,0.2727272727272727,25,24,117000,109000,4,40384,0.96,0.9316239316239316,0.16,85,61,367000,234000,67,205113,0.7176470588235294,0.6376021798365122,0.788235294117647,110,85,484000,343000,71,245497,0.7727272727272727,0.7086776859504132,0.6454545454545455
calibration,1,public-random-101-d6de9229e83d,random,64,105,38,1,uniform,shifted_hotspot,online,none,,0,False,0.30808068003526967,0.3034510810457589,15930260,110,101,451000,407000,28,244369,0.9181818181818182,0.9024390243902439,0.2545454545454545,25,24,117000,109000,3,38547,0.96,0.9316239316239316,0.12,85,61,367000,234000,67,206017,0.7176470588235294,0.6376021798365122,0.788235294117647,110,85,484000,343000,70,244564,0.7727272727272727,0.7086776859504132,0.6363636363636364
calibration,1,public-random-101-d6de9229e83d,random,64,105,38,1,uniform,shifted_hotspot,oracle,none,,0,False,0.30808068003526967,0.31227158607688227,15930260,110,102,451000,415000,0,247883,0.9272727272727272,0.9201773835920177,0.0,25,24,117000,109000,0,40384,0.96,0.9316239316239316,0.0,85,61,367000,234000,0,205113,0.7176470588235294,0.6376021798365122,0.0,110,85,484000,343000,0,245497,0.7727272727272727,0.7086776859504132,0.0
calibration,1,public-random-101-d6de9229e83d,random,64,105,38,1,uniform,shifted_hotspot,online,random,N022|N041,120000,False,0.30808068003526967,0.2950836527762301,16050260,110,101,451000,407000,28,244369,0.9181818181818182,0.9024390243902439,0.2545454545454545,25,24,117000,109000,3,38798,0.96,0.9316239316239316,0.12,85,61,367000,234000,67,134609,0.7176470588235294,0.6376021798365122,0.788235294117647,110,85,484000,343000,70,173407,0.7727272727272727,0.7086776859504132,0.6363636363636364
calibration,1,public-random-101-d6de9229e83d,random,64,105,38,1,uniform,shifted_hotspot,online,failure_aware,N055|N060,120000,False,0.30808068003526967,0.29683159260254666,16050260,110,101,451000,407000,28,244369,0.9181818181818182,0.9024390243902439,0.2545454545454545,25,24,117000,109000,3,38798,0.96,0.9316239316239316,0.12,85,61,367000,234000,67,206017,0.7176470588235294,0.6376021798365122,0.788235294117647,110,85,484000,343000,70,244815,0.7727272727272727,0.7086776859504132,0.6363636363636364
calibration,1,public-random-101-d6de9229e83d,random,64,105,38,1,polarized,diffuse,public,none,,0,False,0.7147319857127222,0.681311734253447,15930260,110,82,425000,256000,28,286008,0.7454545454545455,0.6023529411764705,0.2545454545454545,25,16,127000,76000,9,27807,0.64,0.5984251968503937,0.36,85,59,379000,230000,26,101105,0.6941176470588235,0.6068601583113457,0.3058823529411765,110,75,506000,306000,35,128912,0.6818181818181818,0.6047430830039525,0.3181818181818182
calibration,1,public-random-101-d6de9229e83d,random,64,105,38,1,polarized,diffuse,retry,none,,0,False,0.7147319857127222,0.6565134273294019,15930260,110,90,425000,311000,59,406020,0.8181818181818182,0.731764705882353,0.5363636363636364,25,16,127000,80000,18,26973,0.64,0.6299212598425197,0.72,85,73,379000,292000,46,157448,0.8588235294117647,0.7704485488126649,0.5411764705882353,110,89,506000,372000,64,184421,0.8090909090909091,0.7351778656126482,0.5818181818181818
calibration,1,public-random-101-d6de9229e83d,random,64,105,38,1,polarized,diffuse,online,none,,0,False,0.7147319857127222,0.6487618702275624,15930260,110,90,425000,311000,57,408178,0.8181818181818182,0.731764705882353,0.5181818181818182,25,16,127000,80000,18,27111,0.64,0.6299212598425197,0.72,85,73,379000,295000,41,148626,0.8588235294117647,0.7783641160949868,0.4823529411764706,110,89,506000,375000,59,175737,0.8090909090909091,0.741106719367589,0.5363636363636364
calibration,1,public-random-101-d6de9229e83d,random,64,105,38,1,polarized,diffuse,oracle,none,,0,False,0.7147319857127222,0.6547688296300503,15930260,110,90,425000,311000,0,406020,0.8181818181818182,0.731764705882353,0.0,25,16,127000,80000,0,26973,0.64,0.6299212598425197,0.0,85,74,379000,300000,0,164393,0.8705882352941177,0.7915567282321899,0.0,110,90,506000,380000,0,191366,0.8181818181818182,0.7509881422924901,0.0
calibration,1,public-random-101-d6de9229e83d,random,64,105,38,1,polarized,diffuse,online,random,N022|N041,120000,False,0.7147319857127222,0.6449576457250309,16050260,110,90,425000,311000,57,408178,0.8181818181818182,0.731764705882353,0.5181818181818182,25,16,127000,80000,19,28171,0.64,0.6299212598425197,0.76,85,73,379000,295000,45,131339,0.8588235294117647,0.7783641160949868,0.5294117647058824,110,89,506000,375000,64,159510,0.8090909090909091,0.741106719367589,0.5818181818181818
calibration,1,public-random-101-d6de9229e83d,random,64,105,38,1,polarized,diffuse,online,failure_aware,N019|N025,120000,False,0.7147319857127222,0.6452435899908053,16050260,110,90,425000,311000,57,408178,0.8181818181818182,0.731764705882353,0.5181818181818182,25,17,127000,82000,16,31951,0.68,0.6456692913385826,0.64,85,73,379000,295000,45,139390,0.8588235294117647,0.7783641160949868,0.5294117647058824,110,90,506000,377000,61,171341,0.8181818181818182,0.7450592885375494,0.5545454545454546
calibration,1,public-random-101-d6de9229e83d,random,64,105,38,1,polarized,stationary_hotspot,public,none,,0,False,0.7147319857127222,0.6799325059095894,15930260,110,70,451000,268000,40,177292,0.6363636363636364,0.5942350332594235,0.36363636363636365,25,19,117000,81000,6,24815,0.76,0.6923076923076923,0.24,85,56,367000,221000,29,119200,0.6588235294117647,0.6021798365122616,0.3411764705882353,110,75,484000,302000,35,144015,0.6818181818181818,0.6239669421487604,0.3181818181818182
calibration,1,public-random-101-d6de9229e83d,random,64,105,38,1,polarized,stationary_hotspot,retry,none,,0,False,0.7147319857127222,0.6846854104225947,15930260,110,95,451000,366000,60,221861,0.8636363636363636,0.811529933481153,0.5454545454545454,25,20,117000,89000,15,32135,0.8,0.7606837606837606,0.6,85,60,367000,238000,72,214899,0.7058823529411765,0.6485013623978202,0.8470588235294118,110,80,484000,327000,87,247034,0.7272727272727273,0.6756198347107438,0.7909090909090909
calibration,1,public-random-101-d6de9229e83d,random,64,105,38,1,polarized,stationary_hotspot,online,none,,0,False,0.7147319857127222,0.681105684224388,15930260,110,94,451000,358000,51,223507,0.8545454545454545,0.7937915742793792,0.4636363636363636,25,20,117000,89000,15,34778,0.8,0.7606837606837606,0.6,85,65,367000,243000,60,227511,0.7647058823529411,0.662125340599455,0.7058823529411765,110,85,484000,332000,75,262289,0.7727272727272727,0.6859504132231405,0.6818181818181818
calibration,1,public-random-101-d6de9229e83d,random,64,105,38,1,polarized,stationary_hotspot,oracle,none,,0,False,0.7147319857127222,0.6887117889436413,15930260,110,97,451000,382000,0,257758,0.8818181818181818,0.8470066518847007,0.0,25,20,117000,89000,0,32135,0.8,0.7606837606837606,0.0,85,62,367000,231000,0,220272,0.7294117647058823,0.6294277929155313,0.0,110,82,484000,320000,0,252407,0.7454545454545455,0.6611570247933884,0.0
calibration,1,public-random-101-d6de9229e83d,random,64,105,38,1,polarized,stationary_hotspot,online,random,N022|N041,120000,False,0.7147319857127222,0.6692076628585938,16050260,110,94,451000,358000,51,223507,0.8545454545454545,0.7937915742793792,0.4636363636363636,25,20,117000,89000,15,33791,0.8,0.7606837606837606,0.6,85,63,367000,230000,62,126058,0.7411764705882353,0.6267029972752044,0.7294117647058823,110,83,484000,319000,77,159849,0.7545454545454545,0.6590909090909091,0.7
calibration,1,public-random-101-d6de9229e83d,random,64,105,38,1,polarized,stationary_hotspot,online,failure_aware,N055|N060,120000,True,0.7147319857127222,0.6752075945023163,16050260,110,94,451000,358000,51,223507,0.8545454545454545,0.7937915742793792,0.4636363636363636,25,20,117000,89000,15,33791,0.8,0.7606837606837606,0.6,85,74,367000,306000,42,246801,0.8705882352941177,0.8337874659400545,0.49411764705882355,110,94,484000,395000,57,280592,0.8545454545454545,0.8161157024793388,0.5181818181818182
calibration,1,public-random-101-d6de9229e83d,random,64,105,38,1,polarized,shifted_hotspot,public,none,,0,False,0.7147319857127222,0.6790098713178266,15930260,110,70,451000,268000,40,177292,0.6363636363636364,0.5942350332594235,0.36363636363636365,25,16,117000,57000,9,20012,0.64,0.48717948717948717,0.36,85,55,367000,207000,30,111499,0.6470588235294118,0.5640326975476839,0.35294117647058826,110,71,484000,264000,39,131511,0.6454545454545455,0.5454545454545454,0.35454545454545455
calibration,1,public-random-101-d6de9229e83d,random,64,105,38,1,polarized,shifted_hotspot,retry,none,,0,False,0.7147319857127222,0.6850329980415709,15930260,110,95,451000,366000,60,221861,0.8636363636363636,0.811529933481153,0.5454545454545454,25,17,117000,65000,24,27332,0.68,0.5555555555555556,0.96,85,60,367000,231000,70,209346,0.7058823529411765,0.6294277929155313,0.8235294117647058,110,77,484000,296000,94,236678,0.7,0.6115702479338843,0.8545454545454545
calibration,1,public-random-101-d6de9229e83d,random,64,105,38,1,polarized,shifted_hotspot,online,none,,0,False,0.7147319857127222,0.6800558244967997,15930260,110,94,451000,358000,51,223507,0.8545454545454545,0.7937915742793792,0.4636363636363636,25,17,117000,65000,24,29349,0.68,0.5555555555555556,0.96,85,61,367000,233000,67,215127,0.7176470588235294,0.6348773841961853,0.788235294117647,110,78,484000,298000,91,244476,0.7090909090909091,0.6157024793388429,0.8272727272727273
calibration,1,public-random-101-d6de9229e83d,random,64,105,38,1,polarized,shifted_hotspot,oracle,none,,0,False,0.7147319857127222,0.6842365912731546,15930260,110,97,451000,382000,0,257758,0.8818181818181818,0.8470066518847007,0.0,25,17,117000,65000,0,27332,0.68,0.5555555555555556,0.0,85,59,367000,223000,0,208026,0.6941176470588235,0.6076294277929155,0.0,110,76,484000,288000,0,235358,0.6909090909090909,0.5950413223140496,0.0
calibration,1,public-random-101-d6de9229e83d,random,64,105,38,1,polarized,shifted_hotspot,online,random,N022|N041,120000,False,0.7147319857127222,0.6721880548922794,16050260,110,94,451000,358000,51,223507,0.8545454545454545,0.7937915742793792,0.4636363636363636,25,17,117000,65000,24,28606,0.68,0.5555555555555556,0.96,85,59,367000,223000,71,115371,0.6941176470588235,0.6076294277929155,0.8352941176470589,110,76,484000,288000,95,143977,0.6909090909090909,0.5950413223140496,0.8636363636363636
calibration,1,public-random-101-d6de9229e83d,random,64,105,38,1,polarized,shifted_hotspot,online,failure_aware,N055|N060,120000,False,0.7147319857127222,0.6697332447127814,16050260,110,94,451000,358000,51,223507,0.8545454545454545,0.7937915742793792,0.4636363636363636,25,17,117000,65000,24,28606,0.68,0.5555555555555556,0.96,85,61,367000,233000,69,216318,0.7176470588235294,0.6348773841961853,0.8117647058823529,110,78,484000,298000,93,244924,0.7090909090909091,0.6157024793388429,0.8454545454545455
calibration,1,public-random-101-d6de9229e83d,random,64,105,38,2,balanced_band,diffuse,public,none,,0,False,0.05866622024413072,0.08796571540117665,15930260,110,110,409000,409000,0,295320,1.0,1.0,0.0,25,25,108000,108000,0,49416,1.0,1.0,0.0,85,81,318000,289000,4,187053,0.9529411764705882,0.9088050314465409,0.047058823529411764,110,106,426000,397000,4,236469,0.9636363636363636,0.931924882629108,0.03636363636363636
calibration,1,public-random-101-d6de9229e83d,random,64,105,38,2,balanced_band,diffuse,retry,none,,0,False,0.05866622024413072,0.08796571540117665,15930260,110,110,409000,409000,0,295320,1.0,1.0,0.0,25,25,108000,108000,0,49416,1.0,1.0,0.0,85,81,318000,289000,6,187053,0.9529411764705882,0.9088050314465409,0.07058823529411765,110,106,426000,397000,6,236469,0.9636363636363636,0.931924882629108,0.05454545454545454
calibration,1,public-random-101-d6de9229e83d,random,64,105,38,2,balanced_band,diffuse,online,none,,0,False,0.05866622024413072,0.09189207150892942,15930260,110,110,409000,409000,0,295954,1.0,1.0,0.0,25,25,108000,108000,0,49502,1.0,1.0,0.0,85,81,318000,289000,8,187829,0.9529411764705882,0.9088050314465409,0.09411764705882353,110,106,426000,397000,8,237331,0.9636363636363636,0.931924882629108,0.07272727272727272
calibration,1,public-random-101-d6de9229e83d,random,64,105,38,2,balanced_band,diffuse,oracle,none,,0,False,0.05866622024413072,0.08796571540117665,15930260,110,110,409000,409000,0,295320,1.0,1.0,0.0,25,25,108000,108000,0,49416,1.0,1.0,0.0,85,81,318000,289000,0,187053,0.9529411764705882,0.9088050314465409,0.0,110,106,426000,397000,0,236469,0.9636363636363636,0.931924882629108,0.0
calibration,1,public-random-101-d6de9229e83d,random,64,105,38,2,balanced_band,diffuse,online,random,N004|N047,120000,False,0.05866622024413072,0.08789012227902991,16050260,110,110,409000,409000,0,295954,1.0,1.0,0.0,25,25,108000,108000,0,49502,1.0,1.0,0.0,85,81,318000,289000,8,188286,0.9529411764705882,0.9088050314465409,0.09411764705882353,110,106,426000,397000,8,237788,0.9636363636363636,0.931924882629108,0.07272727272727272
calibration,1,public-random-101-d6de9229e83d,random,64,105,38,2,balanced_band,diffuse,online,failure_aware,N004|N047,120000,False,0.05866622024413072,0.08789012227902991,16050260,110,110,409000,409000,0,295954,1.0,1.0,0.0,25,25,108000,108000,0,49502,1.0,1.0,0.0,85,81,318000,289000,8,188286,0.9529411764705882,0.9088050314465409,0.09411764705882353,110,106,426000,397000,8,237788,0.9636363636363636,0.931924882629108,0.07272727272727272
calibration,1,public-random-101-d6de9229e83d,random,64,105,38,2,balanced_band,stationary_hotspot,public,none,,0,False,0.05866622024413072,0.08215565124943601,15930260,110,109,429000,421000,1,217736,0.990909090909091,0.9813519813519813,0.00909090909090909,25,18,105000,61000,7,27462,0.72,0.580952380952381,0.28,85,75,305000,266000,10,226558,0.8823529411764706,0.8721311475409836,0.11764705882352941,110,93,410000,327000,17,254020,0.8454545454545455,0.7975609756097561,0.15454545454545454
calibration,1,public-random-101-d6de9229e83d,random,64,105,38,2,balanced_band,stationary_hotspot,retry,none,,0,False,0.05866622024413072,0.0822651283351381,15930260,110,109,429000,421000,3,217736,0.990909090909091,0.9813519813519813,0.02727272727272727,25,19,105000,63000,18,29162,0.76,0.6,0.72,85,77,305000,268000,26,230138,0.9058823529411765,0.8786885245901639,0.3058823529411765,110,96,410000,331000,44,259300,0.8727272727272727,0.8073170731707318,0.4
calibration,1,public-random-101-d6de9229e83d,random,64,105,38,2,balanced_band,stationary_hotspot,online,none,,0,False,0.05866622024413072,0.08134881753546121,15930260,110,109,429000,421000,3,217886,0.990909090909091,0.9813519813519813,0.02727272727272727,25,19,105000,63000,17,29402,0.76,0.6,0.68,85,79,305000,272000,23,235920,0.9294117647058824,0.8918032786885246,0.27058823529411763,110,98,410000,335000,40,265322,0.8909090909090909,0.8170731707317073,0.36363636363636365
calibration,1,public-random-101-d6de9229e83d,random,64,105,38,2,balanced_band,stationary_hotspot,oracle,none,,0,False,0.05866622024413072,0.08515650155757071,15930260,110,110,429000,429000,0,225056,1.0,1.0,0.0,25,20,105000,71000,0,36482,0.8,0.6761904761904762,0.0,85,78,305000,267000,0,230598,0.9176470588235294,0.8754098360655738,0.0,110,98,410000,338000,0,267080,0.8909090909090909,0.824390243902439,0.0
calibration,1,public-random-101-d6de9229e83d,random,64,105,38,2,balanced_band,stationary_hotspot,online,random,N004|N047,120000,False,0.05866622024413072,0.07928852897590562,16050260,110,109,429000,421000,3,217886,0.990909090909091,0.9813519813519813,0.02727272727272727,25,19,105000,63000,17,29078,0.76,0.6,0.68,85,79,305000,272000,23,237305,0.9294117647058824,0.8918032786885246,0.27058823529411763,110,98,410000,335000,40,266383,0.8909090909090909,0.8170731707317073,0.36363636363636365
calibration,1,public-random-101-d6de9229e83d,random,64,105,38,2,balanced_band,stationary_hotspot,online,failure_aware,N056|N059,120000,True,0.05866622024413072,0.08493751542456651,16050260,110,109,429000,421000,3,217886,0.990909090909091,0.9813519813519813,0.02727272727272727,25,24,105000,97000,6,38258,0.96,0.9238095238095239,0.24,85,83,305000,295000,16,242772,0.9764705882352941,0.9672131147540983,0.18823529411764706,110,107,410000,392000,22,281030,0.9727272727272728,0.9560975609756097,0.2
calibration,1,public-random-101-d6de9229e83d,random,64,105,38,2,balanced_band,shifted_hotspot,public,none,,0,False,0.05866622024413072,0.0859172448951992,15930260,110,109,429000,421000,1,217736,0.990909090909091,0.9813519813519813,0.00909090909090909,25,24,105000,97000,1,27860,0.96,0.9238095238095239,0.04,85,79,305000,283000,6,212090,0.9294117647058824,0.9278688524590164,0.07058823529411765,110,103,410000,380000,7,239950,0.9363636363636364,0.926829268292683,0.06363636363636363
calibration,1,public-random-101-d6de9229e83d,random,64,105,38,2,balanced_band,shifted_hotspot,retry,none,,0,False,0.05866622024413072,0.0859172448951992,15930260,110,109,429000,421000,3,217736,0.990909090909091,0.9813519813519813,0.02727272727272727,25,24,105000,97000,1,27860,0.96,0.9238095238095239,0.04,85,79,305000,283000,18,212090,0.9294117647058824,0.9278688524590164,0.21176470588235294,110,103,410000,380000,19,239950,0.9363636363636364,0.926829268292683,0.17272727272727273
calibration,1,public-random-101-d6de9229e83d,random,64,105,38,2,balanced_band,shifted_hotspot,online,none,,0,False,0.05866622024413072,0.08553965318126738,15930260,110,109,429000,421000,3,217886,0.990909090909091,0.9813519813519813,0.02727272727272727,25,24,105000,97000,1,28100,0.96,0.9238095238095239,0.04,85,79,305000,283000,19,212952,0.9294117647058824,0.9278688524590164,0.2235294117647059,110,103,410000,380000,20,241052,0.9363636363636364,0.926829268292683,0.18181818181818182
calibration,1,public-random-101-d6de9229e83d,random,64,105,38,2,balanced_band,shifted_hotspot,oracle,none,,0,False,0.05866622024413072,0.08691413673417694,15930260,110,110,429000,429000,0,225056,1.0,1.0,0.0,25,24,105000,97000,0,27860,0.96,0.9238095238095239,0.0,85,79,305000,283000,0,212090,0.9294117647058824,0.9278688524590164,0.0,110,103,410000,380000,0,239950,0.9363636363636364,0.926829268292683,0.0
calibration,1,public-random-101-d6de9229e83d,random,64,105,38,2,balanced_band,shifted_hotspot,online,random,N004|N047,120000,False,0.05866622024413072,0.08286612258649205,16050260,110,109,429000,421000,3,217886,0.990909090909091,0.9813519813519813,0.02727272727272727,25,24,105000,97000,1,27776,0.96,0.9238095238095239,0.04,85,79,305000,283000,19,213954,0.9294117647058824,0.9278688524590164,0.2235294117647059,110,103,410000,380000,20,241730,0.9363636363636364,0.926829268292683,0.18181818181818182
calibration,1,public-random-101-d6de9229e83d,random,64,105,38,2,balanced_band,shifted_hotspot,online,failure_aware,N056|N059,120000,False,0.05866622024413072,0.08286612258649205,16050260,110,109,429000,421000,3,217886,0.990909090909091,0.9813519813519813,0.02727272727272727,25,24,105000,97000,1,27776,0.96,0.9238095238095239,0.04,85,79,305000,283000,19,213954,0.9294117647058824,0.9278688524590164,0.2235294117647059,110,103,410000,380000,20,241730,0.9363636363636364,0.926829268292683,0.18181818181818182
calibration,1,public-random-101-d6de9229e83d,random,64,105,38,2,uniform,diffuse,public,none,,0,False,0.3379178655739088,0.34867685641347085,15930260,110,99,409000,362000,11,262691,0.9,0.8850855745721271,0.1,25,24,108000,106000,1,47796,0.96,0.9814814814814815,0.04,85,74,318000,259000,11,153763,0.8705882352941177,0.8144654088050315,0.12941176470588237,110,98,426000,365000,12,201559,0.8909090909090909,0.8568075117370892,0.10909090909090909
calibration,1,public-random-101-d6de9229e83d,random,64,105,38,2,uniform,diffuse,retry,none,,0,False,0.3379178655739088,0.35678977798239075,15930260,110,104,409000,376000,20,274079,0.9454545454545454,0.9193154034229829,0.18181818181818182,25,24,108000,106000,1,47796,0.96,0.9814814814814815,0.04,85,77,318000,276000,18,161271,0.9058823529411765,0.8679245283018868,0.21176470588235294,110,101,426000,382000,19,209067,0.9181818181818182,0.8967136150234741,0.17272727272727273
calibration,1,public-random-101-d6de9229e83d,random,64,105,38,2,uniform,diffuse,online,none,,0,False,0.3379178655739088,0.3573199567176028,15930260,110,104,409000,376000,21,274977,0.9454545454545454,0.9193154034229829,0.19090909090909092,25,24,108000,106000,1,47882,0.96,0.9814814814814815,0.04,85,77,318000,276000,15,162666,0.9058823529411765,0.8679245283018868,0.17647058823529413,110,101,426000,382000,16,210548,0.9181818181818182,0.8967136150234741,0.14545454545454545
calibration,1,public-random-101-d6de9229e83d,random,64,105,38,2,uniform,diffuse,oracle,none,,0,False,0.3379178655739088,0.3549218446873436,15930260,110,104,409000,376000,0,274079,0.9454545454545454,0.9193154034229829,0.0,25,24,108000,106000,0,47796,0.96,0.9814814814814815,0.0,85,78,318000,281000,0,182471,0.9176470588235294,0.8836477987421384,0.0,110,102,426000,387000,0,230267,0.9272727272727272,0.9084507042253521,0.0
calibration,1,public-random-101-d6de9229e83d,random,64,105,38,2,uniform,diffuse,online,random,N004|N047,120000,False,0.3379178655739088,0.34936836253960896,16050260,110,104,409000,376000,21,274977,0.9454545454545454,0.9193154034229829,0.19090909090909092,25,24,108000,106000,1,47582,0.96,0.9814814814814815,0.04,85,78,318000,281000,14,182919,0.9176470588235294,0.8836477987421384,0.16470588235294117,110,102,426000,387000,15,230501,0.9272727272727272,0.9084507042253521,0.13636363636363635
calibration,1,public-random-101-d6de9229e83d,random,64,105,38,2,uniform,diffuse,online,failure_aware,N033|N045,120000,False,0.3379178655739088,0.3453979584947609,16050260,110,104,409000,376000,21,274977,0.9454545454545454,0.9193154034229829,0.19090909090909092,25,25,108000,108000,0,50007,1.0,1.0,0.0,85,80,318000,291000,17,195109,0.9411764705882353,0.9150943396226415,0.2,110,105,426000,399000,17,245116,0.9545454545454546,0.9366197183098591,0.15454545454545454
calibration,1,public-random-101-d6de9229e83d,random,64,105,38,2,uniform,stationary_hotspot,public,none,,0,False,0.3379178655739088,0.35158654706174547,15930260,110,103,429000,385000,7,209081,0.9363636363636364,0.8974358974358975,0.06363636363636363,25,17,105000,56000,8,26832,0.68,0.5333333333333333,0.32,85,75,305000,258000,10,227898,0.8823529411764706,0.8459016393442623,0.11764705882352941,110,92,410000,314000,18,254730,0.8363636363636363,0.7658536585365854,0.16363636363636364
calibration,1,public-random-101-d6de9229e83d,random,64,105,38,2,uniform,stationary_hotspot,retry,none,,0,False,0.3379178655739088,0.35531699561174684,15930260,110,103,429000,385000,15,209081,0.9363636363636364,0.8974358974358975,0.13636363636363635,25,19,105000,63000,18,30212,0.76,0.6,0.72,85,76,305000,266000,30,230471,0.8941176470588236,0.8721311475409836,0.35294117647058826,110,95,410000,329000,48,260683,0.8636363636363636,0.802439024390244,0.43636363636363634
calibration,1,public-random-101-d6de9229e83d,random,64,105,38,2,uniform,stationary_hotspot,online,none,,0,False,0.3379178655739088,0.35350772352481896,15930260,110,103,429000,385000,17,209531,0.9363636363636364,0.8974358974358975,0.15454545454545454,25,20,105000,68000,17,32254,0.8,0.6476190476190476,0.68,85,77,305000,262000,26,231919,0.9058823529411765,0.8590163934426229,0.3058823529411765,110,97,410000,330000,43,264173,0.8818181818181818,0.8048780487804879,0.39090909090909093
calibration,1,public-random-101-d6de9229e83d,random,64,105,38,2,uniform,stationary_hotspot,oracle,none,,0,False,0.3379178655739088,0.3565780505998891,15930260,110,103,429000,385000,0,209081,0.9363636363636364,0.8974358974358975,0.0,25,20,105000,68000,0,35162,0.8,0.6476190476190476,0.0,85,77,305000,265000,0,231424,0.9058823529411765,0.8688524590163934,0.0,110,97,410000,333000,0,266586,0.8818181818181818,0.8121951219512196,0.0
calibration,1,public-random-101-d6de9229e83d,random,64,105,38,2,uniform,stationary_hotspot,online,random,N004|N047,120000,False,0.3379178655739088,0.34144268295228436,16050260,110,103,429000,385000,17,209531,0.9363636363636364,0.8974358974358975,0.15454545454545454,25,20,105000,68000,16,32729,0.8,0.6476190476190476,0.64,85,77,305000,262000,27,233521,0.9058823529411765,0.8590163934426229,0.3176470588235294,110,97,410000,330000,43,266250,0.8818181818181818,0.8048780487804879,0.39090909090909093
calibration,1,public-random-101-d6de9229e83d,random,64,105,38,2,uniform,stationary_hotspot,online,failure_aware,N056|N059,120000,True,0.3379178655739088,0.34919128473992006,16050260,110,103,429000,385000,17,209531,0.9363636363636364,0.8974358974358975,0.15454545454545454,25,24,105000,97000,5,39004,0.96,0.9238095238095239,0.2,85,83,305000,292000,13,242425,0.9764705882352941,0.9573770491803278,0.15294117647058825,110,107,410000,389000,18,281429,0.9727272727272728,0.948780487804878,0.16363636363636364
calibration,1,public-random-101-d6de9229e83d,random,64,105,38,2,uniform,shifted_hotspot,public,none,,0,False,0.3379178655739088,0.33950062205214315,15930260,110,103,429000,385000,7,209081,0.9363636363636364,0.8974358974358975,0.06363636363636363,25,23,105000,95000,2,27515,0.92,0.9047619047619048,0.08,85,84,305000,297000,1,213223,0.9882352941176471,0.9737704918032787,0.011764705882352941,110,107,410000,392000,3,240738,0.9727272727272728,0.9560975609756097,0.02727272727272727
calibration,1,public-random-101-d6de9229e83d,random,64,105,38,2,uniform,shifted_hotspot,retry,none,,0,False,0.3379178655739088,0.344051120658647,15930260,110,103,429000,385000,15,209081,0.9363636363636364,0.8974358974358975,0.13636363636363635,25,24,105000,97000,2,29095,0.96,0.9238095238095239,0.08,85,85,305000,305000,1,216136,1.0,1.0,0.011764705882352941,110,109,410000,402000,3,245231,0.990909090909091,0.9804878048780488,0.02727272727272727
calibration,1,public-random-101-d6de9229e83d,random,64,105,38,2,uniform,shifted_hotspot,online,none,,0,False,0.3379178655739088,0.3410439688956502,15930260,110,103,429000,385000,17,209531,0.9363636363636364,0.8974358974358975,0.15454545454545454,25,24,105000,97000,2,29455,0.96,0.9238095238095239,0.08,85,85,305000,305000,1,216998,1.0,1.0,0.011764705882352941,110,109,410000,402000,3,246453,0.990909090909091,0.9804878048780488,0.02727272727272727
calibration,1,public-random-101-d6de9229e83d,random,64,105,38,2,uniform,shifted_hotspot,oracle,none,,0,False,0.3379178655739088,0.344051120658647,15930260,110,103,429000,385000,0,209081,0.9363636363636364,0.8974358974358975,0.0,25,24,105000,97000,0,29095,0.96,0.9238095238095239,0.0,85,85,305000,305000,0,216136,1.0,1.0,0.0,110,109,410000,402000,0,245231,0.990909090909091,0.9804878048780488,0.0
calibration,1,public-random-101-d6de9229e83d,random,64,105,38,2,uniform,shifted_hotspot,online,random,N004|N047,120000,False,0.3379178655739088,0.33144165179908036,16050260,110,103,429000,385000,17,209531,0.9363636363636364,0.8974358974358975,0.15454545454545454,25,24,105000,97000,2,29002,0.96,0.9238095238095239,0.08,85,85,305000,305000,2,217377,1.0,1.0,0.023529411764705882,110,109,410000,402000,4,246379,0.990909090909091,0.9804878048780488,0.03636363636363636
calibration,1,public-random-101-d6de9229e83d,random,64,105,38,2,uniform,shifted_hotspot,online,failure_aware,N056|N059,120000,False,0.3379178655739088,0.33144165179908036,16050260,110,103,429000,385000,17,209531,0.9363636363636364,0.8974358974358975,0.15454545454545454,25,24,105000,97000,2,29002,0.96,0.9238095238095239,0.08,85,85,305000,305000,4,217377,1.0,1.0,0.047058823529411764,110,109,410000,402000,6,246379,0.990909090909091,0.9804878048780488,0.05454545454545454
calibration,1,public-random-101-d6de9229e83d,random,64,105,38,2,polarized,diffuse,public,none,,0,False,0.7243688059773024,0.6939879906259876,15930260,110,76,409000,244000,34,188540,0.6909090909090909,0.5965770171149144,0.3090909090909091,25,20,108000,77000,5,41628,0.8,0.7129629629629629,0.2,85,58,318000,193000,27,131856,0.6823529411764706,0.6069182389937107,0.3176470588235294,110,78,426000,270000,32,173484,0.7090909090909091,0.6338028169014085,0.2909090909090909
calibration,1,public-random-101-d6de9229e83d,random,64,105,38,2,polarized,diffuse,retry,none,,0,False,0.7243688059773024,0.701393976668175,15930260,110,88,409000,299000,63,219520,0.8,0.7310513447432763,0.5727272727272728,25,21,108000,82000,9,45972,0.84,0.7592592592592593,0.36,85,61,318000,204000,51,132492,0.7176470588235294,0.6415094339622641,0.6,110,82,426000,286000,60,178464,0.7454545454545455,0.6713615023474179,0.5454545454545454
calibration,1,public-random-101-d6de9229e83d,random,64,105,38,2,polarized,diffuse,online,none,,0,False,0.7243688059773024,0.6946462271474791,15930260,110,89,409000,301000,59,222918,0.8090909090909091,0.7359413202933985,0.5363636363636364,25,21,108000,82000,9,46058,0.84,0.7592592592592593,0.36,85,62,318000,209000,46,136375,0.7294117647058823,0.6572327044025157,0.5411764705882353,110,83,426000,291000,55,182433,0.7545454545454545,0.6830985915492958,0.5
calibration,1,public-random-101-d6de9229e83d,random,64,105,38,2,polarized,diffuse,oracle,none,,0,False,0.7243688059773024,0.6984649958306004,15930260,110,93,409000,324000,0,263179,0.8454545454545455,0.7921760391198044,0.0,25,21,108000,82000,0,45972,0.84,0.7592592592592593,0.0,85,64,318000,222000,0,161380,0.7529411764705882,0.6981132075471698,0.0,110,85,426000,304000,0,207352,0.7727272727272727,0.7136150234741784,0.0
calibration,1,public-random-101-d6de9229e83d,random,64,105,38,2,polarized,diffuse,online,random,N004|N047,120000,False,0.7243688059773024,0.6818012440439558,16050260,110,89,409000,301000,59,222918,0.8090909090909091,0.7359413202933985,0.5363636363636364,25,21,108000,82000,9,45758,0.84,0.7592592592592593,0.36,85,64,318000,222000,41,158201,0.7529411764705882,0.6981132075471698,0.4823529411764706,110,85,426000,304000,50,203959,0.7727272727272727,0.7136150234741784,0.45454545454545453
calibration,1,public-random-101-d6de9229e83d,random,64,105,38,2,polarized,diffuse,online,failure_aware,N042|N054,120000,False,0.7243688059773024,0.6821235740935805,16050260,110,89,409000,301000,59,222918,0.8090909090909091,0.7359413202933985,0.5363636363636364,25,21,108000,82000,9,45758,0.84,0.7592592592592593,0.36,85,67,318000,231000,39,164096,0.788235294117647,0.7264150943396226,0.4588235294117647,110,88,426000,313000,48,209854,0.8,0.7347417840375586,0.43636363636363634
calibration,1,public-random-101-d6de9229e83d,random,64,105,38,2,polarized,stationary_hotspot,public,none,,0,False,0.7243688059773024,0.71179357952694,15930260,110,86,429000,279000,24,136751,0.7818181818181819,0.6503496503496503,0.21818181818181817,25,12,105000,29000,13,12718,0.48,0.2761904761904762,0.52,85,63,305000,189000,22,178083,0.7411764705882353,0.6196721311475409,0.25882352941176473,110,75,410000,218000,35,190801,0.6818181818181818,0.5317073170731708,0.3181818181818182
calibration,1,public-random-101-d6de9229e83d,random,64,105,38,2,polarized,stationary_hotspot,retry,none,,0,False,0.7243688059773024,0.6989810671958147,15930260,110,92,429000,318000,42,153077,0.8363636363636363,0.7412587412587412,0.38181818181818183,25,15,105000,47000,28,23621,0.6,0.44761904761904764,1.12,85,66,305000,199000,54,190773,0.7764705882352941,0.6524590163934426,0.6352941176470588,110,81,410000,246000,82,214394,0.7363636363636363,0.6,0.7454545454545455
calibration,1,public-random-101-d6de9229e83d,random,64,105,38,2,polarized,stationary_hotspot,online,none,,0,False,0.7243688059773024,0.6998242247445665,15930260,110,92,429000,318000,42,153685,0.8363636363636363,0.7412587412587412,0.38181818181818183,25,15,105000,47000,28,22758,0.6,0.44761904761904764,1.12,85,67,305000,201000,48,191766,0.788235294117647,0.659016393442623,0.5647058823529412,110,82,410000,248000,76,214524,0.7454545454545455,0.6048780487804878,0.6909090909090909
calibration,1,public-random-101-d6de9229e83d,random,64,105,38,2,polarized,stationary_hotspot,oracle,none,,0,False,0.7243688059773024,0.6884069099398923,15930260,110,94,429000,328000,0,162977,0.8545454545454545,0.7645687645687645,0.0,25,16,105000,52000,0,28571,0.64,0.49523809523809526,0.0,85,66,305000,205000,0,199634,0.7764705882352941,0.6721311475409836,0.0,110,82,410000,257000,0,228205,0.7454545454545455,0.6268292682926829,0.0
calibration,1,public-random-101-d6de9229e83d,random,64,105,38,2,polarized,stationary_hotspot,online,random,N004|N047,120000,False,0.7243688059773024,0.6934123611681267,16050260,110,92,429000,318000,42,153685,0.8363636363636363,0.7412587412587412,0.38181818181818183,25,15,105000,47000,26,17416,0.6,0.44761904761904764,1.04,85,67,305000,201000,49,190658,0.788235294117647,0.659016393442623,0.5764705882352941,110,82,410000,248000,75,208074,0.7454545454545455,0.6048780487804878,0.6818181818181818
calibration,1,public-random-101-d6de9229e83d,random,64,105,38,2,polarized,stationary_hotspot,online,failure_aware,N056|N059,120000,True,0.7243688059773024,0.7024942729926615,16050260,110,92,429000,318000,42,153685,0.8363636363636363,0.7412587412587412,0.38181818181818183,25,20,105000,81000,12,26521,0.8,0.7714285714285715,0.48,85,71,305000,224000,43,194877,0.8352941176470589,0.7344262295081967,0.5058823529411764,110,91,410000,305000,55,221398,0.8272727272727273,0.7439024390243902,0.5
calibration,1,public-random-101-d6de9229e83d,random,64,105,38,2,polarized,shifted_hotspot,public,none,,0,False,0.7243688059773024,0.6864664255623889,15930260,110,86,429000,279000,24,136751,0.7818181818181819,0.6503496503496503,0.21818181818181817,25,18,105000,71000,7,13636,0.72,0.6761904761904762,0.28,85,71,305000,232000,14,161168,0.8352941176470589,0.760655737704918,0.16470588235294117,110,89,410000,303000,21,174804,0.8090909090909091,0.7390243902439024,0.19090909090909092
calibration,1,public-random-101-d6de9229e83d,random,64,105,38,2,polarized,shifted_hotspot,retry,none,,0,False,0.7243688059773024,0.6752367768875543,15930260,110,92,429000,318000,42,153077,0.8363636363636363,0.7412587412587412,0.38181818181818183,25,20,105000,81000,12,22504,0.8,0.7714285714285715,0.48,85,74,305000,242000,29,171393,0.8705882352941177,0.7934426229508197,0.3411764705882353,110,94,410000,323000,41,193897,0.8545454545454545,0.7878048780487805,0.37272727272727274
calibration,1,public-random-101-d6de9229e83d,random,64,105,38,2,polarized,shifted_hotspot,online,none,,0,False,0.7243688059773024,0.6727587530328969,15930260,110,92,429000,318000,42,153685,0.8363636363636363,0.7412587412587412,0.38181818181818183,25,20,105000,81000,12,22816,0.8,0.7714285714285715,0.48,85,74,305000,242000,28,172201,0.8705882352941177,0.7934426229508197,0.32941176470588235,110,94,410000,323000,40,195017,0.8545454545454545,0.7878048780487805,0.36363636363636365
calibration,1,public-random-101-d6de9229e83d,random,64,105,38,2,polarized,shifted_hotspot,oracle,none,,0,False,0.7243688059773024,0.6694687608912857,15930260,110,94,429000,328000,0,162977,0.8545454545454545,0.7645687645687645,0.0,25,20,105000,81000,0,22504,0.8,0.7714285714285715,0.0,85,76,305000,258000,0,185591,0.8941176470588236,0.8459016393442623,0.0,110,96,410000,339000,0,208095,0.8727272727272727,0.8268292682926829,0.0
calibration,1,public-random-101-d6de9229e83d,random,64,105,38,2,polarized,shifted_hotspot,online,random,N004|N047,120000,False,0.7243688059773024,0.6698479390595414,16050260,110,92,429000,318000,42,153685,0.8363636363636363,0.7412587412587412,0.38181818181818183,25,20,105000,81000,10,16491,0.8,0.7714285714285715,0.4,85,74,305000,242000,27,169363,0.8705882352941177,0.7934426229508197,0.3176470588235294,110,94,410000,323000,37,185854,0.8545454545454545,0.7878048780487805,0.33636363636363636
calibration,1,public-random-101-d6de9229e83d,random,64,105,38,2,polarized,shifted_hotspot,online,failure_aware,N056|N059,120000,False,0.7243688059773024,0.6701424462484187,16050260,110,92,429000,318000,42,153685,0.8363636363636363,0.7412587412587412,0.38181818181818183,25,20,105000,81000,10,16491,0.8,0.7714285714285715,0.4,85,74,305000,242000,27,169770,0.8705882352941177,0.7934426229508197,0.3176470588235294,110,94,410000,323000,37,186261,0.8545454545454545,0.7878048780487805,0.33636363636363636
calibration,2,public-periphery-102-cec220632af6,periphery,64,75,52,0,balanced_band,diffuse,public,none,,0,False,0.05499844387554255,0.11873398795730584,9166562,110,107,482000,467000,3,1046598,0.9727272727272728,0.9688796680497925,0.02727272727272727,25,23,96000,86000,2,228547,0.92,0.8958333333333334,0.08,85,71,354000,296000,14,674327,0.8352941176470589,0.8361581920903954,0.16470588235294117,110,94,450000,382000,16,902874,0.8545454545454545,0.8488888888888889,0.14545454545454545
calibration,2,public-periphery-102-cec220632af6,periphery,64,75,52,0,balanced_band,diffuse,retry,none,,0,False,0.05499844387554255,0.11067970886790755,9166562,110,107,482000,467000,5,1046598,0.9727272727272728,0.9688796680497925,0.045454545454545456,25,25,96000,96000,2,245771,1.0,1.0,0.08,85,84,354000,349000,14,792371,0.9882352941176471,0.9858757062146892,0.16470588235294117,110,109,450000,445000,16,1038142,0.990909090909091,0.9888888888888889,0.14545454545454545
calibration,2,public-periphery-102-cec220632af6,periphery,64,75,52,0,balanced_band,diffuse,online,none,,0,False,0.05499844387554255,0.11067970886790755,9166562,110,107,482000,467000,5,1046688,0.9727272727272728,0.9688796680497925,0.045454545454545456,25,25,96000,96000,2,245771,1.0,1.0,0.08,85,84,354000,349000,12,792411,0.9882352941176471,0.9858757062146892,0.1411764705882353,110,109,450000,445000,14,1038182,0.990909090909091,0.9888888888888889,0.12727272727272726
calibration,2,public-periphery-102-cec220632af6,periphery,64,75,52,0,balanced_band,diffuse,oracle,none,,0,False,0.05499844387554255,0.11067970886790755,9166562,110,107,482000,467000,0,1046598,0.9727272727272728,0.9688796680497925,0.0,25,25,96000,96000,0,245771,1.0,1.0,0.0,85,84,354000,349000,0,792371,0.9882352941176471,0.9858757062146892,0.0,110,109,450000,445000,0,1038142,0.990909090909091,0.9888888888888889,0.0
calibration,2,public-periphery-102-cec220632af6,periphery,64,75,52,0,balanced_band,diffuse,online,random,N058|N061,120000,False,0.05499844387554255,0.08903279448152718,9286562,110,107,482000,467000,5,1046688,0.9727272727272728,0.9688796680497925,0.045454545454545456,25,25,96000,96000,2,239044,1.0,1.0,0.08,85,84,354000,349000,1,730964,0.9882352941176471,0.9858757062146892,0.011764705882352941,110,109,450000,445000,3,970008,0.990909090909091,0.9888888888888889,0.02727272727272727
calibration,2,public-periphery-102-cec220632af6,periphery,64,75,52,0,balanced_band,diffuse,online,failure_aware,N054|N055,120000,False,0.05499844387554255,0.08931759327457031,9286562,110,107,482000,467000,5,1046688,0.9727272727272728,0.9688796680497925,0.045454545454545456,25,25,96000,96000,2,246039,1.0,1.0,0.08,85,85,354000,354000,1,774864,1.0,1.0,0.011764705882352941,110,110,450000,450000,3,1020903,1.0,1.0,0.02727272727272727
calibration,2,public-periphery-102-cec220632af6,periphery,64,75,52,0,balanced_band,stationary_hotspot,public,none,,0,False,0.05499844387554255,0.10480671080436568,9166562,110,107,389000,377000,3,1001243,0.9727272727272728,0.9691516709511568,0.02727272727272727,25,21,89000,63000,4,182926,0.84,0.7078651685393258,0.16,85,79,356000,321000,6,803649,0.9294117647058824,0.901685393258427,0.07058823529411765,110,100,445000,384000,10,986575,0.9090909090909091,0.8629213483146068,0.09090909090909091
calibration,2,public-periphery-102-cec220632af6,periphery,64,75,52,0,balanced_band,stationary_hotspot,retry,none,,0,False,0.05499844387554255,0.10586062500317081,9166562,110,107,389000,377000,3,1001243,0.9727272727272728,0.9691516709511568,0.02727272727272727,25,22,89000,68000,4,192426,0.88,0.7640449438202247,0.16,85,79,356000,321000,6,803649,0.9294117647058824,0.901685393258427,0.07058823529411765,110,101,445000,389000,10,996075,0.9181818181818182,0.8741573033707866,0.09090909090909091
calibration,2,public-periphery-102-cec220632af6,periphery,64,75,52,0,balanced_band,stationary_hotspot,online,none,,0,False,0.05499844387554255,0.10718613889000657,9166562,110,107,389000,377000,3,1001657,0.9727272727272728,0.9691516709511568,0.02727272727272727,25,22,89000,68000,5,192730,0.88,0.7640449438202247,0.2,85,79,356000,321000,6,804282,0.9294117647058824,0.901685393258427,0.07058823529411765,110,101,445000,389000,11,997012,0.9181818181818182,0.8741573033707866,0.1
calibration,2,public-periphery-102-cec220632af6,periphery,64,75,52,0,balanced_band,stationary_hotspot,oracle,none,,0,False,0.05499844387554255,0.10586062500317081,9166562,110,107,389000,377000,0,1001243,0.9727272727272728,0.9691516709511568,0.0,25,22,89000,68000,0,192426,0.88,0.7640449438202247,0.0,85,79,356000,321000,0,803649,0.9294117647058824,0.901685393258427,0.0,110,101,445000,389000,0,996075,0.9181818181818182,0.8741573033707866,0.0
calibration,2,public-periphery-102-cec220632af6,periphery,64,75,52,0,balanced_band,stationary_hotspot,online,random,N058|N061,120000,False,0.05499844387554255,0.09336441047470602,9286562,110,107,389000,377000,3,1001657,0.9727272727272728,0.9691516709511568,0.02727272727272727,25,22,89000,68000,4,180455,0.88,0.7640449438202247,0.16,85,79,356000,321000,9,808986,0.9294117647058824,0.901685393258427,0.10588235294117647,110,101,445000,389000,13,989441,0.9181818181818182,0.8741573033707866,0.11818181818181818
calibration,2,public-periphery-102-cec220632af6,periphery,64,75,52,0,balanced_band,stationary_hotspot,online,failure_aware,N055|N060,120000,True,0.05499844387554255,0.10614201863864427,9286562,110,107,389000,377000,3,1001657,0.9727272727272728,0.9691516709511568,0.02727272727272727,25,25,89000,89000,1,157370,1.0,1.0,0.04,85,85,356000,356000,5,462014,1.0,1.0,0.058823529411764705,110,110,445000,445000,6,619384,1.0,1.0,0.05454545454545454
calibration,2,public-periphery-102-cec220632af6,periphery,64,75,52,0,balanced_band,shifted_hotspot,public,none,,0,False,0.05499844387554255,0.11853902372887207,9166562,110,107,389000,377000,3,1001243,0.9727272727272728,0.9691516709511568,0.02727272727272727,25,24,89000,84000,1,251884,0.96,0.9438202247191011,0.04,85,85,356000,356000,0,920579,1.0,1.0,0.0,110,109,445000,440000,1,1172463,0.990909090909091,0.9887640449438202,0.00909090909090909
calibration,2,public-periphery-102-cec220632af6,periphery,64,75,52,0,balanced_band,shifted_hotspot,retry,none,,0,False,0.05499844387554255,0.1195929379276772,9166562,110,107,389000,377000,3,1001243,0.9727272727272728,0.9691516709511568,0.02727272727272727,25,25,89000,89000,1,261384,1.0,1.0,0.04,85,85,356000,356000,0,920579,1.0,1.0,0.0,110,110,445000,445000,1,1181963,1.0,1.0,0.00909090909090909
calibration,2,public-periphery-102-cec220632af6,periphery,64,75,52,0,balanced_band,shifted_hotspot,online,none,,0,False,0.05499844387554255,0.12091845181451293,9166562,110,107,389000,377000,3,1001657,0.9727272727272728,0.9691516709511568,0.02727272727272727,25,25,89000,89000,2,261688,1.0,1.0,0.08,85,85,356000,356000,0,921212,1.0,1.0,0.0,110,110,445000,445000,2,1182900,1.0,1.0,0.01818181818181818
calibration,2,public-periphery-102-cec220632af6,periphery,64,75,52,0,balanced_band,shifted_hotspot,oracle,none,,0,False,0.05499844387554255,0.1195929379276772,9166562,110,107,389000,377000,0,1001243,0.9727272727272728,0.9691516709511568,0.0,25,25,89000,89000,0,261384,1.0,1.0,0.0,85,85,356000,356000,0,920579,1.0,1.0,0.0,110,110,445000,445000,0,1181963,1.0,1.0,0.0
calibration,2,public-periphery-102-cec220632af6,periphery,64,75,52,0,balanced_band,shifted_hotspot,online,random,N058|N061,120000,False,0.05499844387554255,0.10691927586255236,9286562,110,107,389000,377000,3,1001657,0.9727272727272728,0.9691516709511568,0.02727272727272727,25,25,89000,89000,1,249413,1.0,1.0,0.04,85,85,356000,356000,3,925916,1.0,1.0,0.03529411764705882,110,110,445000,445000,4,1175329,1.0,1.0,0.03636363636363636
calibration,2,public-periphery-102-cec220632af6,periphery,64,75,52,0,balanced_band,shifted_hotspot,online,failure_aware,N055|N060,120000,False,0.05499844387554255,0.11016059422281038,9286562,110,107,389000,377000,3,1001657,0.9727272727272728,0.9691516709511568,0.02727272727272727,25,25,89000,89000,1,262004,1.0,1.0,0.04,85,85,356000,356000,3,904530,1.0,1.0,0.03529411764705882,110,110,445000,445000,4,1166534,1.0,1.0,0.03636363636363636
calibration,2,public-periphery-102-cec220632af6,periphery,64,75,52,0,uniform,diffuse,public,none,,0,False,0.3167914403407971,0.3203603617016725,9166562,110,91,482000,368000,19,833035,0.8272727272727273,0.7634854771784232,0.17272727272727273,25,21,96000,73000,4,205882,0.84,0.7604166666666666,0.16,85,70,354000,280000,15,642031,0.8235294117647058,0.7909604519774012,0.17647058823529413,110,91,450000,353000,19,847913,0.8272727272727273,0.7844444444444445,0.17272727272727273
calibration,2,public-periphery-102-cec220632af6,periphery,64,75,52,0,uniform,diffuse,retry,none,,0,False,0.3167914403407971,0.3415029491855965,9166562,110,96,482000,395000,27,886034,0.8727272727272727,0.8195020746887967,0.24545454545454545,25,25,96000,96000,4,249269,1.0,1.0,0.16,85,82,354000,336000,18,768239,0.9647058823529412,0.9491525423728814,0.21176470588235294,110,107,450000,432000,22,1017508,0.9727272727272728,0.96,0.2
calibration,2,public-periphery-102-cec220632af6,periphery,64,75,52,0,uniform,diffuse,online,none,,0,False,0.3167914403407971,0.3402199973768041,9166562,110,96,482000,395000,26,886084,0.8727272727272727,0.8195020746887967,0.23636363636363636,25,25,96000,96000,4,249269,1.0,1.0,0.16,85,82,354000,336000,15,768279,0.9647058823529412,0.9491525423728814,0.17647058823529413,110,107,450000,432000,19,1017548,0.9727272727272728,0.96,0.17272727272727273
calibration,2,public-periphery-102-cec220632af6,periphery,64,75,52,0,uniform,diffuse,oracle,none,,0,False,0.3167914403407971,0.3415029491855965,9166562,110,96,482000,395000,0,886034,0.8727272727272727,0.8195020746887967,0.0,25,25,96000,96000,0,249269,1.0,1.0,0.0,85,82,354000,336000,0,768239,0.9647058823529412,0.9491525423728814,0.0,110,107,450000,432000,0,1017508,0.9727272727272728,0.96,0.0
calibration,2,public-periphery-102-cec220632af6,periphery,64,75,52,0,uniform,diffuse,online,random,N058|N061,120000,False,0.3167914403407971,0.3266741251483744,9286562,110,96,482000,395000,26,886084,0.8727272727272727,0.8195020746887967,0.23636363636363636,25,25,96000,96000,2,237586,1.0,1.0,0.08,85,80,354000,326000,15,695916,0.9411764705882353,0.9209039548022598,0.17647058823529413,110,105,450000,422000,17,933502,0.9545454545454546,0.9377777777777778,0.15454545454545454
calibration,2,public-periphery-102-cec220632af6,periphery,64,75,52,0,uniform,diffuse,online,failure_aware,N054|N055,120000,False,0.3167914403407971,0.3311221605087936,9286562,110,96,482000,395000,26,886084,0.8727272727272727,0.8195020746887967,0.23636363636363636,25,25,96000,96000,2,244581,1.0,1.0,0.08,85,83,354000,341000,12,767856,0.9764705882352941,0.963276836158192,0.1411764705882353,110,108,450000,437000,14,1012437,0.9818181818181818,0.9711111111111111,0.12727272727272726
calibration,2,public-periphery-102-cec220632af6,periphery,64,75,52,0,uniform,stationary_hotspot,public,none,,0,False,0.3167914403407971,0.34443979537525427,9166562,110,101,389000,335000,9,909197,0.9181818181818182,0.8611825192802056,0.08181818181818182,25,21,89000,63000,4,182951,0.84,0.7078651685393258,0.16,85,76,356000,303000,9,770932,0.8941176470588236,0.851123595505618,0.10588235294117647,110,97,445000,366000,13,953883,0.8818181818181818,0.8224719101123595,0.11818181818181818
calibration,2,public-periphery-102-cec220632af6,periphery,64,75,52,0,uniform,stationary_hotspot,retry,none,,0,False,0.3167914403407971,0.34640259184343486,9166562,110,104,389000,350000,11,932851,0.9454545454545454,0.8997429305912596,0.1,25,21,89000,63000,6,182951,0.84,0.7078651685393258,0.24,85,76,356000,303000,13,770932,0.8941176470588236,0.851123595505618,0.15294117647058825,110,97,445000,366000,19,953883,0.8818181818181818,0.8224719101123595,0.17272727272727273
calibration,2,public-periphery-102-cec220632af6,periphery,64,75,52,0,uniform,stationary_hotspot,online,none,,0,False,0.3167914403407971,0.3380251443354416,9166562,110,104,389000,350000,11,934013,0.9454545454545454,0.8997429305912596,0.1,25,21,89000,63000,6,183287,0.84,0.7078651685393258,0.24,85,76,356000,303000,13,772388,0.8941176470588236,0.851123595505618,0.15294117647058825,110,97,445000,366000,19,955675,0.8818181818181818,0.8224719101123595,0.17272727272727273
calibration,2,public-periphery-102-cec220632af6,periphery,64,75,52,0,uniform,stationary_hotspot,oracle,none,,0,False,0.3167914403407971,0.34640259184343486,9166562,110,104,389000,350000,0,932851,0.9454545454545454,0.8997429305912596,0.0,25,21,89000,63000,0,182951,0.84,0.7078651685393258,0.0,85,76,356000,303000,0,770932,0.8941176470588236,0.851123595505618,0.0,110,97,445000,366000,0,953883,0.8818181818181818,0.8224719101123595,0.0
calibration,2,public-periphery-102-cec220632af6,periphery,64,75,52,0,uniform,stationary_hotspot,online,random,N058|N061,120000,False,0.3167914403407971,0.32764964556384973,9286562,110,104,389000,350000,11,934013,0.9454545454545454,0.8997429305912596,0.1,25,21,89000,63000,6,170980,0.84,0.7078651685393258,0.24,85,76,356000,303000,15,774922,0.8941176470588236,0.851123595505618,0.17647058823529413,110,97,445000,366000,21,945902,0.8818181818181818,0.8224719101123595,0.19090909090909092
calibration,2,public-periphery-102-cec220632af6,periphery,64,75,52,0,uniform,stationary_hotspot,online,failure_aware,N055|N060,120000,True,0.3167914403407971,0.3418727053770707,9286562,110,104,389000,350000,11,934013,0.9454545454545454,0.8997429305912596,0.1,25,24,89000,84000,3,147895,0.96,0.9438202247191011,0.12,85,82,356000,338000,11,427950,0.9647058823529412,0.949438202247191,0.12941176470588237,110,106,445000,422000,14,575845,0.9636363636363636,0.9483146067415731,0.12727272727272726
calibration,2,public-periphery-102-cec220632af6,periphery,64,75,52,0,uniform,shifted_hotspot,public,none,,0,False,0.3167914403407971,0.35165851795654424,9166562,110,101,389000,335000,9,909197,0.9181818181818182,0.8611825192802056,0.08181818181818182,25,24,89000,84000,1,251909,0.96,0.9438202247191011,0.04,85,78,356000,309000,7,804904,0.9176470588235294,0.8679775280898876,0.08235294117647059,110,102,445000,393000,8,1056813,0.9272727272727272,0.8831460674157303,0.07272727272727272
calibration,2,public-periphery-102-cec220632af6,periphery,64,75,52,0,uniform,shifted_hotspot,retry,none,,0,False,0.3167914403407971,0.35362131442472483,9166562,110,104,389000,350000,11,932851,0.9454545454545454,0.8997429305912596,0.1,25,24,89000,84000,3,251909,0.96,0.9438202247191011,0.12,85,78,356000,309000,11,804904,0.9176470588235294,0.8679775280898876,0.12941176470588237,110,102,445000,393000,14,1056813,0.9272727272727272,0.8831460674157303,0.12727272727272726
calibration,2,public-periphery-102-cec220632af6,periphery,64,75,52,0,uniform,shifted_hotspot,online,none,,0,False,0.3167914403407971,0.34524386691673165,9166562,110,104,389000,350000,11,934013,0.9454545454545454,0.8997429305912596,0.1,25,24,89000,84000,3,252245,0.96,0.9438202247191011,0.12,85,78,356000,309000,11,806360,0.9176470588235294,0.8679775280898876,0.12941176470588237,110,102,445000,393000,14,1058605,0.9272727272727272,0.8831460674157303,0.12727272727272726
calibration,2,public-periphery-102-cec220632af6,periphery,64,75,52,0,uniform,shifted_hotspot,oracle,none,,0,False,0.3167914403407971,0.35362131442472483,9166562,110,104,389000,350000,0,932851,0.9454545454545454,0.8997429305912596,0.0,25,24,89000,84000,0,251909,0.96,0.9438202247191011,0.0,85,78,356000,309000,0,804904,0.9176470588235294,0.8679775280898876,0.0,110,102,445000,393000,0,1056813,0.9272727272727272,0.8831460674157303,0.0
calibration,2,public-periphery-102-cec220632af6,periphery,64,75,52,0,uniform,shifted_hotspot,online,random,N058|N061,120000,False,0.3167914403407971,0.3347750885536445,9286562,110,104,389000,350000,11,934013,0.9454545454545454,0.8997429305912596,0.1,25,24,89000,84000,3,239938,0.96,0.9438202247191011,0.12,85,78,356000,309000,13,808894,0.9176470588235294,0.8679775280898876,0.15294117647058825,110,102,445000,393000,16,1048832,0.9272727272727272,0.8831460674157303,0.14545454545454545
calibration,2,public-periphery-102-cec220632af6,periphery,64,75,52,0,uniform,shifted_hotspot,online,failure_aware,N055|N060,120000,False,0.3167914403407971,0.33824414092931276,9286562,110,104,389000,350000,11,934013,0.9454545454545454,0.8997429305912596,0.1,25,24,89000,84000,3,252529,0.96,0.9438202247191011,0.12,85,78,356000,309000,13,787508,0.9176470588235294,0.8679775280898876,0.15294117647058825,110,102,445000,393000,16,1040037,0.9272727272727272,0.8831460674157303,0.14545454545454545
calibration,2,public-periphery-102-cec220632af6,periphery,64,75,52,0,polarized,diffuse,public,none,,0,False,0.7233458381399552,0.6741725060804405,9166562,110,74,482000,277000,36,634712,0.6727272727272727,0.5746887966804979,0.32727272727272727,25,14,96000,42000,11,122273,0.56,0.4375,0.44,85,61,354000,217000,24,509447,0.7176470588235294,0.6129943502824858,0.2823529411764706,110,75,450000,259000,35,631720,0.6818181818181818,0.5755555555555556,0.3181818181818182
calibration,2,public-periphery-102-cec220632af6,periphery,64,75,52,0,polarized,diffuse,retry,none,,0,False,0.7233458381399552,0.6789013259183602,9166562,110,82,482000,309000,51,703156,0.7454545454545455,0.6410788381742739,0.4636363636363636,25,17,96000,57000,15,151239,0.68,0.59375,0.6,85,76,354000,297000,32,724045,0.8941176470588236,0.8389830508474576,0.3764705882352941,110,93,450000,354000,47,875284,0.8454545454545455,0.7866666666666666,0.42727272727272725
calibration,2,public-periphery-102-cec220632af6,periphery,64,75,52,0,polarized,diffuse,online,none,,0,False,0.7233458381399552,0.6756219180124344,9166562,110,82,482000,309000,48,703181,0.7454545454545455,0.6410788381742739,0.43636363636363634,25,17,96000,57000,14,151239,0.68,0.59375,0.56,85,76,354000,297000,26,724287,0.8941176470588236,0.8389830508474576,0.3058823529411765,110,93,450000,354000,40,875526,0.8454545454545455,0.7866666666666666,0.36363636363636365
calibration,2,public-periphery-102-cec220632af6,periphery,64,75,52,0,polarized,diffuse,oracle,none,,0,False,0.7233458381399552,0.6784365757694891,9166562,110,82,482000,309000,0,703156,0.7454545454545455,0.6410788381742739,0.0,25,19,96000,70000,0,185768,0.76,0.7291666666666666,0.0,85,76,354000,297000,0,732490,0.8941176470588236,0.8389830508474576,0.0,110,95,450000,367000,0,918258,0.8636363636363636,0.8155555555555556,0.0
calibration,2,public-periphery-102-cec220632af6,periphery,64,75,52,0,polarized,diffuse,online,random,N058|N061,120000,False,0.7233458381399552,0.6606186057740238,9286562,110,82,482000,309000,48,703181,0.7454545454545455,0.6410788381742739,0.43636363636363634,25,19,96000,70000,12,185908,0.76,0.7291666666666666,0.48,85,75,354000,292000,29,681307,0.8823529411764706,0.8248587570621468,0.3411764705882353,110,94,450000,362000,41,867215,0.8545454545454545,0.8044444444444444,0.37272727272727274
calibration,2,public-periphery-102-cec220632af6,periphery,64,75,52,0,polarized,diffuse,online,failure_aware,N050|N063,120000,False,0.7233458381399552,0.6654614269241019,9286562,110,82,482000,309000,48,703181,0.7454545454545455,0.6410788381742739,0.43636363636363634,25,19,96000,70000,12,184122,0.76,0.7291666666666666,0.48,85,74,354000,287000,31,681087,0.8705882352941177,0.8107344632768362,0.36470588235294116,110,93,450000,357000,43,865209,0.8454545454545455,0.7933333333333333,0.39090909090909093
calibration,2,public-periphery-102-cec220632af6,periphery,64,75,52,0,polarized,stationary_hotspot,public,none,,0,False,0.7233458381399552,0.6907632551890535,9166562,110,87,389000,249000,23,739843,0.7909090909090909,0.6401028277634961,0.20909090909090908,25,20,89000,58000,5,174406,0.8,0.651685393258427,0.2,85,63,356000,243000,22,661480,0.7411764705882353,0.6825842696629213,0.25882352941176473,110,83,445000,301000,27,835886,0.7545454545454545,0.6764044943820224,0.24545454545454545
calibration,2,public-periphery-102-cec220632af6,periphery,64,75,52,0,polarized,stationary_hotspot,retry,none,,0,False,0.7233458381399552,0.6906751271984368,9166562,110,91,389000,269000,30,758706,0.8272727272727273,0.6915167095115681,0.2727272727272727,25,20,89000,58000,9,174406,0.8,0.651685393258427,0.36,85,69,356000,260000,25,704674,0.8117647058823529,0.7303370786516854,0.29411764705882354,110,89,445000,318000,34,879080,0.8090909090909091,0.7146067415730337,0.3090909090909091
calibration,2,public-periphery-102-cec220632af6,periphery,64,75,52,0,polarized,stationary_hotspot,online,none,,0,False,0.7233458381399552,0.6855619322200461,9166562,110,91,389000,269000,30,759968,0.8272727272727273,0.6915167095115681,0.2727272727272727,25,20,89000,58000,11,176418,0.8,0.651685393258427,0.44,85,69,356000,260000,22,696766,0.8117647058823529,0.7303370786516854,0.25882352941176473,110,89,445000,318000,33,873184,0.8090909090909091,0.7146067415730337,0.3
calibration,2,public-periphery-102-cec220632af6,periphery,64,75,52,0,polarized,stationary_hotspot,oracle,none,,0,False,0.7233458381399552,0.6901946594546711,9166562,110,92,389000,270000,0,763704,0.8363636363636363,0.6940874035989717,0.0,25,20,89000,58000,0,174406,0.8,0.651685393258427,0.0,85,69,356000,260000,0,704686,0.8117647058823529,0.7303370786516854,0.0,110,89,445000,318000,0,879092,0.8090909090909091,0.7146067415730337,0.0
calibration,2,public-periphery-102-cec220632af6,periphery,64,75,52,0,polarized,stationary_hotspot,online,random,N058|N061,120000,False,0.7233458381399552,0.6643785714974488,9286562,110,91,389000,269000,30,759968,0.8272727272727273,0.6915167095115681,0.2727272727272727,25,20,89000,58000,9,162131,0.8,0.651685393258427,0.36,85,69,356000,260000,22,694434,0.8117647058823529,0.7303370786516854,0.25882352941176473,110,89,445000,318000,31,856565,0.8090909090909091,0.7146067415730337,0.2818181818181818
calibration,2,public-periphery-102-cec220632af6,periphery,64,75,52,0,polarized,stationary_hotspot,online,failure_aware,N055|N060,120000,True,0.7233458381399552,0.6808039561962999,9286562,110,91,389000,269000,30,759968,0.8272727272727273,0.6915167095115681,0.2727272727272727,25,23,89000,79000,6,139046,0.92,0.8876404494382022,0.24,85,76,356000,296000,17,352460,0.8941176470588236,0.8314606741573034,0.2,110,99,445000,375000,23,491506,0.9,0.8426966292134831,0.20909090909090908
calibration,2,public-periphery-102-cec220632af6,periphery,64,75,52,0,polarized,shifted_hotspot,public,none,,0,False,0.7233458381399552,0.6870817948983777,9166562,110,87,389000,249000,23,739843,0.7909090909090909,0.6401028277634961,0.20909090909090908,25,21,89000,66000,4,200390,0.84,0.7415730337078652,0.16,85,65,356000,242000,20,674466,0.7647058823529411,0.6797752808988764,0.23529411764705882,110,86,445000,308000,24,874856,0.7818181818181819,0.6921348314606741,0.21818181818181817
calibration,2,public-periphery-102-cec220632af6,periphery,64,75,52,0,polarized,shifted_hotspot,retry,none,,0,False,0.7233458381399552,0.6871662678008049,9166562,110,91,389000,269000,30,758706,0.8272727272727273,0.6915167095115681,0.2727272727272727,25,21,89000,66000,8,200390,0.84,0.7415730337078652,0.32,85,71,356000,259000,23,717660,0.8352941176470589,0.7275280898876404,0.27058823529411763,110,92,445000,325000,31,918050,0.8363636363636363,0.7303370786516854,0.2818181818181818
calibration,2,public-periphery-102-cec220632af6,periphery,64,75,52,0,polarized,shifted_hotspot,online,none,,0,False,0.7233458381399552,0.6820530728224142,9166562,110,91,389000,269000,30,759968,0.8272727272727273,0.6915167095115681,0.2727272727272727,25,21,89000,66000,10,202402,0.84,0.7415730337078652,0.4,85,71,356000,259000,20,709752,0.8352941176470589,0.7275280898876404,0.23529411764705882,110,92,445000,325000,30,912154,0.8363636363636363,0.7303370786516854,0.2727272727272727
calibration,2,public-periphery-102-cec220632af6,periphery,64,75,52,0,polarized,shifted_hotspot,oracle,none,,0,False,0.7233458381399552,0.6866858000570393,9166562,110,92,389000,270000,0,763704,0.8363636363636363,0.6940874035989717,0.0,25,21,89000,66000,0,200390,0.84,0.7415730337078652,0.0,85,71,356000,259000,0,717672,0.8352941176470589,0.7275280898876404,0.0,110,92,445000,325000,0,918062,0.8363636363636363,0.7303370786516854,0.0
calibration,2,public-periphery-102-cec220632af6,periphery,64,75,52,0,polarized,shifted_hotspot,online,random,N058|N061,120000,False,0.7233458381399552,0.6626186891034713,9286562,110,91,389000,269000,30,759968,0.8272727272727273,0.6915167095115681,0.2727272727272727,25,21,89000,66000,8,188115,0.84,0.7415730337078652,0.32,85,71,356000,259000,20,707408,0.8352941176470589,0.7275280898876404,0.23529411764705882,110,92,445000,325000,28,895523,0.8363636363636363,0.7303370786516854,0.2545454545454545
calibration,2,public-periphery-102-cec220632af6,periphery,64,75,52,0,polarized,shifted_hotspot,online,failure_aware,N055|N060,120000,False,0.7233458381399552,0.6698874876053863,9286562,110,91,389000,269000,30,759968,0.8272727272727273,0.6915167095115681,0.2727272727272727,25,21,89000,66000,8,200706,0.84,0.7415730337078652,0.32,85,71,356000,259000,20,686022,0.8352941176470589,0.7275280898876404,0.23529411764705882,110,92,445000,325000,28,886728,0.8363636363636363,0.7303370786516854,0.2545454545454545
calibration,2,public-periphery-102-cec220632af6,periphery,64,75,52,1,balanced_band,diffuse,public,none,,0,False,0.0538466818782361,0.08881934907831167,9166562,110,109,422000,417000,1,1022884,0.990909090909091,0.9881516587677726,0.00909090909090909,25,25,132000,132000,0,307753,1.0,1.0,0.0,85,76,341000,287000,9,619066,0.8941176470588236,0.841642228739003,0.10588235294117647,110,101,473000,419000,9,926819,0.9181818181818182,0.8858350951374208,0.08181818181818182
calibration,2,public-periphery-102-cec220632af6,periphery,64,75,52,1,balanced_band,diffuse,retry,none,,0,False,0.0538466818782361,0.09518992070713059,9166562,110,109,422000,417000,1,1022884,0.990909090909091,0.9881516587677726,0.00909090909090909,25,25,132000,132000,0,307753,1.0,1.0,0.0,85,82,341000,323000,14,683760,0.9647058823529412,0.9472140762463344,0.16470588235294117,110,107,473000,455000,14,991513,0.9727272727272728,0.9619450317124736,0.12727272727272726
calibration,2,public-periphery-102-cec220632af6,periphery,64,75,52,1,balanced_band,diffuse,online,none,,0,False,0.0538466818782361,0.09360192499499777,9166562,110,109,422000,417000,3,1027835,0.990909090909091,0.9881516587677726,0.02727272727272727,25,25,132000,132000,2,307893,1.0,1.0,0.08,85,82,341000,323000,20,699434,0.9647058823529412,0.9472140762463344,0.23529411764705882,110,107,473000,455000,22,1007327,0.9727272727272728,0.9619450317124736,0.2
calibration,2,public-periphery-102-cec220632af6,periphery,64,75,52,1,balanced_band,diffuse,oracle,none,,0,False,0.0538466818782361,0.09518992070713059,9166562,110,109,422000,417000,0,1022884,0.990909090909091,0.9881516587677726,0.0,25,25,132000,132000,0,307753,1.0,1.0,0.0,85,82,341000,323000,0,683760,0.9647058823529412,0.9472140762463344,0.0,110,107,473000,455000,0,991513,0.9727272727272728,0.9619450317124736,0.0
calibration,2,public-periphery-102-cec220632af6,periphery,64,75,52,1,balanced_band,diffuse,online,random,N039|N062,120000,False,0.0538466818782361,0.0779373531600199,9286562,110,109,422000,417000,3,1027835,0.990909090909091,0.9881516587677726,0.02727272727272727,25,25,132000,132000,0,308203,1.0,1.0,0.0,85,82,341000,323000,14,683389,0.9647058823529412,0.9472140762463344,0.16470588235294117,110,107,473000,455000,14,991592,0.9727272727272728,0.9619450317124736,0.12727272727272726
calibration,2,public-periphery-102-cec220632af6,periphery,64,75,52,1,balanced_band,diffuse,online,failure_aware,N007|N027,120000,False,0.0538466818782361,0.0779373531600199,9286562,110,109,422000,417000,3,1027835,0.990909090909091,0.9881516587677726,0.02727272727272727,25,25,132000,132000,0,308203,1.0,1.0,0.0,85,82,341000,323000,14,683389,0.9647058823529412,0.9472140762463344,0.16470588235294117,110,107,473000,455000,14,991592,0.9727272727272728,0.9619450317124736,0.12727272727272726
calibration,2,public-periphery-102-cec220632af6,periphery,64,75,52,1,balanced_band,stationary_hotspot,public,none,,0,False,0.0538466818782361,0.07684576675402385,9166562,110,110,446000,446000,0,1219401,1.0,1.0,0.0,25,23,76000,63000,2,180667,0.92,0.8289473684210527,0.08,85,81,287000,272000,4,695249,0.9529411764705882,0.9477351916376306,0.047058823529411764,110,104,363000,335000,6,875916,0.9454545454545454,0.9228650137741047,0.05454545454545454
calibration,2,public-periphery-102-cec220632af6,periphery,64,75,52,1,balanced_band,stationary_hotspot,retry,none,,0,False,0.0538466818782361,0.07684576675402385,9166562,110,110,446000,446000,0,1219401,1.0,1.0,0.0,25,23,76000,63000,4,180667,0.92,0.8289473684210527,0.16,85,81,287000,272000,4,695249,0.9529411764705882,0.9477351916376306,0.047058823529411764,110,104,363000,335000,8,875916,0.9454545454545454,0.9228650137741047,0.07272727272727272
calibration,2,public-periphery-102-cec220632af6,periphery,64,75,52,1,balanced_band,stationary_hotspot,online,none,,0,False,0.0538466818782361,0.07771224717445807,9166562,110,110,446000,446000,0,1219510,1.0,1.0,0.0,25,23,76000,63000,4,180667,0.92,0.8289473684210527,0.16,85,81,287000,272000,4,695274,0.9529411764705882,0.9477351916376306,0.047058823529411764,110,104,363000,335000,8,875941,0.9454545454545454,0.9228650137741047,0.07272727272727272
calibration,2,public-periphery-102-cec220632af6,periphery,64,75,52,1,balanced_band,stationary_hotspot,oracle,none,,0,False,0.0538466818782361,0.07684576675402385,9166562,110,110,446000,446000,0,1219401,1.0,1.0,0.0,25,23,76000,63000,0,180667,0.92,0.8289473684210527,0.0,85,81,287000,272000,0,695249,0.9529411764705882,0.9477351916376306,0.0,110,104,363000,335000,0,875916,0.9454545454545454,0.9228650137741047,0.0
calibration,2,public-periphery-102-cec220632af6,periphery,64,75,52,1,balanced_band,stationary_hotspot,online,random,N039|N062,120000,False,0.0538466818782361,0.07364689772851248,9286562,110,110,446000,446000,0,1219510,1.0,1.0,0.0,25,23,76000,63000,4,180525,0.92,0.8289473684210527,0.16,85,81,287000,272000,4,695142,0.9529411764705882,0.9477351916376306,0.047058823529411764,110,104,363000,335000,8,875667,0.9454545454545454,0.9228650137741047,0.07272727272727272
calibration,2,public-periphery-102-cec220632af6,periphery,64,75,52,1,balanced_band,stationary_hotspot,online,failure_aware,N039|N062,120000,False,0.0538466818782361,0.07364689772851248,9286562,110,110,446000,446000,0,1219510,1.0,1.0,0.0,25,23,76000,63000,4,180525,0.92,0.8289473684210527,0.16,85,81,287000,272000,4,695142,0.9529411764705882,0.9477351916376306,0.047058823529411764,110,104,363000,335000,8,875667,0.9454545454545454,0.9228650137741047,0.07272727272727272
calibration,2,public-periphery-102-cec220632af6,periphery,64,75,52,1,balanced_band,shifted_hotspot,public,none,,0,False,0.0538466818782361,0.07903969615537057,9166562,110,110,446000,446000,0,1219401,1.0,1.0,0.0,25,24,76000,71000,1,206651,0.96,0.9342105263157895,0.04,85,82,287000,277000,3,712239,0.9647058823529412,0.9651567944250871,0.03529411764705882,110,106,363000,348000,4,918890,0.9636363636363636,0.9586776859504132,0.03636363636363636
calibration,2,public-periphery-102-cec220632af6,periphery,64,75,52,1,balanced_band,shifted_hotspot,retry,none,,0,False,0.0538466818782361,0.07903969615537057,9166562,110,110,446000,446000,0,1219401,1.0,1.0,0.0,25,24,76000,71000,3,206651,0.96,0.9342105263157895,0.12,85,82,287000,277000,3,712239,0.9647058823529412,0.9651567944250871,0.03529411764705882,110,106,363000,348000,6,918890,0.9636363636363636,0.9586776859504132,0.05454545454545454
calibration,2,public-periphery-102-cec220632af6,periphery,64,75,52,1,balanced_band,shifted_hotspot,online,none,,0,False,0.0538466818782361,0.07990617657580479,9166562,110,110,446000,446000,0,1219510,1.0,1.0,0.0,25,24,76000,71000,3,206651,0.96,0.9342105263157895,0.12,85,82,287000,277000,3,712264,0.9647058823529412,0.9651567944250871,0.03529411764705882,110,106,363000,348000,6,918915,0.9636363636363636,0.9586776859504132,0.05454545454545454
calibration,2,public-periphery-102-cec220632af6,periphery,64,75,52,1,balanced_band,shifted_hotspot,oracle,none,,0,False,0.0538466818782361,0.07903969615537057,9166562,110,110,446000,446000,0,1219401,1.0,1.0,0.0,25,24,76000,71000,0,206651,0.96,0.9342105263157895,0.0,85,82,287000,277000,0,712239,0.9647058823529412,0.9651567944250871,0.0,110,106,363000,348000,0,918890,0.9636363636363636,0.9586776859504132,0.0
calibration,2,public-periphery-102-cec220632af6,periphery,64,75,52,1,balanced_band,shifted_hotspot,online,random,N039|N062,120000,False,0.0538466818782361,0.0758124773995541,9286562,110,110,446000,446000,0,1219510,1.0,1.0,0.0,25,24,76000,71000,3,206509,0.96,0.9342105263157895,0.12,85,82,287000,277000,3,712132,0.9647058823529412,0.9651567944250871,0.03529411764705882,110,106,363000,348000,6,918641,0.9636363636363636,0.9586776859504132,0.05454545454545454
calibration,2,public-periphery-102-cec220632af6,periphery,64,75,52,1,balanced_band,shifted_hotspot,online,failure_aware,N039|N062,120000,False,0.0538466818782361,0.0758124773995541,9286562,110,110,446000,446000,0,1219510,1.0,1.0,0.0,25,24,76000,71000,3,206509,0.96,0.9342105263157895,0.12,85,82,287000,277000,3,712132,0.9647058823529412,0.9651567944250871,0.03529411764705882,110,106,363000,348000,6,918641,0.9636363636363636,0.9586776859504132,0.05454545454545454
calibration,2,public-periphery-102-cec220632af6,periphery,64,75,52,1,uniform,diffuse,public,none,,0,False,0.3101595400209196,0.28513583279425303,9166562,110,101,422000,372000,9,921427,0.9181818181818182,0.8815165876777251,0.08181818181818182,25,24,132000,124000,1,281761,0.96,0.9393939393939394,0.04,85,72,341000,276000,13,600137,0.8470588235294118,0.8093841642228738,0.15294117647058825,110,96,473000,400000,14,881898,0.8727272727272727,0.8456659619450317,0.12727272727272726
calibration,2,public-periphery-102-cec220632af6,periphery,64,75,52,1,uniform,diffuse,retry,none,,0,False,0.3101595400209196,0.2911277784841039,9166562,110,103,422000,381000,12,952409,0.9363636363636364,0.9028436018957346,0.10909090909090909,25,24,132000,124000,1,281761,0.96,0.9393939393939394,0.04,85,77,341000,307000,19,653358,0.9058823529411765,0.9002932551319648,0.2235294117647059,110,101,473000,431000,20,935119,0.9181818181818182,0.9112050739957717,0.18181818181818182
calibration,2,public-periphery-102-cec220632af6,periphery,64,75,52,1,uniform,diffuse,online,none,,0,False,0.3101595400209196,0.2894995447314536,9166562,110,103,422000,381000,15,959172,0.9363636363636364,0.9028436018957346,0.13636363636363635,25,24,132000,124000,2,281761,0.96,0.9393939393939394,0.08,85,77,341000,307000,21,647670,0.9058823529411765,0.9002932551319648,0.24705882352941178,110,101,473000,431000,23,929431,0.9181818181818182,0.9112050739957717,0.20909090909090908
calibration,2,public-periphery-102-cec220632af6,periphery,64,75,52,1,uniform,diffuse,oracle,none,,0,False,0.3101595400209196,0.2911277784841039,9166562,110,103,422000,381000,0,952409,0.9363636363636364,0.9028436018957346,0.0,25,24,132000,124000,0,281761,0.96,0.9393939393939394,0.0,85,77,341000,307000,0,653358,0.9058823529411765,0.9002932551319648,0.0,110,101,473000,431000,0,935119,0.9181818181818182,0.9112050739957717,0.0
calibration,2,public-periphery-102-cec220632af6,periphery,64,75,52,1,uniform,diffuse,online,random,N039|N062,120000,False,0.3101595400209196,0.2830081109695296,9286562,110,103,422000,381000,15,959172,0.9363636363636364,0.9028436018957346,0.13636363636363635,25,24,132000,124000,2,282277,0.96,0.9393939393939394,0.08,85,77,341000,307000,21,653185,0.9058823529411765,0.9002932551319648,0.24705882352941178,110,101,473000,431000,23,935462,0.9181818181818182,0.9112050739957717,0.20909090909090908
calibration,2,public-periphery-102-cec220632af6,periphery,64,75,52,1,uniform,diffuse,online,failure_aware,N057|N063,120000,False,0.3101595400209196,0.2796432379271173,9286562,110,103,422000,381000,15,959172,0.9363636363636364,0.9028436018957346,0.13636363636363635,25,24,132000,124000,2,276769,0.96,0.9393939393939394,0.08,85,77,341000,307000,20,636591,0.9058823529411765,0.9002932551319648,0.23529411764705882,110,101,473000,431000,22,913360,0.9181818181818182,0.9112050739957717,0.2
calibration,2,public-periphery-102-cec220632af6,periphery,64,75,52,1,uniform,stationary_hotspot,public,none,,0,False,0.3101595400209196,0.2871312317425689,9166562,110,105,446000,418000,5,1155841,0.9545454545454546,0.9372197309417041,0.045454545454545456,25,23,76000,69000,2,202623,0.92,0.9078947368421053,0.08,85,80,287000,269000,5,703022,0.9411764705882353,0.9372822299651568,0.058823529411764705,110,103,363000,338000,7,905645,0.9363636363636364,0.931129476584022,0.06363636363636363
calibration,2,public-periphery-102-cec220632af6,periphery,64,75,52,1,uniform,stationary_hotspot,retry,none,,0,False,0.3101595400209196,0.2843056201474703,9166562,110,105,446000,418000,7,1155841,0.9545454545454546,0.9372197309417041,0.06363636363636363,25,23,76000,69000,6,202623,0.92,0.9078947368421053,0.24,85,81,287000,274000,7,717547,0.9529411764705882,0.9547038327526133,0.08235294117647059,110,104,363000,343000,13,920170,0.9454545454545454,0.9449035812672176,0.11818181818181818
calibration,2,public-periphery-102-cec220632af6,periphery,64,75,52,1,uniform,stationary_hotspot,online,none,,0,False,0.3101595400209196,0.28581808932052977,9166562,110,105,446000,418000,7,1155950,0.9545454545454546,0.9372197309417041,0.06363636363636363,25,23,76000,69000,6,202623,0.92,0.9078947368421053,0.24,85,81,287000,274000,7,717572,0.9529411764705882,0.9547038327526133,0.08235294117647059,110,104,363000,343000,13,920195,0.9454545454545454,0.9449035812672176,0.11818181818181818
calibration,2,public-periphery-102-cec220632af6,periphery,64,75,52,1,uniform,stationary_hotspot,oracle,none,,0,False,0.3101595400209196,0.2843056201474703,9166562,110,105,446000,418000,0,1155841,0.9545454545454546,0.9372197309417041,0.0,25,23,76000,69000,0,202623,0.92,0.9078947368421053,0.0,85,81,287000,274000,0,717547,0.9529411764705882,0.9547038327526133,0.0,110,104,363000,343000,0,920170,0.9454545454545454,0.9449035812672176,0.0
calibration,2,public-periphery-102-cec220632af6,periphery,64,75,52,1,uniform,stationary_hotspot,online,random,N039|N062,120000,False,0.3101595400209196,0.2845281506794814,9286562,110,105,446000,418000,7,1155950,0.9545454545454546,0.9372197309417041,0.06363636363636363,25,23,76000,69000,6,202481,0.92,0.9078947368421053,0.24,85,80,287000,266000,9,704544,0.9411764705882353,0.926829268292683,0.10588235294117647,110,103,363000,335000,15,907025,0.9363636363636364,0.9228650137741047,0.13636363636363635
calibration,2,public-periphery-102-cec220632af6,periphery,64,75,52,1,uniform,stationary_hotspot,online,failure_aware,N057|N061,120000,False,0.3101595400209196,0.2870468547561434,9286562,110,105,446000,418000,7,1155950,0.9545454545454546,0.9372197309417041,0.06363636363636363,25,23,76000,69000,7,184715,0.92,0.9078947368421053,0.28,85,80,287000,266000,10,634480,0.9411764705882353,0.926829268292683,0.11764705882352941,110,103,363000,335000,17,819195,0.9363636363636364,0.9228650137741047,0.15454545454545454
calibration,2,public-periphery-102-cec220632af6,periphery,64,75,52,1,uniform,shifted_hotspot,public,none,,0,False,0.3101595400209196,0.29235771096180724,9166562,110,105,446000,418000,5,1155841,0.9545454545454546,0.9372197309417041,0.045454545454545456,25,23,76000,69000,2,202623,0.92,0.9078947368421053,0.08,85,77,287000,265000,8,685030,0.9058823529411765,0.9233449477351916,0.09411764705882353,110,100,363000,334000,10,887653,0.9090909090909091,0.9201101928374655,0.09090909090909091
calibration,2,public-periphery-102-cec220632af6,periphery,64,75,52,1,uniform,shifted_hotspot,retry,none,,0,False,0.3101595400209196,0.28953209936670865,9166562,110,105,446000,418000,7,1155841,0.9545454545454546,0.9372197309417041,0.06363636363636363,25,23,76000,69000,6,202623,0.92,0.9078947368421053,0.24,85,78,287000,270000,10,699555,0.9176470588235294,0.9407665505226481,0.11764705882352941,110,101,363000,339000,16,902178,0.9181818181818182,0.9338842975206612,0.14545454545454545
calibration,2,public-periphery-102-cec220632af6,periphery,64,75,52,1,uniform,shifted_hotspot,online,none,,0,False,0.3101595400209196,0.2910445685397681,9166562,110,105,446000,418000,7,1155950,0.9545454545454546,0.9372197309417041,0.06363636363636363,25,23,76000,69000,6,202623,0.92,0.9078947368421053,0.24,85,78,287000,270000,10,699580,0.9176470588235294,0.9407665505226481,0.11764705882352941,110,101,363000,339000,16,902203,0.9181818181818182,0.9338842975206612,0.14545454545454545
calibration,2,public-periphery-102-cec220632af6,periphery,64,75,52,1,uniform,shifted_hotspot,oracle,none,,0,False,0.3101595400209196,0.28953209936670865,9166562,110,105,446000,418000,0,1155841,0.9545454545454546,0.9372197309417041,0.0,25,23,76000,69000,0,202623,0.92,0.9078947368421053,0.0,85,78,287000,270000,0,699555,0.9176470588235294,0.9407665505226481,0.0,110,101,363000,339000,0,902178,0.9181818181818182,0.9338842975206612,0.0
calibration,2,public-periphery-102-cec220632af6,periphery,64,75,52,1,uniform,shifted_hotspot,online,random,N039|N062,120000,False,0.3101595400209196,0.2896870938712525,9286562,110,105,446000,418000,7,1155950,0.9545454545454546,0.9372197309417041,0.06363636363636363,25,23,76000,69000,6,202481,0.92,0.9078947368421053,0.24,85,77,287000,262000,12,686552,0.9058823529411765,0.9128919860627178,0.1411764705882353,110,100,363000,331000,18,889033,0.9090909090909091,0.9118457300275482,0.16363636363636364
calibration,2,public-periphery-102-cec220632af6,periphery,64,75,52,1,uniform,shifted_hotspot,online,failure_aware,N057|N061,120000,False,0.3101595400209196,0.2896870938712525,9286562,110,105,446000,418000,7,1155950,0.9545454545454546,0.9372197309417041,0.06363636363636363,25,23,76000,69000,7,202481,0.92,0.9078947368421053,0.28,85,77,287000,262000,12,686552,0.9058823529411765,0.9128919860627178,0.1411764705882353,110,100,363000,331000,19,889033,0.9090909090909091,0.9118457300275482,0.17272727272727273
calibration,2,public-periphery-102-cec220632af6,periphery,64,75,52,1,polarized,diffuse,public,none,,0,False,0.7115798215836587,0.6267288536637259,9166562,110,84,422000,263000,26,664205,0.7636363636363637,0.6232227488151659,0.23636363636363636,25,20,132000,98000,5,225698,0.8,0.7424242424242424,0.2,85,67,341000,244000,18,562488,0.788235294117647,0.7155425219941349,0.21176470588235294,110,87,473000,342000,23,788186,0.7909090909090909,0.7230443974630021,0.20909090909090908
calibration,2,public-periphery-102-cec220632af6,periphery,64,75,52,1,polarized,diffuse,retry,none,,0,False,0.7115798215836587,0.6270298634831214,9166562,110,88,422000,276000,39,693264,0.8,0.6540284360189573,0.35454545454545455,25,20,132000,98000,7,225698,0.8,0.7424242424242424,0.28,85,74,341000,291000,25,656243,0.8705882352941177,0.8533724340175953,0.29411764705882354,110,94,473000,389000,32,881941,0.8545454545454545,0.8224101479915433,0.2909090909090909
calibration,2,public-periphery-102-cec220632af6,periphery,64,75,52,1,polarized,diffuse,online,none,,0,False,0.7115798215836587,0.6189210458665003,9166562,110,88,422000,276000,41,693264,0.8,0.6540284360189573,0.37272727272727274,25,20,132000,98000,8,225798,0.8,0.7424242424242424,0.32,85,74,341000,291000,24,649448,0.8705882352941177,0.8533724340175953,0.2823529411764706,110,94,473000,389000,32,875246,0.8545454545454545,0.8224101479915433,0.2909090909090909
calibration,2,public-periphery-102-cec220632af6,periphery,64,75,52,1,polarized,diffuse,oracle,none,,0,False,0.7115798215836587,0.6236195102783824,9166562,110,89,422000,281000,0,710254,0.8090909090909091,0.6658767772511849,0.0,25,22,132000,108000,0,237208,0.88,0.8181818181818182,0.0,85,74,341000,291000,0,656243,0.8705882352941177,0.8533724340175953,0.0,110,96,473000,399000,0,893451,0.8727272727272727,0.8435517970401691,0.0
calibration,2,public-periphery-102-cec220632af6,periphery,64,75,52,1,polarized,diffuse,online,random,N039|N062,120000,False,0.7115798215836587,0.6147616639041286,9286562,110,88,422000,276000,41,693264,0.8,0.6540284360189573,0.37272727272727274,25,22,132000,108000,6,237450,0.88,0.8181818181818182,0.24,85,74,341000,291000,25,643859,0.8705882352941177,0.8533724340175953,0.29411764705882354,110,96,473000,399000,31,881309,0.8727272727272727,0.8435517970401691,0.2818181818181818
calibration,2,public-periphery-102-cec220632af6,periphery,64,75,52,1,polarized,diffuse,online,failure_aware,N057|N063,120000,False,0.7115798215836587,0.6132779021624588,9286562,110,88,422000,276000,41,693264,0.8,0.6540284360189573,0.37272727272727274,25,22,132000,108000,5,227266,0.88,0.8181818181818182,0.2,85,74,341000,291000,25,632976,0.8705882352941177,0.8533724340175953,0.29411764705882354,110,96,473000,399000,30,860242,0.8727272727272727,0.8435517970401691,0.2727272727272727
calibration,2,public-periphery-102-cec220632af6,periphery,64,75,52,1,polarized,stationary_hotspot,public,none,,0,False,0.7115798215836587,0.6265498789343638,9166562,110,91,446000,343000,19,985836,0.8272727272727273,0.7690582959641256,0.17272727272727273,25,21,76000,63000,4,179130,0.84,0.8289473684210527,0.16,85,72,287000,224000,13,637346,0.8470588235294118,0.7804878048780488,0.15294117647058825,110,93,363000,287000,17,816476,0.8454545454545455,0.790633608815427,0.15454545454545454
calibration,2,public-periphery-102-cec220632af6,periphery,64,75,52,1,polarized,stationary_hotspot,retry,none,,0,False,0.7115798215836587,0.6235180412813041,9166562,110,93,446000,346000,27,989634,0.8454545454545455,0.7757847533632287,0.24545454545454545,25,21,76000,63000,8,179130,0.84,0.8289473684210527,0.32,85,74,287000,237000,19,653791,0.8705882352941177,0.8257839721254355,0.2235294117647059,110,95,363000,300000,27,832921,0.8636363636363636,0.8264462809917356,0.24545454545454545
calibration,2,public-periphery-102-cec220632af6,periphery,64,75,52,1,polarized,stationary_hotspot,online,none,,0,False,0.7115798215836587,0.6160911281751744,9166562,110,93,446000,346000,27,989639,0.8454545454545455,0.7757847533632287,0.24545454545454545,25,21,76000,63000,8,180623,0.84,0.8289473684210527,0.32,85,74,287000,237000,20,663294,0.8705882352941177,0.8257839721254355,0.23529411764705882,110,95,363000,300000,28,843917,0.8636363636363636,0.8264462809917356,0.2545454545454545
calibration,2,public-periphery-102-cec220632af6,periphery,64,75,52,1,polarized,stationary_hotspot,oracle,none,,0,False,0.7115798215836587,0.6229515209505159,9166562,110,94,446000,351000,0,1006624,0.8545454545454545,0.7869955156950673,0.0,25,21,76000,63000,0,179130,0.84,0.8289473684210527,0.0,85,74,287000,237000,0,653791,0.8705882352941177,0.8257839721254355,0.0,110,95,363000,300000,0,832921,0.8636363636363636,0.8264462809917356,0.0
calibration,2,public-periphery-102-cec220632af6,periphery,64,75,52,1,polarized,stationary_hotspot,online,random,N039|N062,120000,False,0.7115798215836587,0.6107513211473685,9286562,110,93,446000,346000,27,989639,0.8454545454545455,0.7757847533632287,0.24545454545454545,25,21,76000,63000,8,180481,0.84,0.8289473684210527,0.32,85,74,287000,237000,18,656364,0.8705882352941177,0.8257839721254355,0.21176470588235294,110,95,363000,300000,26,836845,0.8636363636363636,0.8264462809917356,0.23636363636363636
calibration,2,public-periphery-102-cec220632af6,periphery,64,75,52,1,polarized,stationary_hotspot,online,failure_aware,N057|N061,120000,False,0.7115798215836587,0.6202835333044425,9286562,110,93,446000,346000,27,989639,0.8454545454545455,0.7757847533632287,0.24545454545454545,25,21,76000,63000,10,167511,0.84,0.8289473684210527,0.4,85,74,287000,237000,19,589892,0.8705882352941177,0.8257839721254355,0.2235294117647059,110,95,363000,300000,29,757403,0.8636363636363636,0.8264462809917356,0.2636363636363636
calibration,2,public-periphery-102-cec220632af6,periphery,64,75,52,1,polarized,shifted_hotspot,public,none,,0,False,0.7115798215836587,0.6268153585572083,9166562,110,91,446000,343000,19,985836,0.8272727272727273,0.7690582959641256,0.17272727272727273,25,16,76000,49000,9,127158,0.64,0.6447368421052632,0.36,85,59,287000,171000,26,452452,0.6941176470588235,0.5958188153310104,0.3058823529411765,110,75,363000,220000,35,579610,0.6818181818181818,0.6060606060606061,0.3181818181818182
calibration,2,public-periphery-102-cec220632af6,periphery,64,75,52,1,polarized,shifted_hotspot,retry,none,,0,False,0.7115798215836587,0.6237835209041485,9166562,110,93,446000,346000,27,989634,0.8454545454545455,0.7757847533632287,0.24545454545454545,25,16,76000,49000,13,127158,0.64,0.6447368421052632,0.52,85,61,287000,184000,32,468897,0.7176470588235294,0.6411149825783972,0.3764705882352941,110,77,363000,233000,45,596055,0.7,0.6418732782369146,0.4090909090909091
calibration,2,public-periphery-102-cec220632af6,periphery,64,75,52,1,polarized,shifted_hotspot,online,none,,0,False,0.7115798215836587,0.6163566077980188,9166562,110,93,446000,346000,27,989639,0.8454545454545455,0.7757847533632287,0.24545454545454545,25,16,76000,49000,13,128651,0.64,0.6447368421052632,0.52,85,61,287000,184000,33,478400,0.7176470588235294,0.6411149825783972,0.38823529411764707,110,77,363000,233000,46,607051,0.7,0.6418732782369146,0.41818181818181815
calibration,2,public-periphery-102-cec220632af6,periphery,64,75,52,1,polarized,shifted_hotspot,oracle,none,,0,False,0.7115798215836587,0.6232170005733603,9166562,110,94,446000,351000,0,1006624,0.8545454545454545,0.7869955156950673,0.0,25,16,76000,49000,0,127158,0.64,0.6447368421052632,0.0,85,61,287000,184000,0,468897,0.7176470588235294,0.6411149825783972,0.0,110,77,363000,233000,0,596055,0.7,0.6418732782369146,0.0
calibration,2,public-periphery-102-cec220632af6,periphery,64,75,52,1,polarized,shifted_hotspot,online,random,N039|N062,120000,False,0.7115798215836587,0.6110133702698037,9286562,110,93,446000,346000,27,989639,0.8454545454545455,0.7757847533632287,0.24545454545454545,25,16,76000,49000,13,128509,0.64,0.6447368421052632,0.52,85,61,287000,184000,31,471470,0.7176470588235294,0.6411149825783972,0.36470588235294116,110,77,363000,233000,44,599979,0.7,0.6418732782369146,0.4
calibration,2,public-periphery-102-cec220632af6,periphery,64,75,52,1,polarized,shifted_hotspot,online,failure_aware,N057|N061,120000,False,0.7115798215836587,0.6110133702698037,9286562,110,93,446000,346000,27,989639,0.8454545454545455,0.7757847533632287,0.24545454545454545,25,16,76000,49000,14,128509,0.64,0.6447368421052632,0.56,85,61,287000,184000,32,471470,0.7176470588235294,0.6411149825783972,0.3764705882352941,110,77,363000,233000,46,599979,0.7,0.6418732782369146,0.41818181818181815
calibration,2,public-periphery-102-cec220632af6,periphery,64,75,52,2,balanced_band,diffuse,public,none,,0,False,0.04521074753566726,0.08923284283929395,9166562,110,110,426000,426000,0,965867,1.0,1.0,0.0,25,23,90000,77000,2,176434,0.92,0.8555555555555555,0.08,85,83,307000,300000,2,727750,0.9764705882352941,0.9771986970684039,0.023529411764705882,110,106,397000,377000,4,904184,0.9636363636363636,0.9496221662468514,0.03636363636363636
calibration,2,public-periphery-102-cec220632af6,periphery,64,75,52,2,balanced_band,diffuse,retry,none,,0,False,0.04521074753566726,0.08776730081080555,9166562,110,110,426000,426000,0,965867,1.0,1.0,0.0,25,24,90000,85000,5,205466,0.96,0.9444444444444444,0.2,85,85,307000,307000,3,732928,1.0,1.0,0.03529411764705882,110,109,397000,392000,8,938394,0.990909090909091,0.9874055415617129,0.07272727272727272
calibration,2,public-periphery-102-cec220632af6,periphery,64,75,52,2,balanced_band,diffuse,online,none,,0,False,0.04521074753566726,0.09401262128659307,9166562,110,110,426000,426000,0,966221,1.0,1.0,0.0,25,24,90000,85000,5,205466,0.96,0.9444444444444444,0.2,85,84,307000,302000,4,732078,0.9882352941176471,0.9837133550488599,0.047058823529411764,110,108,397000,387000,9,937544,0.9818181818181818,0.9748110831234257,0.08181818181818182
calibration,2,public-periphery-102-cec220632af6,periphery,64,75,52,2,balanced_band,diffuse,oracle,none,,0,False,0.04521074753566726,0.08776730081080555,9166562,110,110,426000,426000,0,965867,1.0,1.0,0.0,25,24,90000,85000,0,205466,0.96,0.9444444444444444,0.0,85,85,307000,307000,0,732928,1.0,1.0,0.0,110,109,397000,392000,0,938394,0.990909090909091,0.9874055415617129,0.0
calibration,2,public-periphery-102-cec220632af6,periphery,64,75,52,2,balanced_band,diffuse,online,random,N019|N047,120000,False,0.04521074753566726,0.08104053062920966,9286562,110,110,426000,426000,0,966221,1.0,1.0,0.0,25,24,90000,85000,4,204492,0.96,0.9444444444444444,0.16,85,85,307000,307000,2,747550,1.0,1.0,0.023529411764705882,110,109,397000,392000,6,952042,0.990909090909091,0.9874055415617129,0.05454545454545454
calibration,2,public-periphery-102-cec220632af6,periphery,64,75,52,2,balanced_band,diffuse,online,failure_aware,N019|N047,120000,False,0.04521074753566726,0.08104053062920966,9286562,110,110,426000,426000,0,966221,1.0,1.0,0.0,25,24,90000,85000,4,204492,0.96,0.9444444444444444,0.16,85,85,307000,307000,2,747550,1.0,1.0,0.023529411764705882,110,109,397000,392000,6,952042,0.990909090909091,0.9874055415617129,0.05454545454545454
calibration,2,public-periphery-102-cec220632af6,periphery,64,75,52,2,balanced_band,stationary_hotspot,public,none,,0,False,0.04521074753566726,0.0875960771197,9166562,110,102,411000,373000,8,1086679,0.9272727272727272,0.9075425790754258,0.07272727272727272,25,20,110000,83000,5,246729,0.8,0.7545454545454545,0.2,85,68,362000,266000,17,722520,0.8,0.7348066298342542,0.2,110,88,472000,349000,22,969249,0.8,0.739406779661017,0.2
calibration,2,public-periphery-102-cec220632af6,periphery,64,75,52,2,balanced_band,stationary_hotspot,retry,none,,0,False,0.04521074753566726,0.09335219433843164,9166562,110,103,411000,381000,10,1108719,0.9363636363636364,0.927007299270073,0.09090909090909091,25,20,110000,83000,5,246729,0.8,0.7545454545454545,0.2,85,73,362000,300000,17,775345,0.8588235294117647,0.8287292817679558,0.2,110,93,472000,383000,22,1022074,0.8454545454545455,0.8114406779661016,0.2
calibration,2,public-periphery-102-cec220632af6,periphery,64,75,52,2,balanced_band,stationary_hotspot,online,none,,0,False,0.04521074753566726,0.0925084436272291,9166562,110,103,411000,381000,10,1108754,0.9363636363636364,0.927007299270073,0.09090909090909091,25,20,110000,83000,5,246729,0.8,0.7545454545454545,0.2,85,73,362000,300000,20,775385,0.8588235294117647,0.8287292817679558,0.23529411764705882,110,93,472000,383000,25,1022114,0.8454545454545455,0.8114406779661016,0.22727272727272727
calibration,2,public-periphery-102-cec220632af6,periphery,64,75,52,2,balanced_band,stationary_hotspot,oracle,none,,0,False,0.04521074753566726,0.09335219433843164,9166562,110,103,411000,381000,0,1108719,0.9363636363636364,0.927007299270073,0.0,25,20,110000,83000,0,246729,0.8,0.7545454545454545,0.0,85,73,362000,300000,0,775345,0.8588235294117647,0.8287292817679558,0.0,110,93,472000,383000,0,1022074,0.8454545454545455,0.8114406779661016,0.0
calibration,2,public-periphery-102-cec220632af6,periphery,64,75,52,2,balanced_band,stationary_hotspot,online,random,N019|N047,120000,False,0.04521074753566726,0.08719798095412785,9286562,110,103,411000,381000,10,1108754,0.9363636363636364,0.927007299270073,0.09090909090909091,25,20,110000,83000,5,248709,0.8,0.7545454545454545,0.2,85,73,362000,300000,17,751789,0.8588235294117647,0.8287292817679558,0.2,110,93,472000,383000,22,1000498,0.8454545454545455,0.8114406779661016,0.2
calibration,2,public-periphery-102-cec220632af6,periphery,64,75,52,2,balanced_band,stationary_hotspot,online,failure_aware,N055|N061,120000,True,0.04521074753566726,0.10081123016423746,9286562,110,103,411000,381000,10,1108754,0.9363636363636364,0.927007299270073,0.09090909090909091,25,25,110000,110000,0,149037,1.0,1.0,0.0,85,81,362000,333000,11,602205,0.9529411764705882,0.919889502762431,0.12941176470588237,110,106,472000,443000,11,751242,0.9636363636363636,0.9385593220338984,0.1
calibration,2,public-periphery-102-cec220632af6,periphery,64,75,52,2,balanced_band,shifted_hotspot,public,none,,0,False,0.04521074753566726,0.08981488548389856,9166562,110,102,411000,373000,8,1086679,0.9272727272727272,0.9075425790754258,0.07272727272727272,25,22,110000,89000,3,268717,0.88,0.8090909090909091,0.12,85,68,362000,266000,17,722520,0.8,0.7348066298342542,0.2,110,90,472000,355000,20,991237,0.8181818181818182,0.7521186440677966,0.18181818181818182
calibration,2,public-periphery-102-cec220632af6,periphery,64,75,52,2,balanced_band,shifted_hotspot,retry,none,,0,False,0.04521074753566726,0.0955710027026302,9166562,110,103,411000,381000,10,1108719,0.9363636363636364,0.927007299270073,0.09090909090909091,25,22,110000,89000,3,268717,0.88,0.8090909090909091,0.12,85,73,362000,300000,17,775345,0.8588235294117647,0.8287292817679558,0.2,110,95,472000,389000,20,1044062,0.8636363636363636,0.8241525423728814,0.18181818181818182
calibration,2,public-periphery-102-cec220632af6,periphery,64,75,52,2,balanced_band,shifted_hotspot,online,none,,0,False,0.04521074753566726,0.09472725199142766,9166562,110,103,411000,381000,10,1108754,0.9363636363636364,0.927007299270073,0.09090909090909091,25,22,110000,89000,3,268717,0.88,0.8090909090909091,0.12,85,73,362000,300000,20,775385,0.8588235294117647,0.8287292817679558,0.23529411764705882,110,95,472000,389000,23,1044102,0.8636363636363636,0.8241525423728814,0.20909090909090908
calibration,2,public-periphery-102-cec220632af6,periphery,64,75,52,2,balanced_band,shifted_hotspot,oracle,none,,0,False,0.04521074753566726,0.0955710027026302,9166562,110,103,411000,381000,0,1108719,0.9363636363636364,0.927007299270073,0.0,25,22,110000,89000,0,268717,0.88,0.8090909090909091,0.0,85,73,362000,300000,0,775345,0.8588235294117647,0.8287292817679558,0.0,110,95,472000,389000,0,1044062,0.8636363636363636,0.8241525423728814,0.0
calibration,2,public-periphery-102-cec220632af6,periphery,64,75,52,2,balanced_band,shifted_hotspot,online,random,N019|N047,120000,False,0.04521074753566726,0.08938811810461958,9286562,110,103,411000,381000,10,1108754,0.9363636363636364,0.927007299270073,0.09090909090909091,25,22,110000,89000,3,270697,0.88,0.8090909090909091,0.12,85,73,362000,300000,17,751789,0.8588235294117647,0.8287292817679558,0.2,110,95,472000,389000,20,1022486,0.8636363636363636,0.8241525423728814,0.18181818181818182
calibration,2,public-periphery-102-cec220632af6,periphery,64,75,52,2,balanced_band,shifted_hotspot,online,failure_aware,N055|N061,120000,False,0.04521074753566726,0.08992480111705914,9286562,110,103,411000,381000,10,1108754,0.9363636363636364,0.927007299270073,0.09090909090909091,25,22,110000,89000,3,268857,0.88,0.8090909090909091,0.12,85,73,362000,300000,15,762499,0.8588235294117647,0.8287292817679558,0.17647058823529413,110,95,472000,389000,18,1031356,0.8636363636363636,0.8241525423728814,0.16363636363636364
calibration,2,public-periphery-102-cec220632af6,periphery,64,75,52,2,uniform,diffuse,public,none,,0,False,0.2604118187288266,0.2968426733304404,9166562,110,106,426000,400000,4,915595,0.9636363636363636,0.9389671361502347,0.03636363636363636,25,23,90000,74000,2,164072,0.92,0.8222222222222222,0.08,85,83,307000,294000,2,686500,0.9764705882352941,0.9576547231270358,0.023529411764705882,110,106,397000,368000,4,850572,0.9636363636363636,0.9269521410579346,0.03636363636363636
calibration,2,public-periphery-102-cec220632af6,periphery,64,75,52,2,uniform,diffuse,retry,none,,0,False,0.2604118187288266,0.2983620944466379,9166562,110,107,426000,402000,9,919623,0.9727272727272728,0.9436619718309859,0.08181818181818182,25,23,90000,74000,4,164072,0.92,0.8222222222222222,0.16,85,83,307000,294000,2,686500,0.9764705882352941,0.9576547231270358,0.023529411764705882,110,106,397000,368000,6,850572,0.9636363636363636,0.9269521410579346,0.05454545454545454
calibration,2,public-periphery-102-cec220632af6,periphery,64,75,52,2,uniform,diffuse,online,none,,0,False,0.2604118187288266,0.3038824569021428,9166562,110,107,426000,402000,8,919977,0.9727272727272728,0.9436619718309859,0.07272727272727272,25,23,90000,74000,4,164072,0.92,0.8222222222222222,0.16,85,83,307000,294000,4,688322,0.9764705882352941,0.9576547231270358,0.047058823529411764,110,106,397000,368000,8,852394,0.9636363636363636,0.9269521410579346,0.07272727272727272
calibration,2,public-periphery-102-cec220632af6,periphery,64,75,52,2,uniform,diffuse,oracle,none,,0,False,0.2604118187288266,0.2983620944466379,9166562,110,107,426000,402000,0,919623,0.9727272727272728,0.9436619718309859,0.0,25,23,90000,74000,0,164072,0.92,0.8222222222222222,0.0,85,83,307000,294000,0,686500,0.9764705882352941,0.9576547231270358,0.0,110,106,397000,368000,0,850572,0.9636363636363636,0.9269521410579346,0.0
calibration,2,public-periphery-102-cec220632af6,periphery,64,75,52,2,uniform,diffuse,online,random,N019|N047,120000,False,0.2604118187288266,0.2805587234300366,9286562,110,107,426000,402000,8,919977,0.9727272727272728,0.9436619718309859,0.07272727272727272,25,23,90000,74000,4,166012,0.92,0.8222222222222222,0.16,85,83,307000,294000,2,703031,0.9764705882352941,0.9576547231270358,0.023529411764705882,110,106,397000,368000,6,869043,0.9636363636363636,0.9269521410579346,0.05454545454545454
calibration,2,public-periphery-102-cec220632af6,periphery,64,75,52,2,uniform,diffuse,online,failure_aware,N025|N049,120000,False,0.2604118187288266,0.28323728464818143,9286562,110,107,426000,402000,8,919977,0.9727272727272728,0.9436619718309859,0.07272727272727272,25,24,90000,82000,4,179386,0.96,0.9111111111111111,0.16,85,83,307000,294000,6,696149,0.9764705882352941,0.9576547231270358,0.07058823529411765,110,107,397000,376000,10,875535,0.9727272727272728,0.947103274559194,0.09090909090909091
calibration,2,public-periphery-102-cec220632af6,periphery,64,75,52,2,uniform,stationary_hotspot,public,none,,0,False,0.2604118187288266,0.28735252837814856,9166562,110,98,411000,341000,12,996153,0.8909090909090909,0.829683698296837,0.10909090909090909,25,18,110000,70000,7,212250,0.72,0.6363636363636364,0.28,85,67,362000,264000,18,702874,0.788235294117647,0.7292817679558011,0.21176470588235294,110,85,472000,334000,25,915124,0.7727272727272727,0.7076271186440678,0.22727272727272727
calibration,2,public-periphery-102-cec220632af6,periphery,64,75,52,2,uniform,stationary_hotspot,retry,none,,0,False,0.2604118187288266,0.28787337945453484,9166562,110,101,411000,362000,15,1045662,0.9181818181818182,0.8807785888077859,0.13636363636363635,25,18,110000,70000,7,212250,0.72,0.6363636363636364,0.28,85,68,362000,272000,26,724994,0.8,0.7513812154696132,0.3058823529411765,110,86,472000,342000,33,937244,0.7818181818181819,0.7245762711864406,0.3
calibration,2,public-periphery-102-cec220632af6,periphery,64,75,52,2,uniform,stationary_hotspot,online,none,,0,False,0.2604118187288266,0.2886928912359811,9166562,110,101,411000,362000,14,1046560,0.9181818181818182,0.8807785888077859,0.12727272727272726,25,18,110000,70000,8,212842,0.72,0.6363636363636364,0.32,85,68,362000,272000,29,726058,0.8,0.7513812154696132,0.3411764705882353,110,86,472000,342000,37,938900,0.7818181818181819,0.7245762711864406,0.33636363636363636
calibration,2,public-periphery-102-cec220632af6,periphery,64,75,52,2,uniform,stationary_hotspot,oracle,none,,0,False,0.2604118187288266,0.2858869197785484,9166562,110,101,411000,362000,0,1045662,0.9181818181818182,0.8807785888077859,0.0,25,18,110000,70000,0,212250,0.72,0.6363636363636364,0.0,85,71,362000,293000,0,784997,0.8352941176470589,0.8093922651933702,0.0,110,89,472000,363000,0,997247,0.8090909090909091,0.7690677966101694,0.0
calibration,2,public-periphery-102-cec220632af6,periphery,64,75,52,2,uniform,stationary_hotspot,online,random,N019|N047,120000,False,0.2604118187288266,0.27577349719827315,9286562,110,101,411000,362000,14,1046560,0.9181818181818182,0.8807785888077859,0.12727272727272726,25,18,110000,70000,8,214822,0.72,0.6363636363636364,0.32,85,69,362000,274000,28,715880,0.8117647058823529,0.7569060773480663,0.32941176470588235,110,87,472000,344000,36,930702,0.7909090909090909,0.7288135593220338,0.32727272727272727
calibration,2,public-periphery-102-cec220632af6,periphery,64,75,52,2,uniform,stationary_hotspot,online,failure_aware,N055|N061,120000,True,0.2604118187288266,0.2879939131402086,9286562,110,101,411000,362000,14,1046560,0.9181818181818182,0.8807785888077859,0.12727272727272726,25,23,110000,97000,2,114558,0.92,0.8818181818181818,0.08,85,76,362000,305000,22,557694,0.8941176470588236,0.8425414364640884,0.25882352941176473,110,99,472000,402000,24,672252,0.9,0.8516949152542372,0.21818181818181817
calibration,2,public-periphery-102-cec220632af6,periphery,64,75,52,2,uniform,shifted_hotspot,public,none,,0,False,0.2604118187288266,0.2893784525241354,9166562,110,98,411000,341000,12,996153,0.8909090909090909,0.829683698296837,0.10909090909090909,25,20,110000,76000,5,234238,0.8,0.6909090909090909,0.2,85,66,362000,263000,19,697876,0.7764705882352941,0.7265193370165746,0.2235294117647059,110,86,472000,339000,24,932114,0.7818181818181819,0.7182203389830508,0.21818181818181817
calibration,2,public-periphery-102-cec220632af6,periphery,64,75,52,2,uniform,shifted_hotspot,retry,none,,0,False,0.2604118187288266,0.2898993036005217,9166562,110,101,411000,362000,15,1045662,0.9181818181818182,0.8807785888077859,0.13636363636363635,25,20,110000,76000,5,234238,0.8,0.6909090909090909,0.2,85,67,362000,271000,27,719996,0.788235294117647,0.7486187845303868,0.3176470588235294,110,87,472000,347000,32,954234,0.7909090909090909,0.7351694915254238,0.2909090909090909
calibration,2,public-periphery-102-cec220632af6,periphery,64,75,52,2,uniform,shifted_hotspot,online,none,,0,False,0.2604118187288266,0.2907188153819679,9166562,110,101,411000,362000,14,1046560,0.9181818181818182,0.8807785888077859,0.12727272727272726,25,20,110000,76000,6,234830,0.8,0.6909090909090909,0.24,85,67,362000,271000,30,721060,0.788235294117647,0.7486187845303868,0.35294117647058826,110,87,472000,347000,36,955890,0.7909090909090909,0.7351694915254238,0.32727272727272727
calibration,2,public-periphery-102-cec220632af6,periphery,64,75,52,2,uniform,shifted_hotspot,oracle,none,,0,False,0.2604118187288266,0.2879128439245353,9166562,110,101,411000,362000,0,1045662,0.9181818181818182,0.8807785888077859,0.0,25,20,110000,76000,0,234238,0.8,0.6909090909090909,0.0,85,70,362000,292000,0,779999,0.8235294117647058,0.8066298342541437,0.0,110,90,472000,368000,0,1014237,0.8181818181818182,0.7796610169491526,0.0
calibration,2,public-periphery-102-cec220632af6,periphery,64,75,52,2,uniform,shifted_hotspot,online,random,N019|N047,120000,False,0.2604118187288266,0.27777324256060265,9286562,110,101,411000,362000,14,1046560,0.9181818181818182,0.8807785888077859,0.12727272727272726,25,20,110000,76000,6,236810,0.8,0.6909090909090909,0.24,85,68,362000,273000,29,710882,0.8,0.7541436464088398,0.3411764705882353,110,88,472000,349000,35,947692,0.8,0.739406779661017,0.3181818181818182
calibration,2,public-periphery-102-cec220632af6,periphery,64,75,52,2,uniform,shifted_hotspot,online,failure_aware,N055|N061,120000,False,0.2604118187288266,0.27682070430682354,9286562,110,101,411000,362000,14,1046560,0.9181818181818182,0.8807785888077859,0.12727272727272726,25,20,110000,76000,5,234378,0.8,0.6909090909090909,0.2,85,67,362000,271000,27,712990,0.788235294117647,0.7486187845303868,0.3176470588235294,110,87,472000,347000,32,947368,0.7909090909090909,0.7351694915254238,0.2909090909090909
calibration,2,public-periphery-102-cec220632af6,periphery,64,75,52,2,polarized,diffuse,public,none,,0,False,0.6872113976265087,0.6679317955156594,9166562,110,91,426000,307000,19,734298,0.8272727272727273,0.7206572769953051,0.17272727272727273,25,19,90000,57000,6,113810,0.76,0.6333333333333333,0.24,85,70,307000,220000,15,561765,0.8235294117647058,0.7166123778501629,0.17647058823529413,110,89,397000,277000,21,675575,0.8090909090909091,0.6977329974811083,0.19090909090909092
calibration,2,public-periphery-102-cec220632af6,periphery,64,75,52,2,polarized,diffuse,retry,none,,0,False,0.6872113976265087,0.6636652746362932,9166562,110,92,426000,312000,39,748823,0.8363636363636363,0.7323943661971831,0.35454545454545455,25,21,90000,64000,8,146808,0.84,0.7111111111111111,0.32,85,72,307000,227000,18,565069,0.8470588235294118,0.739413680781759,0.21176470588235294,110,93,397000,291000,26,711877,0.8454545454545455,0.7329974811083123,0.23636363636363636
calibration,2,public-periphery-102-cec220632af6,periphery,64,75,52,2,polarized,diffuse,online,none,,0,False,0.6872113976265087,0.6684681995669977,9166562,110,92,426000,312000,42,751062,0.8363636363636363,0.7323943661971831,0.38181818181818183,25,21,90000,64000,8,146808,0.84,0.7111111111111111,0.32,85,72,307000,227000,20,569281,0.8470588235294118,0.739413680781759,0.23529411764705882,110,93,397000,291000,28,716089,0.8454545454545455,0.7329974811083123,0.2545454545454545
calibration,2,public-periphery-102-cec220632af6,periphery,64,75,52,2,polarized,diffuse,oracle,none,,0,False,0.6872113976265087,0.6630146766998398,9166562,110,93,426000,320000,0,775815,0.8454545454545455,0.7511737089201878,0.0,25,22,90000,69000,0,163798,0.88,0.7666666666666667,0.0,85,72,307000,227000,0,556574,0.8470588235294118,0.739413680781759,0.0,110,94,397000,296000,0,720372,0.8545454545454545,0.7455919395465995,0.0
calibration,2,public-periphery-102-cec220632af6,periphery,64,75,52,2,polarized,diffuse,online,random,N019|N047,120000,False,0.6872113976265087,0.6551346149420146,9286562,110,92,426000,312000,42,751062,0.8363636363636363,0.7323943661971831,0.38181818181818183,25,21,90000,64000,6,141300,0.84,0.7111111111111111,0.24,85,72,307000,227000,18,570781,0.8470588235294118,0.739413680781759,0.21176470588235294,110,93,397000,291000,24,712081,0.8454545454545455,0.7329974811083123,0.21818181818181817
calibration,2,public-periphery-102-cec220632af6,periphery,64,75,52,2,polarized,diffuse,online,failure_aware,N053|N060,120000,False,0.6872113976265087,0.6558664455861756,9286562,110,92,426000,312000,42,751062,0.8363636363636363,0.7323943661971831,0.38181818181818183,25,21,90000,64000,7,141300,0.84,0.7111111111111111,0.28,85,72,307000,227000,17,569562,0.8470588235294118,0.739413680781759,0.2,110,93,397000,291000,24,710862,0.8454545454545455,0.7329974811083123,0.21818181818181817
calibration,2,public-periphery-102-cec220632af6,periphery,64,75,52,2,polarized,stationary_hotspot,public,none,,0,False,0.6872113976265087,0.653550154339375,9166562,110,78,411000,245000,32,753396,0.7090909090909091,0.5961070559610706,0.2909090909090909,25,16,110000,63000,9,190260,0.64,0.5727272727272728,0.36,85,59,362000,215000,26,600328,0.6941176470588235,0.5939226519337016,0.3058823529411765,110,75,472000,278000,35,790588,0.6818181818181818,0.5889830508474576,0.3181818181818182
calibration,2,public-periphery-102-cec220632af6,periphery,64,75,52,2,polarized,stationary_hotspot,retry,none,,0,False,0.6872113976265087,0.6458292917288865,9166562,110,85,411000,275000,49,835436,0.7727272727272727,0.6690997566909975,0.44545454545454544,25,16,110000,63000,11,192820,0.64,0.5727272727272728,0.44,85,62,362000,236000,31,646223,0.7294117647058823,0.6519337016574586,0.36470588235294116,110,78,472000,299000,42,839043,0.7090909090909091,0.6334745762711864,0.38181818181818183
calibration,2,public-periphery-102-cec220632af6,periphery,64,75,52,2,polarized,stationary_hotspot,online,none,,0,False,0.6872113976265087,0.646744704826065,9166562,110,85,411000,275000,51,840334,0.7727272727272727,0.6690997566909975,0.4636363636363636,25,16,110000,63000,10,190852,0.64,0.5727272727272728,0.4,85,62,362000,236000,32,646827,0.7294117647058823,0.6519337016574586,0.3764705882352941,110,78,472000,299000,42,837679,0.7090909090909091,0.6334745762711864,0.38181818181818183
calibration,2,public-periphery-102-cec220632af6,periphery,64,75,52,2,polarized,stationary_hotspot,oracle,none,,0,False,0.6872113976265087,0.6370539577370644,9166562,110,88,411000,296000,0,898409,0.8,0.7201946472019465,0.0,25,16,110000,63000,0,192820,0.64,0.5727272727272728,0.0,85,63,362000,244000,0,662247,0.7411764705882353,0.6740331491712708,0.0,110,79,472000,307000,0,855067,0.7181818181818181,0.6504237288135594,0.0
calibration,2,public-periphery-102-cec220632af6,periphery,64,75,52,2,polarized,stationary_hotspot,online,random,N019|N047,120000,False,0.6872113976265087,0.641235022508572,9286562,110,85,411000,275000,51,840334,0.7727272727272727,0.6690997566909975,0.4636363636363636,25,16,110000,63000,9,192228,0.64,0.5727272727272728,0.36,85,62,362000,236000,33,634775,0.7294117647058823,0.6519337016574586,0.38823529411764707,110,78,472000,299000,42,827003,0.7090909090909091,0.6334745762711864,0.38181818181818183
calibration,2,public-periphery-102-cec220632af6,periphery,64,75,52,2,polarized,stationary_hotspot,online,failure_aware,N055|N061,120000,True,0.6872113976265087,0.6531866614734286,9286562,110,85,411000,275000,51,840334,0.7727272727272727,0.6690997566909975,0.4636363636363636,25,21,110000,90000,4,92568,0.84,0.8181818181818182,0.16,85,70,362000,269000,28,488561,0.8235294117647058,0.7430939226519337,0.32941176470588235,110,91,472000,359000,32,581129,0.8272727272727273,0.760593220338983,0.2909090909090909
calibration,2,public-periphery-102-cec220632af6,periphery,64,75,52,2,polarized,shifted_hotspot,public,none,,0,False,0.6872113976265087,0.6562755652455745,9166562,110,78,411000,245000,32,753396,0.7090909090909091,0.5961070559610706,0.2909090909090909,25,18,110000,69000,7,212248,0.72,0.6272727272727273,0.28,85,57,362000,213000,28,590332,0.6705882352941176,0.5883977900552486,0.32941176470588235,110,75,472000,282000,35,802580,0.6818181818181818,0.597457627118644,0.3181818181818182
calibration,2,public-periphery-102-cec220632af6,periphery,64,75,52,2,polarized,shifted_hotspot,retry,none,,0,False,0.6872113976265087,0.6485547026350857,9166562,110,85,411000,275000,49,835436,0.7727272727272727,0.6690997566909975,0.44545454545454544,25,18,110000,69000,9,214808,0.72,0.6272727272727273,0.36,85,60,362000,234000,33,636227,0.7058823529411765,0.6464088397790055,0.38823529411764707,110,78,472000,303000,42,851035,0.7090909090909091,0.6419491525423728,0.38181818181818183
calibration,2,public-periphery-102-cec220632af6,periphery,64,75,52,2,polarized,shifted_hotspot,online,none,,0,False,0.6872113976265087,0.6494701157322644,9166562,110,85,411000,275000,51,840334,0.7727272727272727,0.6690997566909975,0.4636363636363636,25,18,110000,69000,8,212840,0.72,0.6272727272727273,0.32,85,60,362000,234000,34,636831,0.7058823529411765,0.6464088397790055,0.4,110,78,472000,303000,42,849671,0.7090909090909091,0.6419491525423728,0.38181818181818183
calibration,2,public-periphery-102-cec220632af6,periphery,64,75,52,2,polarized,shifted_hotspot,oracle,none,,0,False,0.6872113976265087,0.6397793686432638,9166562,110,88,411000,296000,0,898409,0.8,0.7201946472019465,0.0,25,18,110000,69000,0,214808,0.72,0.6272727272727273,0.0,85,61,362000,242000,0,652251,0.7176470588235294,0.6685082872928176,0.0,110,79,472000,311000,0,867059,0.7181818181818181,0.6588983050847458,0.0
calibration,2,public-periphery-102-cec220632af6,periphery,64,75,52,2,polarized,shifted_hotspot,online,random,N019|N047,120000,False,0.6872113976265087,0.6439252159350686,9286562,110,85,411000,275000,51,840334,0.7727272727272727,0.6690997566909975,0.4636363636363636,25,18,110000,69000,7,214216,0.72,0.6272727272727273,0.28,85,60,362000,234000,35,624779,0.7058823529411765,0.6464088397790055,0.4117647058823529,110,78,472000,303000,42,838995,0.7090909090909091,0.6419491525423728,0.38181818181818183
calibration,2,public-periphery-102-cec220632af6,periphery,64,75,52,2,polarized,shifted_hotspot,online,failure_aware,N055|N061,120000,False,0.6872113976265087,0.6426278574231916,9286562,110,85,411000,275000,51,840334,0.7727272727272727,0.6690997566909975,0.4636363636363636,25,18,110000,69000,7,212388,0.72,0.6272727272727273,0.28,85,60,362000,234000,34,638859,0.7058823529411765,0.6464088397790055,0.4,110,78,472000,303000,41,851247,0.7090909090909091,0.6419491525423728,0.37272727272727274
calibration,3,public-hub-103-492c6e51d475,hub,64,67,56,0,balanced_band,diffuse,public,none,,0,False,0.04451437398673322,0.08055577966683837,10506064,110,109,442000,434000,1,915154,0.990909090909091,0.9819004524886877,0.00909090909090909,25,25,111000,111000,0,206440,1.0,1.0,0.0,85,80,292000,264000,5,1033758,0.9411764705882353,0.9041095890410958,0.058823529411764705,110,105,403000,375000,5,1240198,0.9545454545454546,0.9305210918114144,0.045454545454545456
calibration,3,public-hub-103-492c6e51d475,hub,64,67,56,0,balanced_band,diffuse,retry,none,,0,False,0.04451437398673322,0.08055577966683837,10506064,110,109,442000,434000,1,915154,0.990909090909091,0.9819004524886877,0.00909090909090909,25,25,111000,111000,0,206440,1.0,1.0,0.0,85,80,292000,264000,7,1033758,0.9411764705882353,0.9041095890410958,0.08235294117647059,110,105,403000,375000,7,1240198,0.9545454545454546,0.9305210918114144,0.06363636363636363
calibration,3,public-hub-103-492c6e51d475,hub,64,67,56,0,balanced_band,diffuse,online,none,,0,False,0.04451437398673322,0.08055577966683837,10506064,110,109,442000,434000,1,915154,0.990909090909091,0.9819004524886877,0.00909090909090909,25,25,111000,111000,0,206440,1.0,1.0,0.0,85,80,292000,264000,7,1033758,0.9411764705882353,0.9041095890410958,0.08235294117647059,110,105,403000,375000,7,1240198,0.9545454545454546,0.9305210918114144,0.06363636363636363
calibration,3,public-hub-103-492c6e51d475,hub,64,67,56,0,balanced_band,diffuse,oracle,none,,0,False,0.04451437398673322,0.08055577966683837,10506064,110,109,442000,434000,0,915154,0.990909090909091,0.9819004524886877,0.0,25,25,111000,111000,0,206440,1.0,1.0,0.0,85,80,292000,264000,0,1033758,0.9411764705882353,0.9041095890410958,0.0,110,105,403000,375000,0,1240198,0.9545454545454546,0.9305210918114144,0.0
calibration,3,public-hub-103-492c6e51d475,hub,64,67,56,0,balanced_band,diffuse,online,random,N021|N035,120000,False,0.04451437398673322,0.08074113464227767,10626064,110,109,442000,434000,1,915154,0.990909090909091,0.9819004524886877,0.00909090909090909,25,25,111000,111000,0,206440,1.0,1.0,0.0,85,81,292000,269000,7,1038513,0.9529411764705882,0.9212328767123288,0.08235294117647059,110,106,403000,380000,7,1244953,0.9636363636363636,0.9429280397022333,0.06363636363636363
calibration,3,public-hub-103-492c6e51d475,hub,64,67,56,0,balanced_band,diffuse,online,failure_aware,N021|N035,120000,False,0.04451437398673322,0.08074113464227767,10626064,110,109,442000,434000,1,915154,0.990909090909091,0.9819004524886877,0.00909090909090909,25,25,111000,111000,0,206440,1.0,1.0,0.0,85,81,292000,269000,7,1038513,0.9529411764705882,0.9212328767123288,0.08235294117647059,110,106,403000,380000,7,1244953,0.9636363636363636,0.9429280397022333,0.06363636363636363
calibration,3,public-hub-103-492c6e51d475,hub,64,67,56,0,balanced_band,stationary_hotspot,public,none,,0,False,0.04451437398673322,0.0904407601212815,10506064,110,107,408000,390000,3,629521,0.9727272727272728,0.9558823529411765,0.02727272727272727,25,21,95000,72000,4,163945,0.84,0.7578947368421053,0.16,85,71,349000,278000,14,669465,0.8352941176470589,0.7965616045845272,0.16470588235294117,110,92,444000,350000,18,833410,0.8363636363636363,0.7882882882882883,0.16363636363636364
calibration,3,public-hub-103-492c6e51d475,hub,64,67,56,0,balanced_band,stationary_hotspot,retry,none,,0,False,0.04451437398673322,0.0904407601212815,10506064,110,107,408000,390000,3,629521,0.9727272727272728,0.9558823529411765,0.02727272727272727,25,21,95000,72000,4,163945,0.84,0.7578947368421053,0.16,85,71,349000,278000,14,669465,0.8352941176470589,0.7965616045845272,0.16470588235294117,110,92,444000,350000,18,833410,0.8363636363636363,0.7882882882882883,0.16363636363636364
calibration,3,public-hub-103-492c6e51d475,hub,64,67,56,0,balanced_band,stationary_hotspot,online,none,,0,False,0.04451437398673322,0.0904407601212815,10506064,110,107,408000,390000,3,629521,0.9727272727272728,0.9558823529411765,0.02727272727272727,25,21,95000,72000,4,163945,0.84,0.7578947368421053,0.16,85,71,349000,278000,14,669465,0.8352941176470589,0.7965616045845272,0.16470588235294117,110,92,444000,350000,18,833410,0.8363636363636363,0.7882882882882883,0.16363636363636364
calibration,3,public-hub-103-492c6e51d475,hub,64,67,56,0,balanced_band,stationary_hotspot,oracle,none,,0,False,0.04451437398673322,0.0904407601212815,10506064,110,107,408000,390000,0,629521,0.9727272727272728,0.9558823529411765,0.0,25,21,95000,72000,0,163945,0.84,0.7578947368421053,0.0,85,71,349000,278000,0,669465,0.8352941176470589,0.7965616045845272,0.0,110,92,444000,350000,0,833410,0.8363636363636363,0.7882882882882883,0.0
calibration,3,public-hub-103-492c6e51d475,hub,64,67,56,0,balanced_band,stationary_hotspot,online,random,N021|N035,120000,False,0.04451437398673322,0.08941941381520299,10626064,110,107,408000,390000,3,629521,0.9727272727272728,0.9558823529411765,0.02727272727272727,25,21,95000,72000,4,163945,0.84,0.7578947368421053,0.16,85,71,349000,278000,14,669465,0.8352941176470589,0.7965616045845272,0.16470588235294117,110,92,444000,350000,18,833410,0.8363636363636363,0.7882882882882883,0.16363636363636364
calibration,3,public-hub-103-492c6e51d475,hub,64,67,56,0,balanced_band,stationary_hotspot,online,failure_aware,N030|N039,120000,False,0.04451437398673322,0.08955669342000046,10626064,110,107,408000,390000,3,629521,0.9727272727272728,0.9558823529411765,0.02727272727272727,25,21,95000,72000,4,152015,0.84,0.7578947368421053,0.16,85,71,349000,278000,14,669465,0.8352941176470589,0.7965616045845272,0.16470588235294117,110,92,444000,350000,18,821480,0.8363636363636363,0.7882882882882883,0.16363636363636364
calibration,3,public-hub-103-492c6e51d475,hub,64,67,56,0,balanced_band,shifted_hotspot,public,none,,0,False,0.04451437398673322,0.08276063019166142,10506064,110,107,408000,390000,3,629521,0.9727272727272728,0.9558823529411765,0.02727272727272727,25,18,95000,60000,7,163021,0.72,0.631578947368421,0.28,85,71,349000,278000,14,703901,0.8352941176470589,0.7965616045845272,0.16470588235294117,110,89,444000,338000,21,866922,0.8090909090909091,0.7612612612612613,0.19090909090909092
calibration,3,public-hub-103-492c6e51d475,hub,64,67,56,0,balanced_band,shifted_hotspot,retry,none,,0,False,0.04451437398673322,0.08276063019166142,10506064,110,107,408000,390000,3,629521,0.9727272727272728,0.9558823529411765,0.02727272727272727,25,18,95000,60000,7,163021,0.72,0.631578947368421,0.28,85,71,349000,278000,14,703901,0.8352941176470589,0.7965616045845272,0.16470588235294117,110,89,444000,338000,21,866922,0.8090909090909091,0.7612612612612613,0.19090909090909092
calibration,3,public-hub-103-492c6e51d475,hub,64,67,56,0,balanced_band,shifted_hotspot,online,none,,0,False,0.04451437398673322,0.08276063019166142,10506064,110,107,408000,390000,3,629521,0.9727272727272728,0.9558823529411765,0.02727272727272727,25,18,95000,60000,7,163021,0.72,0.631578947368421,0.28,85,71,349000,278000,14,703901,0.8352941176470589,0.7965616045845272,0.16470588235294117,110,89,444000,338000,21,866922,0.8090909090909091,0.7612612612612613,0.19090909090909092
calibration,3,public-hub-103-492c6e51d475,hub,64,67,56,0,balanced_band,shifted_hotspot,oracle,none,,0,False,0.04451437398673322,0.08276063019166142,10506064,110,107,408000,390000,0,629521,0.9727272727272728,0.9558823529411765,0.0,25,18,95000,60000,0,163021,0.72,0.631578947368421,0.0,85,71,349000,278000,0,703901,0.8352941176470589,0.7965616045845272,0.0,110,89,444000,338000,0,866922,0.8090909090909091,0.7612612612612613,0.0
calibration,3,public-hub-103-492c6e51d475,hub,64,67,56,0,balanced_band,shifted_hotspot,online,random,N021|N035,120000,False,0.04451437398673322,0.08182601549114772,10626064,110,107,408000,390000,3,629521,0.9727272727272728,0.9558823529411765,0.02727272727272727,25,18,95000,60000,7,163021,0.72,0.631578947368421,0.28,85,71,349000,278000,14,703901,0.8352941176470589,0.7965616045845272,0.16470588235294117,110,89,444000,338000,21,866922,0.8090909090909091,0.7612612612612613,0.19090909090909092
calibration,3,public-hub-103-492c6e51d475,hub,64,67,56,0,balanced_band,shifted_hotspot,online,failure_aware,N030|N039,120000,False,0.04451437398673322,0.0819632950959452,10626064,110,107,408000,390000,3,629521,0.9727272727272728,0.9558823529411765,0.02727272727272727,25,18,95000,60000,7,151091,0.72,0.631578947368421,0.28,85,71,349000,278000,14,703901,0.8352941176470589,0.7965616045845272,0.16470588235294117,110,89,444000,338000,21,854992,0.8090909090909091,0.7612612612612613,0.19090909090909092
calibration,3,public-hub-103-492c6e51d475,hub,64,67,56,0,uniform,diffuse,public,none,,0,False,0.25640217194808984,0.2538799627301979,10506064,110,100,442000,380000,10,726114,0.9090909090909091,0.8597285067873304,0.09090909090909091,25,24,111000,106000,1,202660,0.96,0.954954954954955,0.04,85,78,292000,260000,7,1072500,0.9176470588235294,0.8904109589041096,0.08235294117647059,110,102,403000,366000,8,1275160,0.9272727272727272,0.9081885856079405,0.07272727272727272
calibration,3,public-hub-103-492c6e51d475,hub,64,67,56,0,uniform,diffuse,retry,none,,0,False,0.25640217194808984,0.2563602944675199,10506064,110,102,442000,393000,10,814161,0.9272727272727272,0.8891402714932126,0.09090909090909091,25,24,111000,106000,3,202660,0.96,0.954954954954955,0.12,85,77,292000,255000,10,1066000,0.9058823529411765,0.8732876712328768,0.11764705882352941,110,101,403000,361000,13,1268660,0.9181818181818182,0.8957816377171216,0.11818181818181818
calibration,3,public-hub-103-492c6e51d475,hub,64,67,56,0,uniform,diffuse,online,none,,0,False,0.25640217194808984,0.2563602944675199,10506064,110,102,442000,393000,10,814161,0.9272727272727272,0.8891402714932126,0.09090909090909091,25,24,111000,106000,3,202660,0.96,0.954954954954955,0.12,85,77,292000,255000,10,1066000,0.9058823529411765,0.8732876712328768,0.11764705882352941,110,101,403000,361000,13,1268660,0.9181818181818182,0.8957816377171216,0.11818181818181818
calibration,3,public-hub-103-492c6e51d475,hub,64,67,56,0,uniform,diffuse,oracle,none,,0,False,0.25640217194808984,0.2563602944675199,10506064,110,102,442000,393000,0,814161,0.9272727272727272,0.8891402714932126,0.0,25,24,111000,106000,0,202660,0.96,0.954954954954955,0.0,85,77,292000,255000,0,1066000,0.9058823529411765,0.8732876712328768,0.0,110,101,403000,361000,0,1268660,0.9181818181818182,0.8957816377171216,0.0
calibration,3,public-hub-103-492c6e51d475,hub,64,67,56,0,uniform,diffuse,online,random,N021|N035,120000,False,0.25640217194808984,0.2543137633962798,10626064,110,102,442000,393000,10,814161,0.9272727272727272,0.8891402714932126,0.09090909090909091,25,24,111000,106000,3,202660,0.96,0.954954954954955,0.12,85,79,292000,265000,8,1074265,0.9294117647058824,0.9075342465753424,0.09411764705882353,110,103,403000,371000,11,1276925,0.9363636363636364,0.9205955334987593,0.1
calibration,3,public-hub-103-492c6e51d475,hub,64,67,56,0,uniform,diffuse,online,failure_aware,N041|N044,120000,False,0.25640217194808984,0.2534652210578263,10626064,110,102,442000,393000,10,814161,0.9272727272727272,0.8891402714932126,0.09090909090909091,25,24,111000,106000,3,202660,0.96,0.954954954954955,0.12,85,77,292000,255000,10,1066000,0.9058823529411765,0.8732876712328768,0.11764705882352941,110,101,403000,361000,13,1268660,0.9181818181818182,0.8957816377171216,0.11818181818181818
calibration,3,public-hub-103-492c6e51d475,hub,64,67,56,0,uniform,stationary_hotspot,public,none,,0,False,0.25640217194808984,0.2696253535241329,10506064,110,99,408000,350000,11,586004,0.9,0.8578431372549019,0.1,25,17,95000,55000,8,139012,0.68,0.5789473684210527,0.32,85,65,349000,239000,20,532785,0.7647058823529411,0.6848137535816619,0.23529411764705882,110,82,444000,294000,28,671797,0.7454545454545455,0.6621621621621622,0.2545454545454545
calibration,3,public-hub-103-492c6e51d475,hub,64,67,56,0,uniform,stationary_hotspot,retry,none,,0,False,0.25640217194808984,0.2712112072930217,10506064,110,100,408000,355000,12,600244,0.9090909090909091,0.8700980392156863,0.10909090909090909,25,17,95000,55000,8,139012,0.68,0.5789473684210527,0.32,85,65,349000,239000,20,532785,0.7647058823529411,0.6848137535816619,0.23529411764705882,110,82,444000,294000,28,671797,0.7454545454545455,0.6621621621621622,0.2545454545454545
calibration,3,public-hub-103-492c6e51d475,hub,64,67,56,0,uniform,stationary_hotspot,online,none,,0,False,0.25640217194808984,0.2712112072930217,10506064,110,100,408000,355000,12,600244,0.9090909090909091,0.8700980392156863,0.10909090909090909,25,17,95000,55000,8,139012,0.68,0.5789473684210527,0.32,85,65,349000,239000,20,532785,0.7647058823529411,0.6848137535816619,0.23529411764705882,110,82,444000,294000,28,671797,0.7454545454545455,0.6621621621621622,0.2545454545454545
calibration,3,public-hub-103-492c6e51d475,hub,64,67,56,0,uniform,stationary_hotspot,oracle,none,,0,False,0.25640217194808984,0.2712112072930217,10506064,110,100,408000,355000,0,600244,0.9090909090909091,0.8700980392156863,0.0,25,17,95000,55000,0,139012,0.68,0.5789473684210527,0.0,85,65,349000,239000,0,532785,0.7647058823529411,0.6848137535816619,0.0,110,82,444000,294000,0,671797,0.7454545454545455,0.6621621621621622,0.0
calibration,3,public-hub-103-492c6e51d475,hub,64,67,56,0,uniform,stationary_hotspot,online,random,N021|N035,120000,False,0.25640217194808984,0.26814842272150374,10626064,110,100,408000,355000,12,600244,0.9090909090909091,0.8700980392156863,0.10909090909090909,25,17,95000,55000,8,139012,0.68,0.5789473684210527,0.32,85,65,349000,239000,20,532785,0.7647058823529411,0.6848137535816619,0.23529411764705882,110,82,444000,294000,28,671797,0.7454545454545455,0.6621621621621622,0.2545454545454545
calibration,3,public-hub-103-492c6e51d475,hub,64,67,56,0,uniform,stationary_hotspot,online,failure_aware,N058|N060,120000,True,0.25640217194808984,0.27944140947558316,10626064,110,100,408000,355000,12,600244,0.9090909090909091,0.8700980392156863,0.10909090909090909,25,24,95000,93000,3,148838,0.96,0.9789473684210527,0.12,85,69,349000,261000,33,537959,0.8117647058823529,0.7478510028653295,0.38823529411764707,110,93,444000,354000,36,686797,0.8454545454545455,0.7972972972972973,0.32727272727272727
calibration,3,public-hub-103-492c6e51d475,hub,64,67,56,0,uniform,shifted_hotspot,public,none,,0,False,0.25640217194808984,0.26493045119331105,10506064,110,99,408000,350000,11,586004,0.9,0.8578431372549019,0.1,25,18,95000,66000,7,154185,0.72,0.6947368421052632,0.28,85,65,349000,229000,20,558707,0.7647058823529411,0.6561604584527221,0.23529411764705882,110,83,444000,295000,27,712892,0.7545454545454545,0.6644144144144144,0.24545454545454545
calibration,3,public-hub-103-492c6e51d475,hub,64,67,56,0,uniform,shifted_hotspot,retry,none,,0,False,0.25640217194808984,0.2665163049621998,10506064,110,100,408000,355000,12,600244,0.9090909090909091,0.8700980392156863,0.10909090909090909,25,18,95000,66000,7,154185,0.72,0.6947368421052632,0.28,85,65,349000,229000,20,558707,0.7647058823529411,0.6561604584527221,0.23529411764705882,110,83,444000,295000,27,712892,0.7545454545454545,0.6644144144144144,0.24545454545454545
calibration,3,public-hub-103-492c6e51d475,hub,64,67,56,0,uniform,shifted_hotspot,online,none,,0,False,0.25640217194808984,0.2665163049621998,10506064,110,100,408000,355000,12,600244,0.9090909090909091,0.8700980392156863,0.10909090909090909,25,18,95000,66000,7,154185,0.72,0.6947368421052632,0.28,85,65,349000,229000,20,558707,0.7647058823529411,0.6561604584527221,0.23529411764705882,110,83,444000,295000,27,712892,0.7545454545454545,0.6644144144144144,0.24545454545454545
calibration,3,public-hub-103-492c6e51d475,hub,64,67,56,0,uniform,shifted_hotspot,oracle,none,,0,False,0.25640217194808984,0.2665163049621998,10506064,110,100,408000,355000,0,600244,0.9090909090909091,0.8700980392156863,0.0,25,18,95000,66000,0,154185,0.72,0.6947368421052632,0.0,85,65,349000,229000,0,558707,0.7647058823529411,0.6561604584527221,0.0,110,83,444000,295000,0,712892,0.7545454545454545,0.6644144144144144,0.0
calibration,3,public-hub-103-492c6e51d475,hub,64,67,56,0,uniform,shifted_hotspot,online,random,N021|N035,120000,False,0.25640217194808984,0.26350653986051553,10626064,110,100,408000,355000,12,600244,0.9090909090909091,0.8700980392156863,0.10909090909090909,25,18,95000,66000,7,154185,0.72,0.6947368421052632,0.28,85,65,349000,229000,20,558707,0.7647058823529411,0.6561604584527221,0.23529411764705882,110,83,444000,295000,27,712892,0.7545454545454545,0.6644144144144144,0.24545454545454545
calibration,3,public-hub-103-492c6e51d475,hub,64,67,56,0,uniform,shifted_hotspot,online,failure_aware,N058|N060,120000,False,0.25640217194808984,0.26317728726067413,10626064,110,100,408000,355000,12,600244,0.9090909090909091,0.8700980392156863,0.10909090909090909,25,18,95000,66000,7,154185,0.72,0.6947368421052632,0.28,85,66,349000,234000,22,562777,0.7764705882352941,0.670487106017192,0.25882352941176473,110,84,444000,300000,29,716962,0.7636363636363637,0.6756756756756757,0.2636363636363636
calibration,3,public-hub-103-492c6e51d475,hub,64,67,56,0,polarized,diffuse,public,none,,0,False,0.684687932123383,0.6333148678160796,10506064,110,92,442000,331000,18,609677,0.8363636363636363,0.748868778280543,0.16363636363636364,25,23,111000,95000,2,190208,0.92,0.8558558558558559,0.08,85,71,292000,220000,14,997024,0.8352941176470589,0.7534246575342466,0.16470588235294117,110,94,403000,315000,16,1187232,0.8545454545454545,0.7816377171215881,0.14545454545454545
calibration,3,public-hub-103-492c6e51d475,hub,64,67,56,0,polarized,diffuse,retry,none,,0,False,0.684687932123383,0.6299847721682101,10506064,110,93,442000,339000,20,704535,0.8454545454545455,0.7669683257918553,0.18181818181818182,25,24,111000,103000,4,215488,0.96,0.9279279279279279,0.16,85,71,292000,227000,21,1023180,0.8352941176470589,0.7773972602739726,0.24705882352941178,110,95,403000,330000,25,1238668,0.8636363636363636,0.8188585607940446,0.22727272727272727
calibration,3,public-hub-103-492c6e51d475,hub,64,67,56,0,polarized,diffuse,online,none,,0,False,0.684687932123383,0.6299847721682101,10506064,110,93,442000,339000,20,704535,0.8454545454545455,0.7669683257918553,0.18181818181818182,25,24,111000,103000,4,215488,0.96,0.9279279279279279,0.16,85,71,292000,227000,21,1023180,0.8352941176470589,0.7773972602739726,0.24705882352941178,110,95,403000,330000,25,1238668,0.8636363636363636,0.8188585607940446,0.22727272727272727
calibration,3,public-hub-103-492c6e51d475,hub,64,67,56,0,polarized,diffuse,oracle,none,,0,False,0.684687932123383,0.6299847721682101,10506064,110,93,442000,339000,0,704535,0.8454545454545455,0.7669683257918553,0.0,25,24,111000,103000,0,215488,0.96,0.9279279279279279,0.0,85,71,292000,227000,0,1023180,0.8352941176470589,0.7773972602739726,0.0,110,95,403000,330000,0,1238668,0.8636363636363636,0.8188585607940446,0.0
calibration,3,public-hub-103-492c6e51d475,hub,64,67,56,0,polarized,diffuse,online,random,N021|N035,120000,False,0.684687932123383,0.6203993992541386,10626064,110,93,442000,339000,20,704535,0.8454545454545455,0.7669683257918553,0.18181818181818182,25,24,111000,103000,4,215488,0.96,0.9279279279279279,0.16,85,73,292000,237000,19,1031445,0.8588235294117647,0.8116438356164384,0.2235294117647059,110,97,403000,340000,23,1246933,0.8818181818181818,0.8436724565756824,0.20909090909090908
calibration,3,public-hub-103-492c6e51d475,hub,64,67,56,0,polarized,diffuse,online,failure_aware,N062|N063,120000,False,0.684687932123383,0.6245346700650706,10626064,110,93,442000,339000,20,704535,0.8454545454545455,0.7669683257918553,0.18181818181818182,25,24,111000,103000,4,215488,0.96,0.9279279279279279,0.16,85,71,292000,227000,22,1019471,0.8352941176470589,0.7773972602739726,0.25882352941176473,110,95,403000,330000,26,1234959,0.8636363636363636,0.8188585607940446,0.23636363636363636
calibration,3,public-hub-103-492c6e51d475,hub,64,67,56,0,polarized,stationary_hotspot,public,none,,0,False,0.684687932123383,0.6519655656275727,10506064,110,81,408000,256000,29,519806,0.7363636363636363,0.6274509803921569,0.2636363636363636,25,16,95000,50000,9,130762,0.64,0.5263157894736842,0.36,85,60,349000,212000,25,487824,0.7058823529411765,0.6074498567335244,0.29411764705882354,110,76,444000,262000,34,618586,0.6909090909090909,0.5900900900900901,0.3090909090909091
calibration,3,public-hub-103-492c6e51d475,hub,64,67,56,0,polarized,stationary_hotspot,retry,none,,0,False,0.684687932123383,0.6535508083192746,10506064,110,83,408000,263000,32,548566,0.7545454545454545,0.6446078431372549,0.2909090909090909,25,16,95000,50000,10,140602,0.64,0.5263157894736842,0.4,85,61,349000,220000,25,496096,0.7176470588235294,0.6303724928366762,0.29411764705882354,110,77,444000,270000,35,636698,0.7,0.6081081081081081,0.3181818181818182
calibration,3,public-hub-103-492c6e51d475,hub,64,67,56,0,polarized,stationary_hotspot,online,none,,0,False,0.684687932123383,0.6535508083192746,10506064,110,83,408000,263000,32,548566,0.7545454545454545,0.6446078431372549,0.2909090909090909,25,16,95000,50000,10,140602,0.64,0.5263157894736842,0.4,85,61,349000,220000,25,496096,0.7176470588235294,0.6303724928366762,0.29411764705882354,110,77,444000,270000,35,636698,0.7,0.6081081081081081,0.3181818181818182
calibration,3,public-hub-103-492c6e51d475,hub,64,67,56,0,polarized,stationary_hotspot,oracle,none,,0,False,0.684687932123383,0.6535508083192746,10506064,110,83,408000,263000,0,548566,0.7545454545454545,0.6446078431372549,0.0,25,16,95000,50000,0,140602,0.64,0.5263157894736842,0.0,85,61,349000,220000,0,496096,0.7176470588235294,0.6303724928366762,0.0,110,77,444000,270000,0,636698,0.7,0.6081081081081081,0.0
calibration,3,public-hub-103-492c6e51d475,hub,64,67,56,0,polarized,stationary_hotspot,online,random,N021|N035,120000,False,0.684687932123383,0.6461702676978072,10626064,110,83,408000,263000,32,548566,0.7545454545454545,0.6446078431372549,0.2909090909090909,25,16,95000,50000,10,140602,0.64,0.5263157894736842,0.4,85,61,349000,220000,26,496096,0.7176470588235294,0.6303724928366762,0.3058823529411765,110,77,444000,270000,36,636698,0.7,0.6081081081081081,0.32727272727272727
calibration,3,public-hub-103-492c6e51d475,hub,64,67,56,0,polarized,stationary_hotspot,online,failure_aware,N058|N060,120000,True,0.684687932123383,0.6574632544518866,10626064,110,83,408000,263000,32,548566,0.7545454545454545,0.6446078431372549,0.2909090909090909,25,23,95000,88000,3,150428,0.92,0.9263157894736842,0.12,85,67,349000,242000,41,505270,0.788235294117647,0.6934097421203438,0.4823529411764706,110,90,444000,330000,44,655698,0.8181818181818182,0.7432432432432432,0.4
calibration,3,public-hub-103-492c6e51d475,hub,64,67,56,0,polarized,shifted_hotspot,public,none,,0,False,0.684687932123383,0.6505735561066094,10506064,110,81,408000,256000,29,519806,0.7363636363636363,0.6274509803921569,0.2636363636363636,25,19,95000,68000,6,153628,0.76,0.7157894736842105,0.24,85,62,349000,208000,23,520828,0.7294117647058823,0.5959885386819485,0.27058823529411763,110,81,444000,276000,29,674456,0.7363636363636363,0.6216216216216216,0.2636363636363636
calibration,3,public-hub-103-492c6e51d475,hub,64,67,56,0,polarized,shifted_hotspot,retry,none,,0,False,0.684687932123383,0.6521587987983114,10506064,110,83,408000,263000,32,548566,0.7545454545454545,0.6446078431372549,0.2909090909090909,25,19,95000,68000,7,163468,0.76,0.7157894736842105,0.28,85,63,349000,216000,23,529100,0.7411764705882353,0.6189111747851003,0.27058823529411763,110,82,444000,284000,30,692568,0.7454545454545455,0.6396396396396397,0.2727272727272727
calibration,3,public-hub-103-492c6e51d475,hub,64,67,56,0,polarized,shifted_hotspot,online,none,,0,False,0.684687932123383,0.6521587987983114,10506064,110,83,408000,263000,32,548566,0.7545454545454545,0.6446078431372549,0.2909090909090909,25,19,95000,68000,7,163468,0.76,0.7157894736842105,0.28,85,63,349000,216000,23,529100,0.7411764705882353,0.6189111747851003,0.27058823529411763,110,82,444000,284000,30,692568,0.7454545454545455,0.6396396396396397,0.2727272727272727
calibration,3,public-hub-103-492c6e51d475,hub,64,67,56,0,polarized,shifted_hotspot,oracle,none,,0,False,0.684687932123383,0.6521587987983114,10506064,110,83,408000,263000,0,548566,0.7545454545454545,0.6446078431372549,0.0,25,19,95000,68000,0,163468,0.76,0.7157894736842105,0.0,85,63,349000,216000,0,529100,0.7411764705882353,0.6189111747851003,0.0,110,82,444000,284000,0,692568,0.7454545454545455,0.6396396396396397,0.0
calibration,3,public-hub-103-492c6e51d475,hub,64,67,56,0,polarized,shifted_hotspot,online,random,N021|N035,120000,False,0.684687932123383,0.6447939781219257,10626064,110,83,408000,263000,32,548566,0.7545454545454545,0.6446078431372549,0.2909090909090909,25,19,95000,68000,7,163468,0.76,0.7157894736842105,0.28,85,63,349000,216000,24,529100,0.7411764705882353,0.6189111747851003,0.2823529411764706,110,82,444000,284000,31,692568,0.7454545454545455,0.6396396396396397,0.2818181818181818
calibration,3,public-hub-103-492c6e51d475,hub,64,67,56,0,polarized,shifted_hotspot,online,failure_aware,N058|N060,120000,False,0.684687932123383,0.6452131046984372,10626064,110,83,408000,263000,32,548566,0.7545454545454545,0.6446078431372549,0.2909090909090909,25,19,95000,68000,7,163468,0.76,0.7157894736842105,0.28,85,64,349000,221000,26,533170,0.7529411764705882,0.6332378223495702,0.3058823529411765,110,83,444000,289000,33,696638,0.7545454545454545,0.6509009009009009,0.3
calibration,3,public-hub-103-492c6e51d475,hub,64,67,56,1,balanced_band,diffuse,public,none,,0,False,0.06833366823374722,0.09537830454860378,10506064,110,103,432000,394000,7,968063,0.9363636363636364,0.9120370370370371,0.06363636363636363,25,24,115000,110000,1,202607,0.96,0.9565217391304348,0.04,85,80,340000,306000,5,696148,0.9411764705882353,0.9,0.058823529411764705,110,104,455000,416000,6,898755,0.9454545454545454,0.9142857142857143,0.05454545454545454
calibration,3,public-hub-103-492c6e51d475,hub,64,67,56,1,balanced_band,diffuse,retry,none,,0,False,0.06833366823374722,0.09537830454860378,10506064,110,103,432000,394000,12,968063,0.9363636363636364,0.9120370370370371,0.10909090909090909,25,24,115000,110000,2,202607,0.96,0.9565217391304348,0.08,85,80,340000,306000,5,696148,0.9411764705882353,0.9,0.058823529411764705,110,104,455000,416000,7,898755,0.9454545454545454,0.9142857142857143,0.06363636363636363
calibration,3,public-hub-103-492c6e51d475,hub,64,67,56,1,balanced_band,diffuse,online,none,,0,False,0.06833366823374722,0.09524476486361146,10506064,110,103,432000,394000,12,968356,0.9363636363636364,0.9120370370370371,0.10909090909090909,25,24,115000,110000,2,202607,0.96,0.9565217391304348,0.08,85,80,340000,306000,5,696148,0.9411764705882353,0.9,0.058823529411764705,110,104,455000,416000,7,898755,0.9454545454545454,0.9142857142857143,0.06363636363636363
calibration,3,public-hub-103-492c6e51d475,hub,64,67,56,1,balanced_band,diffuse,oracle,none,,0,False,0.06833366823374722,0.09537830454860378,10506064,110,103,432000,394000,0,968063,0.9363636363636364,0.9120370370370371,0.0,25,24,115000,110000,0,202607,0.96,0.9565217391304348,0.0,85,80,340000,306000,0,696148,0.9411764705882353,0.9,0.0,110,104,455000,416000,0,898755,0.9454545454545454,0.9142857142857143,0.0
calibration,3,public-hub-103-492c6e51d475,hub,64,67,56,1,balanced_band,diffuse,online,random,N034|N061,120000,False,0.06833366823374722,0.09513395816198801,10626064,110,103,432000,394000,12,968356,0.9363636363636364,0.9120370370370371,0.10909090909090909,25,24,115000,110000,2,128687,0.96,0.9565217391304348,0.08,85,80,340000,306000,5,485388,0.9411764705882353,0.9,0.058823529411764705,110,104,455000,416000,7,614075,0.9454545454545454,0.9142857142857143,0.06363636363636363
calibration,3,public-hub-103-492c6e51d475,hub,64,67,56,1,balanced_band,diffuse,online,failure_aware,N046|N053,120000,False,0.06833366823374722,0.09659128709965996,10626064,110,103,432000,394000,12,968356,0.9363636363636364,0.9120370370370371,0.10909090909090909,25,24,115000,110000,2,202607,0.96,0.9565217391304348,0.08,85,81,340000,314000,5,702244,0.9529411764705882,0.9235294117647059,0.058823529411764705,110,105,455000,424000,7,904851,0.9545454545454546,0.9318681318681319,0.06363636363636363
calibration,3,public-hub-103-492c6e51d475,hub,64,67,56,1,balanced_band,stationary_hotspot,public,none,,0,False,0.06833366823374722,0.10661587811897874,10506064,110,109,447000,442000,1,873236,0.990909090909091,0.9888143176733781,0.00909090909090909,25,25,83000,83000,0,68406,1.0,1.0,0.0,85,85,284000,284000,0,626356,1.0,1.0,0.0,110,110,367000,367000,0,694762,1.0,1.0,0.0
calibration,3,public-hub-103-492c6e51d475,hub,64,67,56,1,balanced_band,stationary_hotspot,retry,none,,0,False,0.06833366823374722,0.10661587811897874,10506064,110,109,447000,442000,1,873236,0.990909090909091,0.9888143176733781,0.00909090909090909,25,25,83000,83000,0,68406,1.0,1.0,0.0,85,85,284000,284000,0,626356,1.0,1.0,0.0,110,110,367000,367000,0,694762,1.0,1.0,0.0
calibration,3,public-hub-103-492c6e51d475,hub,64,67,56,1,balanced_band,stationary_hotspot,online,none,,0,False,0.06833366823374722,0.10661587811897874,10506064,110,109,447000,442000,1,873236,0.990909090909091,0.9888143176733781,0.00909090909090909,25,25,83000,83000,0,68406,1.0,1.0,0.0,85,85,284000,284000,0,626356,1.0,1.0,0.0,110,110,367000,367000,0,694762,1.0,1.0,0.0
calibration,3,public-hub-103-492c6e51d475,hub,64,67,56,1,balanced_band,stationary_hotspot,oracle,none,,0,False,0.06833366823374722,0.10661587811897874,10506064,110,109,447000,442000,0,873236,0.990909090909091,0.9888143176733781,0.0,25,25,83000,83000,0,68406,1.0,1.0,0.0,85,85,284000,284000,0,626356,1.0,1.0,0.0,110,110,367000,367000,0,694762,1.0,1.0,0.0
calibration,3,public-hub-103-492c6e51d475,hub,64,67,56,1,balanced_band,stationary_hotspot,online,random,N034|N061,120000,False,0.06833366823374722,0.11060441061664583,10626064,110,109,447000,442000,1,873236,0.990909090909091,0.9888143176733781,0.00909090909090909,25,25,83000,83000,0,68406,1.0,1.0,0.0,85,85,284000,284000,0,401296,1.0,1.0,0.0,110,110,367000,367000,0,469702,1.0,1.0,0.0
calibration,3,public-hub-103-492c6e51d475,hub,64,67,56,1,balanced_band,stationary_hotspot,online,failure_aware,N006|N024,120000,False,0.06833366823374722,0.10541186641960656,10626064,110,109,447000,442000,1,873236,0.990909090909091,0.9888143176733781,0.00909090909090909,25,25,83000,83000,0,68406,1.0,1.0,0.0,85,85,284000,284000,1,626356,1.0,1.0,0.011764705882352941,110,110,367000,367000,1,694762,1.0,1.0,0.00909090909090909
calibration,3,public-hub-103-492c6e51d475,hub,64,67,56,1,balanced_band,shifted_hotspot,public,none,,0,False,0.06833366823374722,0.10832675184439623,10506064,110,109,447000,442000,1,873236,0.990909090909091,0.9888143176733781,0.00909090909090909,25,25,83000,83000,0,75126,1.0,1.0,0.0,85,85,284000,284000,0,655756,1.0,1.0,0.0,110,110,367000,367000,0,730882,1.0,1.0,0.0
calibration,3,public-hub-103-492c6e51d475,hub,64,67,56,1,balanced_band,shifted_hotspot,retry,none,,0,False,0.06833366823374722,0.10832675184439623,10506064,110,109,447000,442000,1,873236,0.990909090909091,0.9888143176733781,0.00909090909090909,25,25,83000,83000,0,75126,1.0,1.0,0.0,85,85,284000,284000,0,655756,1.0,1.0,0.0,110,110,367000,367000,0,730882,1.0,1.0,0.0
calibration,3,public-hub-103-492c6e51d475,hub,64,67,56,1,balanced_band,shifted_hotspot,online,none,,0,False,0.06833366823374722,0.10832675184439623,10506064,110,109,447000,442000,1,873236,0.990909090909091,0.9888143176733781,0.00909090909090909,25,25,83000,83000,0,75126,1.0,1.0,0.0,85,85,284000,284000,0,655756,1.0,1.0,0.0,110,110,367000,367000,0,730882,1.0,1.0,0.0
calibration,3,public-hub-103-492c6e51d475,hub,64,67,56,1,balanced_band,shifted_hotspot,oracle,none,,0,False,0.06833366823374722,0.10832675184439623,10506064,110,109,447000,442000,0,873236,0.990909090909091,0.9888143176733781,0.0,25,25,83000,83000,0,75126,1.0,1.0,0.0,85,85,284000,284000,0,655756,1.0,1.0,0.0,110,110,367000,367000,0,730882,1.0,1.0,0.0
calibration,3,public-hub-103-492c6e51d475,hub,64,67,56,1,balanced_band,shifted_hotspot,online,random,N034|N061,120000,False,0.06833366823374722,0.11229596346774427,10626064,110,109,447000,442000,1,873236,0.990909090909091,0.9888143176733781,0.00909090909090909,25,25,83000,83000,0,75126,1.0,1.0,0.0,85,85,284000,284000,0,430696,1.0,1.0,0.0,110,110,367000,367000,0,505822,1.0,1.0,0.0
calibration,3,public-hub-103-492c6e51d475,hub,64,67,56,1,balanced_band,shifted_hotspot,online,failure_aware,N006|N024,120000,False,0.06833366823374722,0.10710341927070502,10626064,110,109,447000,442000,1,873236,0.990909090909091,0.9888143176733781,0.00909090909090909,25,25,83000,83000,0,75126,1.0,1.0,0.0,85,85,284000,284000,1,655756,1.0,1.0,0.011764705882352941,110,110,367000,367000,1,730882,1.0,1.0,0.00909090909090909
calibration,3,public-hub-103-492c6e51d475,hub,64,67,56,1,uniform,diffuse,public,none,,0,False,0.39360474607067963,0.41469264987238136,10506064,110,100,432000,373000,10,921864,0.9090909090909091,0.8634259259259259,0.09090909090909091,25,24,115000,110000,1,202607,0.96,0.9565217391304348,0.04,85,80,340000,306000,5,696148,0.9411764705882353,0.9,0.058823529411764705,110,104,455000,416000,6,898755,0.9454545454545454,0.9142857142857143,0.05454545454545454
calibration,3,public-hub-103-492c6e51d475,hub,64,67,56,1,uniform,diffuse,retry,none,,0,False,0.39360474607067963,0.41469264987238136,10506064,110,100,432000,373000,13,921864,0.9090909090909091,0.8634259259259259,0.11818181818181818,25,24,115000,110000,2,202607,0.96,0.9565217391304348,0.08,85,80,340000,306000,5,696148,0.9411764705882353,0.9,0.058823529411764705,110,104,455000,416000,7,898755,0.9454545454545454,0.9142857142857143,0.06363636363636363
calibration,3,public-hub-103-492c6e51d475,hub,64,67,56,1,uniform,diffuse,online,none,,0,False,0.39360474607067963,0.41469264987238136,10506064,110,100,432000,373000,13,921864,0.9090909090909091,0.8634259259259259,0.11818181818181818,25,24,115000,110000,2,202607,0.96,0.9565217391304348,0.08,85,80,340000,306000,5,696148,0.9411764705882353,0.9,0.058823529411764705,110,104,455000,416000,7,898755,0.9454545454545454,0.9142857142857143,0.06363636363636363
calibration,3,public-hub-103-492c6e51d475,hub,64,67,56,1,uniform,diffuse,oracle,none,,0,False,0.39360474607067963,0.41469264987238136,10506064,110,100,432000,373000,0,921864,0.9090909090909091,0.8634259259259259,0.0,25,24,115000,110000,0,202607,0.96,0.9565217391304348,0.0,85,80,340000,306000,0,696148,0.9411764705882353,0.9,0.0,110,104,455000,416000,0,898755,0.9454545454545454,0.9142857142857143,0.0
calibration,3,public-hub-103-492c6e51d475,hub,64,67,56,1,uniform,diffuse,online,random,N034|N061,120000,False,0.39360474607067963,0.41224933936436203,10626064,110,100,432000,373000,13,921864,0.9090909090909091,0.8634259259259259,0.11818181818181818,25,24,115000,110000,2,128687,0.96,0.9565217391304348,0.08,85,80,340000,306000,5,485388,0.9411764705882353,0.9,0.058823529411764705,110,104,455000,416000,7,614075,0.9454545454545454,0.9142857142857143,0.06363636363636363
calibration,3,public-hub-103-492c6e51d475,hub,64,67,56,1,uniform,diffuse,online,failure_aware,N053|N054,120000,False,0.39360474607067963,0.41000953127035844,10626064,110,100,432000,373000,13,921864,0.9090909090909091,0.8634259259259259,0.11818181818181818,25,24,115000,110000,2,202607,0.96,0.9565217391304348,0.08,85,80,340000,306000,6,696148,0.9411764705882353,0.9,0.07058823529411765,110,104,455000,416000,8,898755,0.9454545454545454,0.9142857142857143,0.07272727272727272
calibration,3,public-hub-103-492c6e51d475,hub,64,67,56,1,uniform,stationary_hotspot,public,none,,0,False,0.39360474607067963,0.39990990556909817,10506064,110,107,447000,429000,3,844526,0.9727272727272728,0.959731543624161,0.02727272727272727,25,24,83000,75000,1,61806,0.96,0.9036144578313253,0.04,85,84,284000,276000,1,623700,0.9882352941176471,0.971830985915493,0.011764705882352941,110,108,367000,351000,2,685506,0.9818181818181818,0.9564032697547684,0.01818181818181818
calibration,3,public-hub-103-492c6e51d475,hub,64,67,56,1,uniform,stationary_hotspot,retry,none,,0,False,0.39360474607067963,0.40032302795852925,10506064,110,107,447000,429000,3,844526,0.9727272727272728,0.959731543624161,0.02727272727272727,25,24,83000,75000,1,61806,0.96,0.9036144578313253,0.04,85,85,284000,284000,1,628700,1.0,1.0,0.011764705882352941,110,109,367000,359000,2,690506,0.990909090909091,0.9782016348773842,0.01818181818181818
calibration,3,public-hub-103-492c6e51d475,hub,64,67,56,1,uniform,stationary_hotspot,online,none,,0,False,0.39360474607067963,0.40032302795852925,10506064,110,107,447000,429000,3,844526,0.9727272727272728,0.959731543624161,0.02727272727272727,25,24,83000,75000,1,61806,0.96,0.9036144578313253,0.04,85,85,284000,284000,1,628700,1.0,1.0,0.011764705882352941,110,109,367000,359000,2,690506,0.990909090909091,0.9782016348773842,0.01818181818181818
calibration,3,public-hub-103-492c6e51d475,hub,64,67,56,1,uniform,stationary_hotspot,oracle,none,,0,False,0.39360474607067963,0.40032302795852925,10506064,110,107,447000,429000,0,844526,0.9727272727272728,0.959731543624161,0.0,25,24,83000,75000,0,61806,0.96,0.9036144578313253,0.0,85,85,284000,284000,0,628700,1.0,1.0,0.0,110,109,367000,359000,0,690506,0.990909090909091,0.9782016348773842,0.0
calibration,3,public-hub-103-492c6e51d475,hub,64,67,56,1,uniform,stationary_hotspot,online,random,N034|N061,120000,False,0.39360474607067963,0.40673230567780094,10626064,110,107,447000,429000,3,844526,0.9727272727272728,0.959731543624161,0.02727272727272727,25,24,83000,75000,1,61806,0.96,0.9036144578313253,0.04,85,85,284000,284000,1,403640,1.0,1.0,0.011764705882352941,110,109,367000,359000,2,465446,0.990909090909091,0.9782016348773842,0.01818181818181818
calibration,3,public-hub-103-492c6e51d475,hub,64,67,56,1,uniform,stationary_hotspot,online,failure_aware,N037|N062,120000,False,0.39360474607067963,0.3958021853064406,10626064,110,107,447000,429000,3,844526,0.9727272727272728,0.959731543624161,0.02727272727272727,25,24,83000,75000,1,61806,0.96,0.9036144578313253,0.04,85,85,284000,284000,1,628700,1.0,1.0,0.011764705882352941,110,109,367000,359000,2,690506,0.990909090909091,0.9782016348773842,0.01818181818181818
calibration,3,public-hub-103-492c6e51d475,hub,64,67,56,1,uniform,shifted_hotspot,public,none,,0,False,0.39360474607067963,0.4034433318334828,10506064,110,107,447000,429000,3,844526,0.9727272727272728,0.959731543624161,0.02727272727272727,25,24,83000,75000,1,68526,0.96,0.9036144578313253,0.04,85,79,284000,258000,6,633592,0.9294117647058824,0.9084507042253521,0.07058823529411765,110,103,367000,333000,7,702118,0.9363636363636364,0.9073569482288828,0.06363636363636363
calibration,3,public-hub-103-492c6e51d475,hub,64,67,56,1,uniform,shifted_hotspot,retry,none,,0,False,0.39360474607067963,0.4038564542229139,10506064,110,107,447000,429000,3,844526,0.9727272727272728,0.959731543624161,0.02727272727272727,25,24,83000,75000,1,68526,0.96,0.9036144578313253,0.04,85,80,284000,266000,6,638592,0.9411764705882353,0.9366197183098591,0.07058823529411765,110,104,367000,341000,7,707118,0.9454545454545454,0.9291553133514986,0.06363636363636363
calibration,3,public-hub-103-492c6e51d475,hub,64,67,56,1,uniform,shifted_hotspot,online,none,,0,False,0.39360474607067963,0.4038564542229139,10506064,110,107,447000,429000,3,844526,0.9727272727272728,0.959731543624161,0.02727272727272727,25,24,83000,75000,1,68526,0.96,0.9036144578313253,0.04,85,80,284000,266000,6,638592,0.9411764705882353,0.9366197183098591,0.07058823529411765,110,104,367000,341000,7,707118,0.9454545454545454,0.9291553133514986,0.06363636363636363
calibration,3,public-hub-103-492c6e51d475,hub,64,67,56,1,uniform,shifted_hotspot,oracle,none,,0,False,0.39360474607067963,0.4038564542229139,10506064,110,107,447000,429000,0,844526,0.9727272727272728,0.959731543624161,0.0,25,24,83000,75000,0,68526,0.96,0.9036144578313253,0.0,85,80,284000,266000,0,638592,0.9411764705882353,0.9366197183098591,0.0,110,104,367000,341000,0,707118,0.9454545454545454,0.9291553133514986,0.0
calibration,3,public-hub-103-492c6e51d475,hub,64,67,56,1,uniform,shifted_hotspot,online,random,N034|N061,120000,False,0.39360474607067963,0.41022582900618537,10626064,110,107,447000,429000,3,844526,0.9727272727272728,0.959731543624161,0.02727272727272727,25,24,83000,75000,1,68526,0.96,0.9036144578313253,0.04,85,80,284000,266000,6,413532,0.9411764705882353,0.9366197183098591,0.07058823529411765,110,104,367000,341000,7,482058,0.9454545454545454,0.9291553133514986,0.06363636363636363
calibration,3,public-hub-103-492c6e51d475,hub,64,67,56,1,uniform,shifted_hotspot,online,failure_aware,N037|N062,120000,False,0.39360474607067963,0.39929570863482505,10626064,110,107,447000,429000,3,844526,0.9727272727272728,0.959731543624161,0.02727272727272727,25,24,83000,75000,1,68526,0.96,0.9036144578313253,0.04,85,80,284000,266000,6,638592,0.9411764705882353,0.9366197183098591,0.07058823529411765,110,104,367000,341000,7,707118,0.9454545454545454,0.9291553133514986,0.06363636363636363
calibration,3,public-hub-103-492c6e51d475,hub,64,67,56,1,polarized,diffuse,public,none,,0,False,0.7562827790357605,0.7211911493727466,10506064,110,82,432000,272000,28,762281,0.7454545454545455,0.6296296296296297,0.2545454545454545,25,17,115000,76000,8,163894,0.68,0.6608695652173913,0.32,85,68,340000,244000,17,540905,0.8,0.7176470588235294,0.2,110,85,455000,320000,25,704799,0.7727272727272727,0.7032967032967034,0.22727272727272727
calibration,3,public-hub-103-492c6e51d475,hub,64,67,56,1,polarized,diffuse,retry,none,,0,False,0.7562827790357605,0.7234437536696688,10506064,110,83,432000,280000,32,765729,0.7545454545454545,0.6481481481481481,0.2909090909090909,25,18,115000,84000,10,180384,0.72,0.7304347826086957,0.4,85,68,340000,244000,21,542370,0.8,0.7176470588235294,0.24705882352941178,110,86,455000,328000,31,722754,0.7818181818181819,0.7208791208791209,0.2818181818181818
calibration,3,public-hub-103-492c6e51d475,hub,64,67,56,1,polarized,diffuse,online,none,,0,False,0.7562827790357605,0.7234437536696688,10506064,110,83,432000,280000,32,765729,0.7545454545454545,0.6481481481481481,0.2909090909090909,25,18,115000,84000,10,180384,0.72,0.7304347826086957,0.4,85,68,340000,244000,21,542370,0.8,0.7176470588235294,0.24705882352941178,110,86,455000,328000,31,722754,0.7818181818181819,0.7208791208791209,0.2818181818181818
calibration,3,public-hub-103-492c6e51d475,hub,64,67,56,1,polarized,diffuse,oracle,none,,0,False,0.7562827790357605,0.7234437536696688,10506064,110,83,432000,280000,0,765729,0.7545454545454545,0.6481481481481481,0.0,25,18,115000,84000,0,180384,0.72,0.7304347826086957,0.0,85,68,340000,244000,0,542370,0.8,0.7176470588235294,0.0,110,86,455000,328000,0,722754,0.7818181818181819,0.7208791208791209,0.0
calibration,3,public-hub-103-492c6e51d475,hub,64,67,56,1,polarized,diffuse,online,random,N034|N061,120000,False,0.7562827790357605,0.7177397310777573,10626064,110,83,432000,280000,32,765729,0.7545454545454545,0.6481481481481481,0.2909090909090909,25,18,115000,84000,10,106464,0.72,0.7304347826086957,0.4,85,68,340000,244000,22,331610,0.8,0.7176470588235294,0.25882352941176473,110,86,455000,328000,32,438074,0.7818181818181819,0.7208791208791209,0.2909090909090909
calibration,3,public-hub-103-492c6e51d475,hub,64,67,56,1,polarized,diffuse,online,failure_aware,N053|N054,120000,False,0.7562827790357605,0.7152739129421558,10626064,110,83,432000,280000,32,765729,0.7545454545454545,0.6481481481481481,0.2909090909090909,25,18,115000,84000,11,180384,0.72,0.7304347826086957,0.44,85,68,340000,244000,22,542370,0.8,0.7176470588235294,0.25882352941176473,110,86,455000,328000,33,722754,0.7818181818181819,0.7208791208791209,0.3
calibration,3,public-hub-103-492c6e51d475,hub,64,67,56,1,polarized,stationary_hotspot,public,none,,0,False,0.7562827790357605,0.6930829084948162,10506064,110,91,447000,319000,19,518083,0.8272727272727273,0.7136465324384788,0.17272727272727273,25,24,83000,75000,1,61806,0.96,0.9036144578313253,0.04,85,77,284000,238000,8,605838,0.9058823529411765,0.8380281690140845,0.09411764705882353,110,101,367000,313000,9,667644,0.9181818181818182,0.8528610354223434,0.08181818181818182
calibration,3,public-hub-103-492c6e51d475,hub,64,67,56,1,polarized,stationary_hotspot,retry,none,,0,False,0.7562827790357605,0.6965694878579227,10506064,110,91,447000,319000,23,518083,0.8272727272727273,0.7136465324384788,0.20909090909090908,25,24,83000,75000,1,61806,0.96,0.9036144578313253,0.04,85,79,284000,248000,12,614653,0.9294117647058824,0.8732394366197183,0.1411764705882353,110,103,367000,323000,13,676459,0.9363636363636364,0.8801089918256131,0.11818181818181818
calibration,3,public-hub-103-492c6e51d475,hub,64,67,56,1,polarized,stationary_hotspot,online,none,,0,False,0.7562827790357605,0.6965694878579227,10506064,110,91,447000,319000,23,518083,0.8272727272727273,0.7136465324384788,0.20909090909090908,25,24,83000,75000,1,61806,0.96,0.9036144578313253,0.04,85,79,284000,248000,12,614653,0.9294117647058824,0.8732394366197183,0.1411764705882353,110,103,367000,323000,13,676459,0.9363636363636364,0.8801089918256131,0.11818181818181818
calibration,3,public-hub-103-492c6e51d475,hub,64,67,56,1,polarized,stationary_hotspot,oracle,none,,0,False,0.7562827790357605,0.6965694878579227,10506064,110,91,447000,319000,0,518083,0.8272727272727273,0.7136465324384788,0.0,25,24,83000,75000,0,61806,0.96,0.9036144578313253,0.0,85,79,284000,248000,0,614653,0.9294117647058824,0.8732394366197183,0.0,110,103,367000,323000,0,676459,0.9363636363636364,0.8801089918256131,0.0
calibration,3,public-hub-103-492c6e51d475,hub,64,67,56,1,polarized,stationary_hotspot,online,random,N034|N061,120000,False,0.7562827790357605,0.6961406432032698,10626064,110,91,447000,319000,23,518083,0.8272727272727273,0.7136465324384788,0.20909090909090908,25,24,83000,75000,1,61806,0.96,0.9036144578313253,0.04,85,79,284000,248000,13,394133,0.9294117647058824,0.8732394366197183,0.15294117647058825,110,103,367000,323000,14,455939,0.9363636363636364,0.8801089918256131,0.12727272727272726
calibration,3,public-hub-103-492c6e51d475,hub,64,67,56,1,polarized,stationary_hotspot,online,failure_aware,N037|N062,120000,False,0.7562827790357605,0.6887031378582473,10626064,110,91,447000,319000,23,518083,0.8272727272727273,0.7136465324384788,0.20909090909090908,25,24,83000,75000,1,61806,0.96,0.9036144578313253,0.04,85,79,284000,248000,12,614653,0.9294117647058824,0.8732394366197183,0.1411764705882353,110,103,367000,323000,13,676459,0.9363636363636364,0.8801089918256131,0.11818181818181818
calibration,3,public-hub-103-492c6e51d475,hub,64,67,56,1,polarized,shifted_hotspot,public,none,,0,False,0.7562827790357605,0.6893517891186338,10506064,110,91,447000,319000,19,518083,0.8272727272727273,0.7136465324384788,0.17272727272727273,25,23,83000,70000,2,63496,0.92,0.8433734939759037,0.08,85,68,284000,201000,17,596416,0.8,0.7077464788732394,0.2,110,91,367000,271000,19,659912,0.8272727272727273,0.7384196185286104,0.17272727272727273
calibration,3,public-hub-103-492c6e51d475,hub,64,67,56,1,polarized,shifted_hotspot,retry,none,,0,False,0.7562827790357605,0.6928383684817402,10506064,110,91,447000,319000,23,518083,0.8272727272727273,0.7136465324384788,0.20909090909090908,25,23,83000,70000,2,63496,0.92,0.8433734939759037,0.08,85,70,284000,211000,21,605231,0.8235294117647058,0.7429577464788732,0.24705882352941178,110,93,367000,281000,23,668727,0.8454545454545455,0.7656675749318801,0.20909090909090908
calibration,3,public-hub-103-492c6e51d475,hub,64,67,56,1,polarized,shifted_hotspot,online,none,,0,False,0.7562827790357605,0.6928383684817402,10506064,110,91,447000,319000,23,518083,0.8272727272727273,0.7136465324384788,0.20909090909090908,25,23,83000,70000,2,63496,0.92,0.8433734939759037,0.08,85,70,284000,211000,21,605231,0.8235294117647058,0.7429577464788732,0.24705882352941178,110,93,367000,281000,23,668727,0.8454545454545455,0.7656675749318801,0.20909090909090908
calibration,3,public-hub-103-492c6e51d475,hub,64,67,56,1,polarized,shifted_hotspot,oracle,none,,0,False,0.7562827790357605,0.6928383684817402,10506064,110,91,447000,319000,0,518083,0.8272727272727273,0.7136465324384788,0.0,25,23,83000,70000,0,63496,0.92,0.8433734939759037,0.0,85,70,284000,211000,0,605231,0.8235294117647058,0.7429577464788732,0.0,110,93,367000,281000,0,668727,0.8454545454545455,0.7656675749318801,0.0
calibration,3,public-hub-103-492c6e51d475,hub,64,67,56,1,polarized,shifted_hotspot,online,random,N034|N061,120000,False,0.7562827790357605,0.6924516593087805,10626064,110,91,447000,319000,23,518083,0.8272727272727273,0.7136465324384788,0.20909090909090908,25,23,83000,70000,2,63496,0.92,0.8433734939759037,0.08,85,70,284000,211000,22,384711,0.8235294117647058,0.7429577464788732,0.25882352941176473,110,93,367000,281000,24,448207,0.8454545454545455,0.7656675749318801,0.21818181818181817
calibration,3,public-hub-103-492c6e51d475,hub,64,67,56,1,polarized,shifted_hotspot,online,failure_aware,N037|N062,120000,False,0.7562827790357605,0.685014153963758,10626064,110,91,447000,319000,23,518083,0.8272727272727273,0.7136465324384788,0.20909090909090908,25,23,83000,70000,2,63496,0.92,0.8433734939759037,0.08,85,70,284000,211000,21,605231,0.8235294117647058,0.7429577464788732,0.24705882352941178,110,93,367000,281000,23,668727,0.8454545454545455,0.7656675749318801,0.20909090909090908
calibration,3,public-hub-103-492c6e51d475,hub,64,67,56,2,balanced_band,diffuse,public,none,,0,False,0.05514528865279039,0.09491904843867505,10506064,110,109,392000,384000,1,617956,0.990909090909091,0.9795918367346939,0.00909090909090909,25,25,92000,92000,0,158513,1.0,1.0,0.0,85,82,345000,333000,3,587839,0.9647058823529412,0.9652173913043478,0.03529411764705882,110,107,437000,425000,3,746352,0.9727272727272728,0.9725400457665904,0.02727272727272727
calibration,3,public-hub-103-492c6e51d475,hub,64,67,56,2,balanced_band,diffuse,retry,none,,0,False,0.05514528865279039,0.09491904843867505,10506064,110,109,392000,384000,2,617956,0.990909090909091,0.9795918367346939,0.01818181818181818,25,25,92000,92000,0,158513,1.0,1.0,0.0,85,82,345000,333000,6,587839,0.9647058823529412,0.9652173913043478,0.07058823529411765,110,107,437000,425000,6,746352,0.9727272727272728,0.9725400457665904,0.05454545454545454
calibration,3,public-hub-103-492c6e51d475,hub,64,67,56,2,balanced_band,diffuse,online,none,,0,False,0.05514528865279039,0.09491904843867505,10506064,110,109,392000,384000,2,617956,0.990909090909091,0.9795918367346939,0.01818181818181818,25,25,92000,92000,0,158513,1.0,1.0,0.0,85,82,345000,333000,6,587839,0.9647058823529412,0.9652173913043478,0.07058823529411765,110,107,437000,425000,6,746352,0.9727272727272728,0.9725400457665904,0.05454545454545454
calibration,3,public-hub-103-492c6e51d475,hub,64,67,56,2,balanced_band,diffuse,oracle,none,,0,False,0.05514528865279039,0.09491904843867505,10506064,110,109,392000,384000,0,617956,0.990909090909091,0.9795918367346939,0.0,25,25,92000,92000,0,158513,1.0,1.0,0.0,85,82,345000,333000,0,587839,0.9647058823529412,0.9652173913043478,0.0,110,107,437000,425000,0,746352,0.9727272727272728,0.9725400457665904,0.0
calibration,3,public-hub-103-492c6e51d475,hub,64,67,56,2,balanced_band,diffuse,online,random,N001|N023,120000,False,0.05514528865279039,0.09466503517438729,10626064,110,109,392000,384000,2,617956,0.990909090909091,0.9795918367346939,0.01818181818181818,25,25,92000,92000,0,158513,1.0,1.0,0.0,85,83,345000,338000,5,595999,0.9764705882352941,0.9797101449275363,0.058823529411764705,110,108,437000,430000,5,754512,0.9818181818181818,0.9839816933638444,0.045454545454545456
calibration,3,public-hub-103-492c6e51d475,hub,64,67,56,2,balanced_band,diffuse,online,failure_aware,N007|N039,120000,False,0.05514528865279039,0.09456831994745761,10626064,110,109,392000,384000,2,617956,0.990909090909091,0.9795918367346939,0.01818181818181818,25,25,92000,92000,0,158513,1.0,1.0,0.0,85,82,345000,333000,6,555999,0.9647058823529412,0.9652173913043478,0.07058823529411765,110,107,437000,425000,6,714512,0.9727272727272728,0.9725400457665904,0.05454545454545454
calibration,3,public-hub-103-492c6e51d475,hub,64,67,56,2,balanced_band,stationary_hotspot,public,none,,0,False,0.05514528865279039,0.10906603640131915,10506064,110,109,447000,439000,1,660587,0.990909090909091,0.9821029082774049,0.00909090909090909,25,23,115000,99000,2,95375,0.92,0.8608695652173913,0.08,85,81,327000,301000,4,559659,0.9529411764705882,0.9204892966360856,0.047058823529411764,110,104,442000,400000,6,655034,0.9454545454545454,0.9049773755656109,0.05454545454545454
calibration,3,public-hub-103-492c6e51d475,hub,64,67,56,2,balanced_band,stationary_hotspot,retry,none,,0,False,0.05514528865279039,0.10906603640131915,10506064,110,109,447000,439000,2,660587,0.990909090909091,0.9821029082774049,0.01818181818181818,25,23,115000,99000,2,95375,0.92,0.8608695652173913,0.08,85,81,327000,301000,4,559659,0.9529411764705882,0.9204892966360856,0.047058823529411764,110,104,442000,400000,6,655034,0.9454545454545454,0.9049773755656109,0.05454545454545454
calibration,3,public-hub-103-492c6e51d475,hub,64,67,56,2,balanced_band,stationary_hotspot,online,none,,0,False,0.05514528865279039,0.10906603640131915,10506064,110,109,447000,439000,2,660587,0.990909090909091,0.9821029082774049,0.01818181818181818,25,23,115000,99000,2,95375,0.92,0.8608695652173913,0.08,85,81,327000,301000,4,559659,0.9529411764705882,0.9204892966360856,0.047058823529411764,110,104,442000,400000,6,655034,0.9454545454545454,0.9049773755656109,0.05454545454545454
calibration,3,public-hub-103-492c6e51d475,hub,64,67,56,2,balanced_band,stationary_hotspot,oracle,none,,0,False,0.05514528865279039,0.10906603640131915,10506064,110,109,447000,439000,0,660587,0.990909090909091,0.9821029082774049,0.0,25,23,115000,99000,0,95375,0.92,0.8608695652173913,0.0,85,81,327000,301000,0,559659,0.9529411764705882,0.9204892966360856,0.0,110,104,442000,400000,0,655034,0.9454545454545454,0.9049773755656109,0.0
calibration,3,public-hub-103-492c6e51d475,hub,64,67,56,2,balanced_band,stationary_hotspot,online,random,N001|N023,120000,False,0.05514528865279039,0.10791277861604465,10626064,110,109,447000,439000,2,660587,0.990909090909091,0.9821029082774049,0.01818181818181818,25,23,115000,99000,2,95375,0.92,0.8608695652173913,0.08,85,82,327000,306000,4,561159,0.9647058823529412,0.9357798165137615,0.047058823529411764,110,105,442000,405000,6,656534,0.9545454545454546,0.916289592760181,0.05454545454545454
calibration,3,public-hub-103-492c6e51d475,hub,64,67,56,2,balanced_band,stationary_hotspot,online,failure_aware,N007|N039,120000,False,0.05514528865279039,0.1078343550969191,10626064,110,109,447000,439000,2,660587,0.990909090909091,0.9821029082774049,0.01818181818181818,25,23,115000,99000,2,88735,0.92,0.8608695652173913,0.08,85,81,327000,301000,4,529179,0.9529411764705882,0.9204892966360856,0.047058823529411764,110,104,442000,400000,6,617914,0.9454545454545454,0.9049773755656109,0.05454545454545454
calibration,3,public-hub-103-492c6e51d475,hub,64,67,56,2,balanced_band,shifted_hotspot,public,none,,0,False,0.05514528865279039,0.08952538814285017,10506064,110,109,447000,439000,1,660587,0.990909090909091,0.9821029082774049,0.00909090909090909,25,22,115000,91000,3,97347,0.88,0.7913043478260869,0.12,85,73,327000,250000,12,530830,0.8588235294117647,0.764525993883792,0.1411764705882353,110,95,442000,341000,15,628177,0.8636363636363636,0.7714932126696833,0.13636363636363635
calibration,3,public-hub-103-492c6e51d475,hub,64,67,56,2,balanced_band,shifted_hotspot,retry,none,,0,False,0.05514528865279039,0.08952538814285017,10506064,110,109,447000,439000,2,660587,0.990909090909091,0.9821029082774049,0.01818181818181818,25,22,115000,91000,3,97347,0.88,0.7913043478260869,0.12,85,73,327000,250000,12,530830,0.8588235294117647,0.764525993883792,0.1411764705882353,110,95,442000,341000,15,628177,0.8636363636363636,0.7714932126696833,0.13636363636363635
calibration,3,public-hub-103-492c6e51d475,hub,64,67,56,2,balanced_band,shifted_hotspot,online,none,,0,False,0.05514528865279039,0.08952538814285017,10506064,110,109,447000,439000,2,660587,0.990909090909091,0.9821029082774049,0.01818181818181818,25,22,115000,91000,3,97347,0.88,0.7913043478260869,0.12,85,73,327000,250000,12,530830,0.8588235294117647,0.764525993883792,0.1411764705882353,110,95,442000,341000,15,628177,0.8636363636363636,0.7714932126696833,0.13636363636363635
calibration,3,public-hub-103-492c6e51d475,hub,64,67,56,2,balanced_band,shifted_hotspot,oracle,none,,0,False,0.05514528865279039,0.08952538814285017,10506064,110,109,447000,439000,0,660587,0.990909090909091,0.9821029082774049,0.0,25,22,115000,91000,0,97347,0.88,0.7913043478260869,0.0,85,73,327000,250000,0,530830,0.8588235294117647,0.764525993883792,0.0,110,95,442000,341000,0,628177,0.8636363636363636,0.7714932126696833,0.0
calibration,3,public-hub-103-492c6e51d475,hub,64,67,56,2,balanced_band,shifted_hotspot,online,random,N001|N023,120000,False,0.05514528865279039,0.0885928026395247,10626064,110,109,447000,439000,2,660587,0.990909090909091,0.9821029082774049,0.01818181818181818,25,22,115000,91000,3,97347,0.88,0.7913043478260869,0.12,85,74,327000,255000,12,532330,0.8705882352941177,0.7798165137614679,0.1411764705882353,110,96,442000,346000,15,629677,0.8727272727272727,0.7828054298642534,0.13636363636363635
calibration,3,public-hub-103-492c6e51d475,hub,64,67,56,2,balanced_band,shifted_hotspot,online,failure_aware,N007|N039,120000,False,0.05514528865279039,0.08851437912039915,10626064,110,109,447000,439000,2,660587,0.990909090909091,0.9821029082774049,0.01818181818181818,25,22,115000,91000,3,90707,0.88,0.7913043478260869,0.12,85,73,327000,250000,12,500350,0.8588235294117647,0.764525993883792,0.1411764705882353,110,95,442000,341000,15,591057,0.8636363636363636,0.7714932126696833,0.13636363636363635
calibration,3,public-hub-103-492c6e51d475,hub,64,67,56,2,uniform,diffuse,public,none,,0,False,0.3176353888545538,0.3440390316813963,10506064,110,105,392000,358000,5,582552,0.9545454545454546,0.9132653061224489,0.045454545454545456,25,22,92000,71000,3,141422,0.88,0.7717391304347826,0.12,85,77,345000,308000,8,563183,0.9058823529411765,0.8927536231884058,0.09411764705882353,110,99,437000,379000,11,704605,0.9,0.8672768878718535,0.1
calibration,3,public-hub-103-492c6e51d475,hub,64,67,56,2,uniform,diffuse,retry,none,,0,False,0.3176353888545538,0.3440390316813963,10506064,110,105,392000,358000,8,582552,0.9545454545454546,0.9132653061224489,0.07272727272727272,25,22,92000,71000,3,141422,0.88,0.7717391304347826,0.12,85,77,345000,308000,11,563183,0.9058823529411765,0.8927536231884058,0.12941176470588237,110,99,437000,379000,14,704605,0.9,0.8672768878718535,0.12727272727272726
calibration,3,public-hub-103-492c6e51d475,hub,64,67,56,2,uniform,diffuse,online,none,,0,False,0.3176353888545538,0.3440390316813963,10506064,110,105,392000,358000,8,582552,0.9545454545454546,0.9132653061224489,0.07272727272727272,25,22,92000,71000,3,141422,0.88,0.7717391304347826,0.12,85,77,345000,308000,11,563183,0.9058823529411765,0.8927536231884058,0.12941176470588237,110,99,437000,379000,14,704605,0.9,0.8672768878718535,0.12727272727272726
calibration,3,public-hub-103-492c6e51d475,hub,64,67,56,2,uniform,diffuse,oracle,none,,0,False,0.3176353888545538,0.3440390316813963,10506064,110,105,392000,358000,0,582552,0.9545454545454546,0.9132653061224489,0.0,25,22,92000,71000,0,141422,0.88,0.7717391304347826,0.0,85,77,345000,308000,0,563183,0.9058823529411765,0.8927536231884058,0.0,110,99,437000,379000,0,704605,0.9,0.8672768878718535,0.0
calibration,3,public-hub-103-492c6e51d475,hub,64,67,56,2,uniform,diffuse,online,random,N001|N023,120000,False,0.3176353888545538,0.34158757262134937,10626064,110,105,392000,358000,8,582552,0.9545454545454546,0.9132653061224489,0.07272727272727272,25,22,92000,71000,3,141422,0.88,0.7717391304347826,0.12,85,79,345000,315000,10,575893,0.9294117647058824,0.9130434782608695,0.11764705882352941,110,101,437000,386000,13,717315,0.9181818181818182,0.8832951945080092,0.11818181818181818
calibration,3,public-hub-103-492c6e51d475,hub,64,67,56,2,uniform,diffuse,online,failure_aware,N040|N044,120000,False,0.3176353888545538,0.34015380345373203,10626064,110,105,392000,358000,8,582552,0.9545454545454546,0.9132653061224489,0.07272727272727272,25,22,92000,71000,3,141422,0.88,0.7717391304347826,0.12,85,77,345000,308000,12,563183,0.9058823529411765,0.8927536231884058,0.1411764705882353,110,99,437000,379000,15,704605,0.9,0.8672768878718535,0.13636363636363635
calibration,3,public-hub-103-492c6e51d475,hub,64,67,56,2,uniform,stationary_hotspot,public,none,,0,False,0.3176353888545538,0.34963165658614365,10506064,110,103,447000,394000,7,587602,0.9363636363636364,0.8814317673378076,0.06363636363636363,25,22,115000,91000,3,87599,0.88,0.7913043478260869,0.12,85,72,327000,272000,13,473041,0.8470588235294118,0.8318042813455657,0.15294117647058825,110,94,442000,363000,16,560640,0.8545454545454545,0.8212669683257918,0.14545454545454545
calibration,3,public-hub-103-492c6e51d475,hub,64,67,56,2,uniform,stationary_hotspot,retry,none,,0,False,0.3176353888545538,0.34783639151619594,10506064,110,104,447000,402000,8,602610,0.9454545454545454,0.8993288590604027,0.07272727272727272,25,22,115000,91000,3,87599,0.88,0.7913043478260869,0.12,85,72,327000,272000,16,473041,0.8470588235294118,0.8318042813455657,0.18823529411764706,110,94,442000,363000,19,560640,0.8545454545454545,0.8212669683257918,0.17272727272727273
calibration,3,public-hub-103-492c6e51d475,hub,64,67,56,2,uniform,stationary_hotspot,online,none,,0,False,0.3176353888545538,0.34783639151619594,10506064,110,104,447000,402000,8,602610,0.9454545454545454,0.8993288590604027,0.07272727272727272,25,22,115000,91000,3,87599,0.88,0.7913043478260869,0.12,85,72,327000,272000,16,473041,0.8470588235294118,0.8318042813455657,0.18823529411764706,110,94,442000,363000,19,560640,0.8545454545454545,0.8212669683257918,0.17272727272727273
calibration,3,public-hub-103-492c6e51d475,hub,64,67,56,2,uniform,stationary_hotspot,oracle,none,,0,False,0.3176353888545538,0.34783639151619594,10506064,110,104,447000,402000,0,602610,0.9454545454545454,0.8993288590604027,0.0,25,22,115000,91000,0,87599,0.88,0.7913043478260869,0.0,85,72,327000,272000,0,473041,0.8470588235294118,0.8318042813455657,0.0,110,94,442000,363000,0,560640,0.8545454545454545,0.8212669683257918,0.0
calibration,3,public-hub-103-492c6e51d475,hub,64,67,56,2,uniform,stationary_hotspot,online,random,N001|N023,120000,False,0.3176353888545538,0.3447025993469239,10626064,110,104,447000,402000,8,602610,0.9454545454545454,0.8993288590604027,0.07272727272727272,25,22,115000,91000,3,87599,0.88,0.7913043478260869,0.12,85,74,327000,282000,15,482701,0.8705882352941177,0.8623853211009175,0.17647058823529413,110,96,442000,373000,18,570300,0.8727272727272727,0.8438914027149321,0.16363636363636364
calibration,3,public-hub-103-492c6e51d475,hub,64,67,56,2,uniform,stationary_hotspot,online,failure_aware,N040|N044,120000,False,0.3176353888545538,0.3439082797542168,10626064,110,104,447000,402000,8,602610,0.9454545454545454,0.8993288590604027,0.07272727272727272,25,22,115000,91000,4,87599,0.88,0.7913043478260869,0.16,85,72,327000,272000,16,473041,0.8470588235294118,0.8318042813455657,0.18823529411764706,110,94,442000,363000,20,560640,0.8545454545454545,0.8212669683257918,0.18181818181818182
calibration,3,public-hub-103-492c6e51d475,hub,64,67,56,2,uniform,shifted_hotspot,public,none,,0,False,0.3176353888545538,0.32890107781802674,10506064,110,103,447000,394000,7,587602,0.9363636363636364,0.8814317673378076,0.06363636363636363,25,22,115000,91000,3,97347,0.88,0.7913043478260869,0.12,85,69,327000,238000,16,459363,0.8117647058823529,0.72782874617737,0.18823529411764706,110,91,442000,329000,19,556710,0.8272727272727273,0.744343891402715,0.17272727272727273
calibration,3,public-hub-103-492c6e51d475,hub,64,67,56,2,uniform,shifted_hotspot,retry,none,,0,False,0.3176353888545538,0.327105812748079,10506064,110,104,447000,402000,8,602610,0.9454545454545454,0.8993288590604027,0.07272727272727272,25,22,115000,91000,3,97347,0.88,0.7913043478260869,0.12,85,69,327000,238000,19,459363,0.8117647058823529,0.72782874617737,0.2235294117647059,110,91,442000,329000,22,556710,0.8272727272727273,0.744343891402715,0.2
calibration,3,public-hub-103-492c6e51d475,hub,64,67,56,2,uniform,shifted_hotspot,online,none,,0,False,0.3176353888545538,0.327105812748079,10506064,110,104,447000,402000,8,602610,0.9454545454545454,0.8993288590604027,0.07272727272727272,25,22,115000,91000,3,97347,0.88,0.7913043478260869,0.12,85,69,327000,238000,19,459363,0.8117647058823529,0.72782874617737,0.2235294117647059,110,91,442000,329000,22,556710,0.8272727272727273,0.744343891402715,0.2
calibration,3,public-hub-103-492c6e51d475,hub,64,67,56,2,uniform,shifted_hotspot,oracle,none,,0,False,0.3176353888545538,0.327105812748079,10506064,110,104,447000,402000,0,602610,0.9454545454545454,0.8993288590604027,0.0,25,22,115000,91000,0,97347,0.88,0.7913043478260869,0.0,85,69,327000,238000,0,459363,0.8117647058823529,0.72782874617737,0.0,110,91,442000,329000,0,556710,0.8272727272727273,0.744343891402715,0.0
calibration,3,public-hub-103-492c6e51d475,hub,64,67,56,2,uniform,shifted_hotspot,online,random,N001|N023,120000,False,0.3176353888545538,0.3242061307302397,10626064,110,104,447000,402000,8,602610,0.9454545454545454,0.8993288590604027,0.07272727272727272,25,22,115000,91000,3,97347,0.88,0.7913043478260869,0.12,85,71,327000,248000,18,469023,0.8352941176470589,0.7584097859327217,0.21176470588235294,110,93,442000,339000,21,566370,0.8454545454545455,0.7669683257918553,0.19090909090909092
calibration,3,public-hub-103-492c6e51d475,hub,64,67,56,2,uniform,shifted_hotspot,online,failure_aware,N040|N044,120000,False,0.3176353888545538,0.3234118111375326,10626064,110,104,447000,402000,8,602610,0.9454545454545454,0.8993288590604027,0.07272727272727272,25,22,115000,91000,4,97347,0.88,0.7913043478260869,0.16,85,69,327000,238000,19,459363,0.8117647058823529,0.72782874617737,0.2235294117647059,110,91,442000,329000,23,556710,0.8272727272727273,0.744343891402715,0.20909090909090908
calibration,3,public-hub-103-492c6e51d475,hub,64,67,56,2,polarized,diffuse,public,none,,0,False,0.719437134737682,0.6828101482868214,10506064,110,89,392000,258000,21,492203,0.8090909090909091,0.6581632653061225,0.19090909090909092,25,17,92000,43000,8,119036,0.68,0.4673913043478261,0.32,85,66,345000,243000,19,496315,0.7764705882352941,0.7043478260869566,0.2235294117647059,110,83,437000,286000,27,615351,0.7545454545454545,0.6544622425629291,0.24545454545454545
calibration,3,public-hub-103-492c6e51d475,hub,64,67,56,2,polarized,diffuse,retry,none,,0,False,0.719437134737682,0.6886692810423073,10506064,110,90,392000,260000,24,494021,0.8181818181818182,0.6632653061224489,0.21818181818181817,25,17,92000,43000,10,119036,0.68,0.4673913043478261,0.4,85,69,345000,261000,25,518991,0.8117647058823529,0.7565217391304347,0.29411764705882354,110,86,437000,304000,35,638027,0.7818181818181819,0.6956521739130435,0.3181818181818182
calibration,3,public-hub-103-492c6e51d475,hub,64,67,56,2,polarized,diffuse,online,none,,0,False,0.719437134737682,0.6886692810423073,10506064,110,90,392000,260000,24,494021,0.8181818181818182,0.6632653061224489,0.21818181818181817,25,17,92000,43000,10,119036,0.68,0.4673913043478261,0.4,85,69,345000,261000,25,518991,0.8117647058823529,0.7565217391304347,0.29411764705882354,110,86,437000,304000,35,638027,0.7818181818181819,0.6956521739130435,0.3181818181818182
calibration,3,public-hub-103-492c6e51d475,hub,64,67,56,2,polarized,diffuse,oracle,none,,0,False,0.719437134737682,0.6854353099281366,10506064,110,90,392000,260000,0,494021,0.8181818181818182,0.6632653061224489,0.0,25,17,92000,43000,0,119036,0.68,0.4673913043478261,0.0,85,70,345000,266000,0,536031,0.8235294117647058,0.7710144927536232,0.0,110,87,437000,309000,0,655067,0.7909090909090909,0.7070938215102975,0.0
calibration,3,public-hub-103-492c6e51d475,hub,64,67,56,2,polarized,diffuse,online,random,N001|N023,120000,False,0.719437134737682,0.6787372521220498,10626064,110,90,392000,260000,24,494021,0.8181818181818182,0.6632653061224489,0.21818181818181817,25,18,92000,48000,10,132661,0.72,0.5217391304347826,0.4,85,70,345000,266000,23,527151,0.8235294117647058,0.7710144927536232,0.27058823529411763,110,88,437000,314000,33,659812,0.8,0.7185354691075515,0.3
calibration,3,public-hub-103-492c6e51d475,hub,64,67,56,2,polarized,diffuse,online,failure_aware,N056|N062,120000,False,0.719437134737682,0.6808921479735551,10626064,110,90,392000,260000,24,494021,0.8181818181818182,0.6632653061224489,0.21818181818181817,25,17,92000,43000,10,119036,0.68,0.4673913043478261,0.4,85,69,345000,261000,25,518991,0.8117647058823529,0.7565217391304347,0.29411764705882354,110,86,437000,304000,35,638027,0.7818181818181819,0.6956521739130435,0.3181818181818182
calibration,3,public-hub-103-492c6e51d475,hub,64,67,56,2,polarized,stationary_hotspot,public,none,,0,False,0.719437134737682,0.6712513985794013,10506064,110,93,447000,338000,17,543172,0.8454545454545455,0.756152125279642,0.15454545454545454,25,17,115000,70000,8,71052,0.68,0.6086956521739131,0.32,85,57,327000,196000,28,411461,0.6705882352941176,0.599388379204893,0.32941176470588235,110,74,442000,266000,36,482513,0.6727272727272727,0.6018099547511312,0.32727272727272727
calibration,3,public-hub-103-492c6e51d475,hub,64,67,56,2,polarized,stationary_hotspot,retry,none,,0,False,0.719437134737682,0.6718783491312855,10506064,110,94,447000,346000,18,558180,0.8545454545454545,0.7740492170022372,0.16363636363636364,25,18,115000,78000,8,86996,0.72,0.6782608695652174,0.32,85,58,327000,201000,34,425521,0.6823529411764706,0.6146788990825688,0.4,110,76,442000,279000,42,512517,0.6909090909090909,0.6312217194570136,0.38181818181818183
calibration,3,public-hub-103-492c6e51d475,hub,64,67,56,2,polarized,stationary_hotspot,online,none,,0,False,0.719437134737682,0.6718783491312855,10506064,110,94,447000,346000,18,558180,0.8545454545454545,0.7740492170022372,0.16363636363636364,25,18,115000,78000,8,86996,0.72,0.6782608695652174,0.32,85,58,327000,201000,34,425521,0.6823529411764706,0.6146788990825688,0.4,110,76,442000,279000,42,512517,0.6909090909090909,0.6312217194570136,0.38181818181818183
calibration,3,public-hub-103-492c6e51d475,hub,64,67,56,2,polarized,stationary_hotspot,oracle,none,,0,False,0.719437134737682,0.6718783491312855,10506064,110,94,447000,346000,0,558180,0.8545454545454545,0.7740492170022372,0.0,25,18,115000,78000,0,86996,0.72,0.6782608695652174,0.0,85,58,327000,201000,0,425521,0.6823529411764706,0.6146788990825688,0.0,110,76,442000,279000,0,512517,0.6909090909090909,0.6312217194570136,0.0
calibration,3,public-hub-103-492c6e51d475,hub,64,67,56,2,polarized,stationary_hotspot,online,random,N001|N023,120000,False,0.719437134737682,0.665042422902556,10626064,110,94,447000,346000,18,558180,0.8545454545454545,0.7740492170022372,0.16363636363636364,25,18,115000,78000,8,86996,0.72,0.6782608695652174,0.32,85,61,327000,212000,33,437706,0.7176470588235294,0.6483180428134556,0.38823529411764707,110,79,442000,290000,41,524702,0.7181818181818181,0.6561085972850679,0.37272727272727274
calibration,3,public-hub-103-492c6e51d475,hub,64,67,56,2,polarized,stationary_hotspot,online,failure_aware,N056|N060,120000,True,0.719437134737682,0.6754332566268137,10626064,110,94,447000,346000,18,558180,0.8545454545454545,0.7740492170022372,0.16363636363636364,25,22,115000,91000,5,88735,0.88,0.7913043478260869,0.2,85,70,327000,247000,29,445631,0.8235294117647058,0.7553516819571865,0.3411764705882353,110,92,442000,338000,34,534366,0.8363636363636363,0.7647058823529411,0.3090909090909091
calibration,3,public-hub-103-492c6e51d475,hub,64,67,56,2,polarized,shifted_hotspot,public,none,,0,False,0.719437134737682,0.671811378227852,10506064,110,93,447000,338000,17,543172,0.8454545454545455,0.756152125279642,0.15454545454545454,25,19,115000,67000,6,75499,0.76,0.5826086956521739,0.24,85,60,327000,194000,25,414955,0.7058823529411765,0.5932721712538226,0.29411764705882354,110,79,442000,261000,31,490454,0.7181818181818181,0.5904977375565611,0.2818181818181818
calibration,3,public-hub-103-492c6e51d475,hub,64,67,56,2,polarized,shifted_hotspot,retry,none,,0,False,0.719437134737682,0.6722271496564605,10506064,110,94,447000,346000,18,558180,0.8545454545454545,0.7740492170022372,0.16363636363636364,25,20,115000,75000,6,91443,0.8,0.6521739130434783,0.24,85,62,327000,200000,30,430826,0.7294117647058823,0.6116207951070336,0.35294117647058826,110,82,442000,275000,36,522269,0.7454545454545455,0.6221719457013575,0.32727272727272727
calibration,3,public-hub-103-492c6e51d475,hub,64,67,56,2,polarized,shifted_hotspot,online,none,,0,False,0.719437134737682,0.6722271496564605,10506064,110,94,447000,346000,18,558180,0.8545454545454545,0.7740492170022372,0.16363636363636364,25,20,115000,75000,6,91443,0.8,0.6521739130434783,0.24,85,62,327000,200000,30,430826,0.7294117647058823,0.6116207951070336,0.35294117647058826,110,82,442000,275000,36,522269,0.7454545454545455,0.6221719457013575,0.32727272727272727
calibration,3,public-hub-103-492c6e51d475,hub,64,67,56,2,polarized,shifted_hotspot,oracle,none,,0,False,0.719437134737682,0.6722271496564605,10506064,110,94,447000,346000,0,558180,0.8545454545454545,0.7740492170022372,0.0,25,20,115000,75000,0,91443,0.8,0.6521739130434783,0.0,85,62,327000,200000,0,430826,0.7294117647058823,0.6116207951070336,0.0,110,82,442000,275000,0,522269,0.7454545454545455,0.6221719457013575,0.0
calibration,3,public-hub-103-492c6e51d475,hub,64,67,56,2,polarized,shifted_hotspot,online,random,N001|N023,120000,False,0.719437134737682,0.6653872844280202,10626064,110,94,447000,346000,18,558180,0.8545454545454545,0.7740492170022372,0.16363636363636364,25,20,115000,75000,6,91443,0.8,0.6521739130434783,0.24,85,65,327000,211000,29,443011,0.7647058823529411,0.6452599388379205,0.3411764705882353,110,85,442000,286000,35,534454,0.7727272727272727,0.6470588235294118,0.3181818181818182
calibration,3,public-hub-103-492c6e51d475,hub,64,67,56,2,polarized,shifted_hotspot,online,failure_aware,N056|N060,120000,False,0.719437134737682,0.6646356973596574,10626064,110,94,447000,346000,18,558180,0.8545454545454545,0.7740492170022372,0.16363636363636364,25,20,115000,75000,6,91443,0.8,0.6521739130434783,0.24,85,62,327000,200000,31,430826,0.7294117647058823,0.6116207951070336,0.36470588235294116,110,82,442000,275000,37,522269,0.7454545454545455,0.6221719457013575,0.33636363636363636
sealed_holdout,4,public-random-104-7ad33e073229,random,64,206,7,0,balanced_band,diffuse,public,none,,0,False,0.053890748689559634,0.06198682400670632,29392717,110,108,440000,424000,2,48636,0.9818181818181818,0.9636363636363636,0.01818181818181818,25,25,84000,84000,0,13171,1.0,1.0,0.0,85,85,321000,321000,0,27318,1.0,1.0,0.0,110,110,405000,405000,0,40489,1.0,1.0,0.0
sealed_holdout,4,public-random-104-7ad33e073229,random,64,206,7,0,balanced_band,diffuse,retry,none,,0,False,0.053890748689559634,0.06327805454249869,29392717,110,110,440000,440000,3,54908,1.0,1.0,0.02727272727272727,25,25,84000,84000,0,13171,1.0,1.0,0.0,85,85,321000,321000,0,27318,1.0,1.0,0.0,110,110,405000,405000,0,40489,1.0,1.0,0.0
sealed_holdout,4,public-random-104-7ad33e073229,random,64,206,7,0,balanced_band,diffuse,online,none,,0,False,0.053890748689559634,0.06784697976675538,29392717,110,110,440000,440000,4,57913,1.0,1.0,0.03636363636363636,25,25,84000,84000,0,13844,1.0,1.0,0.0,85,85,321000,321000,2,31088,1.0,1.0,0.023529411764705882,110,110,405000,405000,2,44932,1.0,1.0,0.01818181818181818
sealed_holdout,4,public-random-104-7ad33e073229,random,64,206,7,0,balanced_band,diffuse,oracle,none,,0,False,0.053890748689559634,0.06327805454249869,29392717,110,110,440000,440000,0,54908,1.0,1.0,0.0,25,25,84000,84000,0,13171,1.0,1.0,0.0,85,85,321000,321000,0,27318,1.0,1.0,0.0,110,110,405000,405000,0,40489,1.0,1.0,0.0
sealed_holdout,4,public-random-104-7ad33e073229,random,64,206,7,0,balanced_band,diffuse,online,random,N013|N052,120000,False,0.053890748689559634,0.06675097305612812,29512717,110,110,440000,440000,4,57913,1.0,1.0,0.03636363636363636,25,25,84000,84000,0,16196,1.0,1.0,0.0,85,85,321000,321000,0,32594,1.0,1.0,0.0,110,110,405000,405000,0,48790,1.0,1.0,0.0
sealed_holdout,4,public-random-104-7ad33e073229,random,64,206,7,0,balanced_band,diffuse,online,failure_aware,N013|N052,120000,False,0.053890748689559634,0.06675097305612812,29512717,110,110,440000,440000,4,57913,1.0,1.0,0.03636363636363636,25,25,84000,84000,0,16196,1.0,1.0,0.0,85,85,321000,321000,0,32594,1.0,1.0,0.0,110,110,405000,405000,0,48790,1.0,1.0,0.0
sealed_holdout,4,public-random-104-7ad33e073229,random,64,206,7,0,balanced_band,stationary_hotspot,public,none,,0,False,0.053890748689559634,0.06582530412969101,29392717,110,82,452000,330000,28,34156,0.7454545454545455,0.7300884955752213,0.2545454545454545,25,20,105000,87000,5,2897,0.8,0.8285714285714286,0.2,85,44,335000,160000,41,25600,0.5176470588235295,0.47761194029850745,0.4823529411764706,110,64,440000,247000,46,28497,0.5818181818181818,0.5613636363636364,0.41818181818181815
sealed_holdout,4,public-random-104-7ad33e073229,random,64,206,7,0,balanced_band,stationary_hotspot,retry,none,,0,False,0.053890748689559634,0.06769239397620722,29392717,110,98,452000,397000,56,61216,0.8909090909090909,0.8783185840707964,0.509090909090909,25,24,105000,100000,8,6696,0.96,0.9523809523809523,0.32,85,67,335000,228000,85,46759,0.788235294117647,0.6805970149253732,1.0,110,91,440000,328000,93,53455,0.8272727272727273,0.7454545454545455,0.8454545454545455
sealed_holdout,4,public-random-104-7ad33e073229,random,64,206,7,0,balanced_band,stationary_hotspot,online,none,,0,False,0.053890748689559634,0.07254820216062283,29392717,110,103,452000,405000,41,72225,0.9363636363636364,0.8960176991150443,0.37272727272727274,25,24,105000,100000,5,7311,0.96,0.9523809523809523,0.2,85,71,335000,238000,52,59823,0.8352941176470589,0.7104477611940299,0.611764705882353,110,95,440000,338000,57,67134,0.8636363636363636,0.7681818181818182,0.5181818181818182
sealed_holdout,4,public-random-104-7ad33e073229,random,64,206,7,0,balanced_band,stationary_hotspot,oracle,none,,0,False,0.053890748689559634,0.07503173181952844,29392717,110,109,452000,444000,0,149380,0.990909090909091,0.9823008849557522,0.0,25,25,105000,105000,0,31396,1.0,1.0,0.0,85,74,335000,253000,0,108761,0.8705882352941177,0.755223880597015,0.0,110,99,440000,358000,0,140157,0.9,0.8136363636363636,0.0
sealed_holdout,4,public-random-104-7ad33e073229,random,64,206,7,0,balanced_band,stationary_hotspot,online,random,N013|N052,120000,False,0.053890748689559634,0.0792021893879781,29512717,110,103,452000,405000,41,72225,0.9363636363636364,0.8960176991150443,0.37272727272727274,25,25,105000,105000,2,7075,1.0,1.0,0.08,85,73,335000,251000,44,41724,0.8588235294117647,0.7492537313432835,0.5176470588235295,110,98,440000,356000,46,48799,0.8909090909090909,0.8090909090909091,0.41818181818181815
sealed_holdout,4,public-random-104-7ad33e073229,random,64,206,7,0,balanced_band,stationary_hotspot,online,failure_aware,N036|N037,120000,True,0.053890748689559634,0.07957882535948474,29512717,110,103,452000,405000,41,72225,0.9363636363636364,0.8960176991150443,0.37272727272727274,25,25,105000,105000,2,7075,1.0,1.0,0.08,85,77,335000,274000,37,49124,0.9058823529411765,0.817910447761194,0.43529411764705883,110,102,440000,379000,39,56199,0.9272727272727272,0.8613636363636363,0.35454545454545455
sealed_holdout,4,public-random-104-7ad33e073229,random,64,206,7,0,balanced_band,shifted_hotspot,public,none,,0,False,0.053890748689559634,0.06836083200815994,29392717,110,82,452000,330000,28,34156,0.7454545454545455,0.7300884955752213,0.2545454545454545,25,24,105000,100000,1,3959,0.96,0.9523809523809523,0.04,85,50,335000,184000,35,25798,0.5882352941176471,0.5492537313432836,0.4117647058823529,110,74,440000,284000,36,29757,0.6727272727272727,0.6454545454545455,0.32727272727272727
sealed_holdout,4,public-random-104-7ad33e073229,random,64,206,7,0,balanced_band,shifted_hotspot,retry,none,,0,False,0.053890748689559634,0.07489337865184308,29392717,110,98,452000,397000,56,61216,0.8909090909090909,0.8783185840707964,0.509090909090909,25,25,105000,105000,1,4964,1.0,1.0,0.04,85,73,335000,245000,67,44865,0.8588235294117647,0.7313432835820896,0.788235294117647,110,98,440000,350000,68,49829,0.8909090909090909,0.7954545454545454,0.6181818181818182
sealed_holdout,4,public-random-104-7ad33e073229,random,64,206,7,0,balanced_band,shifted_hotspot,online,none,,0,False,0.053890748689559634,0.08423390347713933,29392717,110,103,452000,405000,41,72225,0.9363636363636364,0.8960176991150443,0.37272727272727274,25,25,105000,105000,1,5470,1.0,1.0,0.04,85,79,335000,287000,38,62707,0.9294117647058824,0.8567164179104477,0.4470588235294118,110,104,440000,392000,39,68177,0.9454545454545454,0.8909090909090909,0.35454545454545455
sealed_holdout,4,public-random-104-7ad33e073229,random,64,206,7,0,balanced_band,shifted_hotspot,oracle,none,,0,False,0.053890748689559634,0.0885404638580364,29392717,110,109,452000,444000,0,149380,0.990909090909091,0.9823008849557522,0.0,25,25,105000,105000,0,12164,1.0,1.0,0.0,85,84,335000,327000,0,72113,0.9882352941176471,0.9761194029850746,0.0,110,109,440000,432000,0,84277,0.990909090909091,0.9818181818181818,0.0
sealed_holdout,4,public-random-104-7ad33e073229,random,64,206,7,0,balanced_band,shifted_hotspot,online,random,N013|N052,120000,False,0.053890748689559634,0.08165843646195554,29512717,110,103,452000,405000,41,72225,0.9363636363636364,0.8960176991150443,0.37272727272727274,25,25,105000,105000,1,6418,1.0,1.0,0.04,85,79,335000,302000,29,52070,0.9294117647058824,0.9014925373134328,0.3411764705882353,110,104,440000,407000,30,58488,0.9454545454545454,0.925,0.2727272727272727
sealed_holdout,4,public-random-104-7ad33e073229,random,64,206,7,0,balanced_band,shifted_hotspot,online,failure_aware,N036|N037,120000,False,0.053890748689559634,0.08165843646195554,29512717,110,103,452000,405000,41,72225,0.9363636363636364,0.8960176991150443,0.37272727272727274,25,25,105000,105000,1,6418,1.0,1.0,0.04,85,79,335000,302000,29,52070,0.9294117647058824,0.9014925373134328,0.3411764705882353,110,104,440000,407000,30,58488,0.9454545454545454,0.925,0.2727272727272727
sealed_holdout,4,public-random-104-7ad33e073229,random,64,206,7,0,uniform,diffuse,public,none,,0,False,0.31041231082312776,0.30713064445203375,29392717,110,103,440000,387000,7,46299,0.9363636363636364,0.8795454545454545,0.06363636363636363,25,25,84000,84000,0,13171,1.0,1.0,0.0,85,82,321000,306000,3,24195,0.9647058823529412,0.9532710280373832,0.03529411764705882,110,107,405000,390000,3,37366,0.9727272727272728,0.9629629629629629,0.02727272727272727
sealed_holdout,4,public-random-104-7ad33e073229,random,64,206,7,0,uniform,diffuse,retry,none,,0,False,0.31041231082312776,0.3080520789679297,29392717,110,110,440000,440000,9,63686,1.0,1.0,0.08181818181818182,25,25,84000,84000,0,13171,1.0,1.0,0.0,85,84,321000,313000,5,28143,0.9882352941176471,0.9750778816199377,0.058823529411764705,110,109,405000,397000,5,41314,0.990909090909091,0.980246913580247,0.045454545454545456
sealed_holdout,4,public-random-104-7ad33e073229,random,64,206,7,0,uniform,diffuse,online,none,,0,False,0.31041231082312776,0.3065569737790055,29392717,110,110,440000,440000,13,65895,1.0,1.0,0.11818181818181818,25,25,84000,84000,0,13554,1.0,1.0,0.0,85,84,321000,313000,5,33088,0.9882352941176471,0.9750778816199377,0.058823529411764705,110,109,405000,397000,5,46642,0.990909090909091,0.980246913580247,0.045454545454545456
sealed_holdout,4,public-random-104-7ad33e073229,random,64,206,7,0,uniform,diffuse,oracle,none,,0,False,0.31041231082312776,0.3080520789679297,29392717,110,110,440000,440000,0,63686,1.0,1.0,0.0,25,25,84000,84000,0,13171,1.0,1.0,0.0,85,84,321000,313000,0,28143,0.9882352941176471,0.9750778816199377,0.0,110,109,405000,397000,0,41314,0.990909090909091,0.980246913580247,0.0
sealed_holdout,4,public-random-104-7ad33e073229,random,64,206,7,0,uniform,diffuse,online,random,N013|N052,120000,False,0.31041231082312776,0.30389758235380254,29512717,110,110,440000,440000,13,65895,1.0,1.0,0.11818181818181818,25,25,84000,84000,0,16106,1.0,1.0,0.0,85,84,321000,313000,4,31462,0.9882352941176471,0.9750778816199377,0.047058823529411764,110,109,405000,397000,4,47568,0.990909090909091,0.980246913580247,0.03636363636363636
sealed_holdout,4,public-random-104-7ad33e073229,random,64,206,7,0,uniform,diffuse,online,failure_aware,N013|N052,120000,False,0.31041231082312776,0.30389758235380254,29512717,110,110,440000,440000,13,65895,1.0,1.0,0.11818181818181818,25,25,84000,84000,0,16106,1.0,1.0,0.0,85,84,321000,313000,4,31462,0.9882352941176471,0.9750778816199377,0.047058823529411764,110,109,405000,397000,4,47568,0.990909090909091,0.980246913580247,0.03636363636363636
sealed_holdout,4,public-random-104-7ad33e073229,random,64,206,7,0,uniform,stationary_hotspot,public,none,,0,False,0.31041231082312776,0.3131458054592183,29392717,110,75,452000,262000,35,31563,0.6818181818181818,0.5796460176991151,0.3181818181818182,25,17,105000,69000,8,2897,0.68,0.6571428571428571,0.32,85,42,335000,150000,43,23435,0.49411764705882355,0.44776119402985076,0.5058823529411764,110,59,440000,219000,51,26332,0.5363636363636364,0.49772727272727274,0.4636363636363636
sealed_holdout,4,public-random-104-7ad33e073229,random,64,206,7,0,uniform,stationary_hotspot,retry,none,,0,False,0.31041231082312776,0.3097678630229126,29392717,110,93,452000,363000,71,58798,0.8454545454545455,0.8030973451327433,0.6454545454545455,25,23,105000,92000,12,10609,0.92,0.8761904761904762,0.48,85,70,335000,239000,80,49162,0.8235294117647058,0.7134328358208956,0.9411764705882353,110,93,440000,331000,92,59771,0.8454545454545455,0.7522727272727273,0.8363636363636363
sealed_holdout,4,public-random-104-7ad33e073229,random,64,206,7,0,uniform,stationary_hotspot,online,none,,0,False,0.31041231082312776,0.3100090641550898,29392717,110,98,452000,368000,51,66204,0.8909090909090909,0.8141592920353983,0.4636363636363636,25,23,105000,92000,10,12266,0.92,0.8761904761904762,0.4,85,74,335000,253000,46,70541,0.8705882352941177,0.755223880597015,0.5411764705882353,110,97,440000,345000,56,82807,0.8818181818181818,0.7840909090909091,0.509090909090909
sealed_holdout,4,public-random-104-7ad33e073229,random,64,206,7,0,uniform,stationary_hotspot,oracle,none,,0,False,0.31041231082312776,0.31246906507756417,29392717,110,106,452000,423000,0,169022,0.9636363636363636,0.9358407079646017,0.0,25,25,105000,105000,0,35949,1.0,1.0,0.0,85,71,335000,241000,0,51662,0.8352941176470589,0.7194029850746269,0.0,110,96,440000,346000,0,87611,0.8727272727272727,0.7863636363636364,0.0
sealed_holdout,4,public-random-104-7ad33e073229,random,64,206,7,0,uniform,stationary_hotspot,online,random,N013|N052,120000,False,0.31041231082312776,0.31199332712960903,29512717,110,98,452000,368000,51,66204,0.8909090909090909,0.8141592920353983,0.4636363636363636,25,24,105000,97000,8,10560,0.96,0.9238095238095239,0.32,85,69,335000,253000,61,43653,0.8117647058823529,0.755223880597015,0.7176470588235294,110,93,440000,350000,69,54213,0.8454545454545455,0.7954545454545454,0.6272727272727273
sealed_holdout,4,public-random-104-7ad33e073229,random,64,206,7,0,uniform,stationary_hotspot,online,failure_aware,N036|N037,120000,True,0.31041231082312776,0.31441884991335833,29512717,110,98,452000,368000,51,66204,0.8909090909090909,0.8141592920353983,0.4636363636363636,25,24,105000,97000,8,10560,0.96,0.9238095238095239,0.32,85,79,335000,294000,31,63223,0.9294117647058824,0.8776119402985074,0.36470588235294116,110,103,440000,391000,39,73783,0.9363636363636364,0.8886363636363637,0.35454545454545455
sealed_holdout,4,public-random-104-7ad33e073229,random,64,206,7,0,uniform,shifted_hotspot,public,none,,0,False,0.31041231082312776,0.3133291166033567,29392717,110,75,452000,262000,35,31563,0.6818181818181818,0.5796460176991151,0.3181818181818182,25,20,105000,77000,5,3209,0.8,0.7333333333333333,0.2,85,44,335000,149000,41,23035,0.5176470588235295,0.44477611940298506,0.4823529411764706,110,64,440000,226000,46,26244,0.5818181818181818,0.5136363636363637,0.41818181818181815
sealed_holdout,4,public-random-104-7ad33e073229,random,64,206,7,0,uniform,shifted_hotspot,retry,none,,0,False,0.31041231082312776,0.310473324605863,29392717,110,93,452000,363000,71,58798,0.8454545454545455,0.8030973451327433,0.6454545454545455,25,24,105000,97000,7,9919,0.96,0.9238095238095239,0.28,85,64,335000,198000,91,38360,0.7529411764705882,0.591044776119403,1.0705882352941176,110,88,440000,295000,98,48279,0.8,0.6704545454545454,0.8909090909090909
sealed_holdout,4,public-random-104-7ad33e073229,random,64,206,7,0,uniform,shifted_hotspot,online,none,,0,False,0.31041231082312776,0.31519870558808677,29392717,110,98,452000,368000,51,66204,0.8909090909090909,0.8141592920353983,0.4636363636363636,25,24,105000,97000,9,12585,0.96,0.9238095238095239,0.36,85,68,335000,230000,69,54852,0.8,0.6865671641791045,0.8117647058823529,110,92,440000,327000,78,67437,0.8363636363636363,0.7431818181818182,0.7090909090909091
sealed_holdout,4,public-random-104-7ad33e073229,random,64,206,7,0,uniform,shifted_hotspot,oracle,none,,0,False,0.31041231082312776,0.3143456193958684,29392717,110,106,452000,423000,0,169022,0.9636363636363636,0.9358407079646017,0.0,25,25,105000,105000,0,18049,1.0,1.0,0.0,85,78,335000,298000,0,81543,0.9176470588235294,0.8895522388059701,0.0,110,103,440000,403000,0,99592,0.9363636363636364,0.9159090909090909,0.0
sealed_holdout,4,public-random-104-7ad33e073229,random,64,206,7,0,uniform,shifted_hotspot,online,random,N013|N052,120000,False,0.31041231082312776,0.3081786695271817,29512717,110,98,452000,368000,51,66204,0.8909090909090909,0.8141592920353983,0.4636363636363636,25,24,105000,97000,7,11223,0.96,0.9238095238095239,0.28,85,71,335000,245000,58,54742,0.8352941176470589,0.7313432835820896,0.6823529411764706,110,95,440000,342000,65,65965,0.8636363636363636,0.7772727272727272,0.5909090909090909
sealed_holdout,4,public-random-104-7ad33e073229,random,64,206,7,0,uniform,shifted_hotspot,online,failure_aware,N036|N037,120000,False,0.31041231082312776,0.3081786695271817,29512717,110,98,452000,368000,51,66204,0.8909090909090909,0.8141592920353983,0.4636363636363636,25,24,105000,97000,7,11223,0.96,0.9238095238095239,0.28,85,71,335000,245000,58,54742,0.8352941176470589,0.7313432835820896,0.6823529411764706,110,95,440000,342000,65,65965,0.8636363636363636,0.7772727272727272,0.5909090909090909
sealed_holdout,4,public-random-104-7ad33e073229,random,64,206,7,0,polarized,diffuse,public,none,,0,False,0.7165890058437546,0.6922188935408788,29392717,110,85,440000,293000,25,34224,0.7727272727272727,0.6659090909090909,0.22727272727272727,25,21,84000,61000,4,11543,0.84,0.7261904761904762,0.16,85,70,321000,235000,15,17587,0.8235294117647058,0.7320872274143302,0.17647058823529413,110,91,405000,296000,19,29130,0.8272727272727273,0.7308641975308642,0.17272727272727273
sealed_holdout,4,public-random-104-7ad33e073229,random,64,206,7,0,polarized,diffuse,retry,none,,0,False,0.7165890058437546,0.6802710585036825,29392717,110,103,440000,396000,43,68965,0.9363636363636364,0.9,0.39090909090909093,25,23,84000,68000,8,18069,0.92,0.8095238095238095,0.32,85,79,321000,276000,26,32629,0.9294117647058824,0.8598130841121495,0.3058823529411765,110,102,405000,344000,34,50698,0.9272727272727272,0.8493827160493828,0.3090909090909091
sealed_holdout,4,public-random-104-7ad33e073229,random,64,206,7,0,polarized,diffuse,online,none,,0,False,0.7165890058437546,0.6732624968075284,29392717,110,104,440000,404000,37,71769,0.9454545454545454,0.9181818181818182,0.33636363636363636,25,23,84000,68000,8,18924,0.92,0.8095238095238095,0.32,85,79,321000,276000,27,38574,0.9294117647058824,0.8598130841121495,0.3176470588235294,110,102,405000,344000,35,57498,0.9272727272727272,0.8493827160493828,0.3181818181818182
sealed_holdout,4,public-random-104-7ad33e073229,random,64,206,7,0,polarized,diffuse,oracle,none,,0,False,0.7165890058437546,0.6730190723327468,29392717,110,107,440000,419000,0,87043,0.9727272727272728,0.9522727272727273,0.0,25,24,84000,76000,0,26405,0.96,0.9047619047619048,0.0,85,81,321000,292000,0,54725,0.9529411764705882,0.9096573208722741,0.0,110,105,405000,368000,0,81130,0.9545454545454546,0.908641975308642,0.0
sealed_holdout,4,public-random-104-7ad33e073229,random,64,206,7,0,polarized,diffuse,online,random,N013|N052,120000,False,0.7165890058437546,0.6667386310759835,29512717,110,104,440000,404000,37,71769,0.9454545454545454,0.9181818181818182,0.33636363636363636,25,23,84000,68000,7,18353,0.92,0.8095238095238095,0.28,85,79,321000,276000,25,34620,0.9294117647058824,0.8598130841121495,0.29411764705882354,110,102,405000,344000,32,52973,0.9272727272727272,0.8493827160493828,0.2909090909090909
sealed_holdout,4,public-random-104-7ad33e073229,random,64,206,7,0,polarized,diffuse,online,failure_aware,N031|N037,120000,False,0.7165890058437546,0.6667386310759835,29512717,110,104,440000,404000,37,71769,0.9454545454545454,0.9181818181818182,0.33636363636363636,25,23,84000,68000,7,18353,0.92,0.8095238095238095,0.28,85,79,321000,276000,25,34620,0.9294117647058824,0.8598130841121495,0.29411764705882354,110,102,405000,344000,32,52973,0.9272727272727272,0.8493827160493828,0.2909090909090909
sealed_holdout,4,public-random-104-7ad33e073229,random,64,206,7,0,polarized,stationary_hotspot,public,none,,0,False,0.7165890058437546,0.7038354581991778,29392717,110,58,452000,194000,52,27546,0.5272727272727272,0.42920353982300885,0.4727272727272727,25,17,105000,66000,8,2897,0.68,0.6285714285714286,0.32,85,36,335000,117000,49,19190,0.4235294117647059,0.3492537313432836,0.5764705882352941,110,53,440000,183000,57,22087,0.4818181818181818,0.4159090909090909,0.5181818181818182
sealed_holdout,4,public-random-104-7ad33e073229,random,64,206,7,0,polarized,stationary_hotspot,retry,none,,0,False,0.7165890058437546,0.6893729482171786,29392717,110,93,452000,346000,84,58757,0.8454545454545455,0.7654867256637168,0.7636363636363637,25,21,105000,76000,17,6008,0.84,0.7238095238095238,0.68,85,65,335000,222000,95,50450,0.7647058823529411,0.6626865671641791,1.1176470588235294,110,86,440000,298000,112,56458,0.7818181818181819,0.6772727272727272,1.018181818181818
sealed_holdout,4,public-random-104-7ad33e073229,random,64,206,7,0,polarized,stationary_hotspot,online,none,,0,False,0.7165890058437546,0.6899853735049035,29392717,110,98,452000,362000,57,74482,0.8909090909090909,0.8008849557522124,0.5181818181818182,25,22,105000,81000,16,13565,0.88,0.7714285714285715,0.64,85,67,335000,225000,72,59195,0.788235294117647,0.6716417910447762,0.8470588235294118,110,89,440000,306000,88,72760,0.8090909090909091,0.6954545454545454,0.8
sealed_holdout,4,public-random-104-7ad33e073229,random,64,206,7,0,polarized,stationary_hotspot,oracle,none,,0,False,0.7165890058437546,0.6920125241465732,29392717,110,103,452000,402000,0,133862,0.9363636363636364,0.8893805309734514,0.0,25,22,105000,84000,0,17243,0.88,0.8,0.0,85,70,335000,236000,0,76414,0.8235294117647058,0.7044776119402985,0.0,110,92,440000,320000,0,93657,0.8363636363636363,0.7272727272727273,0.0
sealed_holdout,4,public-random-104-7ad33e073229,random,64,206,7,0,polarized,stationary_hotspot,online,random,N013|N052,120000,False,0.7165890058437546,0.687210808953146,29512717,110,98,452000,362000,57,74482,0.8909090909090909,0.8008849557522124,0.5181818181818182,25,22,105000,81000,13,6260,0.88,0.7714285714285715,0.52,85,70,335000,237000,56,44554,0.8235294117647058,0.7074626865671642,0.6588235294117647,110,92,440000,318000,69,50814,0.8363636363636363,0.7227272727272728,0.6272727272727273
sealed_holdout,4,public-random-104-7ad33e073229,random,64,206,7,0,polarized,stationary_hotspot,online,failure_aware,N036|N037,120000,True,0.7165890058437546,0.6881560303265266,29512717,110,98,452000,362000,57,74482,0.8909090909090909,0.8008849557522124,0.5181818181818182,25,22,105000,81000,13,6260,0.88,0.7714285714285715,0.52,85,76,335000,266000,40,54840,0.8941176470588236,0.7940298507462686,0.47058823529411764,110,98,440000,347000,53,61100,0.8909090909090909,0.7886363636363637,0.4818181818181818
sealed_holdout,4,public-random-104-7ad33e073229,random,64,206,7,0,polarized,shifted_hotspot,public,none,,0,False,0.7165890058437546,0.7035042189188193,29392717,110,58,452000,194000,52,27546,0.5272727272727272,0.42920353982300885,0.4727272727272727,25,17,105000,62000,8,2899,0.68,0.5904761904761905,0.32,85,38,335000,122000,47,19482,0.4470588235294118,0.3641791044776119,0.5529411764705883,110,55,440000,184000,55,22381,0.5,0.41818181818181815,0.5
sealed_holdout,4,public-random-104-7ad33e073229,random,64,206,7,0,polarized,shifted_hotspot,retry,none,,0,False,0.7165890058437546,0.6891063854921585,29392717,110,93,452000,346000,84,58757,0.8454545454545455,0.7654867256637168,0.7636363636363637,25,19,105000,66000,20,4001,0.76,0.6285714285714286,0.8,85,60,335000,180000,104,41132,0.7058823529411765,0.5373134328358209,1.223529411764706,110,79,440000,246000,124,45133,0.7181818181818181,0.5590909090909091,1.1272727272727272
sealed_holdout,4,public-random-104-7ad33e073229,random,64,206,7,0,polarized,shifted_hotspot,online,none,,0,False,0.7165890058437546,0.6856046493168397,29392717,110,98,452000,362000,57,74482,0.8909090909090909,0.8008849557522124,0.5181818181818182,25,19,105000,66000,22,5926,0.76,0.6285714285714286,0.88,85,56,335000,179000,100,48336,0.6588235294117647,0.5343283582089552,1.1764705882352942,110,75,440000,245000,122,54262,0.6818181818181818,0.5568181818181818,1.1090909090909091
sealed_holdout,4,public-random-104-7ad33e073229,random,64,206,7,0,polarized,shifted_hotspot,oracle,none,,0,False,0.7165890058437546,0.6824040200192147,29392717,110,103,452000,402000,0,133862,0.9363636363636364,0.8893805309734514,0.0,25,22,105000,84000,0,19149,0.88,0.8,0.0,85,76,335000,278000,0,93853,0.8941176470588236,0.8298507462686567,0.0,110,98,440000,362000,0,113002,0.8909090909090909,0.8227272727272728,0.0
sealed_holdout,4,public-random-104-7ad33e073229,random,64,206,7,0,polarized,shifted_hotspot,online,random,N013|N052,120000,False,0.7165890058437546,0.6821723816220617,29512717,110,98,452000,362000,57,74482,0.8909090909090909,0.8008849557522124,0.5181818181818182,25,21,105000,76000,16,7415,0.84,0.7238095238095238,0.64,85,66,335000,219000,71,48162,0.7764705882352941,0.6537313432835821,0.8352941176470589,110,87,440000,295000,87,55577,0.7909090909090909,0.6704545454545454,0.7909090909090909
sealed_holdout,4,public-random-104-7ad33e073229,random,64,206,7,0,polarized,shifted_hotspot,online,failure_aware,N036|N037,120000,False,0.7165890058437546,0.6821723816220617,29512717,110,98,452000,362000,57,74482,0.8909090909090909,0.8008849557522124,0.5181818181818182,25,21,105000,76000,16,7415,0.84,0.7238095238095238,0.64,85,66,335000,219000,71,48162,0.7764705882352941,0.6537313432835821,0.8352941176470589,110,87,440000,295000,87,55577,0.7909090909090909,0.6704545454545454,0.7909090909090909
sealed_holdout,4,public-random-104-7ad33e073229,random,64,206,7,1,balanced_band,diffuse,public,none,,0,False,0.05363662182095539,0.06774954210607013,29392717,110,106,525000,500000,4,65757,0.9636363636363636,0.9523809523809523,0.03636363636363636,25,25,93000,93000,0,21803,1.0,1.0,0.0,85,80,307000,270000,5,39344,0.9411764705882353,0.8794788273615635,0.058823529411764705,110,105,400000,363000,5,61147,0.9545454545454546,0.9075,0.045454545454545456
sealed_holdout,4,public-random-104-7ad33e073229,random,64,206,7,1,balanced_band,diffuse,retry,none,,0,False,0.05363662182095539,0.06687747373171751,29392717,110,108,525000,509000,9,72357,0.9818181818181818,0.9695238095238096,0.08181818181818182,25,25,93000,93000,0,21803,1.0,1.0,0.0,85,82,307000,283000,9,42041,0.9647058823529412,0.9218241042345277,0.10588235294117647,110,107,400000,376000,9,63844,0.9727272727272728,0.94,0.08181818181818182
sealed_holdout,4,public-random-104-7ad33e073229,random,64,206,7,1,balanced_band,diffuse,online,none,,0,False,0.05363662182095539,0.07116980222979052,29392717,110,108,525000,509000,9,72399,0.9818181818181818,0.9695238095238096,0.08181818181818182,25,25,93000,93000,0,22949,1.0,1.0,0.0,85,82,307000,283000,11,46301,0.9647058823529412,0.9218241042345277,0.12941176470588237,110,107,400000,376000,11,69250,0.9727272727272728,0.94,0.1
sealed_holdout,4,public-random-104-7ad33e073229,random,64,206,7,1,balanced_band,diffuse,oracle,none,,0,False,0.05363662182095539,0.06721321917919958,29392717,110,108,525000,509000,0,72357,0.9818181818181818,0.9695238095238096,0.0,25,25,93000,93000,0,21803,1.0,1.0,0.0,85,83,307000,291000,0,50833,0.9764705882352941,0.9478827361563518,0.0,110,108,400000,384000,0,72636,0.9818181818181818,0.96,0.0
sealed_holdout,4,public-random-104-7ad33e073229,random,64,206,7,1,balanced_band,diffuse,online,random,N002|N022,120000,False,0.05363662182095539,0.07252630627787535,29512717,110,108,525000,509000,9,72399,0.9818181818181818,0.9695238095238096,0.08181818181818182,25,25,93000,93000,0,17722,1.0,1.0,0.0,85,82,307000,283000,15,37675,0.9647058823529412,0.9218241042345277,0.17647058823529413,110,107,400000,376000,15,55397,0.9727272727272728,0.94,0.13636363636363635
sealed_holdout,4,public-random-104-7ad33e073229,random,64,206,7,1,balanced_band,diffuse,online,failure_aware,N008|N036,120000,False,0.05363662182095539,0.07254468277042474,29512717,110,108,525000,509000,9,72399,0.9818181818181818,0.9695238095238096,0.08181818181818182,25,25,93000,93000,0,17722,1.0,1.0,0.0,85,84,307000,299000,13,41275,0.9882352941176471,0.9739413680781759,0.15294117647058825,110,109,400000,392000,13,58997,0.990909090909091,0.98,0.11818181818181818
sealed_holdout,4,public-random-104-7ad33e073229,random,64,206,7,1,balanced_band,stationary_hotspot,public,none,,0,False,0.05363662182095539,0.06919001291494968,29392717,110,80,450000,327000,30,53942,0.7272727272727273,0.7266666666666667,0.2727272727272727,25,16,106000,64000,9,6343,0.64,0.6037735849056604,0.36,85,55,353000,222000,30,31103,0.6470588235294118,0.6288951841359773,0.35294117647058826,110,71,459000,286000,39,37446,0.6454545454545455,0.6230936819172114,0.35454545454545455
sealed_holdout,4,public-random-104-7ad33e073229,random,64,206,7,1,balanced_band,stationary_hotspot,retry,none,,0,False,0.05363662182095539,0.0735083445044311,29392717,110,110,450000,450000,21,80842,1.0,1.0,0.19090909090909092,25,25,106000,106000,7,17266,1.0,1.0,0.28,85,80,353000,319000,45,63750,0.9411764705882353,0.9036827195467422,0.5294117647058824,110,105,459000,425000,52,81016,0.9545454545454546,0.9259259259259259,0.4727272727272727
sealed_holdout,4,public-random-104-7ad33e073229,random,64,206,7,1,balanced_band,stationary_hotspot,online,none,,0,False,0.05363662182095539,0.0710766002282031,29392717,110,110,450000,450000,7,87201,1.0,1.0,0.06363636363636363,25,25,106000,106000,5,21687,1.0,1.0,0.2,85,78,353000,306000,25,61946,0.9176470588235294,0.8668555240793201,0.29411764705882354,110,103,459000,412000,30,83633,0.9363636363636364,0.8976034858387799,0.2727272727272727
sealed_holdout,4,public-random-104-7ad33e073229,random,64,206,7,1,balanced_band,stationary_hotspot,oracle,none,,0,False,0.05363662182095539,0.07495291578170347,29392717,110,110,450000,450000,0,80842,1.0,1.0,0.0,25,25,106000,106000,0,17266,1.0,1.0,0.0,85,85,353000,353000,0,152614,1.0,1.0,0.0,110,110,459000,459000,0,169880,1.0,1.0,0.0
sealed_holdout,4,public-random-104-7ad33e073229,random,64,206,7,1,balanced_band,stationary_hotspot,online,random,N002|N022,120000,False,0.05363662182095539,0.07212131296884453,29512717,110,110,450000,450000,7,87201,1.0,1.0,0.06363636363636363,25,25,106000,106000,5,21354,1.0,1.0,0.2,85,80,353000,319000,29,57521,0.9411764705882353,0.9036827195467422,0.3411764705882353,110,105,459000,425000,34,78875,0.9545454545454546,0.9259259259259259,0.3090909090909091
sealed_holdout,4,public-random-104-7ad33e073229,random,64,206,7,1,balanced_band,stationary_hotspot,online,failure_aware,N002|N022,120000,False,0.05363662182095539,0.07212131296884453,29512717,110,110,450000,450000,7,87201,1.0,1.0,0.06363636363636363,25,25,106000,106000,5,21354,1.0,1.0,0.2,85,80,353000,319000,29,57521,0.9411764705882353,0.9036827195467422,0.3411764705882353,110,105,459000,425000,34,78875,0.9545454545454546,0.9259259259259259,0.3090909090909091
sealed_holdout,4,public-random-104-7ad33e073229,random,64,206,7,1,balanced_band,shifted_hotspot,public,none,,0,False,0.05363662182095539,0.07713828296913224,29392717,110,80,450000,327000,30,53942,0.7272727272727273,0.7266666666666667,0.2727272727272727,25,23,106000,103000,2,9293,0.92,0.9716981132075472,0.08,85,64,353000,266000,21,33759,0.7529411764705882,0.7535410764872521,0.24705882352941178,110,87,459000,369000,23,43052,0.7909090909090909,0.803921568627451,0.20909090909090908
sealed_holdout,4,public-random-104-7ad33e073229,random,64,206,7,1,balanced_band,shifted_hotspot,retry,none,,0,False,0.05363662182095539,0.08548370757135877,29392717,110,110,450000,450000,21,80842,1.0,1.0,0.19090909090909092,25,25,106000,106000,2,11296,1.0,1.0,0.08,85,84,353000,345000,36,59059,0.9882352941176471,0.9773371104815864,0.4235294117647059,110,109,459000,451000,38,70355,0.990909090909091,0.9825708061002179,0.34545454545454546
sealed_holdout,4,public-random-104-7ad33e073229,random,64,206,7,1,balanced_band,shifted_hotspot,online,none,,0,False,0.05363662182095539,0.08547216364542704,29392717,110,110,450000,450000,7,87201,1.0,1.0,0.06363636363636363,25,25,106000,106000,3,12052,1.0,1.0,0.12,85,80,353000,329000,33,61473,0.9411764705882353,0.9320113314447592,0.38823529411764707,110,105,459000,435000,36,73525,0.9545454545454546,0.9477124183006536,0.32727272727272727
sealed_holdout,4,public-random-104-7ad33e073229,random,64,206,7,1,balanced_band,shifted_hotspot,oracle,none,,0,False,0.05363662182095539,0.08689145194393287,29392717,110,110,450000,450000,0,80842,1.0,1.0,0.0,25,25,106000,106000,0,11296,1.0,1.0,0.0,85,85,353000,353000,0,64899,1.0,1.0,0.0,110,110,459000,459000,0,76195,1.0,1.0,0.0
sealed_holdout,4,public-random-104-7ad33e073229,random,64,206,7,1,balanced_band,shifted_hotspot,online,random,N002|N022,120000,False,0.05363662182095539,0.0702227123164506,29512717,110,110,450000,450000,7,87201,1.0,1.0,0.06363636363636363,25,25,106000,106000,2,12633,1.0,1.0,0.08,85,84,353000,345000,14,54749,0.9882352941176471,0.9773371104815864,0.16470588235294117,110,109,459000,451000,16,67382,0.990909090909091,0.9825708061002179,0.14545454545454545
sealed_holdout,4,public-random-104-7ad33e073229,random,64,206,7,1,balanced_band,shifted_hotspot,online,failure_aware,N002|N022,120000,False,0.05363662182095539,0.0702227123164506,29512717,110,110,450000,450000,7,87201,1.0,1.0,0.06363636363636363,25,25,106000,106000,2,12633,1.0,1.0,0.08,85,84,353000,345000,14,54749,0.9882352941176471,0.9773371104815864,0.16470588235294117,110,109,459000,451000,16,67382,0.990909090909091,0.9825708061002179,0.14545454545454545
sealed_holdout,4,public-random-104-7ad33e073229,random,64,206,7,1,uniform,diffuse,public,none,,0,False,0.30894653974422487,0.3016357790932222,29392717,110,96,525000,435000,14,61012,0.8727272727272727,0.8285714285714286,0.12727272727272726,25,24,93000,92000,1,21803,0.96,0.989247311827957,0.04,85,74,307000,241000,11,36681,0.8705882352941177,0.7850162866449512,0.12941176470588237,110,98,400000,333000,12,58484,0.8909090909090909,0.8325,0.10909090909090909
sealed_holdout,4,public-random-104-7ad33e073229,random,64,206,7,1,uniform,diffuse,retry,none,,0,False,0.30894653974422487,0.3076699737622775,29392717,110,106,525000,499000,24,93987,0.9636363636363636,0.9504761904761905,0.21818181818181817,25,25,93000,93000,0,21803,1.0,1.0,0.0,85,80,307000,267000,20,45526,0.9411764705882353,0.8697068403908795,0.23529411764705882,110,105,400000,360000,20,67329,0.9545454545454546,0.9,0.18181818181818182
sealed_holdout,4,public-random-104-7ad33e073229,random,64,206,7,1,uniform,diffuse,online,none,,0,False,0.30894653974422487,0.3106014515036676,29392717,110,105,525000,491000,25,90326,0.9545454545454546,0.9352380952380952,0.22727272727272727,25,25,93000,93000,0,22897,1.0,1.0,0.0,85,82,307000,283000,14,49837,0.9647058823529412,0.9218241042345277,0.16470588235294117,110,107,400000,376000,14,72734,0.9727272727272728,0.94,0.12727272727272726
sealed_holdout,4,public-random-104-7ad33e073229,random,64,206,7,1,uniform,diffuse,oracle,none,,0,False,0.30894653974422487,0.3102543546237496,29392717,110,107,525000,504000,0,94737,0.9727272727272728,0.96,0.0,25,25,93000,93000,0,21803,1.0,1.0,0.0,85,82,307000,283000,0,61238,0.9647058823529412,0.9218241042345277,0.0,110,107,400000,376000,0,83041,0.9727272727272728,0.94,0.0
sealed_holdout,4,public-random-104-7ad33e073229,random,64,206,7,1,uniform,diffuse,online,random,N002|N022,120000,False,0.30894653974422487,0.3089821406025393,29512717,110,105,525000,491000,25,90326,0.9545454545454546,0.9352380952380952,0.22727272727272727,25,25,93000,93000,0,18145,1.0,1.0,0.0,85,82,307000,283000,20,42339,0.9647058823529412,0.9218241042345277,0.23529411764705882,110,107,400000,376000,20,60484,0.9727272727272728,0.94,0.18181818181818182
sealed_holdout,4,public-random-104-7ad33e073229,random,64,206,7,1,uniform,diffuse,online,failure_aware,N028|N034,120000,False,0.30894653974422487,0.3095101633960038,29512717,110,105,525000,491000,25,90326,0.9545454545454546,0.9352380952380952,0.22727272727272727,25,25,93000,93000,0,18145,1.0,1.0,0.0,85,81,307000,278000,23,41171,0.9529411764705882,0.9055374592833876,0.27058823529411763,110,106,400000,371000,23,59316,0.9636363636363636,0.9275,0.20909090909090908
sealed_holdout,4,public-random-104-7ad33e073229,random,64,206,7,1,uniform,stationary_hotspot,public,none,,0,False,0.30894653974422487,0.30630249349739447,29392717,110,74,450000,286000,36,46090,0.6727272727272727,0.6355555555555555,0.32727272727272727,25,14,106000,48000,11,6119,0.56,0.4528301886792453,0.44,85,50,353000,194000,35,26040,0.5882352941176471,0.5495750708215298,0.4117647058823529,110,64,459000,242000,46,32159,0.5818181818181818,0.5272331154684096,0.41818181818181815
sealed_holdout,4,public-random-104-7ad33e073229,random,64,206,7,1,uniform,stationary_hotspot,retry,none,,0,False,0.30894653974422487,0.3162450746017034,29392717,110,108,450000,440000,37,101463,0.9818181818181818,0.9777777777777777,0.33636363636363636,25,25,106000,106000,11,22956,1.0,1.0,0.44,85,82,353000,335000,37,69321,0.9647058823529412,0.9490084985835694,0.43529411764705883,110,107,459000,441000,48,92277,0.9727272727272728,0.9607843137254902,0.43636363636363634
sealed_holdout,4,public-random-104-7ad33e073229,random,64,206,7,1,uniform,stationary_hotspot,online,none,,0,False,0.30894653974422487,0.305185024016791,29392717,110,108,450000,440000,28,119011,0.9818181818181818,0.9777777777777777,0.2545454545454545,25,25,106000,106000,8,29106,1.0,1.0,0.32,85,79,353000,311000,25,73879,0.9294117647058824,0.8810198300283286,0.29411764705882354,110,104,459000,417000,33,102985,0.9454545454545454,0.9084967320261438,0.3
sealed_holdout,4,public-random-104-7ad33e073229,random,64,206,7,1,uniform,stationary_hotspot,oracle,none,,0,False,0.30894653974422487,0.31647916800642734,29392717,110,109,450000,445000,0,102213,0.990909090909091,0.9888888888888889,0.0,25,25,106000,106000,0,22956,1.0,1.0,0.0,85,83,353000,340000,0,86898,0.9764705882352941,0.9631728045325779,0.0,110,108,459000,446000,0,109854,0.9818181818181818,0.971677559912854,0.0
sealed_holdout,4,public-random-104-7ad33e073229,random,64,206,7,1,uniform,stationary_hotspot,online,random,N002|N022,120000,False,0.30894653974422487,0.30568146506570876,29512717,110,108,450000,440000,28,119011,0.9818181818181818,0.9777777777777777,0.2545454545454545,25,25,106000,106000,9,26077,1.0,1.0,0.36,85,81,353000,324000,39,55895,0.9529411764705882,0.9178470254957507,0.4588235294117647,110,106,459000,430000,48,81972,0.9636363636363636,0.9368191721132898,0.43636363636363634
sealed_holdout,4,public-random-104-7ad33e073229,random,64,206,7,1,uniform,stationary_hotspot,online,failure_aware,N046|N061,120000,False,0.30894653974422487,0.30580485190776185,29512717,110,108,450000,440000,28,119011,0.9818181818181818,0.9777777777777777,0.2545454545454545,25,25,106000,106000,7,22886,1.0,1.0,0.28,85,80,353000,319000,38,57479,0.9411764705882353,0.9036827195467422,0.4470588235294118,110,105,459000,425000,45,80365,0.9545454545454546,0.9259259259259259,0.4090909090909091
sealed_holdout,4,public-random-104-7ad33e073229,random,64,206,7,1,uniform,shifted_hotspot,public,none,,0,False,0.30894653974422487,0.310409396644505,29392717,110,74,450000,286000,36,46090,0.6727272727272727,0.6355555555555555,0.32727272727272727,25,19,106000,81000,6,8169,0.76,0.7641509433962265,0.24,85,50,353000,215000,35,27469,0.5882352941176471,0.6090651558073654,0.4117647058823529,110,69,459000,296000,41,35638,0.6272727272727273,0.644880174291939,0.37272727272727274
sealed_holdout,4,public-random-104-7ad33e073229,random,64,206,7,1,uniform,shifted_hotspot,retry,none,,0,False,0.30894653974422487,0.3181057946207351,29392717,110,108,450000,440000,37,101463,0.9818181818181818,0.9777777777777777,0.33636363636363636,25,25,106000,106000,7,17618,1.0,1.0,0.28,85,74,353000,287000,66,55354,0.8705882352941177,0.8130311614730878,0.7764705882352941,110,99,459000,393000,73,72972,0.9,0.8562091503267973,0.6636363636363637
sealed_holdout,4,public-random-104-7ad33e073229,random,64,206,7,1,uniform,shifted_hotspot,online,none,,0,False,0.30894653974422487,0.31112291121741,29392717,110,108,450000,440000,28,119011,0.9818181818181818,0.9777777777777777,0.2545454545454545,25,25,106000,106000,3,18975,1.0,1.0,0.12,85,76,353000,299000,39,66028,0.8941176470588236,0.8470254957507082,0.4588235294117647,110,101,459000,405000,42,85003,0.9181818181818182,0.8823529411764706,0.38181818181818183
sealed_holdout,4,public-random-104-7ad33e073229,random,64,206,7,1,uniform,shifted_hotspot,oracle,none,,0,False,0.30894653974422487,0.3141513623603316,29392717,110,109,450000,445000,0,102213,0.990909090909091,0.9888888888888889,0.0,25,25,106000,106000,0,17618,1.0,1.0,0.0,85,83,353000,340000,0,117914,0.9764705882352941,0.9631728045325779,0.0,110,108,459000,446000,0,135532,0.9818181818181818,0.971677559912854,0.0
sealed_holdout,4,public-random-104-7ad33e073229,random,64,206,7,1,uniform,shifted_hotspot,online,random,N002|N022,120000,False,0.30894653974422487,0.3111511812267087,29512717,110,108,450000,440000,28,119011,0.9818181818181818,0.9777777777777777,0.2545454545454545,25,24,106000,98000,9,26006,0.96,0.9245283018867925,0.36,85,79,353000,314000,37,75189,0.9294117647058824,0.8895184135977338,0.43529411764705883,110,103,459000,412000,46,101195,0.9363636363636364,0.8976034858387799,0.41818181818181815
sealed_holdout,4,public-random-104-7ad33e073229,random,64,206,7,1,uniform,shifted_hotspot,online,failure_aware,N046|N061,120000,False,0.30894653974422487,0.30979814788733645,29512717,110,108,450000,440000,28,119011,0.9818181818181818,0.9777777777777777,0.2545454545454545,25,25,106000,106000,6,24766,1.0,1.0,0.24,85,78,353000,303000,38,67016,0.9176470588235294,0.8583569405099151,0.4470588235294118,110,103,459000,409000,44,91782,0.9363636363636364,0.8910675381263616,0.4
sealed_holdout,4,public-random-104-7ad33e073229,random,64,206,7,1,polarized,diffuse,public,none,,0,False,0.7119968272320386,0.6855361558937143,29392717,110,80,525000,341000,30,47385,0.7272727272727273,0.6495238095238095,0.2727272727272727,25,17,93000,55000,8,9680,0.68,0.5913978494623656,0.32,85,65,307000,210000,20,31539,0.7647058823529411,0.6840390879478827,0.23529411764705882,110,82,400000,265000,28,41219,0.7454545454545455,0.6625,0.2545454545454545
sealed_holdout,4,public-random-104-7ad33e073229,random,64,206,7,1,polarized,diffuse,retry,none,,0,False,0.7119968272320386,0.6754780218469808,29392717,110,97,525000,436000,60,95514,0.8818181818181818,0.8304761904761905,0.5454545454545454,25,24,93000,85000,6,26607,0.96,0.9139784946236559,0.24,85,81,307000,275000,24,51003,0.9529411764705882,0.8957654723127035,0.2823529411764706,110,105,400000,360000,30,77610,0.9545454545454546,0.9,0.2727272727272727
sealed_holdout,4,public-random-104-7ad33e073229,random,64,206,7,1,polarized,diffuse,online,none,,0,False,0.7119968272320386,0.6711005948647275,29392717,110,96,525000,428000,63,96686,0.8727272727272727,0.8152380952380952,0.5727272727272728,25,23,93000,84000,9,28194,0.92,0.9032258064516129,0.36,85,80,307000,267000,28,47696,0.9411764705882353,0.8697068403908795,0.32941176470588235,110,103,400000,351000,37,75890,0.9363636363636364,0.8775,0.33636363636363636
sealed_holdout,4,public-random-104-7ad33e073229,random,64,206,7,1,polarized,diffuse,oracle,none,,0,False,0.7119968272320386,0.6714794431039635,29392717,110,104,525000,480000,0,167835,0.9454545454545454,0.9142857142857143,0.0,25,25,93000,93000,0,33935,1.0,1.0,0.0,85,82,307000,283000,0,56678,0.9647058823529412,0.9218241042345277,0.0,110,107,400000,376000,0,90613,0.9727272727272728,0.94,0.0
sealed_holdout,4,public-random-104-7ad33e073229,random,64,206,7,1,polarized,diffuse,online,random,N002|N022,120000,False,0.7119968272320386,0.6730220565881148,29512717,110,96,525000,428000,63,96686,0.8727272727272727,0.8152380952380952,0.5727272727272728,25,24,93000,85000,5,22098,0.96,0.9139784946236559,0.2,85,79,307000,262000,26,37997,0.9294117647058824,0.8534201954397395,0.3058823529411765,110,103,400000,347000,31,60095,0.9363636363636364,0.8675,0.2818181818181818
sealed_holdout,4,public-random-104-7ad33e073229,random,64,206,7,1,polarized,diffuse,online,failure_aware,N043|N048,120000,False,0.7119968272320386,0.6730220565881148,29512717,110,96,525000,428000,63,96686,0.8727272727272727,0.8152380952380952,0.5727272727272728,25,24,93000,85000,5,22098,0.96,0.9139784946236559,0.2,85,79,307000,262000,25,37997,0.9294117647058824,0.8534201954397395,0.29411764705882354,110,103,400000,347000,30,60095,0.9363636363636364,0.8675,0.2727272727272727
sealed_holdout,4,public-random-104-7ad33e073229,random,64,206,7,1,polarized,stationary_hotspot,public,none,,0,False,0.7119968272320386,0.6932855024761826,29392717,110,62,450000,243000,48,44732,0.5636363636363636,0.54,0.43636363636363634,25,12,106000,38000,13,6039,0.48,0.3584905660377358,0.52,85,42,353000,153000,43,20947,0.49411764705882355,0.43342776203966005,0.5058823529411764,110,54,459000,191000,56,26986,0.4909090909090909,0.41612200435729846,0.509090909090909
sealed_holdout,4,public-random-104-7ad33e073229,random,64,206,7,1,polarized,stationary_hotspot,retry,none,,0,False,0.7119968272320386,0.6896892140753977,29392717,110,103,450000,409000,59,105609,0.9363636363636364,0.9088888888888889,0.5363636363636364,25,24,106000,98000,17,32147,0.96,0.9245283018867925,0.68,85,76,353000,297000,61,67497,0.8941176470588236,0.8413597733711048,0.7176470588235294,110,100,459000,395000,78,99644,0.9090909090909091,0.8605664488017429,0.7090909090909091
sealed_holdout,4,public-random-104-7ad33e073229,random,64,206,7,1,polarized,stationary_hotspot,online,none,,0,False,0.7119968272320386,0.6808028158988051,29392717,110,102,450000,408000,50,118728,0.9272727272727272,0.9066666666666666,0.45454545454545453,25,24,106000,98000,12,34102,0.96,0.9245283018867925,0.48,85,75,353000,285000,43,69572,0.8823529411764706,0.8073654390934845,0.5058823529411764,110,99,459000,383000,55,103674,0.9,0.8344226579520697,0.5
sealed_holdout,4,public-random-104-7ad33e073229,random,64,206,7,1,polarized,stationary_hotspot,oracle,none,,0,False,0.7119968272320386,0.6903316624934677,29392717,110,108,450000,437000,0,136014,0.9818181818181818,0.9711111111111111,0.0,25,24,106000,98000,0,38707,0.96,0.9245283018867925,0.0,85,78,353000,303000,0,101991,0.9176470588235294,0.8583569405099151,0.0,110,102,459000,401000,0,140698,0.9272727272727272,0.8736383442265795,0.0
sealed_holdout,4,public-random-104-7ad33e073229,random,64,206,7,1,polarized,stationary_hotspot,online,random,N002|N022,120000,False,0.7119968272320386,0.6794732034626443,29512717,110,102,450000,408000,50,118728,0.9272727272727272,0.9066666666666666,0.45454545454545453,25,23,106000,93000,15,23302,0.92,0.8773584905660378,0.6,85,75,353000,295000,57,51248,0.8823529411764706,0.8356940509915014,0.6705882352941176,110,98,459000,388000,72,74550,0.8909090909090909,0.8453159041394336,0.6545454545454545
sealed_holdout,4,public-random-104-7ad33e073229,random,64,206,7,1,polarized,stationary_hotspot,online,failure_aware,N046|N061,120000,False,0.7119968272320386,0.6777050718774504,29512717,110,102,450000,408000,50,118728,0.9272727272727272,0.9066666666666666,0.45454545454545453,25,24,106000,98000,12,23166,0.96,0.9245283018867925,0.48,85,74,353000,290000,56,47381,0.8705882352941177,0.8215297450424929,0.6588235294117647,110,98,459000,388000,68,70547,0.8909090909090909,0.8453159041394336,0.6181818181818182
sealed_holdout,4,public-random-104-7ad33e073229,random,64,206,7,1,polarized,shifted_hotspot,public,none,,0,False,0.7119968272320386,0.6944532177075992,29392717,110,62,450000,243000,48,44732,0.5636363636363636,0.54,0.43636363636363634,25,13,106000,39000,12,6041,0.52,0.36792452830188677,0.48,85,45,353000,171000,40,21567,0.5294117647058824,0.48441926345609065,0.47058823529411764,110,58,459000,210000,52,27608,0.5272727272727272,0.45751633986928103,0.4727272727272727
sealed_holdout,4,public-random-104-7ad33e073229,random,64,206,7,1,polarized,shifted_hotspot,retry,none,,0,False,0.7119968272320386,0.6864767342292385,29392717,110,103,450000,409000,59,105609,0.9363636363636364,0.9088888888888889,0.5363636363636364,25,22,106000,82000,22,24741,0.88,0.7735849056603774,0.88,85,65,353000,235000,85,54175,0.7647058823529411,0.6657223796033994,1.0,110,87,459000,317000,107,78916,0.7909090909090909,0.690631808278867,0.9727272727272728
sealed_holdout,4,public-random-104-7ad33e073229,random,64,206,7,1,polarized,shifted_hotspot,online,none,,0,False,0.7119968272320386,0.6790832453982839,29392717,110,102,450000,408000,50,118728,0.9272727272727272,0.9066666666666666,0.45454545454545453,25,20,106000,72000,26,24106,0.8,0.6792452830188679,1.04,85,67,353000,236000,67,62800,0.788235294117647,0.6685552407932012,0.788235294117647,110,87,459000,308000,93,86906,0.7909090909090909,0.6710239651416122,0.8454545454545455
sealed_holdout,4,public-random-104-7ad33e073229,random,64,206,7,1,polarized,shifted_hotspot,oracle,none,,0,False,0.7119968272320386,0.6830748713416849,29392717,110,108,450000,437000,0,136014,0.9818181818181818,0.9711111111111111,0.0,25,24,106000,98000,0,42981,0.96,0.9245283018867925,0.0,85,82,353000,335000,0,167796,0.9647058823529412,0.9490084985835694,0.0,110,106,459000,433000,0,210777,0.9636363636363636,0.9433551198257081,0.0
sealed_holdout,4,public-random-104-7ad33e073229,random,64,206,7,1,polarized,shifted_hotspot,online,random,N002|N022,120000,False,0.7119968272320386,0.6785261400969571,29512717,110,102,450000,408000,50,118728,0.9272727272727272,0.9066666666666666,0.45454545454545453,25,22,106000,85000,16,22713,0.88,0.8018867924528302,0.64,85,73,353000,288000,50,53477,0.8588235294117647,0.8158640226628895,0.5882352941176471,110,95,459000,373000,66,76190,0.8636363636363636,0.8126361655773421,0.6
sealed_holdout,4,public-random-104-7ad33e073229,random,64,206,7,1,polarized,shifted_hotspot,online,failure_aware,N046|N061,120000,False,0.7119968272320386,0.6742577466970466,29512717,110,102,450000,408000,50,118728,0.9272727272727272,0.9066666666666666,0.45454545454545453,25,22,106000,85000,14,17265,0.88,0.8018867924528302,0.56,85,74,353000,286000,47,53172,0.8705882352941177,0.8101983002832861,0.5529411764705883,110,96,459000,371000,61,70437,0.8727272727272727,0.8082788671023965,0.5545454545454546
sealed_holdout,4,public-random-104-7ad33e073229,random,64,206,7,2,balanced_band,diffuse,public,none,,0,False,0.0570153843999078,0.0707608756437036,29392717,110,106,441000,415000,4,45222,0.9636363636363636,0.9410430839002267,0.03636363636363636,25,23,94000,81000,2,21009,0.92,0.8617021276595744,0.08,85,81,341000,318000,4,50856,0.9529411764705882,0.9325513196480938,0.047058823529411764,110,104,435000,399000,6,71865,0.9454545454545454,0.9172413793103448,0.05454545454545454
sealed_holdout,4,public-random-104-7ad33e073229,random,64,206,7,2,balanced_band,diffuse,retry,none,,0,False,0.0570153843999078,0.07138505794289003,29392717,110,108,441000,428000,9,50074,0.9818181818181818,0.9705215419501134,0.08181818181818182,25,25,94000,94000,2,23061,1.0,1.0,0.08,85,83,341000,334000,8,58048,0.9764705882352941,0.9794721407624634,0.09411764705882353,110,108,435000,428000,10,81109,0.9818181818181818,0.9839080459770115,0.09090909090909091
sealed_holdout,4,public-random-104-7ad33e073229,random,64,206,7,2,balanced_band,diffuse,online,none,,0,False,0.0570153843999078,0.07803220418130058,29392717,110,108,441000,428000,10,52698,0.9818181818181818,0.9705215419501134,0.09090909090909091,25,25,94000,94000,4,26987,1.0,1.0,0.16,85,83,341000,334000,9,60448,0.9764705882352941,0.9794721407624634,0.10588235294117647,110,108,435000,428000,13,87435,0.9818181818181818,0.9839080459770115,0.11818181818181818
sealed_holdout,4,public-random-104-7ad33e073229,random,64,206,7,2,balanced_band,diffuse,oracle,none,,0,False,0.0570153843999078,0.07159707082851466,29392717,110,109,441000,436000,0,52635,0.990909090909091,0.9886621315192744,0.0,25,25,94000,94000,0,23061,1.0,1.0,0.0,85,83,341000,334000,0,58048,0.9764705882352941,0.9794721407624634,0.0,110,108,435000,428000,0,81109,0.9818181818181818,0.9839080459770115,0.0
sealed_holdout,4,public-random-104-7ad33e073229,random,64,206,7,2,balanced_band,diffuse,online,random,N001|N034,120000,False,0.0570153843999078,0.07795886600626015,29512717,110,108,441000,428000,10,52698,0.9818181818181818,0.9705215419501134,0.09090909090909091,25,25,94000,94000,3,23322,1.0,1.0,0.12,85,81,341000,318000,22,58161,0.9529411764705882,0.9325513196480938,0.25882352941176473,110,106,435000,412000,25,81483,0.9636363636363636,0.9471264367816092,0.22727272727272727
sealed_holdout,4,public-random-104-7ad33e073229,random,64,206,7,2,balanced_band,diffuse,online,failure_aware,N020|N038,120000,False,0.0570153843999078,0.07779975042962214,29512717,110,108,441000,428000,10,52698,0.9818181818181818,0.9705215419501134,0.09090909090909091,25,25,94000,94000,3,23695,1.0,1.0,0.12,85,82,341000,326000,19,59553,0.9647058823529412,0.9560117302052786,0.2235294117647059,110,107,435000,420000,22,83248,0.9727272727272728,0.9655172413793104,0.2
sealed_holdout,4,public-random-104-7ad33e073229,random,64,206,7,2,balanced_band,stationary_hotspot,public,none,,0,False,0.0570153843999078,0.0695720851894921,29392717,110,84,417000,300000,26,34760,0.7636363636363637,0.7194244604316546,0.23636363636363636,25,15,89000,47000,10,5838,0.6,0.5280898876404494,0.4,85,52,338000,197000,33,21200,0.611764705882353,0.5828402366863905,0.38823529411764707,110,67,427000,244000,43,27038,0.6090909090909091,0.5714285714285714,0.39090909090909093
sealed_holdout,4,public-random-104-7ad33e073229,random,64,206,7,2,balanced_band,stationary_hotspot,retry,none,,0,False,0.0570153843999078,0.07156676052698971,29392717,110,104,417000,388000,39,65539,0.9454545454545454,0.9304556354916067,0.35454545454545455,25,25,89000,89000,6,15368,1.0,1.0,0.24,85,84,338000,330000,26,50974,0.9882352941176471,0.9763313609467456,0.3058823529411765,110,109,427000,419000,32,66342,0.990909090909091,0.9812646370023419,0.2909090909090909
sealed_holdout,4,public-random-104-7ad33e073229,random,64,206,7,2,balanced_band,stationary_hotspot,online,none,,0,False,0.0570153843999078,0.0718181926095644,29392717,110,104,417000,385000,36,65888,0.9454545454545454,0.9232613908872902,0.32727272727272727,25,25,89000,89000,5,16245,1.0,1.0,0.2,85,84,338000,330000,6,59671,0.9882352941176471,0.9763313609467456,0.07058823529411765,110,109,427000,419000,11,75916,0.990909090909091,0.9812646370023419,0.1
sealed_holdout,4,public-random-104-7ad33e073229,random,64,206,7,2,balanced_band,stationary_hotspot,oracle,none,,0,False,0.0570153843999078,0.07553552832832833,29392717,110,110,417000,417000,0,124939,1.0,1.0,0.0,25,25,89000,89000,0,15368,1.0,1.0,0.0,85,85,338000,338000,0,78154,1.0,1.0,0.0,110,110,427000,427000,0,93522,1.0,1.0,0.0
sealed_holdout,4,public-random-104-7ad33e073229,random,64,206,7,2,balanced_band,stationary_hotspot,online,random,N001|N034,120000,False,0.0570153843999078,0.07368665655939279,29512717,110,104,417000,385000,36,65888,0.9454545454545454,0.9232613908872902,0.32727272727272727,25,25,89000,89000,2,8371,1.0,1.0,0.08,85,84,338000,330000,6,27741,0.9882352941176471,0.9763313609467456,0.07058823529411765,110,109,427000,419000,8,36112,0.990909090909091,0.9812646370023419,0.07272727272727272
sealed_holdout,4,public-random-104-7ad33e073229,random,64,206,7,2,balanced_band,stationary_hotspot,online,failure_aware,N036|N038,120000,True,0.0570153843999078,0.07353796100780725,29512717,110,104,417000,385000,36,65888,0.9454545454545454,0.9232613908872902,0.32727272727272727,25,25,89000,89000,2,8371,1.0,1.0,0.08,85,84,338000,330000,6,27891,0.9882352941176471,0.9763313609467456,0.07058823529411765,110,109,427000,419000,8,36262,0.990909090909091,0.9812646370023419,0.07272727272727272
sealed_holdout,4,public-random-104-7ad33e073229,random,64,206,7,2,balanced_band,shifted_hotspot,public,none,,0,False,0.0570153843999078,0.07667967740299034,29392717,110,84,417000,300000,26,34760,0.7636363636363637,0.7194244604316546,0.23636363636363636,25,23,89000,79000,2,9080,0.92,0.8876404494382022,0.08,85,58,338000,235000,27,24254,0.6823529411764706,0.6952662721893491,0.3176470588235294,110,81,427000,314000,29,33334,0.7363636363636363,0.7353629976580797,0.2636363636363636
sealed_holdout,4,public-random-104-7ad33e073229,random,64,206,7,2,balanced_band,shifted_hotspot,retry,none,,0,False,0.0570153843999078,0.08402207189366674,29392717,110,104,417000,388000,39,65539,0.9454545454545454,0.9304556354916067,0.35454545454545455,25,25,89000,89000,2,10430,1.0,1.0,0.08,85,80,338000,304000,44,41435,0.9411764705882353,0.8994082840236687,0.5176470588235295,110,105,427000,393000,46,51865,0.9545454545454546,0.9203747072599532,0.41818181818181815
sealed_holdout,4,public-random-104-7ad33e073229,random,64,206,7,2,balanced_band,shifted_hotspot,online,none,,0,False,0.0570153843999078,0.08762869058087025,29392717,110,104,417000,385000,36,65888,0.9454545454545454,0.9232613908872902,0.32727272727272727,25,25,89000,89000,3,12253,1.0,1.0,0.12,85,81,338000,312000,33,49079,0.9529411764705882,0.9230769230769231,0.38823529411764707,110,106,427000,401000,36,61332,0.9636363636363636,0.9391100702576113,0.32727272727272727
sealed_holdout,4,public-random-104-7ad33e073229,random,64,206,7,2,balanced_band,shifted_hotspot,oracle,none,,0,False,0.0570153843999078,0.08653228512132828,29392717,110,110,417000,417000,0,124939,1.0,1.0,0.0,25,25,89000,89000,0,10430,1.0,1.0,0.0,85,85,338000,338000,0,50378,1.0,1.0,0.0,110,110,427000,427000,0,60808,1.0,1.0,0.0
sealed_holdout,4,public-random-104-7ad33e073229,random,64,206,7,2,balanced_band,shifted_hotspot,online,random,N001|N034,120000,False,0.0570153843999078,0.07619233451001745,29512717,110,104,417000,385000,36,65888,0.9454545454545454,0.9232613908872902,0.32727272727272727,25,25,89000,89000,3,16994,1.0,1.0,0.12,85,83,338000,336000,21,50638,0.9764705882352941,0.9940828402366864,0.24705882352941178,110,108,427000,425000,24,67632,0.9818181818181818,0.9953161592505855,0.21818181818181817
sealed_holdout,4,public-random-104-7ad33e073229,random,64,206,7,2,balanced_band,shifted_hotspot,online,failure_aware,N036|N038,120000,False,0.0570153843999078,0.07603661125023763,29512717,110,104,417000,385000,36,65888,0.9454545454545454,0.9232613908872902,0.32727272727272727,25,25,89000,89000,3,16994,1.0,1.0,0.12,85,84,338000,337000,19,51489,0.9882352941176471,0.9970414201183432,0.2235294117647059,110,109,427000,426000,22,68483,0.990909090909091,0.9976580796252927,0.2
sealed_holdout,4,public-random-104-7ad33e073229,random,64,206,7,2,uniform,diffuse,public,none,,0,False,0.328409263110189,0.33388672527553415,29392717,110,102,441000,383000,8,43205,0.9272727272727272,0.8684807256235828,0.07272727272727272,25,21,94000,68000,4,12842,0.84,0.723404255319149,0.16,85,78,341000,291000,7,46300,0.9176470588235294,0.8533724340175953,0.08235294117647059,110,99,435000,359000,11,59142,0.9,0.825287356321839,0.1
sealed_holdout,4,public-random-104-7ad33e073229,random,64,206,7,2,uniform,diffuse,retry,none,,0,False,0.328409263110189,0.3305171138403071,29392717,110,108,441000,428000,15,55922,0.9818181818181818,0.9705215419501134,0.13636363636363635,25,25,94000,94000,5,28281,1.0,1.0,0.2,85,81,341000,315000,17,58812,0.9529411764705882,0.9237536656891495,0.2,110,106,435000,409000,22,87093,0.9636363636363636,0.9402298850574713,0.2
sealed_holdout,4,public-random-104-7ad33e073229,random,64,206,7,2,uniform,diffuse,online,none,,0,False,0.328409263110189,0.33616815679592094,29392717,110,108,441000,428000,18,57347,0.9818181818181818,0.9705215419501134,0.16363636363636364,25,25,94000,94000,4,27527,1.0,1.0,0.16,85,81,341000,315000,20,61572,0.9529411764705882,0.9237536656891495,0.23529411764705882,110,106,435000,409000,24,89099,0.9636363636363636,0.9402298850574713,0.21818181818181817
sealed_holdout,4,public-random-104-7ad33e073229,random,64,206,7,2,uniform,diffuse,oracle,none,,0,False,0.328409263110189,0.3319896066415522,29392717,110,109,441000,436000,0,58483,0.990909090909091,0.9886621315192744,0.0,25,25,94000,94000,0,28281,1.0,1.0,0.0,85,83,341000,328000,0,76082,0.9764705882352941,0.9618768328445748,0.0,110,108,435000,422000,0,104363,0.9818181818181818,0.9701149425287356,0.0
sealed_holdout,4,public-random-104-7ad33e073229,random,64,206,7,2,uniform,diffuse,online,random,N001|N034,120000,False,0.328409263110189,0.3317805000475245,29512717,110,108,441000,428000,18,57347,0.9818181818181818,0.9705215419501134,0.16363636363636364,25,25,94000,94000,6,24821,1.0,1.0,0.24,85,81,341000,312000,23,59562,0.9529411764705882,0.9149560117302052,0.27058823529411763,110,106,435000,406000,29,84383,0.9636363636363636,0.9333333333333333,0.2636363636363636
sealed_holdout,4,public-random-104-7ad33e073229,random,64,206,7,2,uniform,diffuse,online,failure_aware,N020|N038,120000,False,0.328409263110189,0.3305920967799093,29512717,110,108,441000,428000,18,57347,0.9818181818181818,0.9705215419501134,0.16363636363636364,25,25,94000,94000,6,25194,1.0,1.0,0.24,85,81,341000,312000,23,59562,0.9529411764705882,0.9149560117302052,0.27058823529411763,110,106,435000,406000,29,84756,0.9636363636363636,0.9333333333333333,0.2636363636363636
sealed_holdout,4,public-random-104-7ad33e073229,random,64,206,7,2,uniform,stationary_hotspot,public,none,,0,False,0.328409263110189,0.33220581758958584,29392717,110,80,417000,273000,30,32967,0.7272727272727273,0.6546762589928058,0.2727272727272727,25,12,89000,29000,13,4438,0.48,0.3258426966292135,0.52,85,48,338000,171000,37,21414,0.5647058823529412,0.5059171597633136,0.43529411764705883,110,60,427000,200000,50,25852,0.5454545454545454,0.468384074941452,0.45454545454545453
sealed_holdout,4,public-random-104-7ad33e073229,random,64,206,7,2,uniform,stationary_hotspot,retry,none,,0,False,0.328409263110189,0.3337863335403349,29392717,110,104,417000,385000,41,67433,0.9454545454545454,0.9232613908872902,0.37272727272727274,25,25,89000,89000,10,18868,1.0,1.0,0.4,85,80,338000,311000,44,51892,0.9411764705882353,0.9201183431952663,0.5176470588235295,110,105,427000,400000,54,70760,0.9545454545454546,0.936768149882904,0.4909090909090909
sealed_holdout,4,public-random-104-7ad33e073229,random,64,206,7,2,uniform,stationary_hotspot,online,none,,0,False,0.328409263110189,0.33623469417624696,29392717,110,103,417000,380000,41,64772,0.9363636363636364,0.9112709832134293,0.37272727272727274,25,25,89000,89000,9,19281,1.0,1.0,0.36,85,80,338000,311000,24,54280,0.9411764705882353,0.9201183431952663,0.2823529411764706,110,105,427000,400000,33,73561,0.9545454545454546,0.936768149882904,0.3
sealed_holdout,4,public-random-104-7ad33e073229,random,64,206,7,2,uniform,stationary_hotspot,oracle,none,,0,False,0.328409263110189,0.33784450467061494,29392717,110,108,417000,404000,0,104813,0.9818181818181818,0.9688249400479616,0.0,25,25,89000,89000,0,18868,1.0,1.0,0.0,85,83,338000,322000,0,58557,0.9764705882352941,0.9526627218934911,0.0,110,108,427000,411000,0,77425,0.9818181818181818,0.9625292740046838,0.0
sealed_holdout,4,public-random-104-7ad33e073229,random,64,206,7,2,uniform,stationary_hotspot,online,random,N001|N034,120000,False,0.328409263110189,0.3349277754783553,29512717,110,103,417000,380000,41,64772,0.9363636363636364,0.9112709832134293,0.37272727272727274,25,25,89000,89000,6,15309,1.0,1.0,0.24,85,81,338000,313000,19,28380,0.9529411764705882,0.9260355029585798,0.2235294117647059,110,106,427000,402000,25,43689,0.9636363636363636,0.9414519906323185,0.22727272727272727
sealed_holdout,4,public-random-104-7ad33e073229,random,64,206,7,2,uniform,stationary_hotspot,online,failure_aware,N036|N038,120000,True,0.328409263110189,0.33881794707052565,29512717,110,103,417000,380000,41,64772,0.9363636363636364,0.9112709832134293,0.37272727272727274,25,25,89000,89000,6,12413,1.0,1.0,0.24,85,80,338000,305000,21,24473,0.9411764705882353,0.9023668639053254,0.24705882352941178,110,105,427000,394000,27,36886,0.9545454545454546,0.9227166276346604,0.24545454545454545
sealed_holdout,4,public-random-104-7ad33e073229,random,64,206,7,2,uniform,shifted_hotspot,public,none,,0,False,0.328409263110189,0.33247141172623257,29392717,110,80,417000,273000,30,32967,0.7272727272727273,0.6546762589928058,0.2727272727272727,25,16,89000,55000,9,6474,0.64,0.6179775280898876,0.36,85,47,338000,163000,38,20406,0.5529411764705883,0.4822485207100592,0.4470588235294118,110,63,427000,218000,47,26880,0.5727272727272728,0.5105386416861827,0.42727272727272725
sealed_holdout,4,public-random-104-7ad33e073229,random,64,206,7,2,uniform,shifted_hotspot,retry,none,,0,False,0.328409263110189,0.344026990593408,29392717,110,104,417000,385000,41,67433,0.9454545454545454,0.9232613908872902,0.37272727272727274,25,24,89000,87000,11,14410,0.96,0.9775280898876404,0.44,85,66,338000,238000,89,31881,0.7764705882352941,0.7041420118343196,1.0470588235294118,110,90,427000,325000,100,46291,0.8181818181818182,0.7611241217798594,0.9090909090909091
sealed_holdout,4,public-random-104-7ad33e073229,random,64,206,7,2,uniform,shifted_hotspot,online,none,,0,False,0.328409263110189,0.3460223175554295,29392717,110,103,417000,380000,41,64772,0.9363636363636364,0.9112709832134293,0.37272727272727274,25,24,89000,87000,9,14680,0.96,0.9775280898876404,0.36,85,71,338000,251000,64,47008,0.8352941176470589,0.742603550295858,0.7529411764705882,110,95,427000,338000,73,61688,0.8636363636363636,0.7915690866510539,0.6636363636363637
sealed_holdout,4,public-random-104-7ad33e073229,random,64,206,7,2,uniform,shifted_hotspot,oracle,none,,0,False,0.328409263110189,0.3462194103628714,29392717,110,108,417000,404000,0,104813,0.9818181818181818,0.9688249400479616,0.0,25,25,89000,89000,0,16510,1.0,1.0,0.0,85,84,338000,330000,0,88864,0.9882352941176471,0.9763313609467456,0.0,110,109,427000,419000,0,105374,0.990909090909091,0.9812646370023419,0.0
sealed_holdout,4,public-random-104-7ad33e073229,random,64,206,7,2,uniform,shifted_hotspot,online,random,N001|N034,120000,False,0.328409263110189,0.341316815338765,29512717,110,103,417000,380000,41,64772,0.9363636363636364,0.9112709832134293,0.37272727272727274,25,25,89000,89000,7,25076,1.0,1.0,0.28,85,81,338000,322000,31,54165,0.9529411764705882,0.9526627218934911,0.36470588235294116,110,106,427000,411000,38,79241,0.9636363636363636,0.9625292740046838,0.34545454545454546
sealed_holdout,4,public-random-104-7ad33e073229,random,64,206,7,2,uniform,shifted_hotspot,online,failure_aware,N036|N038,120000,False,0.328409263110189,0.34128966824196577,29512717,110,103,417000,380000,41,64772,0.9363636363636364,0.9112709832134293,0.37272727272727274,25,25,89000,89000,7,25076,1.0,1.0,0.28,85,81,338000,322000,33,54242,0.9529411764705882,0.9526627218934911,0.38823529411764707,110,106,427000,411000,40,79318,0.9636363636363636,0.9625292740046838,0.36363636363636365
sealed_holdout,4,public-random-104-7ad33e073229,random,64,206,7,2,polarized,diffuse,public,none,,0,False,0.7206295814831852,0.70205741164223,29392717,110,83,441000,276000,27,37315,0.7545454545454545,0.6258503401360545,0.24545454545454545,25,19,94000,55000,6,12842,0.76,0.5851063829787234,0.24,85,67,341000,232000,18,35299,0.788235294117647,0.6803519061583577,0.21176470588235294,110,86,435000,287000,24,48141,0.7818181818181819,0.6597701149425287,0.21818181818181817
sealed_holdout,4,public-random-104-7ad33e073229,random,64,206,7,2,polarized,diffuse,retry,none,,0,False,0.7206295814831852,0.6934256343340184,29392717,110,97,441000,352000,58,62361,0.8818181818181818,0.7981859410430839,0.5272727272727272,25,25,94000,94000,9,32921,1.0,1.0,0.36,85,79,341000,296000,37,63626,0.9294117647058824,0.8680351906158358,0.43529411764705883,110,104,435000,390000,46,96547,0.9454545454545454,0.896551724137931,0.41818181818181815
sealed_holdout,4,public-random-104-7ad33e073229,random,64,206,7,2,polarized,diffuse,online,none,,0,False,0.7206295814831852,0.6955365921827067,29392717,110,97,441000,349000,58,63505,0.8818181818181818,0.7913832199546486,0.5272727272727272,25,25,94000,94000,5,29797,1.0,1.0,0.2,85,77,341000,287000,40,62123,0.9058823529411765,0.841642228739003,0.47058823529411764,110,102,435000,381000,45,91920,0.9272727272727272,0.8758620689655172,0.4090909090909091
sealed_holdout,4,public-random-104-7ad33e073229,random,64,206,7,2,polarized,diffuse,oracle,none,,0,False,0.7206295814831852,0.6810069131201397,29392717,110,106,441000,415000,0,151804,0.9636363636363636,0.9410430839002267,0.0,25,25,94000,94000,0,49396,1.0,1.0,0.0,85,83,341000,325000,0,127008,0.9764705882352941,0.9530791788856305,0.0,110,108,435000,419000,0,176404,0.9818181818181818,0.9632183908045977,0.0
sealed_holdout,4,public-random-104-7ad33e073229,random,64,206,7,2,polarized,diffuse,online,random,N001|N034,120000,False,0.7206295814831852,0.6811805552089112,29512717,110,97,441000,349000,58,63505,0.8818181818181818,0.7913832199546486,0.5272727272727272,25,25,94000,94000,5,24199,1.0,1.0,0.2,85,78,341000,295000,41,69923,0.9176470588235294,0.8651026392961877,0.4823529411764706,110,103,435000,389000,46,94122,0.9363636363636364,0.8942528735632184,0.41818181818181815
sealed_holdout,4,public-random-104-7ad33e073229,random,64,206,7,2,polarized,diffuse,online,failure_aware,N059|N063,120000,False,0.7206295814831852,0.6805270201008675,29512717,110,97,441000,349000,58,63505,0.8818181818181818,0.7913832199546486,0.5272727272727272,25,25,94000,94000,5,24199,1.0,1.0,0.2,85,78,341000,295000,41,65403,0.9176470588235294,0.8651026392961877,0.4823529411764706,110,103,435000,389000,46,89602,0.9363636363636364,0.8942528735632184,0.41818181818181815
sealed_holdout,4,public-random-104-7ad33e073229,random,64,206,7,2,polarized,stationary_hotspot,public,none,,0,False,0.7206295814831852,0.7136984293712701,29392717,110,74,417000,228000,36,26130,0.6727272727272727,0.5467625899280576,0.32727272727272727,25,11,89000,21000,14,2741,0.44,0.23595505617977527,0.56,85,41,338000,130000,44,17956,0.4823529411764706,0.38461538461538464,0.5176470588235295,110,52,427000,151000,58,20697,0.4727272727272727,0.35362997658079626,0.5272727272727272
sealed_holdout,4,public-random-104-7ad33e073229,random,64,206,7,2,polarized,stationary_hotspot,retry,none,,0,False,0.7206295814831852,0.71302241389877,29392717,110,89,417000,296000,89,62262,0.8090909090909091,0.709832134292566,0.8090909090909091,25,22,89000,77000,20,24284,0.88,0.8651685393258427,0.8,85,64,338000,226000,90,62037,0.7529411764705882,0.6686390532544378,1.0588235294117647,110,86,427000,303000,110,86321,0.7818181818181819,0.7096018735362998,1.0
sealed_holdout,4,public-random-104-7ad33e073229,random,64,206,7,2,polarized,stationary_hotspot,online,none,,0,False,0.7206295814831852,0.707550509787664,29392717,110,95,417000,318000,75,89182,0.8636363636363636,0.762589928057554,0.6818181818181818,25,22,89000,71000,16,25950,0.88,0.797752808988764,0.64,85,77,338000,292000,58,106440,0.9058823529411765,0.863905325443787,0.6823529411764706,110,99,427000,363000,74,132390,0.9,0.8501170960187353,0.6727272727272727
sealed_holdout,4,public-random-104-7ad33e073229,random,64,206,7,2,polarized,stationary_hotspot,oracle,none,,0,False,0.7206295814831852,0.7120284713990829,29392717,110,101,417000,357000,0,103249,0.9181818181818182,0.8561151079136691,0.0,25,25,89000,89000,0,25688,1.0,1.0,0.0,85,79,338000,293000,0,100001,0.9294117647058824,0.8668639053254438,0.0,110,104,427000,382000,0,125689,0.9454545454545454,0.8946135831381733,0.0
sealed_holdout,4,public-random-104-7ad33e073229,random,64,206,7,2,polarized,stationary_hotspot,online,random,N001|N034,120000,False,0.7206295814831852,0.7087935971757131,29512717,110,95,417000,318000,75,89182,0.8636363636363636,0.762589928057554,0.6818181818181818,25,22,89000,71000,14,18234,0.88,0.797752808988764,0.56,85,65,338000,203000,74,29094,0.7647058823529411,0.6005917159763313,0.8705882352941177,110,87,427000,274000,88,47328,0.7909090909090909,0.6416861826697893,0.8
sealed_holdout,4,public-random-104-7ad33e073229,random,64,206,7,2,polarized,stationary_hotspot,online,failure_aware,N036|N038,120000,True,0.7206295814831852,0.7092685296168981,29512717,110,95,417000,318000,75,89182,0.8636363636363636,0.762589928057554,0.6818181818181818,25,25,89000,89000,6,22178,1.0,1.0,0.24,85,77,338000,290000,30,71397,0.9058823529411765,0.8579881656804734,0.35294117647058826,110,102,427000,379000,36,93575,0.9272727272727272,0.8875878220140515,0.32727272727272727
sealed_holdout,4,public-random-104-7ad33e073229,random,64,206,7,2,polarized,shifted_hotspot,public,none,,0,False,0.7206295814831852,0.7135378333526171,29392717,110,74,417000,228000,36,26130,0.6727272727272727,0.5467625899280576,0.32727272727272727,25,15,89000,33000,10,3905,0.6,0.3707865168539326,0.4,85,39,338000,121000,46,16948,0.4588235294117647,0.35798816568047337,0.5411764705882353,110,54,427000,154000,56,20853,0.4909090909090909,0.36065573770491804,0.509090909090909
sealed_holdout,4,public-random-104-7ad33e073229,random,64,206,7,2,polarized,shifted_hotspot,retry,none,,0,False,0.7206295814831852,0.7099542286028823,29392717,110,89,417000,296000,89,62262,0.8090909090909091,0.709832134292566,0.8090909090909091,25,24,89000,87000,10,13965,0.96,0.9775280898876404,0.4,85,58,338000,168000,107,30271,0.6823529411764706,0.4970414201183432,1.2588235294117647,110,82,427000,255000,117,44236,0.7454545454545455,0.5971896955503513,1.0636363636363637
sealed_holdout,4,public-random-104-7ad33e073229,random,64,206,7,2,polarized,shifted_hotspot,online,none,,0,False,0.7206295814831852,0.703888289843873,29392717,110,95,417000,318000,75,89182,0.8636363636363636,0.762589928057554,0.6818181818181818,25,25,89000,89000,5,16569,1.0,1.0,0.2,85,62,338000,184000,90,42038,0.7294117647058823,0.5443786982248521,1.0588235294117647,110,87,427000,273000,95,58607,0.7909090909090909,0.639344262295082,0.8636363636363636
sealed_holdout,4,public-random-104-7ad33e073229,random,64,206,7,2,polarized,shifted_hotspot,oracle,none,,0,False,0.7206295814831852,0.706361849305574,29392717,110,101,417000,357000,0,103249,0.9181818181818182,0.8561151079136691,0.0,25,25,89000,89000,0,16065,1.0,1.0,0.0,85,79,338000,293000,0,123257,0.9294117647058824,0.8668639053254438,0.0,110,104,427000,382000,0,139322,0.9454545454545454,0.8946135831381733,0.0
sealed_holdout,4,public-random-104-7ad33e073229,random,64,206,7,2,polarized,shifted_hotspot,online,random,N001|N034,120000,False,0.7206295814831852,0.69382366662633,29512717,110,95,417000,318000,75,89182,0.8636363636363636,0.762589928057554,0.6818181818181818,25,23,89000,73000,10,17663,0.92,0.8202247191011236,0.4,85,65,338000,214000,84,66511,0.7647058823529411,0.6331360946745562,0.9882352941176471,110,88,427000,287000,94,84174,0.8,0.6721311475409836,0.8545454545454545
sealed_holdout,4,public-random-104-7ad33e073229,random,64,206,7,2,polarized,shifted_hotspot,online,failure_aware,N036|N038,120000,False,0.7206295814831852,0.69382366662633,29512717,110,95,417000,318000,75,89182,0.8636363636363636,0.762589928057554,0.6818181818181818,25,23,89000,73000,10,17663,0.92,0.8202247191011236,0.4,85,65,338000,214000,84,66511,0.7647058823529411,0.6331360946745562,0.9882352941176471,110,88,427000,287000,94,84174,0.8,0.6721311475409836,0.8545454545454545
sealed_holdout,5,public-periphery-105-7534d6b1c584,periphery,64,96,38,0,balanced_band,diffuse,public,none,,0,False,0.05378463749716925,0.07904828290310993,14028793,110,109,389000,381000,1,2560168,0.990909090909091,0.9794344473007712,0.00909090909090909,25,24,124000,119000,1,472558,0.96,0.9596774193548387,0.04,85,82,362000,341000,3,2254448,0.9647058823529412,0.9419889502762431,0.03529411764705882,110,106,486000,460000,4,2727006,0.9636363636363636,0.9465020576131687,0.03636363636363636
sealed_holdout,5,public-periphery-105-7534d6b1c584,periphery,64,96,38,0,balanced_band,diffuse,retry,none,,0,False,0.05378463749716925,0.07976958288745645,14028793,110,109,389000,381000,1,2560168,0.990909090909091,0.9794344473007712,0.00909090909090909,25,24,124000,119000,1,472558,0.96,0.9596774193548387,0.04,85,85,362000,362000,4,2263319,1.0,1.0,0.047058823529411764,110,109,486000,481000,5,2735877,0.990909090909091,0.9897119341563786,0.045454545454545456
sealed_holdout,5,public-periphery-105-7534d6b1c584,periphery,64,96,38,0,balanced_band,diffuse,online,none,,0,False,0.05378463749716925,0.08473883023806694,14028793,110,109,389000,381000,5,2563498,0.990909090909091,0.9794344473007712,0.045454545454545456,25,24,124000,119000,1,472770,0.96,0.9596774193548387,0.04,85,85,362000,362000,7,2266277,1.0,1.0,0.08235294117647059,110,109,486000,481000,8,2739047,0.990909090909091,0.9897119341563786,0.07272727272727272
sealed_holdout,5,public-periphery-105-7534d6b1c584,periphery,64,96,38,0,balanced_band,diffuse,oracle,none,,0,False,0.05378463749716925,0.07976958288745645,14028793,110,109,389000,381000,0,2560168,0.990909090909091,0.9794344473007712,0.0,25,24,124000,119000,0,472558,0.96,0.9596774193548387,0.0,85,85,362000,362000,0,2263319,1.0,1.0,0.0,110,109,486000,481000,0,2735877,0.990909090909091,0.9897119341563786,0.0
sealed_holdout,5,public-periphery-105-7534d6b1c584,periphery,64,96,38,0,balanced_band,diffuse,online,random,N021|N046,120000,False,0.05378463749716925,0.08424542796130606,14148793,110,109,389000,381000,5,2563498,0.990909090909091,0.9794344473007712,0.045454545454545456,25,24,124000,119000,1,472818,0.96,0.9596774193548387,0.04,85,84,362000,354000,5,2260480,0.9882352941176471,0.9779005524861878,0.058823529411764705,110,108,486000,473000,6,2733298,0.9818181818181818,0.9732510288065843,0.05454545454545454
sealed_holdout,5,public-periphery-105-7534d6b1c584,periphery,64,96,38,0,balanced_band,diffuse,online,failure_aware,N023|N032,120000,False,0.05378463749716925,0.08459932406380766,14148793,110,109,389000,381000,5,2563498,0.990909090909091,0.9794344473007712,0.045454545454545456,25,24,124000,119000,1,450335,0.96,0.9596774193548387,0.04,85,84,362000,354000,5,2236500,0.9882352941176471,0.9779005524861878,0.058823529411764705,110,108,486000,473000,6,2686835,0.9818181818181818,0.9732510288065843,0.05454545454545454
sealed_holdout,5,public-periphery-105-7534d6b1c584,periphery,64,96,38,0,balanced_band,stationary_hotspot,public,none,,0,False,0.05378463749716925,0.08505796041365336,14028793,110,96,475000,384000,14,2935058,0.8727272727272727,0.8084210526315789,0.12727272727272726,25,24,119000,111000,1,763607,0.96,0.9327731092436975,0.04,85,74,322000,258000,11,2353742,0.8705882352941177,0.8012422360248447,0.12941176470588237,110,98,441000,369000,12,3117349,0.8909090909090909,0.8367346938775511,0.10909090909090909
sealed_holdout,5,public-periphery-105-7534d6b1c584,periphery,64,96,38,0,balanced_band,stationary_hotspot,retry,none,,0,False,0.05378463749716925,0.08505796041365336,14028793,110,96,475000,384000,26,2935058,0.8727272727272727,0.8084210526315789,0.23636363636363636,25,24,119000,111000,1,763607,0.96,0.9327731092436975,0.04,85,74,322000,258000,22,2353742,0.8705882352941177,0.8012422360248447,0.25882352941176473,110,98,441000,369000,23,3117349,0.8909090909090909,0.8367346938775511,0.20909090909090908
sealed_holdout,5,public-periphery-105-7534d6b1c584,periphery,64,96,38,0,balanced_band,stationary_hotspot,online,none,,0,False,0.05378463749716925,0.08702001213948389,14028793,110,96,475000,384000,28,2936226,0.8727272727272727,0.8084210526315789,0.2545454545454545,25,24,119000,111000,1,764647,0.96,0.9327731092436975,0.04,85,74,322000,258000,23,2354865,0.8705882352941177,0.8012422360248447,0.27058823529411763,110,98,441000,369000,24,3119512,0.8909090909090909,0.8367346938775511,0.21818181818181817
sealed_holdout,5,public-periphery-105-7534d6b1c584,periphery,64,96,38,0,balanced_band,stationary_hotspot,oracle,none,,0,False,0.05378463749716925,0.08505796041365336,14028793,110,96,475000,384000,0,2935058,0.8727272727272727,0.8084210526315789,0.0,25,24,119000,111000,0,763607,0.96,0.9327731092436975,0.0,85,74,322000,258000,0,2353742,0.8705882352941177,0.8012422360248447,0.0,110,98,441000,369000,0,3117349,0.8909090909090909,0.8367346938775511,0.0
sealed_holdout,5,public-periphery-105-7534d6b1c584,periphery,64,96,38,0,balanced_band,stationary_hotspot,online,random,N021|N046,120000,False,0.05378463749716925,0.08911061589243269,14148793,110,96,475000,384000,28,2936226,0.8727272727272727,0.8084210526315789,0.2545454545454545,25,24,119000,111000,1,763051,0.96,0.9327731092436975,0.04,85,74,322000,258000,22,2354056,0.8705882352941177,0.8012422360248447,0.25882352941176473,110,98,441000,369000,23,3117107,0.8909090909090909,0.8367346938775511,0.20909090909090908
sealed_holdout,5,public-periphery-105-7534d6b1c584,periphery,64,96,38,0,balanced_band,stationary_hotspot,online,failure_aware,N025|N047,120000,True,0.05378463749716925,0.09180798565991054,14148793,110,96,475000,384000,28,2936226,0.8727272727272727,0.8084210526315789,0.2545454545454545,25,24,119000,111000,1,568223,0.96,0.9327731092436975,0.04,85,82,322000,307000,7,1502076,0.9647058823529412,0.953416149068323,0.08235294117647059,110,106,441000,418000,8,2070299,0.9636363636363636,0.9478458049886621,0.07272727272727272
sealed_holdout,5,public-periphery-105-7534d6b1c584,periphery,64,96,38,0,balanced_band,shifted_hotspot,public,none,,0,False,0.05378463749716925,0.08505796041365336,14028793,110,96,475000,384000,14,2935058,0.8727272727272727,0.8084210526315789,0.12727272727272726,25,24,119000,111000,1,812947,0.96,0.9327731092436975,0.04,85,74,322000,258000,11,2539142,0.8705882352941177,0.8012422360248447,0.12941176470588237,110,98,441000,369000,12,3352089,0.8909090909090909,0.8367346938775511,0.10909090909090909
sealed_holdout,5,public-periphery-105-7534d6b1c584,periphery,64,96,38,0,balanced_band,shifted_hotspot,retry,none,,0,False,0.05378463749716925,0.08505796041365336,14028793,110,96,475000,384000,26,2935058,0.8727272727272727,0.8084210526315789,0.23636363636363636,25,24,119000,111000,1,812947,0.96,0.9327731092436975,0.04,85,74,322000,258000,15,2539142,0.8705882352941177,0.8012422360248447,0.17647058823529413,110,98,441000,369000,16,3352089,0.8909090909090909,0.8367346938775511,0.14545454545454545
sealed_holdout,5,public-periphery-105-7534d6b1c584,periphery,64,96,38,0,balanced_band,shifted_hotspot,online,none,,0,False,0.05378463749716925,0.08702001213948389,14028793,110,96,475000,384000,28,2936226,0.8727272727272727,0.8084210526315789,0.2545454545454545,25,24,119000,111000,1,813987,0.96,0.9327731092436975,0.04,85,74,322000,258000,16,2540265,0.8705882352941177,0.8012422360248447,0.18823529411764706,110,98,441000,369000,17,3354252,0.8909090909090909,0.8367346938775511,0.15454545454545454
sealed_holdout,5,public-periphery-105-7534d6b1c584,periphery,64,96,38,0,balanced_band,shifted_hotspot,oracle,none,,0,False,0.05378463749716925,0.08505796041365336,14028793,110,96,475000,384000,0,2935058,0.8727272727272727,0.8084210526315789,0.0,25,24,119000,111000,0,812947,0.96,0.9327731092436975,0.0,85,74,322000,258000,0,2539142,0.8705882352941177,0.8012422360248447,0.0,110,98,441000,369000,0,3352089,0.8909090909090909,0.8367346938775511,0.0
sealed_holdout,5,public-periphery-105-7534d6b1c584,periphery,64,96,38,0,balanced_band,shifted_hotspot,online,random,N021|N046,120000,False,0.05378463749716925,0.08911061589243269,14148793,110,96,475000,384000,28,2936226,0.8727272727272727,0.8084210526315789,0.2545454545454545,25,24,119000,111000,1,812391,0.96,0.9327731092436975,0.04,85,74,322000,258000,15,2539456,0.8705882352941177,0.8012422360248447,0.17647058823529413,110,98,441000,369000,16,3351847,0.8909090909090909,0.8367346938775511,0.14545454545454545
sealed_holdout,5,public-periphery-105-7534d6b1c584,periphery,64,96,38,0,balanced_band,shifted_hotspot,online,failure_aware,N025|N047,120000,False,0.05378463749716925,0.09138141609154869,14148793,110,96,475000,384000,28,2936226,0.8727272727272727,0.8084210526315789,0.2545454545454545,25,24,119000,111000,1,618067,0.96,0.9327731092436975,0.04,85,82,322000,307000,7,1786271,0.9647058823529412,0.953416149068323,0.08235294117647059,110,106,441000,418000,8,2404338,0.9636363636363636,0.9478458049886621,0.07272727272727272
sealed_holdout,5,public-periphery-105-7534d6b1c584,periphery,64,96,38,0,uniform,diffuse,public,none,,0,False,0.3097964824599347,0.3292283489311725,14028793,110,102,389000,349000,8,2475606,0.9272727272727272,0.897172236503856,0.07272727272727272,25,20,124000,96000,5,356519,0.8,0.7741935483870968,0.2,85,79,362000,323000,6,2123739,0.9294117647058824,0.8922651933701657,0.07058823529411765,110,99,486000,419000,11,2480258,0.9,0.8621399176954733,0.1
sealed_holdout,5,public-periphery-105-7534d6b1c584,periphery,64,96,38,0,uniform,diffuse,retry,none,,0,False,0.3097964824599347,0.32394341640942825,14028793,110,104,389000,359000,16,2543552,0.9454545454545454,0.922879177377892,0.14545454545454545,25,20,124000,96000,9,356519,0.8,0.7741935483870968,0.36,85,83,362000,352000,6,2161044,0.9764705882352941,0.9723756906077348,0.07058823529411765,110,103,486000,448000,15,2517563,0.9363636363636364,0.9218106995884774,0.13636363636363635
sealed_holdout,5,public-periphery-105-7534d6b1c584,periphery,64,96,38,0,uniform,diffuse,online,none,,0,False,0.3097964824599347,0.33077119234657815,14028793,110,104,389000,359000,21,2547784,0.9454545454545454,0.922879177377892,0.19090909090909092,25,20,124000,96000,9,356779,0.8,0.7741935483870968,0.36,85,83,362000,352000,11,2168966,0.9764705882352941,0.9723756906077348,0.12941176470588237,110,103,486000,448000,20,2525745,0.9363636363636364,0.9218106995884774,0.18181818181818182
sealed_holdout,5,public-periphery-105-7534d6b1c584,periphery,64,96,38,0,uniform,diffuse,oracle,none,,0,False,0.3097964824599347,0.3242372344145592,14028793,110,105,389000,367000,0,2563348,0.9545454545454546,0.9434447300771208,0.0,25,20,124000,96000,0,356519,0.8,0.7741935483870968,0.0,85,83,362000,352000,0,2161044,0.9764705882352941,0.9723756906077348,0.0,110,103,486000,448000,0,2517563,0.9363636363636364,0.9218106995884774,0.0
sealed_holdout,5,public-periphery-105-7534d6b1c584,periphery,64,96,38,0,uniform,diffuse,online,random,N021|N046,120000,False,0.3097964824599347,0.32685911439764626,14148793,110,104,389000,359000,21,2547784,0.9454545454545454,0.922879177377892,0.19090909090909092,25,20,124000,96000,9,356779,0.8,0.7741935483870968,0.36,85,82,362000,344000,8,2159025,0.9647058823529412,0.9502762430939227,0.09411764705882353,110,102,486000,440000,17,2515804,0.9272727272727272,0.9053497942386831,0.15454545454545454
sealed_holdout,5,public-periphery-105-7534d6b1c584,periphery,64,96,38,0,uniform,diffuse,online,failure_aware,N035|N038,120000,False,0.3097964824599347,0.32502389935692777,14148793,110,104,389000,359000,21,2547784,0.9454545454545454,0.922879177377892,0.19090909090909092,25,20,124000,103000,13,409022,0.8,0.8306451612903226,0.52,85,82,362000,344000,10,2159107,0.9647058823529412,0.9502762430939227,0.11764705882352941,110,102,486000,447000,23,2568129,0.9272727272727272,0.9197530864197531,0.20909090909090908
sealed_holdout,5,public-periphery-105-7534d6b1c584,periphery,64,96,38,0,uniform,stationary_hotspot,public,none,,0,False,0.3097964824599347,0.32549391167034536,14028793,110,90,475000,361000,20,2732718,0.8181818181818182,0.76,0.18181818181818182,25,25,119000,119000,0,765631,1.0,1.0,0.0,85,70,322000,243000,15,2206254,0.8235294117647058,0.7546583850931677,0.17647058823529413,110,95,441000,362000,15,2971885,0.8636363636363636,0.8208616780045351,0.13636363636363635
sealed_holdout,5,public-periphery-105-7534d6b1c584,periphery,64,96,38,0,uniform,stationary_hotspot,retry,none,,0,False,0.3097964824599347,0.3215357037007538,14028793,110,93,475000,370000,35,2903515,0.8454545454545455,0.7789473684210526,0.3181818181818182,25,25,119000,119000,0,765631,1.0,1.0,0.0,85,73,322000,250000,25,2325309,0.8588235294117647,0.7763975155279503,0.29411764705882354,110,98,441000,369000,25,3090940,0.8909090909090909,0.8367346938775511,0.22727272727272727
sealed_holdout,5,public-periphery-105-7534d6b1c584,periphery,64,96,38,0,uniform,stationary_hotspot,online,none,,0,False,0.3097964824599347,0.3269083055660802,14028793,110,93,475000,370000,39,2906275,0.8454545454545455,0.7789473684210526,0.35454545454545455,25,25,119000,119000,0,765699,1.0,1.0,0.0,85,73,322000,250000,24,2325622,0.8588235294117647,0.7763975155279503,0.2823529411764706,110,98,441000,369000,24,3091321,0.8909090909090909,0.8367346938775511,0.21818181818181817
sealed_holdout,5,public-periphery-105-7534d6b1c584,periphery,64,96,38,0,uniform,stationary_hotspot,oracle,none,,0,False,0.3097964824599347,0.3215357037007538,14028793,110,93,475000,370000,0,2903515,0.8454545454545455,0.7789473684210526,0.0,25,25,119000,119000,0,765631,1.0,1.0,0.0,85,73,322000,250000,0,2325309,0.8588235294117647,0.7763975155279503,0.0,110,98,441000,369000,0,3090940,0.8909090909090909,0.8367346938775511,0.0
sealed_holdout,5,public-periphery-105-7534d6b1c584,periphery,64,96,38,0,uniform,stationary_hotspot,online,random,N021|N046,120000,False,0.3097964824599347,0.32201665696001375,14148793,110,93,475000,370000,39,2906275,0.8454545454545455,0.7789473684210526,0.35454545454545455,25,25,119000,119000,1,765891,1.0,1.0,0.04,85,73,322000,250000,26,2326126,0.8588235294117647,0.7763975155279503,0.3058823529411765,110,98,441000,369000,27,3092017,0.8909090909090909,0.8367346938775511,0.24545454545454545
sealed_holdout,5,public-periphery-105-7534d6b1c584,periphery,64,96,38,0,uniform,stationary_hotspot,online,failure_aware,N025|N047,120000,True,0.3097964824599347,0.32494891097824036,14148793,110,93,475000,370000,39,2906275,0.8454545454545455,0.7789473684210526,0.35454545454545455,25,25,119000,119000,1,571063,1.0,1.0,0.04,85,82,322000,298000,9,1524188,0.9647058823529412,0.9254658385093167,0.10588235294117647,110,107,441000,417000,10,2095251,0.9727272727272728,0.9455782312925171,0.09090909090909091
sealed_holdout,5,public-periphery-105-7534d6b1c584,periphery,64,96,38,0,uniform,shifted_hotspot,public,none,,0,False,0.3097964824599347,0.3248037274482877,14028793,110,90,475000,361000,20,2732718,0.8181818181818182,0.76,0.18181818181818182,25,25,119000,119000,0,814971,1.0,1.0,0.0,85,74,322000,246000,11,2604846,0.8705882352941177,0.7639751552795031,0.12941176470588237,110,99,441000,365000,11,3419817,0.9,0.8276643990929705,0.1
sealed_holdout,5,public-periphery-105-7534d6b1c584,periphery,64,96,38,0,uniform,shifted_hotspot,retry,none,,0,False,0.3097964824599347,0.32114749538322107,14028793,110,93,475000,370000,35,2903515,0.8454545454545455,0.7789473684210526,0.3181818181818182,25,25,119000,119000,0,814971,1.0,1.0,0.0,85,73,322000,250000,17,2501364,0.8588235294117647,0.7763975155279503,0.2,110,98,441000,369000,17,3316335,0.8909090909090909,0.8367346938775511,0.15454545454545454
sealed_holdout,5,public-periphery-105-7534d6b1c584,periphery,64,96,38,0,uniform,shifted_hotspot,online,none,,0,False,0.3097964824599347,0.3265200972485474,14028793,110,93,475000,370000,39,2906275,0.8454545454545455,0.7789473684210526,0.35454545454545455,25,25,119000,119000,0,815039,1.0,1.0,0.0,85,73,322000,250000,16,2501677,0.8588235294117647,0.7763975155279503,0.18823529411764706,110,98,441000,369000,16,3316716,0.8909090909090909,0.8367346938775511,0.14545454545454545
sealed_holdout,5,public-periphery-105-7534d6b1c584,periphery,64,96,38,0,uniform,shifted_hotspot,oracle,none,,0,False,0.3097964824599347,0.32114749538322107,14028793,110,93,475000,370000,0,2903515,0.8454545454545455,0.7789473684210526,0.0,25,25,119000,119000,0,814971,1.0,1.0,0.0,85,73,322000,250000,0,2501364,0.8588235294117647,0.7763975155279503,0.0,110,98,441000,369000,0,3316335,0.8909090909090909,0.8367346938775511,0.0
sealed_holdout,5,public-periphery-105-7534d6b1c584,periphery,64,96,38,0,uniform,shifted_hotspot,online,random,N021|N046,120000,False,0.3097964824599347,0.3216317411493474,14148793,110,93,475000,370000,39,2906275,0.8454545454545455,0.7789473684210526,0.35454545454545455,25,25,119000,119000,1,815231,1.0,1.0,0.04,85,73,322000,250000,18,2502181,0.8588235294117647,0.7763975155279503,0.21176470588235294,110,98,441000,369000,19,3317412,0.8909090909090909,0.8367346938775511,0.17272727272727273
sealed_holdout,5,public-periphery-105-7534d6b1c584,periphery,64,96,38,0,uniform,shifted_hotspot,online,failure_aware,N025|N047,120000,False,0.3097964824599347,0.31684120931834137,14148793,110,93,475000,370000,39,2906275,0.8454545454545455,0.7789473684210526,0.35454545454545455,25,25,119000,119000,2,632652,1.0,1.0,0.08,85,82,322000,298000,9,1808383,0.9647058823529412,0.9254658385093167,0.10588235294117647,110,107,441000,417000,11,2441035,0.9727272727272728,0.9455782312925171,0.1
sealed_holdout,5,public-periphery-105-7534d6b1c584,periphery,64,96,38,0,polarized,diffuse,public,none,,0,False,0.7143480506523282,0.7002885148286172,14028793,110,83,389000,263000,27,1910234,0.7545454545454545,0.6760925449871465,0.24545454545454545,25,18,124000,80000,7,340361,0.72,0.6451612903225806,0.28,85,59,362000,227000,26,1739983,0.6941176470588235,0.6270718232044199,0.3058823529411765,110,77,486000,307000,33,2080344,0.7,0.6316872427983539,0.3
sealed_holdout,5,public-periphery-105-7534d6b1c584,periphery,64,96,38,0,polarized,diffuse,retry,none,,0,False,0.7143480506523282,0.7016009494452417,14028793,110,89,389000,288000,50,2090942,0.8090909090909091,0.7403598971722365,0.45454545454545453,25,19,124000,88000,13,342377,0.76,0.7096774193548387,0.52,85,69,362000,271000,45,1944583,0.8117647058823529,0.7486187845303868,0.5294117647058824,110,88,486000,359000,58,2286960,0.8,0.7386831275720165,0.5272727272727272
sealed_holdout,5,public-periphery-105-7534d6b1c584,periphery,64,96,38,0,polarized,diffuse,online,none,,0,False,0.7143480506523282,0.6912352710580343,14028793,110,89,389000,288000,54,2091443,0.8090909090909091,0.7403598971722365,0.4909090909090909,25,19,124000,88000,13,342377,0.76,0.7096774193548387,0.52,85,68,362000,270000,43,1895790,0.8,0.7458563535911602,0.5058823529411764,110,87,486000,358000,56,2238167,0.7909090909090909,0.7366255144032922,0.509090909090909
sealed_holdout,5,public-periphery-105-7534d6b1c584,periphery,64,96,38,0,polarized,diffuse,oracle,none,,0,False,0.7143480506523282,0.7038476965090451,14028793,110,90,389000,293000,0,2092549,0.8181818181818182,0.7532133676092545,0.0,25,19,124000,88000,0,342377,0.76,0.7096774193548387,0.0,85,73,362000,294000,0,2023825,0.8588235294117647,0.8121546961325967,0.0,110,92,486000,382000,0,2366202,0.8363636363636363,0.7860082304526749,0.0
sealed_holdout,5,public-periphery-105-7534d6b1c584,periphery,64,96,38,0,polarized,diffuse,online,random,N021|N046,120000,False,0.7143480506523282,0.6871663215961527,14148793,110,89,389000,288000,54,2091443,0.8090909090909091,0.7403598971722365,0.4909090909090909,25,19,124000,88000,13,342377,0.76,0.7096774193548387,0.52,85,71,362000,281000,38,2000754,0.8352941176470589,0.7762430939226519,0.4470588235294118,110,90,486000,369000,51,2343131,0.8181818181818182,0.7592592592592593,0.4636363636363636
sealed_holdout,5,public-periphery-105-7534d6b1c584,periphery,64,96,38,0,polarized,diffuse,online,failure_aware,N023|N032,120000,False,0.7143480506523282,0.6871663215961527,14148793,110,89,389000,288000,54,2091443,0.8090909090909091,0.7403598971722365,0.4909090909090909,25,19,124000,88000,15,342377,0.76,0.7096774193548387,0.6,85,71,362000,281000,38,1976774,0.8352941176470589,0.7762430939226519,0.4470588235294118,110,90,486000,369000,53,2319151,0.8181818181818182,0.7592592592592593,0.4818181818181818
sealed_holdout,5,public-periphery-105-7534d6b1c584,periphery,64,96,38,0,polarized,stationary_hotspot,public,none,,0,False,0.7143480506523282,0.6905157891511989,14028793,110,78,475000,290000,32,2511872,0.7090909090909091,0.6105263157894737,0.2909090909090909,25,24,119000,114000,1,752378,0.96,0.957983193277311,0.04,85,63,322000,211000,22,2070654,0.7411764705882353,0.65527950310559,0.25882352941176473,110,87,441000,325000,23,2823032,0.7909090909090909,0.7369614512471655,0.20909090909090908
sealed_holdout,5,public-periphery-105-7534d6b1c584,periphery,64,96,38,0,polarized,stationary_hotspot,retry,none,,0,False,0.7143480506523282,0.6802787188571789,14028793,110,87,475000,334000,54,2845020,0.7909090909090909,0.7031578947368421,0.4909090909090909,25,24,119000,114000,3,752378,0.96,0.957983193277311,0.12,85,67,322000,217000,39,2174200,0.788235294117647,0.6739130434782609,0.4588235294117647,110,91,441000,331000,42,2926578,0.8272727272727273,0.7505668934240363,0.38181818181818183
sealed_holdout,5,public-periphery-105-7534d6b1c584,periphery,64,96,38,0,polarized,stationary_hotspot,online,none,,0,False,0.7143480506523282,0.6771391713263356,14028793,110,87,475000,334000,56,2846872,0.7909090909090909,0.7031578947368421,0.509090909090909,25,24,119000,114000,3,752446,0.96,0.957983193277311,0.12,85,67,322000,221000,40,2179720,0.788235294117647,0.6863354037267081,0.47058823529411764,110,91,441000,335000,43,2932166,0.8272727272727273,0.7596371882086168,0.39090909090909093
sealed_holdout,5,public-periphery-105-7534d6b1c584,periphery,64,96,38,0,polarized,stationary_hotspot,oracle,none,,0,False,0.7143480506523282,0.6850888061483696,14028793,110,87,475000,334000,0,2845020,0.7909090909090909,0.7031578947368421,0.0,25,24,119000,114000,0,752378,0.96,0.957983193277311,0.0,85,69,322000,230000,0,2206731,0.8117647058823529,0.7142857142857143,0.0,110,93,441000,344000,0,2959109,0.8454545454545455,0.780045351473923,0.0
sealed_holdout,5,public-periphery-105-7534d6b1c584,periphery,64,96,38,0,polarized,stationary_hotspot,online,random,N021|N046,120000,False,0.7143480506523282,0.6746408900329763,14148793,110,87,475000,334000,56,2846872,0.7909090909090909,0.7031578947368421,0.509090909090909,25,24,119000,114000,4,752446,0.96,0.957983193277311,0.16,85,69,322000,230000,39,2202095,0.8117647058823529,0.7142857142857143,0.4588235294117647,110,93,441000,344000,43,2954541,0.8454545454545455,0.780045351473923,0.39090909090909093
sealed_holdout,5,public-periphery-105-7534d6b1c584,periphery,64,96,38,0,polarized,stationary_hotspot,online,failure_aware,N025|N047,120000,True,0.7143480506523282,0.6782239613042015,14148793,110,87,475000,334000,56,2846872,0.7909090909090909,0.7031578947368421,0.509090909090909,25,24,119000,114000,4,557618,0.96,0.957983193277311,0.16,85,78,322000,278000,24,1448214,0.9176470588235294,0.8633540372670807,0.2823529411764706,110,102,441000,392000,28,2005832,0.9272727272727272,0.8888888888888888,0.2545454545454545
sealed_holdout,5,public-periphery-105-7534d6b1c584,periphery,64,96,38,0,polarized,shifted_hotspot,public,none,,0,False,0.7143480506523282,0.6854357143545208,14028793,110,78,475000,290000,32,2511872,0.7090909090909091,0.6105263157894737,0.2909090909090909,25,24,119000,114000,1,801718,0.96,0.957983193277311,0.04,85,68,322000,225000,17,2535965,0.8,0.6987577639751553,0.2,110,92,441000,339000,18,3337683,0.8363636363636363,0.7687074829931972,0.16363636363636364
sealed_holdout,5,public-periphery-105-7534d6b1c584,periphery,64,96,38,0,polarized,shifted_hotspot,retry,none,,0,False,0.7143480506523282,0.6797841928945139,14028793,110,87,475000,334000,54,2845020,0.7909090909090909,0.7031578947368421,0.4909090909090909,25,24,119000,114000,3,801718,0.96,0.957983193277311,0.12,85,67,322000,217000,31,2350255,0.788235294117647,0.6739130434782609,0.36470588235294116,110,91,441000,331000,34,3151973,0.8272727272727273,0.7505668934240363,0.3090909090909091
sealed_holdout,5,public-periphery-105-7534d6b1c584,periphery,64,96,38,0,polarized,shifted_hotspot,online,none,,0,False,0.7143480506523282,0.6766446453636705,14028793,110,87,475000,334000,56,2846872,0.7909090909090909,0.7031578947368421,0.509090909090909,25,24,119000,114000,3,801786,0.96,0.957983193277311,0.12,85,67,322000,221000,32,2355775,0.788235294117647,0.6863354037267081,0.3764705882352941,110,91,441000,335000,35,3157561,0.8272727272727273,0.7596371882086168,0.3181818181818182
sealed_holdout,5,public-periphery-105-7534d6b1c584,periphery,64,96,38,0,polarized,shifted_hotspot,oracle,none,,0,False,0.7143480506523282,0.6845942801857046,14028793,110,87,475000,334000,0,2845020,0.7909090909090909,0.7031578947368421,0.0,25,24,119000,114000,0,801718,0.96,0.957983193277311,0.0,85,69,322000,230000,0,2382786,0.8117647058823529,0.7142857142857143,0.0,110,93,441000,344000,0,3184504,0.8454545454545455,0.780045351473923,0.0
sealed_holdout,5,public-periphery-105-7534d6b1c584,periphery,64,96,38,0,polarized,shifted_hotspot,online,random,N021|N046,120000,False,0.7143480506523282,0.6741505582878337,14148793,110,87,475000,334000,56,2846872,0.7909090909090909,0.7031578947368421,0.509090909090909,25,24,119000,114000,4,801786,0.96,0.957983193277311,0.16,85,69,322000,230000,31,2378150,0.8117647058823529,0.7142857142857143,0.36470588235294116,110,93,441000,344000,35,3179936,0.8454545454545455,0.780045351473923,0.3181818181818182
sealed_holdout,5,public-periphery-105-7534d6b1c584,periphery,64,96,38,0,polarized,shifted_hotspot,online,failure_aware,N025|N047,120000,False,0.7143480506523282,0.6638341726853318,14148793,110,87,475000,334000,56,2846872,0.7909090909090909,0.7031578947368421,0.509090909090909,25,24,119000,114000,5,619207,0.96,0.957983193277311,0.2,85,78,322000,278000,24,1732409,0.9176470588235294,0.8633540372670807,0.2823529411764706,110,102,441000,392000,29,2351616,0.9272727272727272,0.8888888888888888,0.2636363636363636
sealed_holdout,5,public-periphery-105-7534d6b1c584,periphery,64,96,38,1,balanced_band,diffuse,public,none,,0,False,0.04158918691313268,0.06674819972715995,14028793,110,108,422000,409000,2,2702733,0.9818181818181818,0.9691943127962085,0.01818181818181818,25,25,89000,89000,0,486146,1.0,1.0,0.0,85,82,331000,316000,3,2228551,0.9647058823529412,0.9546827794561934,0.03529411764705882,110,107,420000,405000,3,2714697,0.9727272727272728,0.9642857142857143,0.02727272727272727
sealed_holdout,5,public-periphery-105-7534d6b1c584,periphery,64,96,38,1,balanced_band,diffuse,retry,none,,0,False,0.04158918691313268,0.0662663241616976,14028793,110,109,422000,414000,4,2754748,0.990909090909091,0.981042654028436,0.03636363636363636,25,25,89000,89000,0,486146,1.0,1.0,0.0,85,85,331000,331000,3,2249321,1.0,1.0,0.03529411764705882,110,110,420000,420000,3,2735467,1.0,1.0,0.02727272727272727
sealed_holdout,5,public-periphery-105-7534d6b1c584,periphery,64,96,38,1,balanced_band,diffuse,online,none,,0,False,0.04158918691313268,0.0687846936036335,14028793,110,109,422000,414000,4,2756679,0.990909090909091,0.981042654028436,0.03636363636363636,25,25,89000,89000,0,486575,1.0,1.0,0.0,85,85,331000,331000,2,2251095,1.0,1.0,0.023529411764705882,110,110,420000,420000,2,2737670,1.0,1.0,0.01818181818181818
sealed_holdout,5,public-periphery-105-7534d6b1c584,periphery,64,96,38,1,balanced_band,diffuse,oracle,none,,0,False,0.04158918691313268,0.0662663241616976,14028793,110,109,422000,414000,0,2754748,0.990909090909091,0.981042654028436,0.0,25,25,89000,89000,0,486146,1.0,1.0,0.0,85,85,331000,331000,0,2249321,1.0,1.0,0.0,110,110,420000,420000,0,2735467,1.0,1.0,0.0
sealed_holdout,5,public-periphery-105-7534d6b1c584,periphery,64,96,38,1,balanced_band,diffuse,online,random,N000|N032,120000,False,0.04158918691313268,0.06329794421029698,14148793,110,109,422000,414000,4,2756679,0.990909090909091,0.981042654028436,0.03636363636363636,25,25,89000,89000,0,475957,1.0,1.0,0.0,85,85,331000,331000,0,2221867,1.0,1.0,0.0,110,110,420000,420000,0,2697824,1.0,1.0,0.0
sealed_holdout,5,public-periphery-105-7534d6b1c584,periphery,64,96,38,1,balanced_band,diffuse,online,failure_aware,N016|N019,120000,False,0.04158918691313268,0.06435672891509682,14148793,110,109,422000,414000,4,2756679,0.990909090909091,0.981042654028436,0.03636363636363636,25,25,89000,89000,0,487335,1.0,1.0,0.0,85,85,331000,331000,0,2230189,1.0,1.0,0.0,110,110,420000,420000,0,2717524,1.0,1.0,0.0
sealed_holdout,5,public-periphery-105-7534d6b1c584,periphery,64,96,38,1,balanced_band,stationary_hotspot,public,none,,0,False,0.04158918691313268,0.06398946716604789,14028793,110,88,435000,304000,22,2539098,0.8,0.6988505747126437,0.2,25,20,75000,61000,5,826046,0.8,0.8133333333333334,0.2,85,74,360000,293000,11,2431525,0.8705882352941177,0.8138888888888889,0.12941176470588237,110,94,435000,354000,16,3257571,0.8545454545454545,0.8137931034482758,0.14545454545454545
sealed_holdout,5,public-periphery-105-7534d6b1c584,periphery,64,96,38,1,balanced_band,stationary_hotspot,retry,none,,0,False,0.04158918691313268,0.06398946716604789,14028793,110,88,435000,304000,64,2539098,0.8,0.6988505747126437,0.5818181818181818,25,20,75000,61000,13,826046,0.8,0.8133333333333334,0.52,85,74,360000,293000,31,2431525,0.8705882352941177,0.8138888888888889,0.36470588235294116,110,94,435000,354000,44,3257571,0.8545454545454545,0.8137931034482758,0.4
sealed_holdout,5,public-periphery-105-7534d6b1c584,periphery,64,96,38,1,balanced_band,stationary_hotspot,online,none,,0,False,0.04158918691313268,0.06359513853205263,14028793,110,88,435000,304000,69,2542292,0.8,0.6988505747126437,0.6272727272727273,25,20,75000,61000,13,826715,0.8,0.8133333333333334,0.52,85,74,360000,293000,33,2433973,0.8705882352941177,0.8138888888888889,0.38823529411764707,110,94,435000,354000,46,3260688,0.8545454545454545,0.8137931034482758,0.41818181818181815
sealed_holdout,5,public-periphery-105-7534d6b1c584,periphery,64,96,38,1,balanced_band,stationary_hotspot,oracle,none,,0,False,0.04158918691313268,0.06398946716604789,14028793,110,88,435000,304000,0,2539098,0.8,0.6988505747126437,0.0,25,20,75000,61000,0,826046,0.8,0.8133333333333334,0.0,85,74,360000,293000,0,2431525,0.8705882352941177,0.8138888888888889,0.0,110,94,435000,354000,0,3257571,0.8545454545454545,0.8137931034482758,0.0
sealed_holdout,5,public-periphery-105-7534d6b1c584,periphery,64,96,38,1,balanced_band,stationary_hotspot,online,random,N000|N032,120000,False,0.04158918691313268,0.06258451084001357,14148793,110,88,435000,304000,69,2542292,0.8,0.6988505747126437,0.6272727272727273,25,20,75000,61000,13,816765,0.8,0.8133333333333334,0.52,85,74,360000,293000,31,2414247,0.8705882352941177,0.8138888888888889,0.36470588235294116,110,94,435000,354000,44,3231012,0.8545454545454545,0.8137931034482758,0.4
sealed_holdout,5,public-periphery-105-7534d6b1c584,periphery,64,96,38,1,balanced_band,stationary_hotspot,online,failure_aware,N025|N063,120000,True,0.04158918691313268,0.06913541198036671,14148793,110,88,435000,304000,69,2542292,0.8,0.6988505747126437,0.6272727272727273,25,23,75000,65000,4,583875,0.92,0.8666666666666667,0.16,85,83,360000,347000,7,1309489,0.9764705882352941,0.9638888888888889,0.08235294117647059,110,106,435000,412000,11,1893364,0.9636363636363636,0.9471264367816092,0.1
sealed_holdout,5,public-periphery-105-7534d6b1c584,periphery,64,96,38,1,balanced_band,shifted_hotspot,public,none,,0,False,0.04158918691313268,0.06395238985725861,14028793,110,88,435000,304000,22,2539098,0.8,0.6988505747126437,0.2,25,20,75000,61000,5,1022046,0.8,0.8133333333333334,0.2,85,74,360000,293000,11,3558525,0.8705882352941177,0.8138888888888889,0.12941176470588237,110,94,435000,354000,16,4580571,0.8545454545454545,0.8137931034482758,0.14545454545454545
sealed_holdout,5,public-periphery-105-7534d6b1c584,periphery,64,96,38,1,balanced_band,shifted_hotspot,retry,none,,0,False,0.04158918691313268,0.06395238985725861,14028793,110,88,435000,304000,64,2539098,0.8,0.6988505747126437,0.5818181818181818,25,20,75000,61000,7,1022046,0.8,0.8133333333333334,0.28,85,74,360000,293000,15,3558525,0.8705882352941177,0.8138888888888889,0.17647058823529413,110,94,435000,354000,22,4580571,0.8545454545454545,0.8137931034482758,0.2
sealed_holdout,5,public-periphery-105-7534d6b1c584,periphery,64,96,38,1,balanced_band,shifted_hotspot,online,none,,0,False,0.04158918691313268,0.0635427053486674,14028793,110,88,435000,304000,69,2542292,0.8,0.6988505747126437,0.6272727272727273,25,20,75000,61000,7,1022715,0.8,0.8133333333333334,0.28,85,74,360000,293000,17,3560973,0.8705882352941177,0.8138888888888889,0.2,110,94,435000,354000,24,4583688,0.8545454545454545,0.8137931034482758,0.21818181818181817
sealed_holdout,5,public-periphery-105-7534d6b1c584,periphery,64,96,38,1,balanced_band,shifted_hotspot,oracle,none,,0,False,0.04158918691313268,0.06395238985725861,14028793,110,88,435000,304000,0,2539098,0.8,0.6988505747126437,0.0,25,20,75000,61000,0,1022046,0.8,0.8133333333333334,0.0,85,74,360000,293000,0,3558525,0.8705882352941177,0.8138888888888889,0.0,110,94,435000,354000,0,4580571,0.8545454545454545,0.8137931034482758,0.0
sealed_holdout,5,public-periphery-105-7534d6b1c584,periphery,64,96,38,1,balanced_band,shifted_hotspot,online,random,N000|N032,120000,False,0.04158918691313268,0.06166842109944695,14148793,110,88,435000,304000,69,2542292,0.8,0.6988505747126437,0.6272727272727273,25,20,75000,61000,7,1012765,0.8,0.8133333333333334,0.28,85,74,360000,293000,15,3541367,0.8705882352941177,0.8138888888888889,0.17647058823529413,110,94,435000,354000,22,4554132,0.8545454545454545,0.8137931034482758,0.2
sealed_holdout,5,public-periphery-105-7534d6b1c584,periphery,64,96,38,1,balanced_band,shifted_hotspot,online,failure_aware,N025|N063,120000,False,0.04158918691313268,0.0722732885512674,14148793,110,88,435000,304000,69,2542292,0.8,0.6988505747126437,0.6272727272727273,25,23,75000,65000,4,940903,0.92,0.8666666666666667,0.16,85,82,360000,339000,9,2737593,0.9647058823529412,0.9416666666666667,0.10588235294117647,110,105,435000,404000,13,3678496,0.9545454545454546,0.9287356321839081,0.11818181818181818
sealed_holdout,5,public-periphery-105-7534d6b1c584,periphery,64,96,38,1,uniform,diffuse,public,none,,0,False,0.2395552630868627,0.24284214664693432,14028793,110,100,422000,357000,10,2581926,0.9090909090909091,0.8459715639810427,0.09090909090909091,25,24,89000,87000,1,424946,0.96,0.9775280898876404,0.04,85,80,331000,303000,5,2126643,0.9411764705882353,0.9154078549848943,0.058823529411764705,110,104,420000,390000,6,2551589,0.9454545454545454,0.9285714285714286,0.05454545454545454
sealed_holdout,5,public-periphery-105-7534d6b1c584,periphery,64,96,38,1,uniform,diffuse,retry,none,,0,False,0.2395552630868627,0.23827318152850915,14028793,110,105,422000,391000,19,2659614,0.9545454545454546,0.9265402843601895,0.17272727272727273,25,23,89000,79000,4,409018,0.92,0.8876404494382022,0.16,85,83,331000,321000,6,2147883,0.9764705882352941,0.9697885196374623,0.07058823529411765,110,106,420000,400000,10,2556901,0.9636363636363636,0.9523809523809523,0.09090909090909091
sealed_holdout,5,public-periphery-105-7534d6b1c584,periphery,64,96,38,1,uniform,diffuse,online,none,,0,False,0.2395552630868627,0.24333798703655826,14028793,110,105,422000,391000,19,2662047,0.9545454545454546,0.9265402843601895,0.17272727272727273,25,23,89000,79000,4,409479,0.92,0.8876404494382022,0.16,85,83,331000,321000,4,2151891,0.9764705882352941,0.9697885196374623,0.047058823529411764,110,106,420000,400000,8,2561370,0.9636363636363636,0.9523809523809523,0.07272727272727272
sealed_holdout,5,public-periphery-105-7534d6b1c584,periphery,64,96,38,1,uniform,diffuse,oracle,none,,0,False,0.2395552630868627,0.23412330630566452,14028793,110,107,422000,407000,0,2682852,0.9727272727272728,0.9644549763033176,0.0,25,23,89000,79000,0,409018,0.92,0.8876404494382022,0.0,85,83,331000,321000,0,2147883,0.9764705882352941,0.9697885196374623,0.0,110,106,420000,400000,0,2556901,0.9636363636363636,0.9523809523809523,0.0
sealed_holdout,5,public-periphery-105-7534d6b1c584,periphery,64,96,38,1,uniform,diffuse,online,random,N000|N032,120000,False,0.2395552630868627,0.24013722260075987,14148793,110,105,422000,391000,19,2662047,0.9545454545454546,0.9265402843601895,0.17272727272727273,25,23,89000,79000,5,399789,0.92,0.8876404494382022,0.2,85,83,331000,321000,2,2120744,0.9764705882352941,0.9697885196374623,0.023529411764705882,110,106,420000,400000,7,2520533,0.9636363636363636,0.9523809523809523,0.06363636363636363
sealed_holdout,5,public-periphery-105-7534d6b1c584,periphery,64,96,38,1,uniform,diffuse,online,failure_aware,N043|N050,120000,False,0.2395552630868627,0.2400966715443869,14148793,110,105,422000,391000,19,2662047,0.9545454545454546,0.9265402843601895,0.17272727272727273,25,23,89000,79000,5,411167,0.92,0.8876404494382022,0.2,85,83,331000,321000,2,2149642,0.9764705882352941,0.9697885196374623,0.023529411764705882,110,106,420000,400000,7,2560809,0.9636363636363636,0.9523809523809523,0.06363636363636363
sealed_holdout,5,public-periphery-105-7534d6b1c584,periphery,64,96,38,1,uniform,stationary_hotspot,public,none,,0,False,0.2395552630868627,0.24873114086615772,14028793,110,81,435000,269000,29,2318367,0.7363636363636363,0.6183908045977011,0.2636363636363636,25,21,75000,63000,4,876088,0.84,0.84,0.16,85,72,360000,283000,13,2430255,0.8470588235294118,0.7861111111111111,0.15294117647058825,110,93,435000,346000,17,3306343,0.8454545454545455,0.7954022988505747,0.15454545454545454
sealed_holdout,5,public-periphery-105-7534d6b1c584,periphery,64,96,38,1,uniform,stationary_hotspot,retry,none,,0,False,0.2395552630868627,0.2500726585617018,14028793,110,82,435000,277000,83,2442911,0.7454545454545455,0.6367816091954023,0.7545454545454545,25,21,75000,63000,10,876088,0.84,0.84,0.4,85,74,360000,293000,33,2434205,0.8705882352941177,0.8138888888888889,0.38823529411764707,110,95,435000,356000,43,3310293,0.8636363636363636,0.8183908045977012,0.39090909090909093
sealed_holdout,5,public-periphery-105-7534d6b1c584,periphery,64,96,38,1,uniform,stationary_hotspot,online,none,,0,False,0.2395552630868627,0.2475300515210783,14028793,110,82,435000,277000,87,2446945,0.7454545454545455,0.6367816091954023,0.7909090909090909,25,21,75000,63000,11,876162,0.84,0.84,0.44,85,74,360000,293000,35,2436740,0.8705882352941177,0.8138888888888889,0.4117647058823529,110,95,435000,356000,46,3312902,0.8636363636363636,0.8183908045977012,0.41818181818181815
sealed_holdout,5,public-periphery-105-7534d6b1c584,periphery,64,96,38,1,uniform,stationary_hotspot,oracle,none,,0,False,0.2395552630868627,0.2500726585617018,14028793,110,82,435000,277000,0,2442911,0.7454545454545455,0.6367816091954023,0.0,25,21,75000,63000,0,876088,0.84,0.84,0.0,85,74,360000,293000,0,2434205,0.8705882352941177,0.8138888888888889,0.0,110,95,435000,356000,0,3310293,0.8636363636363636,0.8183908045977012,0.0
sealed_holdout,5,public-periphery-105-7534d6b1c584,periphery,64,96,38,1,uniform,stationary_hotspot,online,random,N000|N032,120000,False,0.2395552630868627,0.24285401291528652,14148793,110,82,435000,277000,87,2446945,0.7454545454545455,0.6367816091954023,0.7909090909090909,25,21,75000,63000,11,866212,0.84,0.84,0.44,85,74,360000,293000,33,2417417,0.8705882352941177,0.8138888888888889,0.38823529411764707,110,95,435000,356000,44,3283629,0.8636363636363636,0.8183908045977012,0.4
sealed_holdout,5,public-periphery-105-7534d6b1c584,periphery,64,96,38,1,uniform,stationary_hotspot,online,failure_aware,N025|N063,120000,True,0.2395552630868627,0.24753732811248907,14148793,110,82,435000,277000,87,2446945,0.7454545454545455,0.6367816091954023,0.7909090909090909,25,24,75000,67000,2,634594,0.96,0.8933333333333333,0.08,85,83,360000,347000,9,1312361,0.9764705882352941,0.9638888888888889,0.10588235294117647,110,107,435000,414000,11,1946955,0.9727272727272728,0.9517241379310345,0.1
sealed_holdout,5,public-periphery-105-7534d6b1c584,periphery,64,96,38,1,uniform,shifted_hotspot,public,none,,0,False,0.2395552630868627,0.2486074278559317,14028793,110,81,435000,269000,29,2318367,0.7363636363636363,0.6183908045977011,0.2636363636363636,25,21,75000,63000,4,1072088,0.84,0.84,0.16,85,72,360000,283000,13,3557255,0.8470588235294118,0.7861111111111111,0.15294117647058825,110,93,435000,346000,17,4629343,0.8454545454545455,0.7954022988505747,0.15454545454545454
sealed_holdout,5,public-periphery-105-7534d6b1c584,periphery,64,96,38,1,uniform,shifted_hotspot,retry,none,,0,False,0.2395552630868627,0.24994894555147576,14028793,110,82,435000,277000,83,2442911,0.7454545454545455,0.6367816091954023,0.7545454545454545,25,21,75000,63000,4,1072088,0.84,0.84,0.16,85,74,360000,293000,17,3561205,0.8705882352941177,0.8138888888888889,0.2,110,95,435000,356000,21,4633293,0.8636363636363636,0.8183908045977012,0.19090909090909092
sealed_holdout,5,public-periphery-105-7534d6b1c584,periphery,64,96,38,1,uniform,shifted_hotspot,online,none,,0,False,0.2395552630868627,0.24738330469895833,14028793,110,82,435000,277000,87,2446945,0.7454545454545455,0.6367816091954023,0.7909090909090909,25,21,75000,63000,5,1072162,0.84,0.84,0.2,85,74,360000,293000,19,3563740,0.8705882352941177,0.8138888888888889,0.2235294117647059,110,95,435000,356000,24,4635902,0.8636363636363636,0.8183908045977012,0.21818181818181817
sealed_holdout,5,public-periphery-105-7534d6b1c584,periphery,64,96,38,1,uniform,shifted_hotspot,oracle,none,,0,False,0.2395552630868627,0.24994894555147576,14028793,110,82,435000,277000,0,2442911,0.7454545454545455,0.6367816091954023,0.0,25,21,75000,63000,0,1072088,0.84,0.84,0.0,85,74,360000,293000,0,3561205,0.8705882352941177,0.8138888888888889,0.0,110,95,435000,356000,0,4633293,0.8636363636363636,0.8183908045977012,0.0
sealed_holdout,5,public-periphery-105-7534d6b1c584,periphery,64,96,38,1,uniform,shifted_hotspot,online,random,N000|N032,120000,False,0.2395552630868627,0.2411190204874862,14148793,110,82,435000,277000,87,2446945,0.7454545454545455,0.6367816091954023,0.7909090909090909,25,21,75000,63000,5,1062212,0.84,0.84,0.2,85,74,360000,293000,17,3544239,0.8705882352941177,0.8138888888888889,0.2,110,95,435000,356000,22,4606451,0.8636363636363636,0.8183908045977012,0.2
sealed_holdout,5,public-periphery-105-7534d6b1c584,periphery,64,96,38,1,uniform,shifted_hotspot,online,failure_aware,N025|N063,120000,False,0.2395552630868627,0.24888423591735975,14148793,110,82,435000,277000,87,2446945,0.7454545454545455,0.6367816091954023,0.7909090909090909,25,24,75000,67000,2,991622,0.96,0.8933333333333333,0.08,85,82,360000,339000,11,2740465,0.9647058823529412,0.9416666666666667,0.12941176470588237,110,106,435000,406000,13,3732087,0.9636363636363636,0.9333333333333333,0.11818181818181818
sealed_holdout,5,public-periphery-105-7534d6b1c584,periphery,64,96,38,1,polarized,diffuse,public,none,,0,False,0.6784794894700047,0.6378600403899939,14028793,110,84,422000,265000,26,2238302,0.7636363636363637,0.6279620853080569,0.23636363636363636,25,18,89000,61000,7,300388,0.72,0.6853932584269663,0.28,85,75,331000,282000,10,2058137,0.8823529411764706,0.851963746223565,0.11764705882352941,110,93,420000,343000,17,2358525,0.8454545454545455,0.8166666666666667,0.15454545454545454
sealed_holdout,5,public-periphery-105-7534d6b1c584,periphery,64,96,38,1,polarized,diffuse,retry,none,,0,False,0.6784794894700047,0.618898193978264,14028793,110,93,422000,322000,49,2321374,0.8454545454545455,0.7630331753554502,0.44545454545454544,25,19,89000,63000,14,305284,0.76,0.7078651685393258,0.56,85,81,331000,308000,11,2269964,0.9529411764705882,0.9305135951661632,0.12941176470588237,110,100,420000,371000,25,2575248,0.9090909090909091,0.8833333333333333,0.22727272727272727
sealed_holdout,5,public-periphery-105-7534d6b1c584,periphery,64,96,38,1,polarized,diffuse,online,none,,0,False,0.6784794894700047,0.619599252421028,14028793,110,93,422000,322000,51,2324034,0.8454545454545455,0.7630331753554502,0.4636363636363636,25,19,89000,63000,14,306253,0.76,0.7078651685393258,0.56,85,81,331000,308000,13,2274323,0.9529411764705882,0.9305135951661632,0.15294117647058825,110,100,420000,371000,27,2580576,0.9090909090909091,0.8833333333333333,0.24545454545454545
sealed_holdout,5,public-periphery-105-7534d6b1c584,periphery,64,96,38,1,polarized,diffuse,oracle,none,,0,False,0.6784794894700047,0.6129914731606841,14028793,110,96,422000,346000,0,2486000,0.8727272727272727,0.8199052132701422,0.0,25,20,89000,68000,0,307674,0.8,0.7640449438202247,0.0,85,81,331000,308000,0,2269029,0.9529411764705882,0.9305135951661632,0.0,110,101,420000,376000,0,2576703,0.9181818181818182,0.8952380952380953,0.0
sealed_holdout,5,public-periphery-105-7534d6b1c584,periphery,64,96,38,1,polarized,diffuse,online,random,N000|N032,120000,False,0.6784794894700047,0.6231293903133999,14148793,110,93,422000,322000,51,2324034,0.8454545454545455,0.7630331753554502,0.4636363636363636,25,19,89000,63000,14,295855,0.76,0.7078651685393258,0.56,85,81,331000,308000,7,2243731,0.9529411764705882,0.9305135951661632,0.08235294117647059,110,100,420000,371000,21,2539586,0.9090909090909091,0.8833333333333333,0.19090909090909092
sealed_holdout,5,public-periphery-105-7534d6b1c584,periphery,64,96,38,1,polarized,diffuse,online,failure_aware,N043|N050,120000,False,0.6784794894700047,0.6211977018056422,14148793,110,93,422000,322000,51,2324034,0.8454545454545455,0.7630331753554502,0.4636363636363636,25,19,89000,63000,14,307233,0.76,0.7078651685393258,0.56,85,81,331000,308000,7,2271579,0.9529411764705882,0.9305135951661632,0.08235294117647059,110,100,420000,371000,21,2578812,0.9090909090909091,0.8833333333333333,0.19090909090909092
sealed_holdout,5,public-periphery-105-7534d6b1c584,periphery,64,96,38,1,polarized,stationary_hotspot,public,none,,0,False,0.6784794894700047,0.6541877103062156,14028793,110,72,435000,224000,38,2084110,0.6545454545454545,0.5149425287356322,0.34545454545454546,25,19,75000,53000,6,825958,0.76,0.7066666666666667,0.24,85,66,360000,235000,19,2219980,0.7764705882352941,0.6527777777777778,0.2235294117647059,110,85,435000,288000,25,3045938,0.7727272727272727,0.6620689655172414,0.22727272727272727
sealed_holdout,5,public-periphery-105-7534d6b1c584,periphery,64,96,38,1,polarized,stationary_hotspot,retry,none,,0,False,0.6784794894700047,0.6514226630413109,14028793,110,75,435000,242000,101,2099406,0.6818181818181818,0.5563218390804597,0.9181818181818182,25,19,75000,53000,16,825958,0.76,0.7066666666666667,0.64,85,69,360000,253000,47,2290603,0.8117647058823529,0.7027777777777777,0.5529411764705883,110,88,435000,306000,63,3116561,0.8,0.7034482758620689,0.5727272727272728
sealed_holdout,5,public-periphery-105-7534d6b1c584,periphery,64,96,38,1,polarized,stationary_hotspot,online,none,,0,False,0.6784794894700047,0.6541501536277093,14028793,110,75,435000,242000,105,2100714,0.6818181818181818,0.5563218390804597,0.9545454545454546,25,19,75000,53000,16,825958,0.76,0.7066666666666667,0.64,85,69,360000,253000,45,2290414,0.8117647058823529,0.7027777777777777,0.5294117647058824,110,88,435000,306000,61,3116372,0.8,0.7034482758620689,0.5545454545454546
sealed_holdout,5,public-periphery-105-7534d6b1c584,periphery,64,96,38,1,polarized,stationary_hotspot,oracle,none,,0,False,0.6784794894700047,0.6533993298164801,14028793,110,76,435000,247000,0,2103736,0.6909090909090909,0.5678160919540229,0.0,25,19,75000,53000,0,825998,0.76,0.7066666666666667,0.0,85,69,360000,253000,0,2290603,0.8117647058823529,0.7027777777777777,0.0,110,88,435000,306000,0,3116601,0.8,0.7034482758620689,0.0
sealed_holdout,5,public-periphery-105-7534d6b1c584,periphery,64,96,38,1,polarized,stationary_hotspot,online,random,N000|N032,120000,False,0.6784794894700047,0.6497775672036334,14148793,110,75,435000,242000,105,2100714,0.6818181818181818,0.5563218390804597,0.9545454545454546,25,19,75000,53000,16,816008,0.76,0.7066666666666667,0.64,85,69,360000,253000,46,2271940,0.8117647058823529,0.7027777777777777,0.5411764705882353,110,88,435000,306000,62,3087948,0.8,0.7034482758620689,0.5636363636363636
sealed_holdout,5,public-periphery-105-7534d6b1c584,periphery,64,96,38,1,polarized,stationary_hotspot,online,failure_aware,N025|N063,120000,True,0.6784794894700047,0.650860597860281,14148793,110,75,435000,242000,105,2100714,0.6818181818181818,0.5563218390804597,0.9545454545454546,25,22,75000,57000,7,583118,0.88,0.76,0.28,85,78,360000,307000,21,1167062,0.9176470588235294,0.8527777777777777,0.24705882352941178,110,100,435000,364000,28,1750180,0.9090909090909091,0.8367816091954023,0.2545454545454545
sealed_holdout,5,public-periphery-105-7534d6b1c584,periphery,64,96,38,1,polarized,shifted_hotspot,public,none,,0,False,0.6784794894700047,0.6534204657419258,14028793,110,72,435000,224000,38,2084110,0.6545454545454545,0.5149425287356322,0.34545454545454546,25,19,75000,53000,6,1021958,0.76,0.7066666666666667,0.24,85,66,360000,235000,19,3346980,0.7764705882352941,0.6527777777777778,0.2235294117647059,110,85,435000,288000,25,4368938,0.7727272727272727,0.6620689655172414,0.22727272727272727
sealed_holdout,5,public-periphery-105-7534d6b1c584,periphery,64,96,38,1,polarized,shifted_hotspot,retry,none,,0,False,0.6784794894700047,0.6506554184770211,14028793,110,75,435000,242000,101,2099406,0.6818181818181818,0.5563218390804597,0.9181818181818182,25,19,75000,53000,10,1021958,0.76,0.7066666666666667,0.4,85,69,360000,253000,31,3417603,0.8117647058823529,0.7027777777777777,0.36470588235294116,110,88,435000,306000,41,4439561,0.8,0.7034482758620689,0.37272727272727274
sealed_holdout,5,public-periphery-105-7534d6b1c584,periphery,64,96,38,1,polarized,shifted_hotspot,online,none,,0,False,0.6784794894700047,0.6533368414396318,14028793,110,75,435000,242000,105,2100714,0.6818181818181818,0.5563218390804597,0.9545454545454546,25,19,75000,53000,10,1021958,0.76,0.7066666666666667,0.4,85,69,360000,253000,29,3417414,0.8117647058823529,0.7027777777777777,0.3411764705882353,110,88,435000,306000,39,4439372,0.8,0.7034482758620689,0.35454545454545455
sealed_holdout,5,public-periphery-105-7534d6b1c584,periphery,64,96,38,1,polarized,shifted_hotspot,oracle,none,,0,False,0.6784794894700047,0.6526320852521903,14028793,110,76,435000,247000,0,2103736,0.6909090909090909,0.5678160919540229,0.0,25,19,75000,53000,0,1021998,0.76,0.7066666666666667,0.0,85,69,360000,253000,0,3417603,0.8117647058823529,0.7027777777777777,0.0,110,88,435000,306000,0,4439601,0.8,0.7034482758620689,0.0
sealed_holdout,5,public-periphery-105-7534d6b1c584,periphery,64,96,38,1,polarized,shifted_hotspot,online,random,N000|N032,120000,False,0.6784794894700047,0.6454835085725795,14148793,110,75,435000,242000,105,2100714,0.6818181818181818,0.5563218390804597,0.9545454545454546,25,19,75000,53000,10,1012008,0.76,0.7066666666666667,0.4,85,69,360000,253000,29,3399060,0.8117647058823529,0.7027777777777777,0.3411764705882353,110,88,435000,306000,39,4411068,0.8,0.7034482758620689,0.35454545454545455
sealed_holdout,5,public-periphery-105-7534d6b1c584,periphery,64,96,38,1,polarized,shifted_hotspot,online,failure_aware,N025|N063,120000,False,0.6784794894700047,0.6351234427096872,14148793,110,75,435000,242000,105,2100714,0.6818181818181818,0.5563218390804597,0.9545454545454546,25,22,75000,57000,7,940146,0.88,0.76,0.28,85,77,360000,299000,23,2595166,0.9058823529411765,0.8305555555555556,0.27058823529411763,110,99,435000,356000,30,3535312,0.9,0.8183908045977012,0.2727272727272727
sealed_holdout,5,public-periphery-105-7534d6b1c584,periphery,64,96,38,2,balanced_band,diffuse,public,none,,0,False,0.05074372425445456,0.08015348893852635,14028793,110,106,422000,396000,4,2156451,0.9636363636363636,0.9383886255924171,0.03636363636363636,25,24,107000,99000,1,430798,0.96,0.9252336448598131,0.04,85,80,318000,290000,5,2164415,0.9411764705882353,0.9119496855345912,0.058823529411764705,110,104,425000,389000,6,2595213,0.9454545454545454,0.9152941176470588,0.05454545454545454
sealed_holdout,5,public-periphery-105-7534d6b1c584,periphery,64,96,38,2,balanced_band,diffuse,retry,none,,0,False,0.05074372425445456,0.08009623489496497,14028793,110,107,422000,404000,7,2123841,0.9727272727272728,0.957345971563981,0.06363636363636363,25,24,107000,99000,4,467619,0.96,0.9252336448598131,0.16,85,81,318000,303000,9,2165666,0.9529411764705882,0.9528301886792453,0.10588235294117647,110,105,425000,402000,13,2633285,0.9545454545454546,0.9458823529411765,0.11818181818181818
sealed_holdout,5,public-periphery-105-7534d6b1c584,periphery,64,96,38,2,balanced_band,diffuse,online,none,,0,False,0.05074372425445456,0.08022410691936153,14028793,110,107,422000,404000,10,2126549,0.9727272727272728,0.957345971563981,0.09090909090909091,25,24,107000,99000,5,468429,0.96,0.9252336448598131,0.2,85,81,318000,303000,14,2168288,0.9529411764705882,0.9528301886792453,0.16470588235294117,110,105,425000,402000,19,2636717,0.9545454545454546,0.9458823529411765,0.17272727272727273
sealed_holdout,5,public-periphery-105-7534d6b1c584,periphery,64,96,38,2,balanced_band,diffuse,oracle,none,,0,False,0.05074372425445456,0.08009623489496497,14028793,110,107,422000,404000,0,2123841,0.9727272727272728,0.957345971563981,0.0,25,24,107000,99000,0,467619,0.96,0.9252336448598131,0.0,85,81,318000,303000,0,2165666,0.9529411764705882,0.9528301886792453,0.0,110,105,425000,402000,0,2633285,0.9545454545454546,0.9458823529411765,0.0
sealed_holdout,5,public-periphery-105-7534d6b1c584,periphery,64,96,38,2,balanced_band,diffuse,online,random,N029|N051,120000,False,0.05074372425445456,0.07850027074465746,14148793,110,107,422000,404000,10,2126549,0.9727272727272728,0.957345971563981,0.09090909090909091,25,24,107000,99000,3,446423,0.96,0.9252336448598131,0.12,85,81,318000,303000,13,2109850,0.9529411764705882,0.9528301886792453,0.15294117647058825,110,105,425000,402000,16,2556273,0.9545454545454546,0.9458823529411765,0.14545454545454545
sealed_holdout,5,public-periphery-105-7534d6b1c584,periphery,64,96,38,2,balanced_band,diffuse,online,failure_aware,N026|N041,120000,False,0.05074372425445456,0.07732965689820853,14148793,110,107,422000,404000,10,2126549,0.9727272727272728,0.957345971563981,0.09090909090909091,25,24,107000,99000,3,420780,0.96,0.9252336448598131,0.12,85,82,318000,308000,10,2037406,0.9647058823529412,0.9685534591194969,0.11764705882352941,110,106,425000,407000,13,2458186,0.9636363636363636,0.9576470588235294,0.11818181818181818
sealed_holdout,5,public-periphery-105-7534d6b1c584,periphery,64,96,38,2,balanced_band,stationary_hotspot,public,none,,0,False,0.05074372425445456,0.0780477973078791,14028793,110,101,447000,388000,9,3272815,0.9181818181818182,0.8680089485458613,0.08181818181818182,25,20,103000,78000,5,537046,0.8,0.7572815533980582,0.2,85,83,318000,305000,2,3307112,0.9764705882352941,0.9591194968553459,0.023529411764705882,110,103,421000,383000,7,3844158,0.9363636363636364,0.9097387173396675,0.06363636363636363
sealed_holdout,5,public-periphery-105-7534d6b1c584,periphery,64,96,38,2,balanced_band,stationary_hotspot,retry,none,,0,False,0.05074372425445456,0.07768590591411097,14028793,110,103,447000,404000,17,3324919,0.9363636363636364,0.9038031319910514,0.15454545454545454,25,20,103000,78000,8,537046,0.8,0.7572815533980582,0.32,85,84,318000,310000,3,3309132,0.9882352941176471,0.9748427672955975,0.03529411764705882,110,104,421000,388000,11,3846178,0.9454545454545454,0.9216152019002375,0.1
sealed_holdout,5,public-periphery-105-7534d6b1c584,periphery,64,96,38,2,balanced_band,stationary_hotspot,online,none,,0,False,0.05074372425445456,0.07698253379913521,14028793,110,103,447000,404000,17,3324959,0.9363636363636364,0.9038031319910514,0.15454545454545454,25,20,103000,78000,8,537186,0.8,0.7572815533980582,0.32,85,84,318000,310000,2,3308457,0.9882352941176471,0.9748427672955975,0.023529411764705882,110,104,421000,388000,10,3845643,0.9454545454545454,0.9216152019002375,0.09090909090909091
sealed_holdout,5,public-periphery-105-7534d6b1c584,periphery,64,96,38,2,balanced_band,stationary_hotspot,oracle,none,,0,False,0.05074372425445456,0.07768590591411097,14028793,110,103,447000,404000,0,3324919,0.9363636363636364,0.9038031319910514,0.0,25,20,103000,78000,0,537046,0.8,0.7572815533980582,0.0,85,84,318000,310000,0,3309132,0.9882352941176471,0.9748427672955975,0.0,110,104,421000,388000,0,3846178,0.9454545454545454,0.9216152019002375,0.0
sealed_holdout,5,public-periphery-105-7534d6b1c584,periphery,64,96,38,2,balanced_band,stationary_hotspot,online,random,N029|N051,120000,False,0.05074372425445456,0.07874798703447015,14148793,110,103,447000,404000,17,3324959,0.9363636363636364,0.9038031319910514,0.15454545454545454,25,20,103000,78000,8,528006,0.8,0.7572815533980582,0.32,85,84,318000,310000,2,3265754,0.9882352941176471,0.9748427672955975,0.023529411764705882,110,104,421000,388000,10,3793760,0.9454545454545454,0.9216152019002375,0.09090909090909091
sealed_holdout,5,public-periphery-105-7534d6b1c584,periphery,64,96,38,2,balanced_band,stationary_hotspot,online,failure_aware,N025|N049,120000,True,0.05074372425445456,0.08086845529927239,14148793,110,103,447000,404000,17,3324959,0.9363636363636364,0.9038031319910514,0.15454545454545454,25,23,103000,87000,4,185864,0.92,0.8446601941747572,0.16,85,85,318000,318000,3,1905805,1.0,1.0,0.03529411764705882,110,108,421000,405000,7,2091669,0.9818181818181818,0.9619952494061758,0.06363636363636363
sealed_holdout,5,public-periphery-105-7534d6b1c584,periphery,64,96,38,2,balanced_band,shifted_hotspot,public,none,,0,False,0.05074372425445456,0.07821104943676033,14028793,110,101,447000,388000,9,3272815,0.9181818181818182,0.8680089485458613,0.08181818181818182,25,20,103000,78000,5,613911,0.8,0.7572815533980582,0.2,85,83,318000,305000,2,3593169,0.9764705882352941,0.9591194968553459,0.023529411764705882,110,103,421000,383000,7,4207080,0.9363636363636364,0.9097387173396675,0.06363636363636363
sealed_holdout,5,public-periphery-105-7534d6b1c584,periphery,64,96,38,2,balanced_band,shifted_hotspot,retry,none,,0,False,0.05074372425445456,0.07784915804299222,14028793,110,103,447000,404000,17,3324919,0.9363636363636364,0.9038031319910514,0.15454545454545454,25,20,103000,78000,5,613911,0.8,0.7572815533980582,0.2,85,84,318000,310000,2,3595189,0.9882352941176471,0.9748427672955975,0.023529411764705882,110,104,421000,388000,7,4209100,0.9454545454545454,0.9216152019002375,0.06363636363636363
sealed_holdout,5,public-periphery-105-7534d6b1c584,periphery,64,96,38,2,balanced_band,shifted_hotspot,online,none,,0,False,0.05074372425445456,0.07714578592801646,14028793,110,103,447000,404000,17,3324959,0.9363636363636364,0.9038031319910514,0.15454545454545454,25,20,103000,78000,5,614051,0.8,0.7572815533980582,0.2,85,84,318000,310000,1,3594514,0.9882352941176471,0.9748427672955975,0.011764705882352941,110,104,421000,388000,6,4208565,0.9454545454545454,0.9216152019002375,0.05454545454545454
sealed_holdout,5,public-periphery-105-7534d6b1c584,periphery,64,96,38,2,balanced_band,shifted_hotspot,oracle,none,,0,False,0.05074372425445456,0.07784915804299222,14028793,110,103,447000,404000,0,3324919,0.9363636363636364,0.9038031319910514,0.0,25,20,103000,78000,0,613911,0.8,0.7572815533980582,0.0,85,84,318000,310000,0,3595189,0.9882352941176471,0.9748427672955975,0.0,110,104,421000,388000,0,4209100,0.9454545454545454,0.9216152019002375,0.0
sealed_holdout,5,public-periphery-105-7534d6b1c584,periphery,64,96,38,2,balanced_band,shifted_hotspot,online,random,N029|N051,120000,False,0.05074372425445456,0.07890985457489458,14148793,110,103,447000,404000,17,3324959,0.9363636363636364,0.9038031319910514,0.15454545454545454,25,20,103000,78000,5,604871,0.8,0.7572815533980582,0.2,85,84,318000,310000,1,3551811,0.9882352941176471,0.9748427672955975,0.011764705882352941,110,104,421000,388000,6,4156682,0.9454545454545454,0.9216152019002375,0.05454545454545454
sealed_holdout,5,public-periphery-105-7534d6b1c584,periphery,64,96,38,2,balanced_band,shifted_hotspot,online,failure_aware,N025|N049,120000,False,0.05074372425445456,0.08175988585010827,14148793,110,103,447000,404000,17,3324959,0.9363636363636364,0.9038031319910514,0.15454545454545454,25,23,103000,87000,6,341222,0.92,0.8446601941747572,0.24,85,85,318000,318000,3,2302201,1.0,1.0,0.03529411764705882,110,108,421000,405000,9,2643423,0.9818181818181818,0.9619952494061758,0.08181818181818182
sealed_holdout,5,public-periphery-105-7534d6b1c584,periphery,64,96,38,2,uniform,diffuse,public,none,,0,False,0.29228212793950015,0.29750041284991224,14028793,110,96,422000,355000,14,2034585,0.8727272727272727,0.8412322274881516,0.12727272727272726,25,20,107000,83000,5,378134,0.8,0.7757009345794392,0.2,85,78,318000,285000,7,2104195,0.9176470588235294,0.8962264150943396,0.08235294117647059,110,98,425000,368000,12,2482329,0.8909090909090909,0.8658823529411764,0.10909090909090909
sealed_holdout,5,public-periphery-105-7534d6b1c584,periphery,64,96,38,2,uniform,diffuse,retry,none,,0,False,0.29228212793950015,0.3001894966382228,14028793,110,101,422000,368000,24,2057813,0.9181818181818182,0.8720379146919431,0.21818181818181817,25,21,107000,84000,10,390734,0.84,0.7850467289719626,0.4,85,78,318000,292000,16,2109410,0.9176470588235294,0.9182389937106918,0.18823529411764706,110,99,425000,376000,26,2500144,0.9,0.8847058823529412,0.23636363636363636
sealed_holdout,5,public-periphery-105-7534d6b1c584,periphery,64,96,38,2,uniform,diffuse,online,none,,0,False,0.29228212793950015,0.2980168127878461,14028793,110,100,422000,366000,28,2056530,0.9090909090909091,0.8672985781990521,0.2545454545454545,25,21,107000,84000,9,391604,0.84,0.7850467289719626,0.36,85,78,318000,292000,20,2112688,0.9176470588235294,0.9182389937106918,0.23529411764705882,110,99,425000,376000,29,2504292,0.9,0.8847058823529412,0.2636363636363636
sealed_holdout,5,public-periphery-105-7534d6b1c584,periphery,64,96,38,2,uniform,diffuse,oracle,none,,0,False,0.29228212793950015,0.2980567215722667,14028793,110,102,422000,376000,0,2108829,0.9272727272727272,0.8909952606635071,0.0,25,22,107000,92000,0,490750,0.88,0.8598130841121495,0.0,85,80,318000,298000,0,2117253,0.9411764705882353,0.9371069182389937,0.0,110,102,425000,390000,0,2608003,0.9272727272727272,0.9176470588235294,0.0
sealed_holdout,5,public-periphery-105-7534d6b1c584,periphery,64,96,38,2,uniform,diffuse,online,random,N029|N051,120000,False,0.29228212793950015,0.2927965154927468,14148793,110,100,422000,366000,28,2056530,0.9090909090909091,0.8672985781990521,0.2545454545454545,25,22,107000,89000,9,383859,0.88,0.8317757009345794,0.36,85,78,318000,292000,18,2054962,0.9176470588235294,0.9182389937106918,0.21176470588235294,110,100,425000,381000,27,2438821,0.9090909090909091,0.8964705882352941,0.24545454545454545
sealed_holdout,5,public-periphery-105-7534d6b1c584,periphery,64,96,38,2,uniform,diffuse,online,failure_aware,N031|N039,120000,False,0.29228212793950015,0.29002374330991365,14148793,110,100,422000,366000,28,2056530,0.9090909090909091,0.8672985781990521,0.2545454545454545,25,22,107000,86000,12,445142,0.88,0.8037383177570093,0.48,85,78,318000,292000,17,1965563,0.9176470588235294,0.9182389937106918,0.2,110,100,425000,378000,29,2410705,0.9090909090909091,0.8894117647058823,0.2636363636363636
sealed_holdout,5,public-periphery-105-7534d6b1c584,periphery,64,96,38,2,uniform,stationary_hotspot,public,none,,0,False,0.29228212793950015,0.30701877064341077,14028793,110,89,447000,337000,21,2946524,0.8090909090909091,0.7539149888143176,0.19090909090909092,25,18,103000,70000,7,531988,0.72,0.6796116504854369,0.28,85,81,318000,292000,4,3290784,0.9529411764705882,0.9182389937106918,0.047058823529411764,110,99,421000,362000,11,3822772,0.9,0.8598574821852731,0.1
sealed_holdout,5,public-periphery-105-7534d6b1c584,periphery,64,96,38,2,uniform,stationary_hotspot,retry,none,,0,False,0.29228212793950015,0.3085369569455932,14028793,110,96,447000,374000,35,3083688,0.8727272727272727,0.8366890380313199,0.3181818181818182,25,18,103000,70000,14,531988,0.72,0.6796116504854369,0.56,85,83,318000,305000,7,3311468,0.9764705882352941,0.9591194968553459,0.08235294117647059,110,101,421000,375000,21,3843456,0.9181818181818182,0.8907363420427553,0.19090909090909092
sealed_holdout,5,public-periphery-105-7534d6b1c584,periphery,64,96,38,2,uniform,stationary_hotspot,online,none,,0,False,0.29228212793950015,0.30721262824947265,14028793,110,96,447000,374000,31,3085285,0.8727272727272727,0.8366890380313199,0.2818181818181818,25,18,103000,70000,14,531988,0.72,0.6796116504854369,0.56,85,83,318000,305000,7,3313454,0.9764705882352941,0.9591194968553459,0.08235294117647059,110,101,421000,375000,21,3845442,0.9181818181818182,0.8907363420427553,0.19090909090909092
sealed_holdout,5,public-periphery-105-7534d6b1c584,periphery,64,96,38,2,uniform,stationary_hotspot,oracle,none,,0,False,0.29228212793950015,0.3071579815128577,14028793,110,97,447000,379000,0,3089433,0.8818181818181818,0.8478747203579419,0.0,25,19,103000,71000,0,534991,0.76,0.6893203883495146,0.0,85,83,318000,305000,0,3311468,0.9764705882352941,0.9591194968553459,0.0,110,102,421000,376000,0,3846459,0.9272727272727272,0.8931116389548693,0.0
sealed_holdout,5,public-periphery-105-7534d6b1c584,periphery,64,96,38,2,uniform,stationary_hotspot,online,random,N029|N051,120000,False,0.29228212793950015,0.3060433737167543,14148793,110,96,447000,374000,31,3085285,0.8727272727272727,0.8366890380313199,0.2818181818181818,25,18,103000,70000,14,522608,0.72,0.6796116504854369,0.56,85,83,318000,305000,6,3270151,0.9764705882352941,0.9591194968553459,0.07058823529411765,110,101,421000,375000,20,3792759,0.9181818181818182,0.8907363420427553,0.18181818181818182
sealed_holdout,5,public-periphery-105-7534d6b1c584,periphery,64,96,38,2,uniform,stationary_hotspot,online,failure_aware,N025|N049,120000,True,0.29228212793950015,0.3073984295136744,14148793,110,96,447000,374000,31,3085285,0.8727272727272727,0.8366890380313199,0.2818181818181818,25,21,103000,78000,10,180154,0.84,0.7572815533980582,0.4,85,84,318000,313000,6,1865489,0.9882352941176471,0.9842767295597484,0.07058823529411765,110,105,421000,391000,16,2045643,0.9545454545454546,0.9287410926365796,0.14545454545454545
sealed_holdout,5,public-periphery-105-7534d6b1c584,periphery,64,96,38,2,uniform,shifted_hotspot,public,none,,0,False,0.29228212793950015,0.3068386940279664,14028793,110,89,447000,337000,21,2946524,0.8090909090909091,0.7539149888143176,0.19090909090909092,25,18,103000,70000,7,609152,0.72,0.6796116504854369,0.28,85,81,318000,292000,4,3576841,0.9529411764705882,0.9182389937106918,0.047058823529411764,110,99,421000,362000,11,4185993,0.9,0.8598574821852731,0.1
sealed_holdout,5,public-periphery-105-7534d6b1c584,periphery,64,96,38,2,uniform,shifted_hotspot,retry,none,,0,False,0.29228212793950015,0.3083568803301488,14028793,110,96,447000,374000,35,3083688,0.8727272727272727,0.8366890380313199,0.3181818181818182,25,18,103000,70000,11,609152,0.72,0.6796116504854369,0.44,85,83,318000,305000,6,3597525,0.9764705882352941,0.9591194968553459,0.07058823529411765,110,101,421000,375000,17,4206677,0.9181818181818182,0.8907363420427553,0.15454545454545454
sealed_holdout,5,public-periphery-105-7534d6b1c584,periphery,64,96,38,2,uniform,shifted_hotspot,online,none,,0,False,0.29228212793950015,0.3070325516340282,14028793,110,96,447000,374000,31,3085285,0.8727272727272727,0.8366890380313199,0.2818181818181818,25,18,103000,70000,11,609152,0.72,0.6796116504854369,0.44,85,83,318000,305000,6,3599511,0.9764705882352941,0.9591194968553459,0.07058823529411765,110,101,421000,375000,17,4208663,0.9181818181818182,0.8907363420427553,0.15454545454545454
sealed_holdout,5,public-periphery-105-7534d6b1c584,periphery,64,96,38,2,uniform,shifted_hotspot,oracle,none,,0,False,0.29228212793950015,0.3069779048974133,14028793,110,97,447000,379000,0,3089433,0.8818181818181818,0.8478747203579419,0.0,25,19,103000,71000,0,612155,0.76,0.6893203883495146,0.0,85,83,318000,305000,0,3597525,0.9764705882352941,0.9591194968553459,0.0,110,102,421000,376000,0,4209680,0.9272727272727272,0.8931116389548693,0.0
sealed_holdout,5,public-periphery-105-7534d6b1c584,periphery,64,96,38,2,uniform,shifted_hotspot,online,random,N029|N051,120000,False,0.29228212793950015,0.30586482438309653,14148793,110,96,447000,374000,31,3085285,0.8727272727272727,0.8366890380313199,0.2818181818181818,25,18,103000,70000,11,599772,0.72,0.6796116504854369,0.44,85,83,318000,305000,5,3556208,0.9764705882352941,0.9591194968553459,0.058823529411764705,110,101,421000,375000,16,4155980,0.9181818181818182,0.8907363420427553,0.14545454545454545
sealed_holdout,5,public-periphery-105-7534d6b1c584,periphery,64,96,38,2,uniform,shifted_hotspot,online,failure_aware,N025|N049,120000,False,0.29228212793950015,0.3030136157200851,14148793,110,96,447000,374000,31,3085285,0.8727272727272727,0.8366890380313199,0.2818181818181818,25,20,103000,80000,17,353962,0.8,0.7766990291262136,0.68,85,82,318000,300000,13,2284469,0.9647058823529412,0.9433962264150944,0.15294117647058825,110,102,421000,380000,30,2638431,0.9272727272727272,0.9026128266033254,0.2727272727272727
sealed_holdout,5,public-periphery-105-7534d6b1c584,periphery,64,96,38,2,polarized,diffuse,public,none,,0,False,0.7031203563268397,0.6773286501787434,14028793,110,76,422000,243000,34,1528113,0.6909090909090909,0.5758293838862559,0.3090909090909091,25,15,107000,59000,10,280815,0.6,0.5514018691588785,0.4,85,67,318000,220000,18,1712646,0.788235294117647,0.6918238993710691,0.21176470588235294,110,82,425000,279000,28,1993461,0.7454545454545455,0.6564705882352941,0.2545454545454545
sealed_holdout,5,public-periphery-105-7534d6b1c584,periphery,64,96,38,2,polarized,diffuse,retry,none,,0,False,0.7031203563268397,0.6771888062271463,14028793,110,86,422000,288000,68,1756809,0.7818181818181819,0.6824644549763034,0.6181818181818182,25,19,107000,71000,15,347180,0.76,0.6635514018691588,0.6,85,73,318000,259000,29,2007119,0.8588235294117647,0.8144654088050315,0.3411764705882353,110,92,425000,330000,44,2354299,0.8363636363636363,0.7764705882352941,0.4
sealed_holdout,5,public-periphery-105-7534d6b1c584,periphery,64,96,38,2,polarized,diffuse,online,none,,0,False,0.7031203563268397,0.6716891559301168,14028793,110,86,422000,288000,69,1760962,0.7818181818181819,0.6824644549763034,0.6272727272727273,25,20,107000,76000,12,365132,0.8,0.7102803738317757,0.48,85,73,318000,259000,25,2005727,0.8588235294117647,0.8144654088050315,0.29411764705882354,110,93,425000,335000,37,2370859,0.8454545454545455,0.788235294117647,0.33636363636363636
sealed_holdout,5,public-periphery-105-7534d6b1c584,periphery,64,96,38,2,polarized,diffuse,oracle,none,,0,False,0.7031203563268397,0.681971906310954,14028793,110,89,422000,312000,0,1986377,0.8090909090909091,0.7393364928909952,0.0,25,21,107000,84000,0,464324,0.84,0.7850467289719626,0.0,85,76,318000,270000,0,2124135,0.8941176470588236,0.8490566037735849,0.0,110,97,425000,354000,0,2588459,0.8818181818181818,0.8329411764705882,0.0
sealed_holdout,5,public-periphery-105-7534d6b1c584,periphery,64,96,38,2,polarized,diffuse,online,random,N029|N051,120000,False,0.7031203563268397,0.6660055290912097,14148793,110,86,422000,288000,69,1760962,0.7818181818181819,0.6824644549763034,0.6272727272727273,25,21,107000,81000,12,369374,0.84,0.7570093457943925,0.48,85,73,318000,259000,29,1973136,0.8588235294117647,0.8144654088050315,0.3411764705882353,110,94,425000,340000,41,2342510,0.8545454545454545,0.8,0.37272727272727274
sealed_holdout,5,public-periphery-105-7534d6b1c584,periphery,64,96,38,2,polarized,diffuse,online,failure_aware,N055|N057,120000,False,0.7031203563268397,0.6692742941083051,14148793,110,86,422000,288000,69,1760962,0.7818181818181819,0.6824644549763034,0.6272727272727273,25,20,107000,76000,11,366379,0.8,0.7102803738317757,0.44,85,73,318000,259000,27,1969429,0.8588235294117647,0.8144654088050315,0.3176470588235294,110,93,425000,335000,38,2335808,0.8454545454545455,0.788235294117647,0.34545454545454546
sealed_holdout,5,public-periphery-105-7534d6b1c584,periphery,64,96,38,2,polarized,stationary_hotspot,public,none,,0,False,0.7031203563268397,0.694539440286469,14028793,110,71,447000,215000,39,2491996,0.6454545454545455,0.4809843400447427,0.35454545454545455,25,15,103000,53000,10,327436,0.6,0.5145631067961165,0.4,85,68,318000,225000,17,2717723,0.8,0.7075471698113207,0.2,110,83,421000,278000,27,3045159,0.7545454545454545,0.6603325415676959,0.24545454545454545
sealed_holdout,5,public-periphery-105-7534d6b1c584,periphery,64,96,38,2,polarized,stationary_hotspot,retry,none,,0,False,0.7031203563268397,0.7019632430450354,14028793,110,86,447000,298000,81,3128089,0.7818181818181819,0.6666666666666666,0.7363636363636363,25,19,103000,70000,18,565772,0.76,0.6796116504854369,0.72,85,80,318000,287000,28,3316608,0.9411764705882353,0.9025157232704403,0.32941176470588235,110,99,421000,357000,46,3882380,0.9,0.8479809976247031,0.41818181818181815
sealed_holdout,5,public-periphery-105-7534d6b1c584,periphery,64,96,38,2,polarized,stationary_hotspot,online,none,,0,False,0.7031203563268397,0.6948813814638969,14028793,110,86,447000,298000,79,3128234,0.7818181818181819,0.6666666666666666,0.7181818181818181,25,19,103000,70000,16,566200,0.76,0.6796116504854369,0.64,85,80,318000,287000,28,3316590,0.9411764705882353,0.9025157232704403,0.32941176470588235,110,99,421000,357000,44,3882790,0.9,0.8479809976247031,0.4
sealed_holdout,5,public-periphery-105-7534d6b1c584,periphery,64,96,38,2,polarized,stationary_hotspot,oracle,none,,0,False,0.7031203563268397,0.7002012209944211,14028793,110,88,447000,311000,0,3184850,0.8,0.6957494407158836,0.0,25,19,103000,70000,0,565772,0.76,0.6796116504854369,0.0,85,80,318000,287000,0,3316608,0.9411764705882353,0.9025157232704403,0.0,110,99,421000,357000,0,3882380,0.9,0.8479809976247031,0.0
sealed_holdout,5,public-periphery-105-7534d6b1c584,periphery,64,96,38,2,polarized,stationary_hotspot,online,random,N029|N051,120000,False,0.7031203563268397,0.6927142654944285,14148793,110,86,447000,298000,79,3128234,0.7818181818181819,0.6666666666666666,0.7181818181818181,25,19,103000,70000,16,555815,0.76,0.6796116504854369,0.64,85,80,318000,287000,29,3272131,0.9411764705882353,0.9025157232704403,0.3411764705882353,110,99,421000,357000,45,3827946,0.9,0.8479809976247031,0.4090909090909091
sealed_holdout,5,public-periphery-105-7534d6b1c584,periphery,64,96,38,2,polarized,stationary_hotspot,online,failure_aware,N025|N049,120000,True,0.7031203563268397,0.6995979368253282,14148793,110,86,447000,298000,79,3128234,0.7818181818181819,0.6666666666666666,0.7181818181818181,25,21,103000,77000,8,131252,0.84,0.7475728155339806,0.32,85,82,318000,303000,13,1769527,0.9647058823529412,0.9528301886792453,0.15294117647058825,110,103,421000,380000,21,1900779,0.9363636363636364,0.9026128266033254,0.19090909090909092
sealed_holdout,5,public-periphery-105-7534d6b1c584,periphery,64,96,38,2,polarized,shifted_hotspot,public,none,,0,False,0.7031203563268397,0.6947846394869831,14028793,110,71,447000,215000,39,2491996,0.6454545454545455,0.4809843400447427,0.35454545454545455,25,17,103000,63000,8,508531,0.68,0.6116504854368932,0.32,85,78,318000,277000,7,3525554,0.9176470588235294,0.8710691823899371,0.08235294117647059,110,95,421000,340000,15,4034085,0.8636363636363636,0.8076009501187649,0.13636363636363635
sealed_holdout,5,public-periphery-105-7534d6b1c584,periphery,64,96,38,2,polarized,shifted_hotspot,retry,none,,0,False,0.7031203563268397,0.7091021352893107,14028793,110,86,447000,298000,81,3128089,0.7818181818181819,0.6666666666666666,0.7363636363636363,25,20,103000,72000,9,682656,0.8,0.6990291262135923,0.36,85,81,318000,295000,13,3548258,0.9529411764705882,0.9276729559748428,0.15294117647058825,110,101,421000,367000,22,4230914,0.9181818181818182,0.8717339667458432,0.2
sealed_holdout,5,public-periphery-105-7534d6b1c584,periphery,64,96,38,2,polarized,shifted_hotspot,online,none,,0,False,0.7031203563268397,0.7019815225512869,14028793,110,86,447000,298000,79,3128234,0.7818181818181819,0.6666666666666666,0.7181818181818181,25,20,103000,72000,7,683084,0.8,0.6990291262135923,0.28,85,81,318000,295000,15,3550178,0.9529411764705882,0.9276729559748428,0.17647058823529413,110,101,421000,367000,22,4233262,0.9181818181818182,0.8717339667458432,0.2
sealed_holdout,5,public-periphery-105-7534d6b1c584,periphery,64,96,38,2,polarized,shifted_hotspot,oracle,none,,0,False,0.7031203563268397,0.7073401132386964,14028793,110,88,447000,311000,0,3184850,0.8,0.6957494407158836,0.0,25,20,103000,72000,0,682656,0.8,0.6990291262135923,0.0,85,81,318000,295000,0,3548258,0.9529411764705882,0.9276729559748428,0.0,110,101,421000,367000,0,4230914,0.9181818181818182,0.8717339667458432,0.0
sealed_holdout,5,public-periphery-105-7534d6b1c584,periphery,64,96,38,2,polarized,shifted_hotspot,online,random,N029|N051,120000,False,0.7031203563268397,0.6990983630990705,14148793,110,86,447000,298000,79,3128234,0.7818181818181819,0.6666666666666666,0.7181818181818181,25,20,103000,72000,7,672699,0.8,0.6990291262135923,0.28,85,81,318000,295000,13,3504854,0.9529411764705882,0.9276729559748428,0.15294117647058825,110,101,421000,367000,20,4177553,0.9181818181818182,0.8717339667458432,0.18181818181818182
sealed_holdout,5,public-periphery-105-7534d6b1c584,periphery,64,96,38,2,polarized,shifted_hotspot,online,failure_aware,N025|N049,120000,False,0.7031203563268397,0.6885317906123433,14148793,110,86,447000,298000,79,3128234,0.7818181818181819,0.6666666666666666,0.7181818181818181,25,20,103000,72000,18,369341,0.8,0.6990291262135923,0.72,85,81,318000,295000,29,2242932,0.9529411764705882,0.9276729559748428,0.3411764705882353,110,101,421000,367000,47,2612273,0.9181818181818182,0.8717339667458432,0.42727272727272725
sealed_holdout,6,public-hub-106-33eda9c47c96,hub,64,238,4,0,balanced_band,diffuse,public,none,,0,False,0.05521814780923053,0.06695843852045108,34480545,110,107,447000,423000,3,83849,0.9727272727272728,0.9463087248322147,0.02727272727272727,25,23,99000,93000,2,15827,0.92,0.9393939393939394,0.08,85,81,356000,330000,4,72275,0.9529411764705882,0.9269662921348315,0.047058823529411764,110,104,455000,423000,6,88102,0.9454545454545454,0.9296703296703297,0.05454545454545454
sealed_holdout,6,public-hub-106-33eda9c47c96,hub,64,238,4,0,balanced_band,diffuse,retry,none,,0,False,0.05521814780923053,0.06735202456764429,34480545,110,110,447000,447000,4,98273,1.0,1.0,0.03636363636363636,25,25,99000,99000,2,17037,1.0,1.0,0.08,85,85,356000,356000,5,78093,1.0,1.0,0.058823529411764705,110,110,455000,455000,7,95130,1.0,1.0,0.06363636363636363
sealed_holdout,6,public-hub-106-33eda9c47c96,hub,64,238,4,0,balanced_band,diffuse,online,none,,0,False,0.05521814780923053,0.08126001918018144,34480545,110,110,447000,447000,3,104859,1.0,1.0,0.02727272727272727,25,25,99000,99000,3,20736,1.0,1.0,0.12,85,85,356000,356000,6,84001,1.0,1.0,0.07058823529411765,110,110,455000,455000,9,104737,1.0,1.0,0.08181818181818182
sealed_holdout,6,public-hub-106-33eda9c47c96,hub,64,238,4,0,balanced_band,diffuse,oracle,none,,0,False,0.05521814780923053,0.06735202456764429,34480545,110,110,447000,447000,0,98273,1.0,1.0,0.0,25,25,99000,99000,0,17037,1.0,1.0,0.0,85,85,356000,356000,0,78093,1.0,1.0,0.0,110,110,455000,455000,0,95130,1.0,1.0,0.0
sealed_holdout,6,public-hub-106-33eda9c47c96,hub,64,238,4,0,balanced_band,diffuse,online,random,N017|N019,120000,False,0.05521814780923053,0.07731989802068494,34600545,110,110,447000,447000,3,104859,1.0,1.0,0.02727272727272727,25,24,99000,94000,5,19980,0.96,0.9494949494949495,0.2,85,85,356000,356000,13,88188,1.0,1.0,0.15294117647058825,110,109,455000,450000,18,108168,0.990909090909091,0.989010989010989,0.16363636363636364
sealed_holdout,6,public-hub-106-33eda9c47c96,hub,64,238,4,0,balanced_band,diffuse,online,failure_aware,N017|N019,120000,False,0.05521814780923053,0.07731989802068494,34600545,110,110,447000,447000,3,104859,1.0,1.0,0.02727272727272727,25,24,99000,94000,5,19980,0.96,0.9494949494949495,0.2,85,85,356000,356000,13,88188,1.0,1.0,0.15294117647058825,110,109,455000,450000,18,108168,0.990909090909091,0.989010989010989,0.16363636363636364
sealed_holdout,6,public-hub-106-33eda9c47c96,hub,64,238,4,0,balanced_band,stationary_hotspot,public,none,,0,False,0.05521814780923053,0.0666397216139025,34480545,110,96,431000,363000,14,93987,0.8727272727272727,0.8422273781902552,0.12727272727272726,25,25,77000,77000,0,22436,1.0,1.0,0.0,85,78,354000,307000,7,70443,0.9176470588235294,0.867231638418079,0.08235294117647059,110,103,431000,384000,7,92879,0.9363636363636364,0.8909512761020881,0.06363636363636363
sealed_holdout,6,public-hub-106-33eda9c47c96,hub,64,238,4,0,balanced_band,stationary_hotspot,retry,none,,0,False,0.05521814780923053,0.07251283490796333,34480545,110,108,431000,415000,18,111239,0.9818181818181818,0.962877030162413,0.16363636363636364,25,25,77000,77000,0,22436,1.0,1.0,0.0,85,79,354000,312000,21,72436,0.9294117647058824,0.8813559322033898,0.24705882352941178,110,104,431000,389000,21,94872,0.9454545454545454,0.9025522041763341,0.19090909090909092
sealed_holdout,6,public-hub-106-33eda9c47c96,hub,64,238,4,0,balanced_band,stationary_hotspot,online,none,,0,False,0.05521814780923053,0.07368139773678674,34480545,110,107,431000,407000,18,112419,0.9727272727272728,0.9443155452436195,0.16363636363636364,25,25,77000,77000,2,23058,1.0,1.0,0.08,85,77,354000,299000,27,76479,0.9058823529411765,0.844632768361582,0.3176470588235294,110,102,431000,376000,29,99537,0.9272727272727272,0.8723897911832946,0.2636363636363636
sealed_holdout,6,public-hub-106-33eda9c47c96,hub,64,238,4,0,balanced_band,stationary_hotspot,oracle,none,,0,False,0.05521814780923053,0.07327106623399371,34480545,110,108,431000,415000,0,111239,0.9818181818181818,0.962877030162413,0.0,25,25,77000,77000,0,22436,1.0,1.0,0.0,85,84,354000,346000,0,86706,0.9882352941176471,0.9774011299435028,0.0,110,109,431000,423000,0,109142,0.990909090909091,0.9814385150812065,0.0
sealed_holdout,6,public-hub-106-33eda9c47c96,hub,64,238,4,0,balanced_band,stationary_hotspot,online,random,N017|N019,120000,False,0.05521814780923053,0.07474545390411405,34600545,110,107,431000,407000,18,112419,0.9727272727272728,0.9443155452436195,0.16363636363636364,25,25,77000,77000,2,24215,1.0,1.0,0.08,85,77,354000,299000,29,82044,0.9058823529411765,0.844632768361582,0.3411764705882353,110,102,431000,376000,31,106259,0.9272727272727272,0.8723897911832946,0.2818181818181818
sealed_holdout,6,public-hub-106-33eda9c47c96,hub,64,238,4,0,balanced_band,stationary_hotspot,online,failure_aware,N054|N060,120000,True,0.05521814780923053,0.07411459363774352,34600545,110,107,431000,407000,18,112419,0.9727272727272728,0.9443155452436195,0.16363636363636364,25,25,77000,77000,2,24215,1.0,1.0,0.08,85,80,354000,320000,27,86524,0.9411764705882353,0.903954802259887,0.3176470588235294,110,105,431000,397000,29,110739,0.9545454545454546,0.9211136890951276,0.2636363636363636
sealed_holdout,6,public-hub-106-33eda9c47c96,hub,64,238,4,0,balanced_band,shifted_hotspot,public,none,,0,False,0.05521814780923053,0.0648356965887786,34480545,110,96,431000,363000,14,93987,0.8727272727272727,0.8422273781902552,0.12727272727272726,25,24,77000,72000,1,21366,0.96,0.935064935064935,0.04,85,80,354000,317000,5,74518,0.9411764705882353,0.8954802259887006,0.058823529411764705,110,104,431000,389000,6,95884,0.9454545454545454,0.9025522041763341,0.05454545454545454
sealed_holdout,6,public-hub-106-33eda9c47c96,hub,64,238,4,0,balanced_band,shifted_hotspot,retry,none,,0,False,0.05521814780923053,0.07019395341647135,34480545,110,108,431000,415000,18,111239,0.9818181818181818,0.962877030162413,0.16363636363636364,25,24,77000,72000,3,21366,0.96,0.935064935064935,0.12,85,80,354000,317000,16,74726,0.9411764705882353,0.8954802259887006,0.18823529411764706,110,104,431000,389000,19,96092,0.9454545454545454,0.9025522041763341,0.17272727272727273
sealed_holdout,6,public-hub-106-33eda9c47c96,hub,64,238,4,0,balanced_band,shifted_hotspot,online,none,,0,False,0.05521814780923053,0.07335322620419661,34480545,110,107,431000,407000,18,112419,0.9727272727272728,0.9443155452436195,0.16363636363636364,25,24,77000,72000,4,21988,0.96,0.935064935064935,0.16,85,79,354000,315000,24,81762,0.9294117647058824,0.8898305084745762,0.2823529411764706,110,103,431000,387000,28,103750,0.9363636363636364,0.8979118329466357,0.2545454545454545
sealed_holdout,6,public-hub-106-33eda9c47c96,hub,64,238,4,0,balanced_band,shifted_hotspot,oracle,none,,0,False,0.05521814780923053,0.07027682078623002,34480545,110,108,431000,415000,0,111239,0.9818181818181818,0.962877030162413,0.0,25,24,77000,72000,0,21366,0.96,0.935064935064935,0.0,85,81,354000,325000,0,77326,0.9529411764705882,0.9180790960451978,0.0,110,105,431000,397000,0,98692,0.9545454545454546,0.9211136890951276,0.0
sealed_holdout,6,public-hub-106-33eda9c47c96,hub,64,238,4,0,balanced_band,shifted_hotspot,online,random,N017|N019,120000,False,0.05521814780923053,0.07412676074552217,34600545,110,107,431000,407000,18,112419,0.9727272727272728,0.9443155452436195,0.16363636363636364,25,24,77000,72000,4,23145,0.96,0.935064935064935,0.16,85,79,354000,315000,25,87512,0.9294117647058824,0.8898305084745762,0.29411764705882354,110,103,431000,387000,29,110657,0.9363636363636364,0.8979118329466357,0.2636363636363636
sealed_holdout,6,public-hub-106-33eda9c47c96,hub,64,238,4,0,balanced_band,shifted_hotspot,online,failure_aware,N054|N060,120000,False,0.05521814780923053,0.07220862038956602,34600545,110,107,431000,407000,18,112419,0.9727272727272728,0.9443155452436195,0.16363636363636364,25,24,77000,72000,4,23145,0.96,0.935064935064935,0.16,85,79,354000,315000,24,86053,0.9294117647058824,0.8898305084745762,0.2823529411764706,110,103,431000,387000,28,109198,0.9363636363636364,0.8979118329466357,0.2545454545454545
sealed_holdout,6,public-hub-106-33eda9c47c96,hub,64,238,4,0,uniform,diffuse,public,none,,0,False,0.3180561485394833,0.32388225990720276,34480545,110,97,447000,352000,13,70677,0.8818181818181818,0.7874720357941835,0.11818181818181818,25,21,99000,83000,4,14378,0.84,0.8383838383838383,0.16,85,79,356000,320000,6,71790,0.9294117647058824,0.898876404494382,0.07058823529411765,110,100,455000,403000,10,86168,0.9090909090909091,0.8857142857142857,0.09090909090909091
sealed_holdout,6,public-hub-106-33eda9c47c96,hub,64,238,4,0,uniform,diffuse,retry,none,,0,False,0.3180561485394833,0.3223702961795233,34480545,110,110,447000,447000,13,104184,1.0,1.0,0.11818181818181818,25,24,99000,94000,9,17275,0.96,0.9494949494949495,0.36,85,84,356000,351000,9,78333,0.9882352941176471,0.9859550561797753,0.10588235294117647,110,108,455000,445000,18,95608,0.9818181818181818,0.978021978021978,0.16363636363636364
sealed_holdout,6,public-hub-106-33eda9c47c96,hub,64,238,4,0,uniform,diffuse,online,none,,0,False,0.3180561485394833,0.3174044068010667,34480545,110,109,447000,445000,14,103519,0.990909090909091,0.9955257270693513,0.12727272727272726,25,24,99000,94000,6,21492,0.96,0.9494949494949495,0.24,85,84,356000,348000,8,86558,0.9882352941176471,0.9775280898876404,0.09411764705882353,110,108,455000,442000,14,108050,0.9818181818181818,0.9714285714285714,0.12727272727272726
sealed_holdout,6,public-hub-106-33eda9c47c96,hub,64,238,4,0,uniform,diffuse,oracle,none,,0,False,0.3180561485394833,0.3213432461287345,34480545,110,110,447000,447000,0,104184,1.0,1.0,0.0,25,25,99000,99000,0,27076,1.0,1.0,0.0,85,85,356000,356000,0,79333,1.0,1.0,0.0,110,110,455000,455000,0,106409,1.0,1.0,0.0
sealed_holdout,6,public-hub-106-33eda9c47c96,hub,64,238,4,0,uniform,diffuse,online,random,N017|N019,120000,False,0.3180561485394833,0.31311279620226,34600545,110,109,447000,445000,14,103519,0.990909090909091,0.9955257270693513,0.12727272727272726,25,25,99000,99000,8,20994,1.0,1.0,0.32,85,85,356000,356000,10,92182,1.0,1.0,0.11764705882352941,110,110,455000,455000,18,113176,1.0,1.0,0.16363636363636364
sealed_holdout,6,public-hub-106-33eda9c47c96,hub,64,238,4,0,uniform,diffuse,online,failure_aware,N017|N019,120000,False,0.3180561485394833,0.31311279620226,34600545,110,109,447000,445000,14,103519,0.990909090909091,0.9955257270693513,0.12727272727272726,25,25,99000,99000,8,20994,1.0,1.0,0.32,85,85,356000,356000,10,92182,1.0,1.0,0.11764705882352941,110,110,455000,455000,18,113176,1.0,1.0,0.16363636363636364
sealed_holdout,6,public-hub-106-33eda9c47c96,hub,64,238,4,0,uniform,stationary_hotspot,public,none,,0,False,0.3180561485394833,0.3196815756586713,34480545,110,89,431000,313000,21,83558,0.8090909090909091,0.7262180974477959,0.19090909090909092,25,24,77000,72000,1,21431,0.96,0.935064935064935,0.04,85,75,354000,280000,10,67512,0.8823529411764706,0.7909604519774012,0.11764705882352941,110,99,431000,352000,11,88943,0.9,0.8167053364269141,0.1
sealed_holdout,6,public-hub-106-33eda9c47c96,hub,64,238,4,0,uniform,stationary_hotspot,retry,none,,0,False,0.3180561485394833,0.3224822968226995,34480545,110,107,431000,410000,26,111879,0.9727272727272728,0.951276102088167,0.23636363636363636,25,25,77000,77000,2,22936,1.0,1.0,0.08,85,81,354000,325000,21,78177,0.9529411764705882,0.9180790960451978,0.24705882352941178,110,106,431000,402000,23,101113,0.9636363636363636,0.9327146171693735,0.20909090909090908
sealed_holdout,6,public-hub-106-33eda9c47c96,hub,64,238,4,0,uniform,stationary_hotspot,online,none,,0,False,0.3180561485394833,0.3227948076433903,34480545,110,107,431000,410000,23,119355,0.9727272727272728,0.951276102088167,0.20909090909090908,25,25,77000,77000,2,25433,1.0,1.0,0.08,85,81,354000,322000,23,81451,0.9529411764705882,0.9096045197740112,0.27058823529411763,110,106,431000,399000,25,106884,0.9636363636363636,0.925754060324826,0.22727272727272727
sealed_holdout,6,public-hub-106-33eda9c47c96,hub,64,238,4,0,uniform,stationary_hotspot,oracle,none,,0,False,0.3180561485394833,0.32209846370158973,34480545,110,108,431000,415000,0,113889,0.9818181818181818,0.962877030162413,0.0,25,25,77000,77000,0,22936,1.0,1.0,0.0,85,84,354000,346000,0,86287,0.9882352941176471,0.9774011299435028,0.0,110,109,431000,423000,0,109223,0.990909090909091,0.9814385150812065,0.0
sealed_holdout,6,public-hub-106-33eda9c47c96,hub,64,238,4,0,uniform,stationary_hotspot,online,random,N017|N019,120000,False,0.3180561485394833,0.320685457629639,34600545,110,107,431000,410000,23,119355,0.9727272727272728,0.951276102088167,0.20909090909090908,25,25,77000,77000,3,26328,1.0,1.0,0.12,85,80,354000,314000,29,80860,0.9411764705882353,0.8870056497175142,0.3411764705882353,110,105,431000,391000,32,107188,0.9545454545454546,0.9071925754060325,0.2909090909090909
sealed_holdout,6,public-hub-106-33eda9c47c96,hub,64,238,4,0,uniform,stationary_hotspot,online,failure_aware,N012|N025,120000,False,0.3180561485394833,0.320685457629639,34600545,110,107,431000,410000,23,119355,0.9727272727272728,0.951276102088167,0.20909090909090908,25,25,77000,77000,3,26328,1.0,1.0,0.12,85,80,354000,314000,29,80860,0.9411764705882353,0.8870056497175142,0.3411764705882353,110,105,431000,391000,32,107188,0.9545454545454546,0.9071925754060325,0.2909090909090909
sealed_holdout,6,public-hub-106-33eda9c47c96,hub,64,238,4,0,uniform,shifted_hotspot,public,none,,0,False,0.3180561485394833,0.31745341587192416,34480545,110,89,431000,313000,21,83558,0.8090909090909091,0.7262180974477959,0.19090909090909092,25,23,77000,67000,2,20361,0.92,0.8701298701298701,0.08,85,73,354000,285000,12,67112,0.8588235294117647,0.8050847457627118,0.1411764705882353,110,96,431000,352000,14,87473,0.8727272727272727,0.8167053364269141,0.12727272727272726
sealed_holdout,6,public-hub-106-33eda9c47c96,hub,64,238,4,0,uniform,shifted_hotspot,retry,none,,0,False,0.3180561485394833,0.31881095976035734,34480545,110,107,431000,410000,26,111879,0.9727272727272728,0.951276102088167,0.23636363636363636,25,24,77000,72000,5,21866,0.96,0.935064935064935,0.2,85,76,354000,309000,31,71928,0.8941176470588236,0.8728813559322034,0.36470588235294116,110,100,431000,381000,36,93794,0.9090909090909091,0.8839907192575406,0.32727272727272727
sealed_holdout,6,public-hub-106-33eda9c47c96,hub,64,238,4,0,uniform,shifted_hotspot,online,none,,0,False,0.3180561485394833,0.32048611847760355,34480545,110,107,431000,410000,23,119355,0.9727272727272728,0.951276102088167,0.20909090909090908,25,24,77000,72000,5,23928,0.96,0.935064935064935,0.2,85,77,354000,314000,30,77053,0.9058823529411765,0.8870056497175142,0.35294117647058826,110,101,431000,386000,35,100981,0.9181818181818182,0.8955916473317865,0.3181818181818182
sealed_holdout,6,public-hub-106-33eda9c47c96,hub,64,238,4,0,uniform,shifted_hotspot,oracle,none,,0,False,0.3180561485394833,0.3185434686092284,34480545,110,108,431000,415000,0,113889,0.9818181818181818,0.962877030162413,0.0,25,24,77000,72000,0,21866,0.96,0.935064935064935,0.0,85,78,354000,322000,0,76678,0.9176470588235294,0.9096045197740112,0.0,110,102,431000,394000,0,98544,0.9272727272727272,0.91415313225058,0.0
sealed_holdout,6,public-hub-106-33eda9c47c96,hub,64,238,4,0,uniform,shifted_hotspot,online,random,N017|N019,120000,False,0.3180561485394833,0.3178241231330858,34600545,110,107,431000,410000,23,119355,0.9727272727272728,0.951276102088167,0.20909090909090908,25,24,77000,72000,6,24823,0.96,0.935064935064935,0.24,85,76,354000,306000,36,77432,0.8941176470588236,0.864406779661017,0.4235294117647059,110,100,431000,378000,42,102255,0.9090909090909091,0.877030162412993,0.38181818181818183
sealed_holdout,6,public-hub-106-33eda9c47c96,hub,64,238,4,0,uniform,shifted_hotspot,online,failure_aware,N012|N025,120000,False,0.3180561485394833,0.3178241231330858,34600545,110,107,431000,410000,23,119355,0.9727272727272728,0.951276102088167,0.20909090909090908,25,24,77000,72000,6,24823,0.96,0.935064935064935,0.24,85,76,354000,306000,36,77432,0.8941176470588236,0.864406779661017,0.4235294117647059,110,100,431000,378000,42,102255,0.9090909090909091,0.877030162412993,0.38181818181818183
sealed_holdout,6,public-hub-106-33eda9c47c96,hub,64,238,4,0,polarized,diffuse,public,none,,0,False,0.7158097963772304,0.7018642879907632,34480545,110,77,447000,267000,33,57698,0.7,0.5973154362416108,0.3,25,14,99000,46000,11,8279,0.56,0.46464646464646464,0.44,85,63,356000,235000,22,55047,0.7411764705882353,0.6601123595505618,0.25882352941176473,110,77,455000,281000,33,63326,0.7,0.6175824175824176,0.3
sealed_holdout,6,public-hub-106-33eda9c47c96,hub,64,238,4,0,polarized,diffuse,retry,none,,0,False,0.7158097963772304,0.6916694848019574,34480545,110,102,447000,399000,52,98815,0.9272727272727272,0.8926174496644296,0.4727272727272727,25,21,99000,76000,20,14239,0.84,0.7676767676767676,0.8,85,81,356000,330000,40,82864,0.9529411764705882,0.9269662921348315,0.47058823529411764,110,102,455000,406000,60,97103,0.9272727272727272,0.8923076923076924,0.5454545454545454
sealed_holdout,6,public-hub-106-33eda9c47c96,hub,64,238,4,0,polarized,diffuse,online,none,,0,False,0.7158097963772304,0.6797108579821459,34480545,110,102,447000,399000,42,100579,0.9272727272727272,0.8926174496644296,0.38181818181818183,25,20,99000,71000,21,16334,0.8,0.7171717171717171,0.84,85,83,356000,343000,28,95884,0.9764705882352941,0.9634831460674157,0.32941176470588235,110,103,455000,414000,49,112218,0.9363636363636364,0.9098901098901099,0.44545454545454544
sealed_holdout,6,public-hub-106-33eda9c47c96,hub,64,238,4,0,polarized,diffuse,oracle,none,,0,False,0.7158097963772304,0.6898529888003743,34480545,110,107,447000,426000,0,117665,0.9727272727272728,0.9530201342281879,0.0,25,23,99000,89000,0,28160,0.92,0.898989898989899,0.0,85,83,356000,343000,0,88731,0.9764705882352941,0.9634831460674157,0.0,110,106,455000,432000,0,116891,0.9636363636363636,0.9494505494505494,0.0
sealed_holdout,6,public-hub-106-33eda9c47c96,hub,64,238,4,0,polarized,diffuse,online,random,N017|N019,120000,False,0.7158097963772304,0.6862030548882491,34600545,110,102,447000,399000,42,100579,0.9272727272727272,0.8926174496644296,0.38181818181818183,25,20,99000,74000,20,14992,0.8,0.7474747474747475,0.8,85,81,356000,330000,28,90706,0.9529411764705882,0.9269662921348315,0.32941176470588235,110,101,455000,404000,48,105698,0.9181818181818182,0.8879120879120879,0.43636363636363634
sealed_holdout,6,public-hub-106-33eda9c47c96,hub,64,238,4,0,polarized,diffuse,online,failure_aware,N038|N043,120000,False,0.7158097963772304,0.6913007697124723,34600545,110,102,447000,399000,42,100579,0.9272727272727272,0.8926174496644296,0.38181818181818183,25,20,99000,74000,20,14992,0.8,0.7474747474747475,0.8,85,80,356000,325000,31,88621,0.9411764705882353,0.9129213483146067,0.36470588235294116,110,100,455000,399000,51,103613,0.9090909090909091,0.8769230769230769,0.4636363636363636
sealed_holdout,6,public-hub-106-33eda9c47c96,hub,64,238,4,0,polarized,stationary_hotspot,public,none,,0,False,0.7158097963772304,0.7034921275086401,34480545,110,67,431000,197000,43,56623,0.6090909090909091,0.45707656612529,0.39090909090909093,25,16,77000,35000,9,14194,0.64,0.45454545454545453,0.36,85,62,354000,218000,23,53508,0.7294117647058823,0.615819209039548,0.27058823529411763,110,78,431000,253000,32,67702,0.7090909090909091,0.5870069605568445,0.2909090909090909
sealed_holdout,6,public-hub-106-33eda9c47c96,hub,64,238,4,0,polarized,stationary_hotspot,retry,none,,0,False,0.7158097963772304,0.6955034245124049,34480545,110,99,431000,362000,67,103317,0.9,0.839907192575406,0.6090909090909091,25,22,77000,56000,19,24119,0.88,0.7272727272727273,0.76,85,77,354000,302000,42,76778,0.9058823529411765,0.8531073446327684,0.49411764705882355,110,99,431000,358000,61,100897,0.9,0.8306264501160093,0.5545454545454546
sealed_holdout,6,public-hub-106-33eda9c47c96,hub,64,238,4,0,polarized,stationary_hotspot,online,none,,0,False,0.7158097963772304,0.6923907507646482,34480545,110,99,431000,362000,51,106762,0.9,0.839907192575406,0.4636363636363636,25,23,77000,64000,11,24073,0.92,0.8311688311688312,0.44,85,76,354000,300000,40,77728,0.8941176470588236,0.847457627118644,0.47058823529411764,110,99,431000,364000,51,101801,0.9,0.8445475638051044,0.4636363636363636
sealed_holdout,6,public-hub-106-33eda9c47c96,hub,64,238,4,0,polarized,stationary_hotspot,oracle,none,,0,False,0.7158097963772304,0.6894463517063543,34480545,110,101,431000,378000,0,122417,0.9181818181818182,0.877030162412993,0.0,25,24,77000,69000,0,27324,0.96,0.8961038961038961,0.0,85,81,354000,328000,0,88472,0.9529411764705882,0.9265536723163842,0.0,110,105,431000,397000,0,115796,0.9545454545454546,0.9211136890951276,0.0
sealed_holdout,6,public-hub-106-33eda9c47c96,hub,64,238,4,0,polarized,stationary_hotspot,online,random,N017|N019,120000,False,0.7158097963772304,0.6903712289273717,34600545,110,99,431000,362000,51,106762,0.9,0.839907192575406,0.4636363636363636,25,24,77000,69000,9,26248,0.96,0.8961038961038961,0.36,85,77,354000,296000,34,80756,0.9058823529411765,0.8361581920903954,0.4,110,101,431000,365000,43,107004,0.9181818181818182,0.8468677494199536,0.39090909090909093
sealed_holdout,6,public-hub-106-33eda9c47c96,hub,64,238,4,0,polarized,stationary_hotspot,online,failure_aware,N038|N043,120000,False,0.7158097963772304,0.6909755137426931,34600545,110,99,431000,362000,51,106762,0.9,0.839907192575406,0.4636363636363636,25,24,77000,69000,9,26248,0.96,0.8961038961038961,0.36,85,77,354000,296000,35,80596,0.9058823529411765,0.8361581920903954,0.4117647058823529,110,101,431000,365000,44,106844,0.9181818181818182,0.8468677494199536,0.4
sealed_holdout,6,public-hub-106-33eda9c47c96,hub,64,238,4,0,polarized,shifted_hotspot,public,none,,0,False,0.7158097963772304,0.7019926294624578,34480545,110,67,431000,197000,43,56623,0.6090909090909091,0.45707656612529,0.39090909090909093,25,15,77000,30000,10,13049,0.6,0.38961038961038963,0.4,85,67,354000,249000,18,62359,0.788235294117647,0.7033898305084746,0.21176470588235294,110,82,431000,279000,28,75408,0.7454545454545455,0.6473317865429234,0.2545454545454545
sealed_holdout,6,public-hub-106-33eda9c47c96,hub,64,238,4,0,polarized,shifted_hotspot,retry,none,,0,False,0.7158097963772304,0.6917142506369333,34480545,110,99,431000,362000,67,103317,0.9,0.839907192575406,0.6090909090909091,25,20,77000,46000,24,21469,0.8,0.5974025974025974,0.96,85,78,354000,316000,32,79912,0.9176470588235294,0.8926553672316384,0.3764705882352941,110,98,431000,362000,56,101381,0.8909090909090909,0.839907192575406,0.509090909090909
sealed_holdout,6,public-hub-106-33eda9c47c96,hub,64,238,4,0,polarized,shifted_hotspot,online,none,,0,False,0.7158097963772304,0.6895181736328315,34480545,110,99,431000,362000,51,106762,0.9,0.839907192575406,0.4636363636363636,25,21,77000,54000,17,21063,0.84,0.7012987012987013,0.68,85,78,354000,316000,33,81481,0.9176470588235294,0.8926553672316384,0.38823529411764707,110,99,431000,370000,50,102544,0.9,0.8584686774941995,0.45454545454545453
sealed_holdout,6,public-hub-106-33eda9c47c96,hub,64,238,4,0,polarized,shifted_hotspot,oracle,none,,0,False,0.7158097963772304,0.688048703889666,34480545,110,101,431000,378000,0,122417,0.9181818181818182,0.877030162412993,0.0,25,22,77000,59000,0,24674,0.88,0.7662337662337663,0.0,85,80,354000,326000,0,84886,0.9411764705882353,0.9209039548022598,0.0,110,102,431000,385000,0,109560,0.9272727272727272,0.8932714617169374,0.0
sealed_holdout,6,public-hub-106-33eda9c47c96,hub,64,238,4,0,polarized,shifted_hotspot,online,random,N017|N019,120000,False,0.7158097963772304,0.6842298722916076,34600545,110,99,431000,362000,51,106762,0.9,0.839907192575406,0.4636363636363636,25,22,77000,59000,15,23238,0.88,0.7662337662337663,0.6,85,78,354000,310000,28,83213,0.9176470588235294,0.8757062146892656,0.32941176470588235,110,100,431000,369000,43,106451,0.9090909090909091,0.8561484918793504,0.39090909090909093
sealed_holdout,6,public-hub-106-33eda9c47c96,hub,64,238,4,0,polarized,shifted_hotspot,online,failure_aware,N038|N043,120000,False,0.7158097963772304,0.684643715415283,34600545,110,99,431000,362000,51,106762,0.9,0.839907192575406,0.4636363636363636,25,22,77000,59000,15,23238,0.88,0.7662337662337663,0.6,85,78,354000,310000,29,82913,0.9176470588235294,0.8757062146892656,0.3411764705882353,110,100,431000,369000,44,106151,0.9090909090909091,0.8561484918793504,0.4
sealed_holdout,6,public-hub-106-33eda9c47c96,hub,64,238,4,1,balanced_band,diffuse,public,none,,0,False,0.05153504576126207,0.06366025837548042,34480545,110,108,433000,423000,2,91083,0.9818181818181818,0.976905311778291,0.01818181818181818,25,23,107000,91000,2,19111,0.92,0.8504672897196262,0.08,85,78,408000,358000,7,72805,0.9176470588235294,0.8774509803921569,0.08235294117647059,110,101,515000,449000,9,91916,0.9181818181818182,0.8718446601941747,0.08181818181818182
sealed_holdout,6,public-hub-106-33eda9c47c96,hub,64,238,4,1,balanced_band,diffuse,retry,none,,0,False,0.05153504576126207,0.06497281316569704,34480545,110,110,433000,433000,2,93925,1.0,1.0,0.01818181818181818,25,25,107000,107000,2,21799,1.0,1.0,0.08,85,85,408000,408000,7,91213,1.0,1.0,0.08235294117647059,110,110,515000,515000,9,113012,1.0,1.0,0.08181818181818182
sealed_holdout,6,public-hub-106-33eda9c47c96,hub,64,238,4,1,balanced_band,diffuse,online,none,,0,False,0.05153504576126207,0.06726401427967584,34480545,110,110,433000,433000,3,99783,1.0,1.0,0.02727272727272727,25,25,107000,107000,1,22991,1.0,1.0,0.04,85,83,408000,399000,11,85177,0.9764705882352941,0.9779411764705882,0.12941176470588237,110,108,515000,506000,12,108168,0.9818181818181818,0.9825242718446602,0.10909090909090909
sealed_holdout,6,public-hub-106-33eda9c47c96,hub,64,238,4,1,balanced_band,diffuse,oracle,none,,0,False,0.05153504576126207,0.06497281316569704,34480545,110,110,433000,433000,0,93925,1.0,1.0,0.0,25,25,107000,107000,0,21799,1.0,1.0,0.0,85,85,408000,408000,0,91213,1.0,1.0,0.0,110,110,515000,515000,0,113012,1.0,1.0,0.0
sealed_holdout,6,public-hub-106-33eda9c47c96,hub,64,238,4,1,balanced_band,diffuse,online,random,N003|N055,120000,False,0.05153504576126207,0.06577890137257202,34600545,110,110,433000,433000,3,99783,1.0,1.0,0.02727272727272727,25,25,107000,107000,2,21974,1.0,1.0,0.08,85,85,408000,408000,7,93437,1.0,1.0,0.08235294117647059,110,110,515000,515000,9,115411,1.0,1.0,0.08181818181818182
sealed_holdout,6,public-hub-106-33eda9c47c96,hub,64,238,4,1,balanced_band,diffuse,online,failure_aware,N003|N055,120000,False,0.05153504576126207,0.06577890137257202,34600545,110,110,433000,433000,3,99783,1.0,1.0,0.02727272727272727,25,25,107000,107000,2,21974,1.0,1.0,0.08,85,85,408000,408000,7,93437,1.0,1.0,0.08235294117647059,110,110,515000,515000,9,115411,1.0,1.0,0.08181818181818182
sealed_holdout,6,public-hub-106-33eda9c47c96,hub,64,238,4,1,balanced_band,stationary_hotspot,public,none,,0,False,0.05153504576126207,0.06290333240363005,34480545,110,97,482000,415000,13,82594,0.8818181818181818,0.8609958506224067,0.11818181818181818,25,24,106000,98000,1,15630,0.96,0.9245283018867925,0.04,85,77,379000,333000,8,62605,0.9058823529411765,0.8786279683377308,0.09411764705882353,110,101,485000,431000,9,78235,0.9181818181818182,0.8886597938144329,0.08181818181818182
sealed_holdout,6,public-hub-106-33eda9c47c96,hub,64,238,4,1,balanced_band,stationary_hotspot,retry,none,,0,False,0.05153504576126207,0.06896181916115082,34480545,110,109,482000,474000,17,97952,0.990909090909091,0.983402489626556,0.15454545454545454,25,24,106000,98000,3,15630,0.96,0.9245283018867925,0.12,85,81,379000,347000,20,71086,0.9529411764705882,0.9155672823218998,0.23529411764705882,110,105,485000,445000,23,86716,0.9545454545454546,0.9175257731958762,0.20909090909090908
sealed_holdout,6,public-hub-106-33eda9c47c96,hub,64,238,4,1,balanced_band,stationary_hotspot,online,none,,0,False,0.05153504576126207,0.07345068093348765,34480545,110,109,482000,474000,19,100194,0.990909090909091,0.983402489626556,0.17272727272727273,25,23,106000,96000,6,16170,0.92,0.9056603773584906,0.24,85,81,379000,347000,19,72931,0.9529411764705882,0.9155672823218998,0.2235294117647059,110,104,485000,443000,25,89101,0.9454545454545454,0.9134020618556701,0.22727272727272727
sealed_holdout,6,public-hub-106-33eda9c47c96,hub,64,238,4,1,balanced_band,stationary_hotspot,oracle,none,,0,False,0.05153504576126207,0.07074871924247696,34480545,110,110,482000,482000,0,99560,1.0,1.0,0.0,25,25,106000,106000,0,18982,1.0,1.0,0.0,85,85,379000,379000,0,82118,1.0,1.0,0.0,110,110,485000,485000,0,101100,1.0,1.0,0.0
sealed_holdout,6,public-hub-106-33eda9c47c96,hub,64,238,4,1,balanced_band,stationary_hotspot,online,random,N003|N055,120000,False,0.05153504576126207,0.07353907980269789,34600545,110,109,482000,474000,19,100194,0.990909090909091,0.983402489626556,0.17272727272727273,25,23,106000,96000,6,17632,0.92,0.9056603773584906,0.24,85,82,379000,355000,20,85281,0.9647058823529412,0.9366754617414248,0.23529411764705882,110,105,485000,451000,26,102913,0.9545454545454546,0.9298969072164949,0.23636363636363636
sealed_holdout,6,public-hub-106-33eda9c47c96,hub,64,238,4,1,balanced_band,stationary_hotspot,online,failure_aware,N028|N059,120000,False,0.05153504576126207,0.07353907980269789,34600545,110,109,482000,474000,19,100194,0.990909090909091,0.983402489626556,0.17272727272727273,25,23,106000,96000,6,17632,0.92,0.9056603773584906,0.24,85,82,379000,355000,20,85281,0.9647058823529412,0.9366754617414248,0.23529411764705882,110,105,485000,451000,26,102913,0.9545454545454546,0.9298969072164949,0.23636363636363636
sealed_holdout,6,public-hub-106-33eda9c47c96,hub,64,238,4,1,balanced_band,shifted_hotspot,public,none,,0,False,0.05153504576126207,0.06481400487771172,34480545,110,97,482000,415000,13,82594,0.8818181818181818,0.8609958506224067,0.11818181818181818,25,25,106000,106000,0,17230,1.0,1.0,0.0,85,82,379000,361000,3,68205,0.9647058823529412,0.9525065963060686,0.03529411764705882,110,107,485000,467000,3,85435,0.9727272727272728,0.9628865979381444,0.02727272727272727
sealed_holdout,6,public-hub-106-33eda9c47c96,hub,64,238,4,1,balanced_band,shifted_hotspot,retry,none,,0,False,0.05153504576126207,0.07017619240319573,34480545,110,109,482000,474000,17,97952,0.990909090909091,0.983402489626556,0.15454545454545454,25,25,106000,106000,0,17230,1.0,1.0,0.0,85,84,379000,371000,6,74957,0.9882352941176471,0.978891820580475,0.07058823529411765,110,109,485000,477000,6,92187,0.990909090909091,0.9835051546391752,0.05454545454545454
sealed_holdout,6,public-hub-106-33eda9c47c96,hub,64,238,4,1,balanced_band,shifted_hotspot,online,none,,0,False,0.05153504576126207,0.07433501174327865,34480545,110,109,482000,474000,19,100194,0.990909090909091,0.983402489626556,0.17272727272727273,25,24,106000,104000,3,17770,0.96,0.9811320754716981,0.12,85,84,379000,371000,9,78491,0.9882352941176471,0.978891820580475,0.10588235294117647,110,108,485000,475000,12,96261,0.9818181818181818,0.979381443298969,0.10909090909090909
sealed_holdout,6,public-hub-106-33eda9c47c96,hub,64,238,4,1,balanced_band,shifted_hotspot,oracle,none,,0,False,0.05153504576126207,0.070175958647991,34480545,110,110,482000,482000,0,99560,1.0,1.0,0.0,25,25,106000,106000,0,17230,1.0,1.0,0.0,85,85,379000,379000,0,76565,1.0,1.0,0.0,110,110,485000,485000,0,93795,1.0,1.0,0.0
sealed_holdout,6,public-hub-106-33eda9c47c96,hub,64,238,4,1,balanced_band,shifted_hotspot,online,random,N003|N055,120000,False,0.05153504576126207,0.07279009396876406,34600545,110,109,482000,474000,19,100194,0.990909090909091,0.983402489626556,0.17272727272727273,25,24,106000,104000,3,19232,0.96,0.9811320754716981,0.12,85,84,379000,371000,13,87839,0.9882352941176471,0.978891820580475,0.15294117647058825,110,108,485000,475000,16,107071,0.9818181818181818,0.979381443298969,0.14545454545454545
sealed_holdout,6,public-hub-106-33eda9c47c96,hub,64,238,4,1,balanced_band,shifted_hotspot,online,failure_aware,N028|N059,120000,False,0.05153504576126207,0.07279009396876406,34600545,110,109,482000,474000,19,100194,0.990909090909091,0.983402489626556,0.17272727272727273,25,24,106000,104000,3,19232,0.96,0.9811320754716981,0.12,85,84,379000,371000,13,87839,0.9882352941176471,0.978891820580475,0.15294117647058825,110,108,485000,475000,16,107071,0.9818181818181818,0.979381443298969,0.14545454545454545
sealed_holdout,6,public-hub-106-33eda9c47c96,hub,64,238,4,1,uniform,diffuse,public,none,,0,False,0.29684155071704627,0.29736622609729463,34480545,110,100,433000,372000,10,81661,0.9090909090909091,0.859122401847575,0.09090909090909091,25,19,107000,74000,6,14481,0.76,0.6915887850467289,0.24,85,71,408000,315000,14,66502,0.8352941176470589,0.7720588235294118,0.16470588235294117,110,90,515000,389000,20,80983,0.8181818181818182,0.7553398058252427,0.18181818181818182
sealed_holdout,6,public-hub-106-33eda9c47c96,hub,64,238,4,1,uniform,diffuse,retry,none,,0,False,0.29684155071704627,0.29353819985102986,34480545,110,108,433000,417000,15,93544,0.9818181818181818,0.9630484988452656,0.13636363636363635,25,23,107000,97000,8,19591,0.92,0.9065420560747663,0.32,85,84,408000,400000,14,91699,0.9882352941176471,0.9803921568627451,0.16470588235294117,110,107,515000,497000,22,111290,0.9727272727272728,0.9650485436893204,0.2
sealed_holdout,6,public-hub-106-33eda9c47c96,hub,64,238,4,1,uniform,diffuse,online,none,,0,False,0.29684155071704627,0.2952620399693252,34480545,110,108,433000,417000,17,99904,0.9818181818181818,0.9630484988452656,0.15454545454545454,25,23,107000,97000,7,21772,0.92,0.9065420560747663,0.28,85,83,408000,392000,14,94118,0.9764705882352941,0.9607843137254902,0.16470588235294117,110,106,515000,489000,21,115890,0.9636363636363636,0.9495145631067962,0.19090909090909092
sealed_holdout,6,public-hub-106-33eda9c47c96,hub,64,238,4,1,uniform,diffuse,oracle,none,,0,False,0.29684155071704627,0.2949105173354923,34480545,110,109,433000,425000,0,96360,0.990909090909091,0.9815242494226328,0.0,25,24,107000,99000,0,21193,0.96,0.9252336448598131,0.0,85,85,408000,408000,0,93499,1.0,1.0,0.0,110,109,515000,507000,0,114692,0.990909090909091,0.9844660194174757,0.0
sealed_holdout,6,public-hub-106-33eda9c47c96,hub,64,238,4,1,uniform,diffuse,online,random,N003|N055,120000,False,0.29684155071704627,0.2917239960986463,34600545,110,108,433000,417000,17,99904,0.9818181818181818,0.9630484988452656,0.15454545454545454,25,23,107000,97000,7,20350,0.92,0.9065420560747663,0.28,85,85,408000,408000,13,107599,1.0,1.0,0.15294117647058825,110,108,515000,505000,20,127949,0.9818181818181818,0.9805825242718447,0.18181818181818182
sealed_holdout,6,public-hub-106-33eda9c47c96,hub,64,238,4,1,uniform,diffuse,online,failure_aware,N022|N025,120000,False,0.29684155071704627,0.2917239960986463,34600545,110,108,433000,417000,17,99904,0.9818181818181818,0.9630484988452656,0.15454545454545454,25,23,107000,97000,7,20350,0.92,0.9065420560747663,0.28,85,85,408000,408000,13,107599,1.0,1.0,0.15294117647058825,110,108,515000,505000,20,127949,0.9818181818181818,0.9805825242718447,0.18181818181818182
sealed_holdout,6,public-hub-106-33eda9c47c96,hub,64,238,4,1,uniform,stationary_hotspot,public,none,,0,False,0.29684155071704627,0.29416726619878564,34480545,110,93,482000,382000,17,75680,0.8454545454545455,0.7925311203319502,0.15454545454545454,25,23,106000,90000,2,14870,0.92,0.8490566037735849,0.08,85,72,379000,299000,13,57035,0.8470588235294118,0.7889182058047494,0.15294117647058825,110,95,485000,389000,15,71905,0.8636363636363636,0.8020618556701031,0.13636363636363635
sealed_holdout,6,public-hub-106-33eda9c47c96,hub,64,238,4,1,uniform,stationary_hotspot,retry,none,,0,False,0.29684155071704627,0.29784659937714403,34480545,110,106,482000,450000,31,96119,0.9636363636363636,0.9336099585062241,0.2818181818181818,25,24,106000,98000,5,15870,0.96,0.9245283018867925,0.2,85,81,379000,354000,20,74425,0.9529411764705882,0.9340369393139841,0.23529411764705882,110,105,485000,452000,25,90295,0.9545454545454546,0.931958762886598,0.22727272727272727
sealed_holdout,6,public-hub-106-33eda9c47c96,hub,64,238,4,1,uniform,stationary_hotspot,online,none,,0,False,0.29684155071704627,0.3000152750805539,34480545,110,106,482000,450000,32,97789,0.9636363636363636,0.9336099585062241,0.2909090909090909,25,24,106000,98000,6,17339,0.96,0.9245283018867925,0.24,85,82,379000,364000,23,80076,0.9647058823529412,0.9604221635883905,0.27058823529411763,110,106,485000,462000,29,97415,0.9636363636363636,0.9525773195876288,0.2636363636363636
sealed_holdout,6,public-hub-106-33eda9c47c96,hub,64,238,4,1,uniform,stationary_hotspot,oracle,none,,0,False,0.29684155071704627,0.2990916892739733,34480545,110,108,482000,466000,0,103559,0.9818181818181818,0.966804979253112,0.0,25,25,106000,106000,0,19222,1.0,1.0,0.0,85,85,379000,379000,0,84623,1.0,1.0,0.0,110,110,485000,485000,0,103845,1.0,1.0,0.0
sealed_holdout,6,public-hub-106-33eda9c47c96,hub,64,238,4,1,uniform,stationary_hotspot,online,random,N003|N055,120000,False,0.29684155071704627,0.30241328956066926,34600545,110,106,482000,450000,32,97789,0.9636363636363636,0.9336099585062241,0.2909090909090909,25,24,106000,98000,5,18319,0.96,0.9245283018867925,0.2,85,81,379000,356000,23,84110,0.9529411764705882,0.9393139841688655,0.27058823529411763,110,105,485000,454000,28,102429,0.9545454545454546,0.9360824742268041,0.2545454545454545
sealed_holdout,6,public-hub-106-33eda9c47c96,hub,64,238,4,1,uniform,stationary_hotspot,online,failure_aware,N054|N063,120000,True,0.29684155071704627,0.3028381383600162,34600545,110,106,482000,450000,32,97789,0.9636363636363636,0.9336099585062241,0.2909090909090909,25,25,106000,106000,4,20119,1.0,1.0,0.16,85,83,379000,369000,20,87410,0.9764705882352941,0.9736147757255936,0.23529411764705882,110,108,485000,475000,24,107529,0.9818181818181818,0.979381443298969,0.21818181818181817
sealed_holdout,6,public-hub-106-33eda9c47c96,hub,64,238,4,1,uniform,shifted_hotspot,public,none,,0,False,0.29684155071704627,0.29581152036646646,34480545,110,93,482000,382000,17,75680,0.8454545454545455,0.7925311203319502,0.15454545454545454,25,24,106000,98000,1,16470,0.96,0.9245283018867925,0.04,85,77,379000,327000,8,62635,0.9058823529411765,0.862796833773087,0.09411764705882353,110,101,485000,425000,9,79105,0.9181818181818182,0.8762886597938144,0.08181818181818182
sealed_holdout,6,public-hub-106-33eda9c47c96,hub,64,238,4,1,uniform,shifted_hotspot,retry,none,,0,False,0.29684155071704627,0.2989918884419036,34480545,110,106,482000,450000,31,96119,0.9636363636363636,0.9336099585062241,0.2818181818181818,25,25,106000,106000,2,17470,1.0,1.0,0.08,85,85,379000,379000,7,79145,1.0,1.0,0.08235294117647059,110,110,485000,485000,9,96615,1.0,1.0,0.08181818181818182
sealed_holdout,6,public-hub-106-33eda9c47c96,hub,64,238,4,1,uniform,shifted_hotspot,online,none,,0,False,0.29684155071704627,0.2997835013861993,34480545,110,106,482000,450000,32,97789,0.9636363636363636,0.9336099585062241,0.2909090909090909,25,25,106000,106000,3,18939,1.0,1.0,0.12,85,85,379000,379000,11,82716,1.0,1.0,0.12941176470588237,110,110,485000,485000,14,101655,1.0,1.0,0.12727272727272726
sealed_holdout,6,public-hub-106-33eda9c47c96,hub,64,238,4,1,uniform,shifted_hotspot,oracle,none,,0,False,0.29684155071704627,0.29775206398989496,34480545,110,108,482000,466000,0,103559,0.9818181818181818,0.966804979253112,0.0,25,25,106000,106000,0,17470,1.0,1.0,0.0,85,85,379000,379000,0,79225,1.0,1.0,0.0,110,110,485000,485000,0,96695,1.0,1.0,0.0
sealed_holdout,6,public-hub-106-33eda9c47c96,hub,64,238,4,1,uniform,shifted_hotspot,online,random,N003|N055,120000,False,0.29684155071704627,0.30307740890552165,34600545,110,106,482000,450000,32,97789,0.9636363636363636,0.9336099585062241,0.2909090909090909,25,25,106000,106000,2,19919,1.0,1.0,0.08,85,85,379000,379000,11,88990,1.0,1.0,0.12941176470588237,110,110,485000,485000,13,108909,1.0,1.0,0.11818181818181818
sealed_holdout,6,public-hub-106-33eda9c47c96,hub,64,238,4,1,uniform,shifted_hotspot,online,failure_aware,N054|N063,120000,False,0.29684155071704627,0.30307740890552165,34600545,110,106,482000,450000,32,97789,0.9636363636363636,0.9336099585062241,0.2909090909090909,25,25,106000,106000,2,19919,1.0,1.0,0.08,85,85,379000,379000,11,88990,1.0,1.0,0.12941176470588237,110,110,485000,485000,13,108909,1.0,1.0,0.11818181818181818
sealed_holdout,6,public-hub-106-33eda9c47c96,hub,64,238,4,1,polarized,diffuse,public,none,,0,False,0.7086876279509569,0.6867577586001183,34480545,110,75,433000,248000,35,55189,0.6818181818181818,0.5727482678983834,0.3181818181818182,25,15,107000,48000,10,10023,0.6,0.4485981308411215,0.4,85,61,408000,258000,24,54274,0.7176470588235294,0.6323529411764706,0.2823529411764706,110,76,515000,306000,34,64297,0.6909090909090909,0.5941747572815534,0.3090909090909091
sealed_holdout,6,public-hub-106-33eda9c47c96,hub,64,238,4,1,polarized,diffuse,retry,none,,0,False,0.7086876279509569,0.6780348387051239,34480545,110,99,433000,351000,63,87964,0.9,0.8106235565819861,0.5727272727272728,25,21,107000,84000,18,19123,0.84,0.7850467289719626,0.72,85,76,408000,348000,45,81831,0.8941176470588236,0.8529411764705882,0.5294117647058824,110,97,515000,432000,63,100954,0.8818181818181818,0.8388349514563107,0.5727272727272728
sealed_holdout,6,public-hub-106-33eda9c47c96,hub,64,238,4,1,polarized,diffuse,online,none,,0,False,0.7086876279509569,0.673387123855379,34480545,110,100,433000,359000,52,97751,0.9090909090909091,0.8290993071593533,0.4727272727272727,25,23,107000,94000,20,25039,0.92,0.8785046728971962,0.8,85,80,408000,371000,34,101185,0.9411764705882353,0.9093137254901961,0.4,110,103,515000,465000,54,126224,0.9363636363636364,0.9029126213592233,0.4909090909090909
sealed_holdout,6,public-hub-106-33eda9c47c96,hub,64,238,4,1,polarized,diffuse,oracle,none,,0,False,0.7086876279509569,0.6709281857090535,34480545,110,107,433000,409000,0,116978,0.9727272727272728,0.9445727482678984,0.0,25,24,107000,99000,0,28551,0.96,0.9252336448598131,0.0,85,85,408000,408000,0,124250,1.0,1.0,0.0,110,109,515000,507000,0,152801,0.990909090909091,0.9844660194174757,0.0
sealed_holdout,6,public-hub-106-33eda9c47c96,hub,64,238,4,1,polarized,diffuse,online,random,N003|N055,120000,False,0.7086876279509569,0.6789136345162724,34600545,110,100,433000,359000,52,97751,0.9090909090909091,0.8290993071593533,0.4727272727272727,25,22,107000,89000,16,20688,0.88,0.8317757009345794,0.64,85,80,408000,371000,32,100795,0.9411764705882353,0.9093137254901961,0.3764705882352941,110,102,515000,460000,48,121483,0.9272727272727272,0.8932038834951457,0.43636363636363634
sealed_holdout,6,public-hub-106-33eda9c47c96,hub,64,238,4,1,polarized,diffuse,online,failure_aware,N058|N060,120000,False,0.7086876279509569,0.6789136345162724,34600545,110,100,433000,359000,52,97751,0.9090909090909091,0.8290993071593533,0.4727272727272727,25,22,107000,89000,16,20688,0.88,0.8317757009345794,0.64,85,80,408000,371000,32,100795,0.9411764705882353,0.9093137254901961,0.3764705882352941,110,102,515000,460000,48,121483,0.9272727272727272,0.8932038834951457,0.43636363636363634
sealed_holdout,6,public-hub-106-33eda9c47c96,hub,64,238,4,1,polarized,stationary_hotspot,public,none,,0,False,0.7086876279509569,0.6912013121512861,34480545,110,86,482000,345000,24,69288,0.7818181818181819,0.7157676348547718,0.21818181818181817,25,18,106000,62000,7,9959,0.72,0.5849056603773585,0.28,85,62,379000,243000,23,45783,0.7294117647058823,0.6411609498680739,0.27058823529411763,110,80,485000,305000,30,55742,0.7272727272727273,0.6288659793814433,0.2727272727272727
sealed_holdout,6,public-hub-106-33eda9c47c96,hub,64,238,4,1,polarized,stationary_hotspot,retry,none,,0,False,0.7086876279509569,0.680159332462764,34480545,110,100,482000,405000,47,95868,0.9090909090909091,0.8402489626556017,0.42727272727272725,25,23,106000,90000,13,18366,0.92,0.8490566037735849,0.52,85,78,379000,335000,43,79446,0.9176470588235294,0.8839050131926122,0.5058823529411764,110,101,485000,425000,56,97812,0.9181818181818182,0.8762886597938144,0.509090909090909
sealed_holdout,6,public-hub-106-33eda9c47c96,hub,64,238,4,1,polarized,stationary_hotspot,online,none,,0,False,0.7086876279509569,0.6804399577855941,34480545,110,100,482000,405000,42,100591,0.9090909090909091,0.8402489626556017,0.38181818181818183,25,23,106000,93000,12,20606,0.92,0.8773584905660378,0.48,85,76,379000,325000,43,79664,0.8941176470588236,0.8575197889182058,0.5058823529411764,110,99,485000,418000,55,100270,0.9,0.8618556701030928,0.5
sealed_holdout,6,public-hub-106-33eda9c47c96,hub,64,238,4,1,polarized,stationary_hotspot,oracle,none,,0,False,0.7086876279509569,0.6758892024567558,34480545,110,106,482000,450000,0,120039,0.9636363636363636,0.9336099585062241,0.0,25,25,106000,106000,0,25238,1.0,1.0,0.0,85,82,379000,358000,0,95275,0.9647058823529412,0.9445910290237467,0.0,110,107,485000,464000,0,120513,0.9727272727272728,0.9567010309278351,0.0
sealed_holdout,6,public-hub-106-33eda9c47c96,hub,64,238,4,1,polarized,stationary_hotspot,online,random,N003|N055,120000,False,0.7086876279509569,0.6811724874636171,34600545,110,100,482000,405000,42,100591,0.9090909090909091,0.8402489626556017,0.38181818181818183,25,24,106000,101000,9,23172,0.96,0.9528301886792453,0.36,85,77,379000,333000,41,80303,0.9058823529411765,0.8786279683377308,0.4823529411764706,110,101,485000,434000,50,103475,0.9181818181818182,0.8948453608247423,0.45454545454545453
sealed_holdout,6,public-hub-106-33eda9c47c96,hub,64,238,4,1,polarized,stationary_hotspot,online,failure_aware,N055|N058,120000,False,0.7086876279509569,0.6811724874636171,34600545,110,100,482000,405000,42,100591,0.9090909090909091,0.8402489626556017,0.38181818181818183,25,24,106000,101000,9,23172,0.96,0.9528301886792453,0.36,85,77,379000,333000,42,80303,0.9058823529411765,0.8786279683377308,0.49411764705882355,110,101,485000,434000,51,103475,0.9181818181818182,0.8948453608247423,0.4636363636363636
sealed_holdout,6,public-hub-106-33eda9c47c96,hub,64,238,4,1,polarized,shifted_hotspot,public,none,,0,False,0.7086876279509569,0.691364912946842,34480545,110,86,482000,345000,24,69288,0.7818181818181819,0.7157676348547718,0.21818181818181817,25,19,106000,70000,6,11559,0.76,0.660377358490566,0.24,85,63,379000,245000,22,46183,0.7411764705882353,0.6464379947229552,0.25882352941176473,110,82,485000,315000,28,57742,0.7454545454545455,0.6494845360824743,0.2545454545454545
sealed_holdout,6,public-hub-106-33eda9c47c96,hub,64,238,4,1,polarized,shifted_hotspot,retry,none,,0,False,0.7086876279509569,0.6808287750962021,34480545,110,100,482000,405000,47,95868,0.9090909090909091,0.8402489626556017,0.42727272727272725,25,24,106000,98000,10,19966,0.96,0.9245283018867925,0.4,85,77,379000,330000,41,77718,0.9058823529411765,0.8707124010554089,0.4823529411764706,110,101,485000,428000,51,97684,0.9181818181818182,0.8824742268041237,0.4636363636363636
sealed_holdout,6,public-hub-106-33eda9c47c96,hub,64,238,4,1,polarized,shifted_hotspot,online,none,,0,False,0.7086876279509569,0.6802519837660221,34480545,110,100,482000,405000,42,100591,0.9090909090909091,0.8402489626556017,0.38181818181818183,25,24,106000,98000,7,21158,0.96,0.9245283018867925,0.28,85,77,379000,330000,41,82365,0.9058823529411765,0.8707124010554089,0.4823529411764706,110,101,485000,428000,48,103523,0.9181818181818182,0.8824742268041237,0.43636363636363634
sealed_holdout,6,public-hub-106-33eda9c47c96,hub,64,238,4,1,polarized,shifted_hotspot,oracle,none,,0,False,0.7086876279509569,0.6738573724270805,34480545,110,106,482000,450000,0,120039,0.9636363636363636,0.9336099585062241,0.0,25,25,106000,106000,0,23486,1.0,1.0,0.0,85,84,379000,371000,0,101756,0.9882352941176471,0.978891820580475,0.0,110,109,485000,477000,0,125242,0.990909090909091,0.9835051546391752,0.0
sealed_holdout,6,public-hub-106-33eda9c47c96,hub,64,238,4,1,polarized,shifted_hotspot,online,random,N003|N055,120000,False,0.7086876279509569,0.6775176336652932,34600545,110,100,482000,405000,42,100591,0.9090909090909091,0.8402489626556017,0.38181818181818183,25,25,106000,106000,6,24251,1.0,1.0,0.24,85,76,379000,328000,49,81447,0.8941176470588236,0.8654353562005277,0.5764705882352941,110,101,485000,434000,55,105698,0.9181818181818182,0.8948453608247423,0.5
sealed_holdout,6,public-hub-106-33eda9c47c96,hub,64,238,4,1,polarized,shifted_hotspot,online,failure_aware,N055|N058,120000,False,0.7086876279509569,0.6775176336652932,34600545,110,100,482000,405000,42,100591,0.9090909090909091,0.8402489626556017,0.38181818181818183,25,25,106000,106000,6,24251,1.0,1.0,0.24,85,76,379000,328000,49,81447,0.8941176470588236,0.8654353562005277,0.5764705882352941,110,101,485000,434000,55,105698,0.9181818181818182,0.8948453608247423,0.5
sealed_holdout,6,public-hub-106-33eda9c47c96,hub,64,238,4,2,balanced_band,diffuse,public,none,,0,False,0.056523508738103106,0.06734183222413458,34480545,110,105,436000,396000,5,86441,0.9545454545454546,0.908256880733945,0.045454545454545456,25,21,92000,69000,4,14642,0.84,0.75,0.16,85,83,318000,315000,2,69429,0.9764705882352941,0.9905660377358491,0.023529411764705882,110,104,410000,384000,6,84071,0.9454545454545454,0.9365853658536586,0.05454545454545454
sealed_holdout,6,public-hub-106-33eda9c47c96,hub,64,238,4,2,balanced_band,diffuse,retry,none,,0,False,0.056523508738103106,0.06885301060228907,34480545,110,107,436000,412000,11,89841,0.9727272727272728,0.944954128440367,0.1,25,23,92000,79000,9,18487,0.92,0.8586956521739131,0.36,85,84,318000,317000,6,69849,0.9882352941176471,0.9968553459119497,0.07058823529411765,110,107,410000,396000,15,88336,0.9727272727272728,0.9658536585365853,0.13636363636363635
sealed_holdout,6,public-hub-106-33eda9c47c96,hub,64,238,4,2,balanced_band,diffuse,online,none,,0,False,0.056523508738103106,0.07191761668601589,34480545,110,107,436000,412000,14,95493,0.9727272727272728,0.944954128440367,0.12727272727272726,25,23,92000,79000,7,19048,0.92,0.8586956521739131,0.28,85,84,318000,317000,5,74091,0.9882352941176471,0.9968553459119497,0.058823529411764705,110,107,410000,396000,12,93139,0.9727272727272728,0.9658536585365853,0.10909090909090909
sealed_holdout,6,public-hub-106-33eda9c47c96,hub,64,238,4,2,balanced_band,diffuse,oracle,none,,0,False,0.056523508738103106,0.06965800990459904,34480545,110,108,436000,420000,0,92441,0.9818181818181818,0.963302752293578,0.0,25,24,92000,84000,0,21842,0.96,0.9130434782608695,0.0,85,85,318000,318000,0,70469,1.0,1.0,0.0,110,109,410000,402000,0,92311,0.990909090909091,0.9804878048780488,0.0
sealed_holdout,6,public-hub-106-33eda9c47c96,hub,64,238,4,2,balanced_band,diffuse,online,random,N002|N055,120000,False,0.056523508738103106,0.07153459234721814,34600545,110,107,436000,412000,14,95493,0.9727272727272728,0.944954128440367,0.12727272727272726,25,24,92000,84000,5,26864,0.96,0.9130434782608695,0.2,85,85,318000,318000,9,88773,1.0,1.0,0.10588235294117647,110,109,410000,402000,14,115637,0.990909090909091,0.9804878048780488,0.12727272727272726
sealed_holdout,6,public-hub-106-33eda9c47c96,hub,64,238,4,2,balanced_band,diffuse,online,failure_aware,N038|N040,120000,False,0.056523508738103106,0.07169316714697173,34600545,110,107,436000,412000,14,95493,0.9727272727272728,0.944954128440367,0.12727272727272726,25,24,92000,84000,5,26864,0.96,0.9130434782608695,0.2,85,85,318000,318000,9,88837,1.0,1.0,0.10588235294117647,110,109,410000,402000,14,115701,0.990909090909091,0.9804878048780488,0.12727272727272726
sealed_holdout,6,public-hub-106-33eda9c47c96,hub,64,238,4,2,balanced_band,stationary_hotspot,public,none,,0,False,0.056523508738103106,0.07009770730881172,34480545,110,97,473000,403000,13,123764,0.8818181818181818,0.8520084566596194,0.11818181818181818,25,10,125000,51000,15,9295,0.4,0.408,0.6,85,68,332000,227000,17,81640,0.8,0.6837349397590361,0.2,110,78,457000,278000,32,90935,0.7090909090909091,0.6083150984682714,0.2909090909090909
sealed_holdout,6,public-hub-106-33eda9c47c96,hub,64,238,4,2,balanced_band,stationary_hotspot,retry,none,,0,False,0.056523508738103106,0.07321691834943808,34480545,110,105,473000,439000,25,143192,0.9545454545454546,0.9281183932346723,0.22727272727272727,25,12,125000,54000,42,13598,0.48,0.432,1.68,85,69,332000,235000,52,84664,0.8117647058823529,0.7078313253012049,0.611764705882353,110,81,457000,289000,94,98262,0.7363636363636363,0.6323851203501094,0.8545454545454545
sealed_holdout,6,public-hub-106-33eda9c47c96,hub,64,238,4,2,balanced_band,stationary_hotspot,online,none,,0,False,0.056523508738103106,0.07986553426749214,34480545,110,105,473000,439000,25,145194,0.9545454545454546,0.9281183932346723,0.22727272727272727,25,17,125000,79000,27,28429,0.68,0.632,1.08,85,72,332000,249000,45,99430,0.8470588235294118,0.75,0.5294117647058824,110,89,457000,328000,72,127859,0.8090909090909091,0.7177242888402626,0.6545454545454545
sealed_holdout,6,public-hub-106-33eda9c47c96,hub,64,238,4,2,balanced_band,stationary_hotspot,oracle,none,,0,False,0.056523508738103106,0.07963605977591884,34480545,110,110,473000,473000,0,157194,1.0,1.0,0.0,25,13,125000,56000,0,15992,0.52,0.448,0.0,85,71,332000,251000,0,96768,0.8352941176470589,0.7560240963855421,0.0,110,84,457000,307000,0,112760,0.7636363636363637,0.6717724288840262,0.0
sealed_holdout,6,public-hub-106-33eda9c47c96,hub,64,238,4,2,balanced_band,stationary_hotspot,online,random,N002|N055,120000,False,0.056523508738103106,0.07756430227691959,34600545,110,105,473000,439000,25,145194,0.9545454545454546,0.9281183932346723,0.22727272727272727,25,17,125000,79000,27,28454,0.68,0.632,1.08,85,72,332000,249000,46,99923,0.8470588235294118,0.75,0.5411764705882353,110,89,457000,328000,73,128377,0.8090909090909091,0.7177242888402626,0.6636363636363637
sealed_holdout,6,public-hub-106-33eda9c47c96,hub,64,238,4,2,balanced_band,stationary_hotspot,online,failure_aware,N054|N058,120000,True,0.056523508738103106,0.08144829335716389,34600545,110,105,473000,439000,25,145194,0.9545454545454546,0.9281183932346723,0.22727272727272727,25,23,125000,109000,6,28522,0.92,0.872,0.24,85,76,332000,272000,55,105905,0.8941176470588236,0.8192771084337349,0.6470588235294118,110,99,457000,381000,61,134427,0.9,0.8336980306345733,0.5545454545454546
sealed_holdout,6,public-hub-106-33eda9c47c96,hub,64,238,4,2,balanced_band,shifted_hotspot,public,none,,0,False,0.056523508738103106,0.07234418127344473,34480545,110,97,473000,403000,13,123764,0.8818181818181818,0.8520084566596194,0.11818181818181818,25,13,125000,66000,12,12295,0.52,0.528,0.48,85,68,332000,227000,17,47278,0.8,0.6837349397590361,0.2,110,81,457000,293000,29,59573,0.7363636363636363,0.6411378555798687,0.2636363636363636
sealed_holdout,6,public-hub-106-33eda9c47c96,hub,64,238,4,2,balanced_band,shifted_hotspot,retry,none,,0,False,0.056523508738103106,0.07614995978427722,34480545,110,105,473000,439000,25,143192,0.9545454545454546,0.9281183932346723,0.22727272727272727,25,20,125000,88000,25,19043,0.8,0.704,1.0,85,70,332000,236000,51,50880,0.8235294117647058,0.7108433734939759,0.6,110,90,457000,324000,76,69923,0.8181818181818182,0.7089715536105032,0.6909090909090909
sealed_holdout,6,public-hub-106-33eda9c47c96,hub,64,238,4,2,balanced_band,shifted_hotspot,online,none,,0,False,0.056523508738103106,0.08287544572033816,34480545,110,105,473000,439000,25,145194,0.9545454545454546,0.9281183932346723,0.22727272727272727,25,24,125000,117000,14,31392,0.96,0.936,0.56,85,75,332000,267000,48,73848,0.8823529411764706,0.8042168674698795,0.5647058823529412,110,99,457000,384000,62,105240,0.9,0.8402625820568927,0.5636363636363636
sealed_holdout,6,public-hub-106-33eda9c47c96,hub,64,238,4,2,balanced_band,shifted_hotspot,oracle,none,,0,False,0.056523508738103106,0.0902239729624509,34480545,110,110,473000,473000,0,157194,1.0,1.0,0.0,25,25,125000,125000,0,32658,1.0,1.0,0.0,85,82,332000,314000,0,100352,0.9647058823529412,0.9457831325301205,0.0,110,107,457000,439000,0,133010,0.9727272727272728,0.9606126914660832,0.0
sealed_holdout,6,public-hub-106-33eda9c47c96,hub,64,238,4,2,balanced_band,shifted_hotspot,online,random,N002|N055,120000,False,0.056523508738103106,0.08125661320003912,34600545,110,105,473000,439000,25,145194,0.9545454545454546,0.9281183932346723,0.22727272727272727,25,24,125000,117000,14,31417,0.96,0.936,0.56,85,75,332000,267000,50,70879,0.8823529411764706,0.8042168674698795,0.5882352941176471,110,99,457000,384000,64,102296,0.9,0.8402625820568927,0.5818181818181818
sealed_holdout,6,public-hub-106-33eda9c47c96,hub,64,238,4,2,balanced_band,shifted_hotspot,online,failure_aware,N054|N058,120000,False,0.056523508738103106,0.08125661320003912,34600545,110,105,473000,439000,25,145194,0.9545454545454546,0.9281183932346723,0.22727272727272727,25,24,125000,117000,14,31417,0.96,0.936,0.56,85,75,332000,267000,50,70879,0.8823529411764706,0.8042168674698795,0.5882352941176471,110,99,457000,384000,64,102296,0.9,0.8402625820568927,0.5818181818181818
sealed_holdout,6,public-hub-106-33eda9c47c96,hub,64,238,4,2,uniform,diffuse,public,none,,0,False,0.3255740165452436,0.3245989145591665,34480545,110,94,436000,317000,16,70057,0.8545454545454545,0.7270642201834863,0.14545454545454545,25,20,92000,67000,5,13443,0.8,0.7282608695652174,0.2,85,77,318000,276000,8,60810,0.9058823529411765,0.8679245283018868,0.09411764705882353,110,97,410000,343000,13,74253,0.8818181818181818,0.8365853658536585,0.11818181818181818
sealed_holdout,6,public-hub-106-33eda9c47c96,hub,64,238,4,2,uniform,diffuse,retry,none,,0,False,0.3255740165452436,0.3293972346771325,34480545,110,106,436000,404000,25,94055,0.9636363636363636,0.926605504587156,0.22727272727272727,25,23,92000,79000,8,24577,0.92,0.8586956521739131,0.32,85,83,318000,302000,9,69237,0.9764705882352941,0.949685534591195,0.10588235294117647,110,106,410000,381000,17,93814,0.9636363636363636,0.9292682926829269,0.15454545454545454
sealed_holdout,6,public-hub-106-33eda9c47c96,hub,64,238,4,2,uniform,diffuse,online,none,,0,False,0.3255740165452436,0.3356282504069141,34480545,110,106,436000,404000,21,98171,0.9636363636363636,0.926605504587156,0.19090909090909092,25,24,92000,84000,7,28738,0.96,0.9130434782608695,0.28,85,83,318000,302000,14,91998,0.9764705882352941,0.949685534591195,0.16470588235294117,110,107,410000,386000,21,120736,0.9727272727272728,0.9414634146341463,0.19090909090909092
sealed_holdout,6,public-hub-106-33eda9c47c96,hub,64,238,4,2,uniform,diffuse,oracle,none,,0,False,0.3255740165452436,0.33154697310959325,34480545,110,108,436000,420000,0,108123,0.9818181818181818,0.963302752293578,0.0,25,24,92000,84000,0,26122,0.96,0.9130434782608695,0.0,85,84,318000,310000,0,72589,0.9882352941176471,0.9748427672955975,0.0,110,108,410000,394000,0,98711,0.9818181818181818,0.9609756097560975,0.0
sealed_holdout,6,public-hub-106-33eda9c47c96,hub,64,238,4,2,uniform,diffuse,online,random,N002|N055,120000,False,0.3255740165452436,0.33144593740890005,34600545,110,106,436000,404000,21,98171,0.9636363636363636,0.926605504587156,0.19090909090909092,25,24,92000,84000,9,30741,0.96,0.9130434782608695,0.36,85,83,318000,302000,14,83912,0.9764705882352941,0.949685534591195,0.16470588235294117,110,107,410000,386000,23,114653,0.9727272727272728,0.9414634146341463,0.20909090909090908
sealed_holdout,6,public-hub-106-33eda9c47c96,hub,64,238,4,2,uniform,diffuse,online,failure_aware,N038|N040,120000,False,0.3255740165452436,0.3311418495938333,34600545,110,106,436000,404000,21,98171,0.9636363636363636,0.926605504587156,0.19090909090909092,25,24,92000,84000,9,30741,0.96,0.9130434782608695,0.36,85,83,318000,302000,14,83712,0.9764705882352941,0.949685534591195,0.16470588235294117,110,107,410000,386000,23,114453,0.9727272727272728,0.9414634146341463,0.20909090909090908
sealed_holdout,6,public-hub-106-33eda9c47c96,hub,64,238,4,2,uniform,stationary_hotspot,public,none,,0,False,0.3255740165452436,0.3332611030759201,34480545,110,89,473000,335000,21,115461,0.8090909090909091,0.7082452431289641,0.19090909090909092,25,9,125000,43000,16,7596,0.36,0.344,0.64,85,67,332000,216000,18,82449,0.788235294117647,0.6506024096385542,0.21176470588235294,110,76,457000,259000,34,90045,0.6909090909090909,0.5667396061269147,0.3090909090909091
sealed_holdout,6,public-hub-106-33eda9c47c96,hub,64,238,4,2,uniform,stationary_hotspot,retry,none,,0,False,0.3255740165452436,0.3363270733389441,34480545,110,101,473000,410000,44,145700,0.9181818181818182,0.8668076109936576,0.4,25,13,125000,56000,43,16117,0.52,0.448,1.72,85,69,332000,229000,53,86898,0.8117647058823529,0.6897590361445783,0.6235294117647059,110,82,457000,285000,96,103015,0.7454545454545455,0.6236323851203501,0.8727272727272727
sealed_holdout,6,public-hub-106-33eda9c47c96,hub,64,238,4,2,uniform,stationary_hotspot,online,none,,0,False,0.3255740165452436,0.3406278665294363,34480545,110,103,473000,426000,43,154353,0.9363636363636364,0.9006342494714588,0.39090909090909093,25,15,125000,72000,36,24878,0.6,0.576,1.44,85,69,332000,226000,56,91080,0.8117647058823529,0.6807228915662651,0.6588235294117647,110,84,457000,298000,92,115958,0.7636363636363637,0.6520787746170679,0.8363636363636363
sealed_holdout,6,public-hub-106-33eda9c47c96,hub,64,238,4,2,uniform,stationary_hotspot,oracle,none,,0,False,0.3255740165452436,0.34246182872211944,34480545,110,109,473000,465000,0,176831,0.990909090909091,0.9830866807610994,0.0,25,13,125000,59000,0,16976,0.52,0.472,0.0,85,69,332000,229000,0,86898,0.8117647058823529,0.6897590361445783,0.0,110,82,457000,288000,0,103874,0.7454545454545455,0.6301969365426696,0.0
sealed_holdout,6,public-hub-106-33eda9c47c96,hub,64,238,4,2,uniform,stationary_hotspot,online,random,N002|N055,120000,False,0.3255740165452436,0.3382626672104368,34600545,110,103,473000,426000,43,154353,0.9363636363636364,0.9006342494714588,0.39090909090909093,25,15,125000,72000,37,24068,0.6,0.576,1.48,85,70,332000,234000,53,91893,0.8235294117647058,0.7048192771084337,0.6235294117647059,110,85,457000,306000,90,115961,0.7727272727272727,0.6695842450765864,0.8181818181818182
sealed_holdout,6,public-hub-106-33eda9c47c96,hub,64,238,4,2,uniform,stationary_hotspot,online,failure_aware,N054|N058,120000,True,0.3255740165452436,0.3412025732792699,34600545,110,103,473000,426000,43,154353,0.9363636363636364,0.9006342494714588,0.39090909090909093,25,25,125000,125000,6,35927,1.0,1.0,0.24,85,71,332000,241000,62,92859,0.8352941176470589,0.7259036144578314,0.7294117647058823,110,96,457000,366000,68,128786,0.8727272727272727,0.8008752735229759,0.6181818181818182
sealed_holdout,6,public-hub-106-33eda9c47c96,hub,64,238,4,2,uniform,shifted_hotspot,public,none,,0,False,0.3255740165452436,0.33440730851523703,34480545,110,89,473000,335000,21,115461,0.8090909090909091,0.7082452431289641,0.19090909090909092,25,11,125000,46000,14,8196,0.44,0.368,0.56,85,67,332000,216000,18,48087,0.788235294117647,0.6506024096385542,0.21176470588235294,110,78,457000,262000,32,56283,0.7090909090909091,0.5733041575492341,0.2909090909090909
sealed_holdout,6,public-hub-106-33eda9c47c96,hub,64,238,4,2,uniform,shifted_hotspot,retry,none,,0,False,0.3255740165452436,0.33691417562658166,34480545,110,101,473000,410000,44,145700,0.9181818181818182,0.8668076109936576,0.4,25,16,125000,62000,37,14836,0.64,0.496,1.48,85,70,332000,230000,52,53114,0.8235294117647058,0.6927710843373494,0.611764705882353,110,86,457000,292000,89,67950,0.7818181818181819,0.6389496717724289,0.8090909090909091
sealed_holdout,6,public-hub-106-33eda9c47c96,hub,64,238,4,2,uniform,shifted_hotspot,online,none,,0,False,0.3255740165452436,0.34127814993868527,34480545,110,103,473000,426000,43,154353,0.9363636363636364,0.9006342494714588,0.39090909090909093,25,23,125000,112000,12,39658,0.92,0.896,0.48,85,74,332000,250000,50,72258,0.8705882352941177,0.7530120481927711,0.5882352941176471,110,97,457000,362000,62,111916,0.8818181818181818,0.7921225382932167,0.5636363636363636
sealed_holdout,6,public-hub-106-33eda9c47c96,hub,64,238,4,2,uniform,shifted_hotspot,oracle,none,,0,False,0.3255740165452436,0.34995408651492604,34480545,110,109,473000,465000,0,176831,0.990909090909091,0.9830866807610994,0.0,25,25,125000,125000,0,39065,1.0,1.0,0.0,85,79,332000,287000,0,87466,0.9294117647058824,0.8644578313253012,0.0,110,104,457000,412000,0,126531,0.9454545454545454,0.9015317286652079,0.0
sealed_holdout,6,public-hub-106-33eda9c47c96,hub,64,238,4,2,uniform,shifted_hotspot,online,random,N002|N055,120000,False,0.3255740165452436,0.33949790112217443,34600545,110,103,473000,426000,43,154353,0.9363636363636364,0.9006342494714588,0.39090909090909093,25,23,125000,112000,13,38848,0.92,0.896,0.52,85,76,332000,266000,44,76034,0.8941176470588236,0.8012048192771084,0.5176470588235295,110,99,457000,378000,57,114882,0.9,0.8271334792122538,0.5181818181818182
sealed_holdout,6,public-hub-106-33eda9c47c96,hub,64,238,4,2,uniform,shifted_hotspot,online,failure_aware,N054|N058,120000,False,0.3255740165452436,0.33949790112217443,34600545,110,103,473000,426000,43,154353,0.9363636363636364,0.9006342494714588,0.39090909090909093,25,23,125000,112000,13,38848,0.92,0.896,0.52,85,76,332000,266000,44,76034,0.8941176470588236,0.8012048192771084,0.5176470588235295,110,99,457000,378000,57,114882,0.9,0.8271334792122538,0.5181818181818182
sealed_holdout,6,public-hub-106-33eda9c47c96,hub,64,238,4,2,polarized,diffuse,public,none,,0,False,0.717875257089505,0.7010593323636146,34480545,110,80,436000,256000,30,56516,0.7272727272727273,0.5871559633027523,0.2727272727272727,25,18,92000,54000,7,9838,0.72,0.5869565217391305,0.28,85,67,318000,216000,18,52124,0.788235294117647,0.6792452830188679,0.21176470588235294,110,85,410000,270000,25,61962,0.7727272727272727,0.6585365853658537,0.22727272727272727
sealed_holdout,6,public-hub-106-33eda9c47c96,hub,64,238,4,2,polarized,diffuse,retry,none,,0,False,0.717875257089505,0.7055590961716718,34480545,110,99,436000,370000,53,90841,0.9,0.8486238532110092,0.4818181818181818,25,22,92000,74000,14,23372,0.88,0.8043478260869565,0.56,85,79,318000,279000,30,72575,0.9294117647058824,0.8773584905660378,0.35294117647058826,110,101,410000,353000,44,95947,0.9181818181818182,0.8609756097560975,0.4
sealed_holdout,6,public-hub-106-33eda9c47c96,hub,64,238,4,2,polarized,diffuse,online,none,,0,False,0.717875257089505,0.6990956374081584,34480545,110,101,436000,380000,53,100897,0.9181818181818182,0.8715596330275229,0.4818181818181818,25,23,92000,79000,11,25833,0.92,0.8586956521739131,0.44,85,77,318000,263000,35,75445,0.9058823529411765,0.8270440251572327,0.4117647058823529,110,100,410000,342000,46,101278,0.9090909090909091,0.8341463414634146,0.41818181818181815
sealed_holdout,6,public-hub-106-33eda9c47c96,hub,64,238,4,2,polarized,diffuse,oracle,none,,0,False,0.717875257089505,0.7058795226182881,34480545,110,105,436000,409000,0,131320,0.9545454545454546,0.9380733944954128,0.0,25,23,92000,79000,0,24617,0.92,0.8586956521739131,0.0,85,82,318000,294000,0,78749,0.9647058823529412,0.9245283018867925,0.0,110,105,410000,373000,0,103366,0.9545454545454546,0.9097560975609756,0.0
sealed_holdout,6,public-hub-106-33eda9c47c96,hub,64,238,4,2,polarized,diffuse,online,random,N002|N055,120000,False,0.717875257089505,0.6974500878279962,34600545,110,101,436000,380000,53,100897,0.9181818181818182,0.8715596330275229,0.4818181818181818,25,24,92000,84000,11,31476,0.96,0.9130434782608695,0.44,85,79,318000,276000,35,90605,0.9294117647058824,0.8679245283018868,0.4117647058823529,110,103,410000,360000,46,122081,0.9363636363636364,0.8780487804878049,0.41818181818181815
sealed_holdout,6,public-hub-106-33eda9c47c96,hub,64,238,4,2,polarized,diffuse,online,failure_aware,N050|N058,120000,False,0.717875257089505,0.6963440893184539,34600545,110,101,436000,380000,53,100897,0.9181818181818182,0.8715596330275229,0.4818181818181818,25,24,92000,84000,12,30869,0.96,0.9130434782608695,0.48,85,79,318000,276000,31,88419,0.9294117647058824,0.8679245283018868,0.36470588235294116,110,103,410000,360000,43,119288,0.9363636363636364,0.8780487804878049,0.39090909090909093
sealed_holdout,6,public-hub-106-33eda9c47c96,hub,64,238,4,2,polarized,stationary_hotspot,public,none,,0,False,0.717875257089505,0.7174271716004718,34480545,110,55,473000,142000,55,59564,0.5,0.30021141649048627,0.5,25,8,125000,29000,17,7288,0.32,0.232,0.68,85,54,332000,158000,31,58083,0.6352941176470588,0.4759036144578313,0.36470588235294116,110,62,457000,187000,48,65371,0.5636363636363636,0.40919037199124725,0.43636363636363634
sealed_holdout,6,public-hub-106-33eda9c47c96,hub,64,238,4,2,polarized,stationary_hotspot,retry,none,,0,False,0.717875257089505,0.7087949378114566,34480545,110,90,473000,356000,104,139856,0.8181818181818182,0.7526427061310782,0.9454545454545454,25,11,125000,40000,46,13607,0.44,0.32,1.84,85,61,332000,189000,80,75214,0.7176470588235294,0.5692771084337349,0.9411764705882353,110,72,457000,229000,126,88821,0.6545454545454545,0.5010940919037199,1.1454545454545455
sealed_holdout,6,public-hub-106-33eda9c47c96,hub,64,238,4,2,polarized,stationary_hotspot,online,none,,0,False,0.717875257089505,0.6996927558562164,34480545,110,93,473000,383000,80,143487,0.8454545454545455,0.8097251585623678,0.7272727272727273,25,9,125000,37000,53,11132,0.36,0.296,2.12,85,62,332000,194000,73,81872,0.7294117647058823,0.5843373493975904,0.8588235294117647,110,71,457000,231000,126,93004,0.6454545454545455,0.5054704595185996,1.1454545454545455
sealed_holdout,6,public-hub-106-33eda9c47c96,hub,64,238,4,2,polarized,stationary_hotspot,oracle,none,,0,False,0.717875257089505,0.710373236362856,34480545,110,97,473000,403000,0,165047,0.8818181818181818,0.8520084566596194,0.0,25,13,125000,56000,0,23488,0.52,0.448,0.0,85,67,332000,215000,0,136181,0.788235294117647,0.6475903614457831,0.0,110,80,457000,271000,0,159669,0.7272727272727273,0.5929978118161926,0.0
sealed_holdout,6,public-hub-106-33eda9c47c96,hub,64,238,4,2,polarized,stationary_hotspot,online,random,N002|N055,120000,False,0.717875257089505,0.6973525426689927,34600545,110,93,473000,383000,80,143487,0.8454545454545455,0.8097251585623678,0.7272727272727273,25,11,125000,53000,50,17881,0.44,0.424,2.0,85,64,332000,201000,70,90895,0.7529411764705882,0.6054216867469879,0.8235294117647058,110,75,457000,254000,120,108776,0.6818181818181818,0.5557986870897156,1.0909090909090908
sealed_holdout,6,public-hub-106-33eda9c47c96,hub,64,238,4,2,polarized,stationary_hotspot,online,failure_aware,N054|N058,120000,True,0.717875257089505,0.7011480962036681,34600545,110,93,473000,383000,80,143487,0.8454545454545455,0.8097251585623678,0.7272727272727273,25,23,125000,109000,12,34279,0.92,0.872,0.48,85,65,332000,202000,78,90344,0.7647058823529411,0.608433734939759,0.9176470588235294,110,88,457000,311000,90,124623,0.8,0.6805251641137856,0.8181818181818182
sealed_holdout,6,public-hub-106-33eda9c47c96,hub,64,238,4,2,polarized,shifted_hotspot,public,none,,0,False,0.717875257089505,0.7163539073081512,34480545,110,55,473000,142000,55,59564,0.5,0.30021141649048627,0.5,25,8,125000,28000,17,5316,0.32,0.224,0.68,85,61,332000,189000,24,40045,0.7176470588235294,0.5692771084337349,0.2823529411764706,110,69,457000,217000,41,45361,0.6272727272727273,0.474835886214442,0.37272727272727274
sealed_holdout,6,public-hub-106-33eda9c47c96,hub,64,238,4,2,polarized,shifted_hotspot,retry,none,,0,False,0.717875257089505,0.7084190960532135,34480545,110,90,473000,356000,104,139856,0.8181818181818182,0.7526427061310782,0.9454545454545454,25,11,125000,40000,48,9644,0.44,0.32,1.92,85,64,332000,197000,67,41870,0.7529411764705882,0.5933734939759037,0.788235294117647,110,75,457000,237000,115,51514,0.6818181818181818,0.5185995623632386,1.0454545454545454
sealed_holdout,6,public-hub-106-33eda9c47c96,hub,64,238,4,2,polarized,shifted_hotspot,online,none,,0,False,0.717875257089505,0.6993518282254416,34480545,110,93,473000,383000,80,143487,0.8454545454545455,0.8097251585623678,0.7272727272727273,25,17,125000,70000,34,23774,0.68,0.56,1.36,85,64,332000,197000,73,46071,0.7529411764705882,0.5933734939759037,0.8588235294117647,110,81,457000,267000,107,69845,0.7363636363636363,0.5842450765864332,0.9727272727272728
sealed_holdout,6,public-hub-106-33eda9c47c96,hub,64,238,4,2,polarized,shifted_hotspot,oracle,none,,0,False,0.717875257089505,0.7097664271689262,34480545,110,97,473000,403000,0,165047,0.8818181818181818,0.8520084566596194,0.0,25,25,125000,125000,0,53720,1.0,1.0,0.0,85,69,332000,234000,0,107765,0.8117647058823529,0.7048192771084337,0.0,110,94,457000,359000,0,161485,0.8545454545454545,0.7855579868708972,0.0
sealed_holdout,6,public-hub-106-33eda9c47c96,hub,64,238,4,2,polarized,shifted_hotspot,online,random,N002|N055,120000,False,0.717875257089505,0.6962081635418534,34600545,110,93,473000,383000,80,143487,0.8454545454545455,0.8097251585623678,0.7272727272727273,25,19,125000,86000,31,30523,0.76,0.688,1.24,85,65,332000,202000,69,54230,0.7647058823529411,0.608433734939759,0.8117647058823529,110,84,457000,288000,100,84753,0.7636363636363637,0.6301969365426696,0.9090909090909091
sealed_holdout,6,public-hub-106-33eda9c47c96,hub,64,238,4,2,polarized,shifted_hotspot,online,failure_aware,N054|N058,120000,False,0.717875257089505,0.6959897431600353,34600545,110,93,473000,383000,80,143487,0.8454545454545455,0.8097251585623678,0.7272727272727273,25,19,125000,86000,31,30523,0.76,0.688,1.24,85,65,332000,202000,69,54280,0.7647058823529411,0.608433734939759,0.8117647058823529,110,84,457000,288000,100,84803,0.7636363636363637,0.6301969365426696,0.9090909090909091
sealed_holdout,7,public-random-107-7c70e10832a7,random,64,64,61,0,balanced_band,diffuse,public,none,,0,False,0.06475973704184124,0.089683394702972,10765795,110,108,446000,433000,2,1412671,0.9818181818181818,0.9708520179372198,0.01818181818181818,25,21,101000,81000,4,216015,0.84,0.801980198019802,0.16,85,80,302000,271000,5,826418,0.9411764705882353,0.8973509933774835,0.058823529411764705,110,101,403000,352000,9,1042433,0.9181818181818182,0.8734491315136477,0.08181818181818182
sealed_holdout,7,public-random-107-7c70e10832a7,random,64,64,61,0,balanced_band,diffuse,retry,none,,0,False,0.06475973704184124,0.089683394702972,10765795,110,108,446000,433000,2,1412671,0.9818181818181818,0.9708520179372198,0.01818181818181818,25,21,101000,81000,4,216015,0.84,0.801980198019802,0.16,85,80,302000,271000,5,826418,0.9411764705882353,0.8973509933774835,0.058823529411764705,110,101,403000,352000,9,1042433,0.9181818181818182,0.8734491315136477,0.08181818181818182
sealed_holdout,7,public-random-107-7c70e10832a7,random,64,64,61,0,balanced_band,diffuse,online,none,,0,False,0.06475973704184124,0.089683394702972,10765795,110,108,446000,433000,2,1412671,0.9818181818181818,0.9708520179372198,0.01818181818181818,25,21,101000,81000,4,216015,0.84,0.801980198019802,0.16,85,80,302000,271000,5,826418,0.9411764705882353,0.8973509933774835,0.058823529411764705,110,101,403000,352000,9,1042433,0.9181818181818182,0.8734491315136477,0.08181818181818182
sealed_holdout,7,public-random-107-7c70e10832a7,random,64,64,61,0,balanced_band,diffuse,oracle,none,,0,False,0.06475973704184124,0.089683394702972,10765795,110,108,446000,433000,0,1412671,0.9818181818181818,0.9708520179372198,0.0,25,21,101000,81000,0,216015,0.84,0.801980198019802,0.0,85,80,302000,271000,0,826418,0.9411764705882353,0.8973509933774835,0.0,110,101,403000,352000,0,1042433,0.9181818181818182,0.8734491315136477,0.0
sealed_holdout,7,public-random-107-7c70e10832a7,random,64,64,61,0,balanced_band,diffuse,online,random,N058|N062,120000,False,0.06475973704184124,0.08869476618623467,10885795,110,108,446000,433000,2,1412671,0.9818181818181818,0.9708520179372198,0.01818181818181818,25,21,101000,81000,4,216015,0.84,0.801980198019802,0.16,85,80,302000,271000,5,826418,0.9411764705882353,0.8973509933774835,0.058823529411764705,110,101,403000,352000,9,1042433,0.9181818181818182,0.8734491315136477,0.08181818181818182
sealed_holdout,7,public-random-107-7c70e10832a7,random,64,64,61,0,balanced_band,diffuse,online,failure_aware,N048|N058,120000,False,0.06475973704184124,0.09096264749390842,10885795,110,108,446000,433000,2,1412671,0.9818181818181818,0.9708520179372198,0.01818181818181818,25,21,101000,81000,4,214215,0.84,0.801980198019802,0.16,85,81,302000,276000,4,814068,0.9529411764705882,0.9139072847682119,0.047058823529411764,110,102,403000,357000,8,1028283,0.9272727272727272,0.8858560794044665,0.07272727272727272
sealed_holdout,7,public-random-107-7c70e10832a7,random,64,64,61,0,balanced_band,stationary_hotspot,public,none,,0,False,0.06475973704184124,0.07678377567386901,10765795,110,98,437000,373000,12,1514854,0.8909090909090909,0.8535469107551488,0.10909090909090909,25,23,83000,70000,2,343107,0.92,0.8433734939759037,0.08,85,66,332000,251000,19,966413,0.7764705882352941,0.7560240963855421,0.2235294117647059,110,89,415000,321000,21,1309520,0.8090909090909091,0.7734939759036145,0.19090909090909092
sealed_holdout,7,public-random-107-7c70e10832a7,random,64,64,61,0,balanced_band,stationary_hotspot,retry,none,,0,False,0.06475973704184124,0.07678377567386901,10765795,110,98,437000,373000,12,1514854,0.8909090909090909,0.8535469107551488,0.10909090909090909,25,23,83000,70000,2,343107,0.92,0.8433734939759037,0.08,85,66,332000,251000,19,966413,0.7764705882352941,0.7560240963855421,0.2235294117647059,110,89,415000,321000,21,1309520,0.8090909090909091,0.7734939759036145,0.19090909090909092
sealed_holdout,7,public-random-107-7c70e10832a7,random,64,64,61,0,balanced_band,stationary_hotspot,online,none,,0,False,0.06475973704184124,0.07678377567386901,10765795,110,98,437000,373000,12,1514854,0.8909090909090909,0.8535469107551488,0.10909090909090909,25,23,83000,70000,2,343107,0.92,0.8433734939759037,0.08,85,66,332000,251000,19,966413,0.7764705882352941,0.7560240963855421,0.2235294117647059,110,89,415000,321000,21,1309520,0.8090909090909091,0.7734939759036145,0.19090909090909092
sealed_holdout,7,public-random-107-7c70e10832a7,random,64,64,61,0,balanced_band,stationary_hotspot,oracle,none,,0,False,0.06475973704184124,0.07678377567386901,10765795,110,98,437000,373000,0,1514854,0.8909090909090909,0.8535469107551488,0.0,25,23,83000,70000,0,343107,0.92,0.8433734939759037,0.0,85,66,332000,251000,0,966413,0.7764705882352941,0.7560240963855421,0.0,110,89,415000,321000,0,1309520,0.8090909090909091,0.7734939759036145,0.0
sealed_holdout,7,public-random-107-7c70e10832a7,random,64,64,61,0,balanced_band,stationary_hotspot,online,random,N058|N062,120000,False,0.06475973704184124,0.07593734662749581,10885795,110,98,437000,373000,12,1514854,0.8909090909090909,0.8535469107551488,0.10909090909090909,25,23,83000,70000,2,343107,0.92,0.8433734939759037,0.08,85,66,332000,251000,19,966413,0.7764705882352941,0.7560240963855421,0.2235294117647059,110,89,415000,321000,21,1309520,0.8090909090909091,0.7734939759036145,0.19090909090909092
sealed_holdout,7,public-random-107-7c70e10832a7,random,64,64,61,0,balanced_band,stationary_hotspot,online,failure_aware,N056|N063,120000,True,0.06475973704184124,0.08699740031932428,10885795,110,98,437000,373000,12,1514854,0.8909090909090909,0.8535469107551488,0.10909090909090909,25,24,83000,75000,1,206107,0.96,0.9036144578313253,0.04,85,79,332000,302000,12,655323,0.9294117647058824,0.9096385542168675,0.1411764705882353,110,103,415000,377000,13,861430,0.9363636363636364,0.908433734939759,0.11818181818181818
sealed_holdout,7,public-random-107-7c70e10832a7,random,64,64,61,0,balanced_band,shifted_hotspot,public,none,,0,False,0.06475973704184124,0.09849210875795035,10765795,110,98,437000,373000,12,1514854,0.8909090909090909,0.8535469107551488,0.10909090909090909,25,24,83000,75000,1,206137,0.96,0.9036144578313253,0.04,85,83,332000,322000,2,632957,0.9764705882352941,0.9698795180722891,0.023529411764705882,110,107,415000,397000,3,839094,0.9727272727272728,0.9566265060240964,0.02727272727272727
sealed_holdout,7,public-random-107-7c70e10832a7,random,64,64,61,0,balanced_band,shifted_hotspot,retry,none,,0,False,0.06475973704184124,0.09849210875795035,10765795,110,98,437000,373000,12,1514854,0.8909090909090909,0.8535469107551488,0.10909090909090909,25,24,83000,75000,1,206137,0.96,0.9036144578313253,0.04,85,83,332000,322000,2,632957,0.9764705882352941,0.9698795180722891,0.023529411764705882,110,107,415000,397000,3,839094,0.9727272727272728,0.9566265060240964,0.02727272727272727
sealed_holdout,7,public-random-107-7c70e10832a7,random,64,64,61,0,balanced_band,shifted_hotspot,online,none,,0,False,0.06475973704184124,0.09849210875795035,10765795,110,98,437000,373000,12,1514854,0.8909090909090909,0.8535469107551488,0.10909090909090909,25,24,83000,75000,1,206137,0.96,0.9036144578313253,0.04,85,83,332000,322000,2,632957,0.9764705882352941,0.9698795180722891,0.023529411764705882,110,107,415000,397000,3,839094,0.9727272727272728,0.9566265060240964,0.02727272727272727
sealed_holdout,7,public-random-107-7c70e10832a7,random,64,64,61,0,balanced_band,shifted_hotspot,oracle,none,,0,False,0.06475973704184124,0.09849210875795035,10765795,110,98,437000,373000,0,1514854,0.8909090909090909,0.8535469107551488,0.0,25,24,83000,75000,0,206137,0.96,0.9036144578313253,0.0,85,83,332000,322000,0,632957,0.9764705882352941,0.9698795180722891,0.0,110,107,415000,397000,0,839094,0.9727272727272728,0.9566265060240964,0.0
sealed_holdout,7,public-random-107-7c70e10832a7,random,64,64,61,0,balanced_band,shifted_hotspot,online,random,N058|N062,120000,False,0.06475973704184124,0.09740637702673972,10885795,110,98,437000,373000,12,1514854,0.8909090909090909,0.8535469107551488,0.10909090909090909,25,24,83000,75000,1,206137,0.96,0.9036144578313253,0.04,85,83,332000,322000,2,632957,0.9764705882352941,0.9698795180722891,0.023529411764705882,110,107,415000,397000,3,839094,0.9727272727272728,0.9566265060240964,0.02727272727272727
sealed_holdout,7,public-random-107-7c70e10832a7,random,64,64,61,0,balanced_band,shifted_hotspot,online,failure_aware,N056|N063,120000,False,0.06475973704184124,0.09740637702673972,10885795,110,98,437000,373000,12,1514854,0.8909090909090909,0.8535469107551488,0.10909090909090909,25,24,83000,75000,1,206137,0.96,0.9036144578313253,0.04,85,83,332000,322000,2,632957,0.9764705882352941,0.9698795180722891,0.023529411764705882,110,107,415000,397000,3,839094,0.9727272727272728,0.9566265060240964,0.02727272727272727
sealed_holdout,7,public-random-107-7c70e10832a7,random,64,64,61,0,uniform,diffuse,public,none,,0,False,0.3730156879065651,0.38172819809462194,10765795,110,95,446000,382000,15,1253162,0.8636363636363636,0.8565022421524664,0.13636363636363635,25,20,101000,80000,5,213005,0.8,0.7920792079207921,0.2,85,78,302000,258000,7,786450,0.9176470588235294,0.8543046357615894,0.08235294117647059,110,98,403000,338000,12,999455,0.8909090909090909,0.8387096774193549,0.10909090909090909
sealed_holdout,7,public-random-107-7c70e10832a7,random,64,64,61,0,uniform,diffuse,retry,none,,0,False,0.3730156879065651,0.38172819809462194,10765795,110,95,446000,382000,15,1253162,0.8636363636363636,0.8565022421524664,0.13636363636363635,25,20,101000,80000,5,213005,0.8,0.7920792079207921,0.2,85,78,302000,258000,7,786450,0.9176470588235294,0.8543046357615894,0.08235294117647059,110,98,403000,338000,12,999455,0.8909090909090909,0.8387096774193549,0.10909090909090909
sealed_holdout,7,public-random-107-7c70e10832a7,random,64,64,61,0,uniform,diffuse,online,none,,0,False,0.3730156879065651,0.38172819809462194,10765795,110,95,446000,382000,15,1253162,0.8636363636363636,0.8565022421524664,0.13636363636363635,25,20,101000,80000,5,213005,0.8,0.7920792079207921,0.2,85,78,302000,258000,7,786450,0.9176470588235294,0.8543046357615894,0.08235294117647059,110,98,403000,338000,12,999455,0.8909090909090909,0.8387096774193549,0.10909090909090909
sealed_holdout,7,public-random-107-7c70e10832a7,random,64,64,61,0,uniform,diffuse,oracle,none,,0,False,0.3730156879065651,0.38172819809462194,10765795,110,95,446000,382000,0,1253162,0.8636363636363636,0.8565022421524664,0.0,25,20,101000,80000,0,213005,0.8,0.7920792079207921,0.0,85,78,302000,258000,0,786450,0.9176470588235294,0.8543046357615894,0.0,110,98,403000,338000,0,999455,0.8909090909090909,0.8387096774193549,0.0
sealed_holdout,7,public-random-107-7c70e10832a7,random,64,64,61,0,uniform,diffuse,online,random,N058|N062,120000,False,0.3730156879065651,0.3792684052597108,10885795,110,95,446000,382000,15,1253162,0.8636363636363636,0.8565022421524664,0.13636363636363635,25,20,101000,80000,5,213005,0.8,0.7920792079207921,0.2,85,79,302000,266000,6,811856,0.9294117647058824,0.8807947019867549,0.07058823529411765,110,99,403000,346000,11,1024861,0.9,0.858560794044665,0.1
sealed_holdout,7,public-random-107-7c70e10832a7,random,64,64,61,0,uniform,diffuse,online,failure_aware,N045|N048,120000,False,0.3730156879065651,0.3792366732239345,10885795,110,95,446000,382000,15,1253162,0.8636363636363636,0.8565022421524664,0.13636363636363635,25,20,101000,80000,5,211105,0.8,0.7920792079207921,0.2,85,79,302000,263000,6,772900,0.9294117647058824,0.8708609271523179,0.07058823529411765,110,99,403000,343000,11,984005,0.9,0.8511166253101737,0.1
sealed_holdout,7,public-random-107-7c70e10832a7,random,64,64,61,0,uniform,stationary_hotspot,public,none,,0,False,0.3730156879065651,0.3624714285979396,10765795,110,94,437000,352000,16,1399346,0.8545454545454545,0.8054919908466819,0.14545454545454545,25,21,83000,57000,4,301817,0.84,0.6867469879518072,0.16,85,63,332000,237000,22,885413,0.7411764705882353,0.713855421686747,0.25882352941176473,110,84,415000,294000,26,1187230,0.7636363636363637,0.708433734939759,0.23636363636363636
sealed_holdout,7,public-random-107-7c70e10832a7,random,64,64,61,0,uniform,stationary_hotspot,retry,none,,0,False,0.3730156879065651,0.3624714285979396,10765795,110,94,437000,352000,16,1399346,0.8545454545454545,0.8054919908466819,0.14545454545454545,25,21,83000,57000,4,301817,0.84,0.6867469879518072,0.16,85,63,332000,237000,22,885413,0.7411764705882353,0.713855421686747,0.25882352941176473,110,84,415000,294000,26,1187230,0.7636363636363637,0.708433734939759,0.23636363636363636
sealed_holdout,7,public-random-107-7c70e10832a7,random,64,64,61,0,uniform,stationary_hotspot,online,none,,0,False,0.3730156879065651,0.3624714285979396,10765795,110,94,437000,352000,16,1399346,0.8545454545454545,0.8054919908466819,0.14545454545454545,25,21,83000,57000,4,301817,0.84,0.6867469879518072,0.16,85,63,332000,237000,22,885413,0.7411764705882353,0.713855421686747,0.25882352941176473,110,84,415000,294000,26,1187230,0.7636363636363637,0.708433734939759,0.23636363636363636
sealed_holdout,7,public-random-107-7c70e10832a7,random,64,64,61,0,uniform,stationary_hotspot,oracle,none,,0,False,0.3730156879065651,0.3624714285979396,10765795,110,94,437000,352000,0,1399346,0.8545454545454545,0.8054919908466819,0.0,25,21,83000,57000,0,301817,0.84,0.6867469879518072,0.0,85,63,332000,237000,0,885413,0.7411764705882353,0.713855421686747,0.0,110,84,415000,294000,0,1187230,0.7636363636363637,0.708433734939759,0.0
sealed_holdout,7,public-random-107-7c70e10832a7,random,64,64,61,0,uniform,stationary_hotspot,online,random,N058|N062,120000,False,0.3730156879065651,0.3584757101931972,10885795,110,94,437000,352000,16,1399346,0.8545454545454545,0.8054919908466819,0.14545454545454545,25,21,83000,57000,4,301817,0.84,0.6867469879518072,0.16,85,63,332000,237000,22,885413,0.7411764705882353,0.713855421686747,0.25882352941176473,110,84,415000,294000,26,1187230,0.7636363636363637,0.708433734939759,0.23636363636363636
sealed_holdout,7,public-random-107-7c70e10832a7,random,64,64,61,0,uniform,stationary_hotspot,online,failure_aware,N056|N063,120000,True,0.3730156879065651,0.36625767985330676,10885795,110,94,437000,352000,16,1399346,0.8545454545454545,0.8054919908466819,0.14545454545454545,25,23,83000,67000,2,182067,0.92,0.8072289156626506,0.08,85,76,332000,285000,15,575523,0.8941176470588236,0.858433734939759,0.17647058823529413,110,99,415000,352000,17,757590,0.9,0.8481927710843373,0.15454545454545454
sealed_holdout,7,public-random-107-7c70e10832a7,random,64,64,61,0,uniform,shifted_hotspot,public,none,,0,False,0.3730156879065651,0.36768380099439135,10765795,110,94,437000,352000,16,1399346,0.8545454545454545,0.8054919908466819,0.14545454545454545,25,23,83000,67000,2,182097,0.92,0.8072289156626506,0.08,85,71,332000,261000,14,538210,0.8352941176470589,0.786144578313253,0.16470588235294117,110,94,415000,328000,16,720307,0.8545454545454545,0.7903614457831325,0.14545454545454545
sealed_holdout,7,public-random-107-7c70e10832a7,random,64,64,61,0,uniform,shifted_hotspot,retry,none,,0,False,0.3730156879065651,0.36768380099439135,10765795,110,94,437000,352000,16,1399346,0.8545454545454545,0.8054919908466819,0.14545454545454545,25,23,83000,67000,2,182097,0.92,0.8072289156626506,0.08,85,71,332000,261000,14,538210,0.8352941176470589,0.786144578313253,0.16470588235294117,110,94,415000,328000,16,720307,0.8545454545454545,0.7903614457831325,0.14545454545454545
sealed_holdout,7,public-random-107-7c70e10832a7,random,64,64,61,0,uniform,shifted_hotspot,online,none,,0,False,0.3730156879065651,0.36768380099439135,10765795,110,94,437000,352000,16,1399346,0.8545454545454545,0.8054919908466819,0.14545454545454545,25,23,83000,67000,2,182097,0.92,0.8072289156626506,0.08,85,71,332000,261000,14,538210,0.8352941176470589,0.786144578313253,0.16470588235294117,110,94,415000,328000,16,720307,0.8545454545454545,0.7903614457831325,0.14545454545454545
sealed_holdout,7,public-random-107-7c70e10832a7,random,64,64,61,0,uniform,shifted_hotspot,oracle,none,,0,False,0.3730156879065651,0.36768380099439135,10765795,110,94,437000,352000,0,1399346,0.8545454545454545,0.8054919908466819,0.0,25,23,83000,67000,0,182097,0.92,0.8072289156626506,0.0,85,71,332000,261000,0,538210,0.8352941176470589,0.786144578313253,0.0,110,94,415000,328000,0,720307,0.8545454545454545,0.7903614457831325,0.0
sealed_holdout,7,public-random-107-7c70e10832a7,random,64,64,61,0,uniform,shifted_hotspot,online,random,N058|N062,120000,False,0.3730156879065651,0.3665616935380872,10885795,110,94,437000,352000,16,1399346,0.8545454545454545,0.8054919908466819,0.14545454545454545,25,23,83000,67000,2,182097,0.92,0.8072289156626506,0.08,85,72,332000,269000,22,542026,0.8470588235294118,0.8102409638554217,0.25882352941176473,110,95,415000,336000,24,724123,0.8636363636363636,0.8096385542168675,0.21818181818181817
sealed_holdout,7,public-random-107-7c70e10832a7,random,64,64,61,0,uniform,shifted_hotspot,online,failure_aware,N056|N063,120000,False,0.3730156879065651,0.3636306237924206,10885795,110,94,437000,352000,16,1399346,0.8545454545454545,0.8054919908466819,0.14545454545454545,25,23,83000,67000,2,182097,0.92,0.8072289156626506,0.08,85,71,332000,261000,14,538210,0.8352941176470589,0.786144578313253,0.16470588235294117,110,94,415000,328000,16,720307,0.8545454545454545,0.7903614457831325,0.14545454545454545
sealed_holdout,7,public-random-107-7c70e10832a7,random,64,64,61,0,polarized,diffuse,public,none,,0,False,0.7410199631240977,0.6931224399921982,10765795,110,81,446000,265000,29,904763,0.7363636363636363,0.594170403587444,0.2636363636363636,25,18,101000,68000,7,210919,0.72,0.6732673267326733,0.28,85,72,302000,221000,13,695052,0.8470588235294118,0.7317880794701986,0.15294117647058825,110,90,403000,289000,20,905971,0.8181818181818182,0.71712158808933,0.18181818181818182
sealed_holdout,7,public-random-107-7c70e10832a7,random,64,64,61,0,polarized,diffuse,retry,none,,0,False,0.7410199631240977,0.6931224399921982,10765795,110,81,446000,265000,29,904763,0.7363636363636363,0.594170403587444,0.2636363636363636,25,18,101000,68000,7,210919,0.72,0.6732673267326733,0.28,85,72,302000,221000,15,695052,0.8470588235294118,0.7317880794701986,0.17647058823529413,110,90,403000,289000,22,905971,0.8181818181818182,0.71712158808933,0.2
sealed_holdout,7,public-random-107-7c70e10832a7,random,64,64,61,0,polarized,diffuse,online,none,,0,False,0.7410199631240977,0.6931224399921982,10765795,110,81,446000,265000,29,904763,0.7363636363636363,0.594170403587444,0.2636363636363636,25,18,101000,68000,7,210919,0.72,0.6732673267326733,0.28,85,72,302000,221000,15,695052,0.8470588235294118,0.7317880794701986,0.17647058823529413,110,90,403000,289000,22,905971,0.8181818181818182,0.71712158808933,0.2
sealed_holdout,7,public-random-107-7c70e10832a7,random,64,64,61,0,polarized,diffuse,oracle,none,,0,False,0.7410199631240977,0.6931224399921982,10765795,110,81,446000,265000,0,904763,0.7363636363636363,0.594170403587444,0.0,25,18,101000,68000,0,210919,0.72,0.6732673267326733,0.0,85,72,302000,221000,0,695052,0.8470588235294118,0.7317880794701986,0.0,110,90,403000,289000,0,905971,0.8181818181818182,0.71712158808933,0.0
sealed_holdout,7,public-random-107-7c70e10832a7,random,64,64,61,0,polarized,diffuse,online,random,N058|N062,120000,False,0.7410199631240977,0.6875792106983716,10885795,110,81,446000,265000,29,904763,0.7363636363636363,0.594170403587444,0.2636363636363636,25,18,101000,68000,7,210919,0.72,0.6732673267326733,0.28,85,73,302000,229000,16,721652,0.8588235294117647,0.7582781456953642,0.18823529411764706,110,91,403000,297000,23,932571,0.8272727272727273,0.7369727047146402,0.20909090909090908
sealed_holdout,7,public-random-107-7c70e10832a7,random,64,64,61,0,polarized,diffuse,online,failure_aware,N007|N040,120000,False,0.7410199631240977,0.6847334486004577,10885795,110,81,446000,265000,29,904763,0.7363636363636363,0.594170403587444,0.2636363636363636,25,18,101000,68000,7,210919,0.72,0.6732673267326733,0.28,85,72,302000,221000,15,695562,0.8470588235294118,0.7317880794701986,0.17647058823529413,110,90,403000,289000,22,906481,0.8181818181818182,0.71712158808933,0.2
sealed_holdout,7,public-random-107-7c70e10832a7,random,64,64,61,0,polarized,stationary_hotspot,public,none,,0,False,0.7410199631240977,0.6967310738673486,10765795,110,82,437000,306000,28,1267134,0.7454545454545455,0.700228832951945,0.2545454545454545,25,20,83000,52000,5,271817,0.8,0.6265060240963856,0.2,85,63,332000,228000,22,885335,0.7411764705882353,0.6867469879518072,0.25882352941176473,110,83,415000,280000,27,1157152,0.7545454545454545,0.6746987951807228,0.24545454545454545
sealed_holdout,7,public-random-107-7c70e10832a7,random,64,64,61,0,polarized,stationary_hotspot,retry,none,,0,False,0.7410199631240977,0.6967310738673486,10765795,110,82,437000,306000,28,1267134,0.7454545454545455,0.700228832951945,0.2545454545454545,25,20,83000,52000,5,271817,0.8,0.6265060240963856,0.2,85,63,332000,228000,22,885335,0.7411764705882353,0.6867469879518072,0.25882352941176473,110,83,415000,280000,27,1157152,0.7545454545454545,0.6746987951807228,0.24545454545454545
sealed_holdout,7,public-random-107-7c70e10832a7,random,64,64,61,0,polarized,stationary_hotspot,online,none,,0,False,0.7410199631240977,0.6967310738673486,10765795,110,82,437000,306000,28,1267134,0.7454545454545455,0.700228832951945,0.2545454545454545,25,20,83000,52000,5,271817,0.8,0.6265060240963856,0.2,85,63,332000,228000,22,885335,0.7411764705882353,0.6867469879518072,0.25882352941176473,110,83,415000,280000,27,1157152,0.7545454545454545,0.6746987951807228,0.24545454545454545
sealed_holdout,7,public-random-107-7c70e10832a7,random,64,64,61,0,polarized,stationary_hotspot,oracle,none,,0,False,0.7410199631240977,0.6967310738673486,10765795,110,82,437000,306000,0,1267134,0.7454545454545455,0.700228832951945,0.0,25,20,83000,52000,0,271817,0.8,0.6265060240963856,0.0,85,63,332000,228000,0,885335,0.7411764705882353,0.6867469879518072,0.0,110,83,415000,280000,0,1157152,0.7545454545454545,0.6746987951807228,0.0
sealed_holdout,7,public-random-107-7c70e10832a7,random,64,64,61,0,polarized,stationary_hotspot,online,random,N058|N062,120000,False,0.7410199631240977,0.6890506307886316,10885795,110,82,437000,306000,28,1267134,0.7454545454545455,0.700228832951945,0.2545454545454545,25,20,83000,52000,5,271817,0.8,0.6265060240963856,0.2,85,63,332000,228000,22,885335,0.7411764705882353,0.6867469879518072,0.25882352941176473,110,83,415000,280000,27,1157152,0.7545454545454545,0.6746987951807228,0.24545454545454545
sealed_holdout,7,public-random-107-7c70e10832a7,random,64,64,61,0,polarized,stationary_hotspot,online,failure_aware,N056|N063,120000,True,0.7410199631240977,0.6970734215525554,10885795,110,82,437000,306000,28,1267134,0.7454545454545455,0.700228832951945,0.2545454545454545,25,23,83000,67000,2,182067,0.92,0.8072289156626506,0.08,85,74,332000,272000,17,556435,0.8705882352941177,0.8192771084337349,0.2,110,97,415000,339000,19,738502,0.8818181818181818,0.8168674698795181,0.17272727272727273
sealed_holdout,7,public-random-107-7c70e10832a7,random,64,64,61,0,polarized,shifted_hotspot,public,none,,0,False,0.7410199631240977,0.6946731164761561,10765795,110,82,437000,306000,28,1267134,0.7454545454545455,0.700228832951945,0.2545454545454545,25,21,83000,57000,4,179087,0.84,0.6867469879518072,0.16,85,66,332000,234000,19,514708,0.7764705882352941,0.7048192771084337,0.2235294117647059,110,87,415000,291000,23,693795,0.7909090909090909,0.7012048192771084,0.20909090909090908
sealed_holdout,7,public-random-107-7c70e10832a7,random,64,64,61,0,polarized,shifted_hotspot,retry,none,,0,False,0.7410199631240977,0.6946731164761561,10765795,110,82,437000,306000,28,1267134,0.7454545454545455,0.700228832951945,0.2545454545454545,25,21,83000,57000,4,179087,0.84,0.6867469879518072,0.16,85,66,332000,234000,19,514708,0.7764705882352941,0.7048192771084337,0.2235294117647059,110,87,415000,291000,23,693795,0.7909090909090909,0.7012048192771084,0.20909090909090908
sealed_holdout,7,public-random-107-7c70e10832a7,random,64,64,61,0,polarized,shifted_hotspot,online,none,,0,False,0.7410199631240977,0.6946731164761561,10765795,110,82,437000,306000,28,1267134,0.7454545454545455,0.700228832951945,0.2545454545454545,25,21,83000,57000,4,179087,0.84,0.6867469879518072,0.16,85,66,332000,234000,19,514708,0.7764705882352941,0.7048192771084337,0.2235294117647059,110,87,415000,291000,23,693795,0.7909090909090909,0.7012048192771084,0.20909090909090908
sealed_holdout,7,public-random-107-7c70e10832a7,random,64,64,61,0,polarized,shifted_hotspot,oracle,none,,0,False,0.7410199631240977,0.6946731164761561,10765795,110,82,437000,306000,0,1267134,0.7454545454545455,0.700228832951945,0.0,25,21,83000,57000,0,179087,0.84,0.6867469879518072,0.0,85,66,332000,234000,0,514708,0.7764705882352941,0.7048192771084337,0.0,110,87,415000,291000,0,693795,0.7909090909090909,0.7012048192771084,0.0
sealed_holdout,7,public-random-107-7c70e10832a7,random,64,64,61,0,polarized,shifted_hotspot,online,random,N058|N062,120000,False,0.7410199631240977,0.6872078095100008,10885795,110,82,437000,306000,28,1267134,0.7454545454545455,0.700228832951945,0.2545454545454545,25,21,83000,57000,6,179087,0.84,0.6867469879518072,0.24,85,68,332000,236000,29,520912,0.8,0.7108433734939759,0.3411764705882353,110,89,415000,293000,35,699999,0.8090909090909091,0.7060240963855422,0.3181818181818182
sealed_holdout,7,public-random-107-7c70e10832a7,random,64,64,61,0,polarized,shifted_hotspot,online,failure_aware,N056|N063,120000,False,0.7410199631240977,0.6870153593736993,10885795,110,82,437000,306000,28,1267134,0.7454545454545455,0.700228832951945,0.2545454545454545,25,21,83000,57000,4,179087,0.84,0.6867469879518072,0.16,85,66,332000,234000,19,514708,0.7764705882352941,0.7048192771084337,0.2235294117647059,110,87,415000,291000,23,693795,0.7909090909090909,0.7012048192771084,0.20909090909090908
sealed_holdout,7,public-random-107-7c70e10832a7,random,64,64,61,1,balanced_band,diffuse,public,none,,0,False,0.037352864052132756,0.07626387100081539,10765795,110,104,413000,374000,6,1170058,0.9454545454545454,0.9055690072639225,0.05454545454545454,25,25,94000,94000,0,222902,1.0,1.0,0.0,85,79,315000,282000,6,920216,0.9294117647058824,0.8952380952380953,0.07058823529411765,110,104,409000,376000,6,1143118,0.9454545454545454,0.9193154034229829,0.05454545454545454
sealed_holdout,7,public-random-107-7c70e10832a7,random,64,64,61,1,balanced_band,diffuse,retry,none,,0,False,0.037352864052132756,0.07626387100081539,10765795,110,104,413000,374000,6,1170058,0.9454545454545454,0.9055690072639225,0.05454545454545454,25,25,94000,94000,0,222902,1.0,1.0,0.0,85,79,315000,282000,6,920216,0.9294117647058824,0.8952380952380953,0.07058823529411765,110,104,409000,376000,6,1143118,0.9454545454545454,0.9193154034229829,0.05454545454545454
sealed_holdout,7,public-random-107-7c70e10832a7,random,64,64,61,1,balanced_band,diffuse,online,none,,0,False,0.037352864052132756,0.07626387100081539,10765795,110,104,413000,374000,6,1170058,0.9454545454545454,0.9055690072639225,0.05454545454545454,25,25,94000,94000,0,222902,1.0,1.0,0.0,85,79,315000,282000,6,920216,0.9294117647058824,0.8952380952380953,0.07058823529411765,110,104,409000,376000,6,1143118,0.9454545454545454,0.9193154034229829,0.05454545454545454
sealed_holdout,7,public-random-107-7c70e10832a7,random,64,64,61,1,balanced_band,diffuse,oracle,none,,0,False,0.037352864052132756,0.07626387100081539,10765795,110,104,413000,374000,0,1170058,0.9454545454545454,0.9055690072639225,0.0,25,25,94000,94000,0,222902,1.0,1.0,0.0,85,79,315000,282000,0,920216,0.9294117647058824,0.8952380952380953,0.0,110,104,409000,376000,0,1143118,0.9454545454545454,0.9193154034229829,0.0
sealed_holdout,7,public-random-107-7c70e10832a7,random,64,64,61,1,balanced_band,diffuse,online,random,N035|N057,120000,False,0.037352864052132756,0.07523712951232672,10885795,110,104,413000,374000,6,1170058,0.9454545454545454,0.9055690072639225,0.05454545454545454,25,25,94000,94000,0,221003,1.0,1.0,0.0,85,79,315000,282000,7,904822,0.9294117647058824,0.8952380952380953,0.08235294117647059,110,104,409000,376000,7,1125825,0.9454545454545454,0.9193154034229829,0.06363636363636363
sealed_holdout,7,public-random-107-7c70e10832a7,random,64,64,61,1,balanced_band,diffuse,online,failure_aware,N044|N047,120000,False,0.037352864052132756,0.07542317314456347,10885795,110,104,413000,374000,6,1170058,0.9454545454545454,0.9055690072639225,0.05454545454545454,25,25,94000,94000,0,222902,1.0,1.0,0.0,85,79,315000,282000,6,920216,0.9294117647058824,0.8952380952380953,0.07058823529411765,110,104,409000,376000,6,1143118,0.9454545454545454,0.9193154034229829,0.05454545454545454
sealed_holdout,7,public-random-107-7c70e10832a7,random,64,64,61,1,balanced_band,stationary_hotspot,public,none,,0,False,0.037352864052132756,0.1000655820719507,10765795,110,110,457000,457000,0,957502,1.0,1.0,0.0,25,25,103000,103000,0,194375,1.0,1.0,0.0,85,79,341000,302000,6,678919,0.9294117647058824,0.8856304985337243,0.07058823529411765,110,104,444000,405000,6,873294,0.9454545454545454,0.9121621621621622,0.05454545454545454
sealed_holdout,7,public-random-107-7c70e10832a7,random,64,64,61,1,balanced_band,stationary_hotspot,retry,none,,0,False,0.037352864052132756,0.1000655820719507,10765795,110,110,457000,457000,0,957502,1.0,1.0,0.0,25,25,103000,103000,0,194375,1.0,1.0,0.0,85,79,341000,302000,6,678919,0.9294117647058824,0.8856304985337243,0.07058823529411765,110,104,444000,405000,6,873294,0.9454545454545454,0.9121621621621622,0.05454545454545454
sealed_holdout,7,public-random-107-7c70e10832a7,random,64,64,61,1,balanced_band,stationary_hotspot,online,none,,0,False,0.037352864052132756,0.1000655820719507,10765795,110,110,457000,457000,0,957502,1.0,1.0,0.0,25,25,103000,103000,0,194375,1.0,1.0,0.0,85,79,341000,302000,6,678919,0.9294117647058824,0.8856304985337243,0.07058823529411765,110,104,444000,405000,6,873294,0.9454545454545454,0.9121621621621622,0.05454545454545454
sealed_holdout,7,public-random-107-7c70e10832a7,random,64,64,61,1,balanced_band,stationary_hotspot,oracle,none,,0,False,0.037352864052132756,0.1000655820719507,10765795,110,110,457000,457000,0,957502,1.0,1.0,0.0,25,25,103000,103000,0,194375,1.0,1.0,0.0,85,79,341000,302000,0,678919,0.9294117647058824,0.8856304985337243,0.0,110,104,444000,405000,0,873294,0.9454545454545454,0.9121621621621622,0.0
sealed_holdout,7,public-random-107-7c70e10832a7,random,64,64,61,1,balanced_band,stationary_hotspot,online,random,N035|N057,120000,False,0.037352864052132756,0.09896250509423486,10885795,110,110,457000,457000,0,957502,1.0,1.0,0.0,25,25,103000,103000,0,178981,1.0,1.0,0.0,85,79,341000,302000,6,663525,0.9294117647058824,0.8856304985337243,0.07058823529411765,110,104,444000,405000,6,842506,0.9454545454545454,0.9121621621621622,0.05454545454545454
sealed_holdout,7,public-random-107-7c70e10832a7,random,64,64,61,1,balanced_band,stationary_hotspot,online,failure_aware,N035|N057,120000,False,0.037352864052132756,0.09896250509423486,10885795,110,110,457000,457000,0,957502,1.0,1.0,0.0,25,25,103000,103000,0,178981,1.0,1.0,0.0,85,79,341000,302000,6,663525,0.9294117647058824,0.8856304985337243,0.07058823529411765,110,104,444000,405000,6,842506,0.9454545454545454,0.9121621621621622,0.05454545454545454
sealed_holdout,7,public-random-107-7c70e10832a7,random,64,64,61,1,balanced_band,shifted_hotspot,public,none,,0,False,0.037352864052132756,0.065331108130418,10765795,110,110,457000,457000,0,957502,1.0,1.0,0.0,25,24,103000,95000,1,328314,0.96,0.9223300970873787,0.04,85,66,341000,240000,19,874725,0.7764705882352941,0.7038123167155426,0.2235294117647059,110,90,444000,335000,20,1203039,0.8181818181818182,0.7545045045045045,0.18181818181818182
sealed_holdout,7,public-random-107-7c70e10832a7,random,64,64,61,1,balanced_band,shifted_hotspot,retry,none,,0,False,0.037352864052132756,0.065331108130418,10765795,110,110,457000,457000,0,957502,1.0,1.0,0.0,25,24,103000,95000,1,328314,0.96,0.9223300970873787,0.04,85,66,341000,240000,19,874725,0.7764705882352941,0.7038123167155426,0.2235294117647059,110,90,444000,335000,20,1203039,0.8181818181818182,0.7545045045045045,0.18181818181818182
sealed_holdout,7,public-random-107-7c70e10832a7,random,64,64,61,1,balanced_band,shifted_hotspot,online,none,,0,False,0.037352864052132756,0.065331108130418,10765795,110,110,457000,457000,0,957502,1.0,1.0,0.0,25,24,103000,95000,1,328314,0.96,0.9223300970873787,0.04,85,66,341000,240000,19,874725,0.7764705882352941,0.7038123167155426,0.2235294117647059,110,90,444000,335000,20,1203039,0.8181818181818182,0.7545045045045045,0.18181818181818182
sealed_holdout,7,public-random-107-7c70e10832a7,random,64,64,61,1,balanced_band,shifted_hotspot,oracle,none,,0,False,0.037352864052132756,0.065331108130418,10765795,110,110,457000,457000,0,957502,1.0,1.0,0.0,25,24,103000,95000,0,328314,0.96,0.9223300970873787,0.0,85,66,341000,240000,0,874725,0.7764705882352941,0.7038123167155426,0.0,110,90,444000,335000,0,1203039,0.8181818181818182,0.7545045045045045,0.0
sealed_holdout,7,public-random-107-7c70e10832a7,random,64,64,61,1,balanced_band,shifted_hotspot,online,random,N035|N057,120000,False,0.037352864052132756,0.06461092802637873,10885795,110,110,457000,457000,0,957502,1.0,1.0,0.0,25,24,103000,95000,1,312920,0.96,0.9223300970873787,0.04,85,66,341000,240000,19,859331,0.7764705882352941,0.7038123167155426,0.2235294117647059,110,90,444000,335000,20,1172251,0.8181818181818182,0.7545045045045045,0.18181818181818182
sealed_holdout,7,public-random-107-7c70e10832a7,random,64,64,61,1,balanced_band,shifted_hotspot,online,failure_aware,N035|N057,120000,False,0.037352864052132756,0.06461092802637873,10885795,110,110,457000,457000,0,957502,1.0,1.0,0.0,25,24,103000,95000,1,312920,0.96,0.9223300970873787,0.04,85,66,341000,240000,19,859331,0.7764705882352941,0.7038123167155426,0.2235294117647059,110,90,444000,335000,20,1172251,0.8181818181818182,0.7545045045045045,0.18181818181818182
sealed_holdout,7,public-random-107-7c70e10832a7,random,64,64,61,1,uniform,diffuse,public,none,,0,False,0.2151522251427504,0.24407948911957275,10765795,110,103,413000,373000,7,1235808,0.9363636363636364,0.9031476997578692,0.06363636363636363,25,21,94000,69000,4,171357,0.84,0.7340425531914894,0.16,85,73,315000,252000,12,868875,0.8588235294117647,0.8,0.1411764705882353,110,94,409000,321000,16,1040232,0.8545454545454545,0.784841075794621,0.14545454545454545
sealed_holdout,7,public-random-107-7c70e10832a7,random,64,64,61,1,uniform,diffuse,retry,none,,0,False,0.2151522251427504,0.2485117679191814,10765795,110,103,413000,373000,7,1235808,0.9363636363636364,0.9031476997578692,0.06363636363636363,25,21,94000,69000,6,171357,0.84,0.7340425531914894,0.24,85,77,315000,269000,12,880163,0.9058823529411765,0.8539682539682539,0.1411764705882353,110,98,409000,338000,18,1051520,0.8909090909090909,0.8264058679706602,0.16363636363636364
sealed_holdout,7,public-random-107-7c70e10832a7,random,64,64,61,1,uniform,diffuse,online,none,,0,False,0.2151522251427504,0.2485117679191814,10765795,110,103,413000,373000,7,1235808,0.9363636363636364,0.9031476997578692,0.06363636363636363,25,21,94000,69000,6,171357,0.84,0.7340425531914894,0.24,85,77,315000,269000,12,880163,0.9058823529411765,0.8539682539682539,0.1411764705882353,110,98,409000,338000,18,1051520,0.8909090909090909,0.8264058679706602,0.16363636363636364
sealed_holdout,7,public-random-107-7c70e10832a7,random,64,64,61,1,uniform,diffuse,oracle,none,,0,False,0.2151522251427504,0.2485117679191814,10765795,110,103,413000,373000,0,1235808,0.9363636363636364,0.9031476997578692,0.0,25,21,94000,69000,0,171357,0.84,0.7340425531914894,0.0,85,77,315000,269000,0,880163,0.9058823529411765,0.8539682539682539,0.0,110,98,409000,338000,0,1051520,0.8909090909090909,0.8264058679706602,0.0
sealed_holdout,7,public-random-107-7c70e10832a7,random,64,64,61,1,uniform,diffuse,online,random,N035|N057,120000,False,0.2151522251427504,0.24534306979688783,10885795,110,103,413000,373000,7,1235808,0.9363636363636364,0.9031476997578692,0.06363636363636363,25,21,94000,69000,6,169458,0.84,0.7340425531914894,0.24,85,77,315000,269000,13,864769,0.9058823529411765,0.8539682539682539,0.15294117647058825,110,98,409000,338000,19,1034227,0.8909090909090909,0.8264058679706602,0.17272727272727273
sealed_holdout,7,public-random-107-7c70e10832a7,random,64,64,61,1,uniform,diffuse,online,failure_aware,N047|N059,120000,False,0.2151522251427504,0.24788652984311732,10885795,110,103,413000,373000,7,1235808,0.9363636363636364,0.9031476997578692,0.06363636363636363,25,21,94000,69000,7,166858,0.84,0.7340425531914894,0.28,85,77,315000,269000,12,846415,0.9058823529411765,0.8539682539682539,0.1411764705882353,110,98,409000,338000,19,1013273,0.8909090909090909,0.8264058679706602,0.17272727272727273
sealed_holdout,7,public-random-107-7c70e10832a7,random,64,64,61,1,uniform,stationary_hotspot,public,none,,0,False,0.2151522251427504,0.28887400121152035,10765795,110,105,457000,424000,5,785311,0.9545454545454546,0.9277899343544858,0.045454545454545456,25,25,103000,103000,0,194375,1.0,1.0,0.0,85,82,341000,320000,3,678001,0.9647058823529412,0.9384164222873901,0.03529411764705882,110,107,444000,423000,3,872376,0.9727272727272728,0.9527027027027027,0.02727272727272727
sealed_holdout,7,public-random-107-7c70e10832a7,random,64,64,61,1,uniform,stationary_hotspot,retry,none,,0,False,0.2151522251427504,0.28887400121152035,10765795,110,105,457000,424000,5,785311,0.9545454545454546,0.9277899343544858,0.045454545454545456,25,25,103000,103000,0,194375,1.0,1.0,0.0,85,82,341000,320000,3,678001,0.9647058823529412,0.9384164222873901,0.03529411764705882,110,107,444000,423000,3,872376,0.9727272727272728,0.9527027027027027,0.02727272727272727
sealed_holdout,7,public-random-107-7c70e10832a7,random,64,64,61,1,uniform,stationary_hotspot,online,none,,0,False,0.2151522251427504,0.28887400121152035,10765795,110,105,457000,424000,5,785311,0.9545454545454546,0.9277899343544858,0.045454545454545456,25,25,103000,103000,0,194375,1.0,1.0,0.0,85,82,341000,320000,3,678001,0.9647058823529412,0.9384164222873901,0.03529411764705882,110,107,444000,423000,3,872376,0.9727272727272728,0.9527027027027027,0.02727272727272727
sealed_holdout,7,public-random-107-7c70e10832a7,random,64,64,61,1,uniform,stationary_hotspot,oracle,none,,0,False,0.2151522251427504,0.28887400121152035,10765795,110,105,457000,424000,0,785311,0.9545454545454546,0.9277899343544858,0.0,25,25,103000,103000,0,194375,1.0,1.0,0.0,85,82,341000,320000,0,678001,0.9647058823529412,0.9384164222873901,0.0,110,107,444000,423000,0,872376,0.9727272727272728,0.9527027027027027,0.0
sealed_holdout,7,public-random-107-7c70e10832a7,random,64,64,61,1,uniform,stationary_hotspot,online,random,N035|N057,120000,False,0.2151522251427504,0.2856895870143595,10885795,110,105,457000,424000,5,785311,0.9545454545454546,0.9277899343544858,0.045454545454545456,25,25,103000,103000,0,178981,1.0,1.0,0.0,85,82,341000,320000,3,662607,0.9647058823529412,0.9384164222873901,0.03529411764705882,110,107,444000,423000,3,841588,0.9727272727272728,0.9527027027027027,0.02727272727272727
sealed_holdout,7,public-random-107-7c70e10832a7,random,64,64,61,1,uniform,stationary_hotspot,online,failure_aware,N041|N059,120000,False,0.2151522251427504,0.28781790625271825,10885795,110,105,457000,424000,5,785311,0.9545454545454546,0.9277899343544858,0.045454545454545456,25,25,103000,103000,0,194375,1.0,1.0,0.0,85,83,341000,328000,2,692253,0.9764705882352941,0.9618768328445748,0.023529411764705882,110,108,444000,431000,2,886628,0.9818181818181818,0.9707207207207207,0.01818181818181818
sealed_holdout,7,public-random-107-7c70e10832a7,random,64,64,61,1,uniform,shifted_hotspot,public,none,,0,False,0.2151522251427504,0.2466538842962003,10765795,110,105,457000,424000,5,785311,0.9545454545454546,0.9277899343544858,0.045454545454545456,25,24,103000,95000,1,328314,0.96,0.9223300970873787,0.04,85,66,341000,245000,19,879778,0.7764705882352941,0.718475073313783,0.2235294117647059,110,90,444000,340000,20,1208092,0.8181818181818182,0.7657657657657657,0.18181818181818182
sealed_holdout,7,public-random-107-7c70e10832a7,random,64,64,61,1,uniform,shifted_hotspot,retry,none,,0,False,0.2151522251427504,0.2466538842962003,10765795,110,105,457000,424000,5,785311,0.9545454545454546,0.9277899343544858,0.045454545454545456,25,24,103000,95000,1,328314,0.96,0.9223300970873787,0.04,85,66,341000,245000,19,879778,0.7764705882352941,0.718475073313783,0.2235294117647059,110,90,444000,340000,20,1208092,0.8181818181818182,0.7657657657657657,0.18181818181818182
sealed_holdout,7,public-random-107-7c70e10832a7,random,64,64,61,1,uniform,shifted_hotspot,online,none,,0,False,0.2151522251427504,0.2466538842962003,10765795,110,105,457000,424000,5,785311,0.9545454545454546,0.9277899343544858,0.045454545454545456,25,24,103000,95000,1,328314,0.96,0.9223300970873787,0.04,85,66,341000,245000,19,879778,0.7764705882352941,0.718475073313783,0.2235294117647059,110,90,444000,340000,20,1208092,0.8181818181818182,0.7657657657657657,0.18181818181818182
sealed_holdout,7,public-random-107-7c70e10832a7,random,64,64,61,1,uniform,shifted_hotspot,oracle,none,,0,False,0.2151522251427504,0.2466538842962003,10765795,110,105,457000,424000,0,785311,0.9545454545454546,0.9277899343544858,0.0,25,24,103000,95000,0,328314,0.96,0.9223300970873787,0.0,85,66,341000,245000,0,879778,0.7764705882352941,0.718475073313783,0.0,110,90,444000,340000,0,1208092,0.8181818181818182,0.7657657657657657,0.0
sealed_holdout,7,public-random-107-7c70e10832a7,random,64,64,61,1,uniform,shifted_hotspot,online,random,N035|N057,120000,False,0.2151522251427504,0.24393488525979148,10885795,110,105,457000,424000,5,785311,0.9545454545454546,0.9277899343544858,0.045454545454545456,25,24,103000,95000,1,312920,0.96,0.9223300970873787,0.04,85,66,341000,245000,19,864384,0.7764705882352941,0.718475073313783,0.2235294117647059,110,90,444000,340000,20,1177304,0.8181818181818182,0.7657657657657657,0.18181818181818182
sealed_holdout,7,public-random-107-7c70e10832a7,random,64,64,61,1,uniform,shifted_hotspot,online,failure_aware,N041|N059,120000,False,0.2151522251427504,0.24606320449815022,10885795,110,105,457000,424000,5,785311,0.9545454545454546,0.9277899343544858,0.045454545454545456,25,24,103000,95000,1,328314,0.96,0.9223300970873787,0.04,85,67,341000,253000,18,894030,0.788235294117647,0.7419354838709677,0.21176470588235294,110,91,444000,348000,19,1222344,0.8272727272727273,0.7837837837837838,0.17272727272727273
sealed_holdout,7,public-random-107-7c70e10832a7,random,64,64,61,1,polarized,diffuse,public,none,,0,False,0.6574905150244503,0.6653095476673176,10765795,110,88,413000,297000,22,944477,0.8,0.7191283292978208,0.2,25,21,94000,69000,4,171357,0.84,0.7340425531914894,0.16,85,65,315000,201000,20,724853,0.7647058823529411,0.638095238095238,0.23529411764705882,110,86,409000,270000,24,896210,0.7818181818181819,0.6601466992665037,0.21818181818181817
sealed_holdout,7,public-random-107-7c70e10832a7,random,64,64,61,1,polarized,diffuse,retry,none,,0,False,0.6574905150244503,0.6660698436794318,10765795,110,90,413000,307000,23,948645,0.8181818181818182,0.7433414043583535,0.20909090909090908,25,20,94000,64000,7,155352,0.8,0.6808510638297872,0.28,85,66,315000,209000,23,697059,0.7764705882352941,0.6634920634920635,0.27058823529411763,110,86,409000,273000,30,852411,0.7818181818181819,0.6674816625916871,0.2727272727272727
sealed_holdout,7,public-random-107-7c70e10832a7,random,64,64,61,1,polarized,diffuse,online,none,,0,False,0.6574905150244503,0.6660698436794318,10765795,110,90,413000,307000,23,948645,0.8181818181818182,0.7433414043583535,0.20909090909090908,25,20,94000,64000,7,155352,0.8,0.6808510638297872,0.28,85,66,315000,209000,23,697059,0.7764705882352941,0.6634920634920635,0.27058823529411763,110,86,409000,273000,30,852411,0.7818181818181819,0.6674816625916871,0.2727272727272727
sealed_holdout,7,public-random-107-7c70e10832a7,random,64,64,61,1,polarized,diffuse,oracle,none,,0,False,0.6574905150244503,0.6660698436794318,10765795,110,90,413000,307000,0,948645,0.8181818181818182,0.7433414043583535,0.0,25,20,94000,64000,0,155352,0.8,0.6808510638297872,0.0,85,66,315000,209000,0,697059,0.7764705882352941,0.6634920634920635,0.0,110,86,409000,273000,0,852411,0.7818181818181819,0.6674816625916871,0.0
sealed_holdout,7,public-random-107-7c70e10832a7,random,64,64,61,1,polarized,diffuse,online,random,N035|N057,120000,False,0.6574905150244503,0.6569603072274927,10885795,110,90,413000,307000,23,948645,0.8181818181818182,0.7433414043583535,0.20909090909090908,25,20,94000,64000,7,153453,0.8,0.6808510638297872,0.28,85,66,315000,209000,24,681665,0.7764705882352941,0.6634920634920635,0.2823529411764706,110,86,409000,273000,31,835118,0.7818181818181819,0.6674816625916871,0.2818181818181818
sealed_holdout,7,public-random-107-7c70e10832a7,random,64,64,61,1,polarized,diffuse,online,failure_aware,N047|N059,120000,False,0.6574905150244503,0.6600028167124198,10885795,110,90,413000,307000,23,948645,0.8181818181818182,0.7433414043583535,0.20909090909090908,25,20,94000,64000,8,150853,0.8,0.6808510638297872,0.32,85,66,315000,209000,24,684310,0.7764705882352941,0.6634920634920635,0.2823529411764706,110,86,409000,273000,32,835163,0.7818181818181819,0.6674816625916871,0.2909090909090909
sealed_holdout,7,public-random-107-7c70e10832a7,random,64,64,61,1,polarized,stationary_hotspot,public,none,,0,False,0.6574905150244503,0.6416823748129125,10765795,110,94,457000,374000,16,663951,0.8545454545454545,0.8183807439824945,0.14545454545454545,25,22,103000,85000,3,162349,0.88,0.8252427184466019,0.12,85,58,341000,187000,27,476719,0.6823529411764706,0.5483870967741935,0.3176470588235294,110,80,444000,272000,30,639068,0.7272727272727273,0.6126126126126126,0.2727272727272727
sealed_holdout,7,public-random-107-7c70e10832a7,random,64,64,61,1,polarized,stationary_hotspot,retry,none,,0,False,0.6574905150244503,0.6416823748129125,10765795,110,94,457000,374000,17,663951,0.8545454545454545,0.8183807439824945,0.15454545454545454,25,22,103000,85000,3,162349,0.88,0.8252427184466019,0.12,85,58,341000,187000,27,476719,0.6823529411764706,0.5483870967741935,0.3176470588235294,110,80,444000,272000,30,639068,0.7272727272727273,0.6126126126126126,0.2727272727272727
sealed_holdout,7,public-random-107-7c70e10832a7,random,64,64,61,1,polarized,stationary_hotspot,online,none,,0,False,0.6574905150244503,0.6416823748129125,10765795,110,94,457000,374000,17,663951,0.8545454545454545,0.8183807439824945,0.15454545454545454,25,22,103000,85000,3,162349,0.88,0.8252427184466019,0.12,85,58,341000,187000,27,476719,0.6823529411764706,0.5483870967741935,0.3176470588235294,110,80,444000,272000,30,639068,0.7272727272727273,0.6126126126126126,0.2727272727272727
sealed_holdout,7,public-random-107-7c70e10832a7,random,64,64,61,1,polarized,stationary_hotspot,oracle,none,,0,False,0.6574905150244503,0.6416823748129125,10765795,110,94,457000,374000,0,663951,0.8545454545454545,0.8183807439824945,0.0,25,22,103000,85000,0,162349,0.88,0.8252427184466019,0.0,85,58,341000,187000,0,476719,0.6823529411764706,0.5483870967741935,0.0,110,80,444000,272000,0,639068,0.7272727272727273,0.6126126126126126,0.0
sealed_holdout,7,public-random-107-7c70e10832a7,random,64,64,61,1,polarized,stationary_hotspot,online,random,N035|N057,120000,False,0.6574905150244503,0.6318571713351422,10885795,110,94,457000,374000,17,663951,0.8545454545454545,0.8183807439824945,0.15454545454545454,25,22,103000,85000,3,146955,0.88,0.8252427184466019,0.12,85,58,341000,187000,28,474820,0.6823529411764706,0.5483870967741935,0.32941176470588235,110,80,444000,272000,31,621775,0.7272727272727273,0.6126126126126126,0.2818181818181818
sealed_holdout,7,public-random-107-7c70e10832a7,random,64,64,61,1,polarized,stationary_hotspot,online,failure_aware,N044|N060,120000,False,0.6574905150244503,0.6329106901502694,10885795,110,94,457000,374000,17,663951,0.8545454545454545,0.8183807439824945,0.15454545454545454,25,22,103000,85000,5,157551,0.88,0.8252427184466019,0.2,85,58,341000,187000,43,470022,0.6823529411764706,0.5483870967741935,0.5058823529411764,110,80,444000,272000,48,627573,0.7272727272727273,0.6126126126126126,0.43636363636363634
sealed_holdout,7,public-random-107-7c70e10832a7,random,64,64,61,1,polarized,shifted_hotspot,public,none,,0,False,0.6574905150244503,0.6473372585421081,10765795,110,94,457000,374000,16,663951,0.8545454545454545,0.8183807439824945,0.14545454545454545,25,21,103000,77000,4,257301,0.84,0.7475728155339806,0.16,85,58,341000,187000,27,650661,0.6823529411764706,0.5483870967741935,0.3176470588235294,110,79,444000,264000,31,907962,0.7181818181818181,0.5945945945945946,0.2818181818181818
sealed_holdout,7,public-random-107-7c70e10832a7,random,64,64,61,1,polarized,shifted_hotspot,retry,none,,0,False,0.6574905150244503,0.6473372585421081,10765795,110,94,457000,374000,17,663951,0.8545454545454545,0.8183807439824945,0.15454545454545454,25,21,103000,77000,4,257301,0.84,0.7475728155339806,0.16,85,58,341000,187000,27,650661,0.6823529411764706,0.5483870967741935,0.3176470588235294,110,79,444000,264000,31,907962,0.7181818181818181,0.5945945945945946,0.2818181818181818
sealed_holdout,7,public-random-107-7c70e10832a7,random,64,64,61,1,polarized,shifted_hotspot,online,none,,0,False,0.6574905150244503,0.6473372585421081,10765795,110,94,457000,374000,17,663951,0.8545454545454545,0.8183807439824945,0.15454545454545454,25,21,103000,77000,4,257301,0.84,0.7475728155339806,0.16,85,58,341000,187000,27,650661,0.6823529411764706,0.5483870967741935,0.3176470588235294,110,79,444000,264000,31,907962,0.7181818181818181,0.5945945945945946,0.2818181818181818
sealed_holdout,7,public-random-107-7c70e10832a7,random,64,64,61,1,polarized,shifted_hotspot,oracle,none,,0,False,0.6574905150244503,0.6473372585421081,10765795,110,94,457000,374000,0,663951,0.8545454545454545,0.8183807439824945,0.0,25,21,103000,77000,0,257301,0.84,0.7475728155339806,0.0,85,58,341000,187000,0,650661,0.6823529411764706,0.5483870967741935,0.0,110,79,444000,264000,0,907962,0.7181818181818181,0.5945945945945946,0.0
sealed_holdout,7,public-random-107-7c70e10832a7,random,64,64,61,1,polarized,shifted_hotspot,online,random,N035|N057,120000,False,0.6574905150244503,0.6374497182255949,10885795,110,94,457000,374000,17,663951,0.8545454545454545,0.8183807439824945,0.15454545454545454,25,21,103000,77000,4,241907,0.84,0.7475728155339806,0.16,85,58,341000,187000,28,648762,0.6823529411764706,0.5483870967741935,0.32941176470588235,110,79,444000,264000,32,890669,0.7181818181818181,0.5945945945945946,0.2909090909090909
sealed_holdout,7,public-random-107-7c70e10832a7,random,64,64,61,1,polarized,shifted_hotspot,online,failure_aware,N044|N060,120000,False,0.6574905150244503,0.6382962405248478,10885795,110,94,457000,374000,17,663951,0.8545454545454545,0.8183807439824945,0.15454545454545454,25,21,103000,77000,4,252503,0.84,0.7475728155339806,0.16,85,58,341000,187000,28,643964,0.6823529411764706,0.5483870967741935,0.32941176470588235,110,79,444000,264000,32,896467,0.7181818181818181,0.5945945945945946,0.2909090909090909
sealed_holdout,7,public-random-107-7c70e10832a7,random,64,64,61,2,balanced_band,diffuse,public,none,,0,False,0.055153865302954574,0.08449478436921469,10765795,110,104,457000,424000,6,1361508,0.9454545454545454,0.9277899343544858,0.05454545454545454,25,24,80000,75000,1,180225,0.96,0.9375,0.04,85,79,303000,286000,6,877092,0.9294117647058824,0.9438943894389439,0.07058823529411765,110,103,383000,361000,7,1057317,0.9363636363636364,0.9425587467362925,0.06363636363636363
sealed_holdout,7,public-random-107-7c70e10832a7,random,64,64,61,2,balanced_band,diffuse,retry,none,,0,False,0.055153865302954574,0.08449478436921469,10765795,110,104,457000,424000,6,1361508,0.9454545454545454,0.9277899343544858,0.05454545454545454,25,24,80000,75000,1,180225,0.96,0.9375,0.04,85,79,303000,286000,6,877092,0.9294117647058824,0.9438943894389439,0.07058823529411765,110,103,383000,361000,7,1057317,0.9363636363636364,0.9425587467362925,0.06363636363636363
sealed_holdout,7,public-random-107-7c70e10832a7,random,64,64,61,2,balanced_band,diffuse,online,none,,0,False,0.055153865302954574,0.08449478436921469,10765795,110,104,457000,424000,6,1361508,0.9454545454545454,0.9277899343544858,0.05454545454545454,25,24,80000,75000,1,180225,0.96,0.9375,0.04,85,79,303000,286000,6,877092,0.9294117647058824,0.9438943894389439,0.07058823529411765,110,103,383000,361000,7,1057317,0.9363636363636364,0.9425587467362925,0.06363636363636363
sealed_holdout,7,public-random-107-7c70e10832a7,random,64,64,61,2,balanced_band,diffuse,oracle,none,,0,False,0.055153865302954574,0.08449478436921469,10765795,110,104,457000,424000,0,1361508,0.9454545454545454,0.9277899343544858,0.0,25,24,80000,75000,0,180225,0.96,0.9375,0.0,85,79,303000,286000,0,877092,0.9294117647058824,0.9438943894389439,0.0,110,103,383000,361000,0,1057317,0.9363636363636364,0.9425587467362925,0.0
sealed_holdout,7,public-random-107-7c70e10832a7,random,64,64,61,2,balanced_band,diffuse,online,random,N028|N030,120000,False,0.055153865302954574,0.08192200977868139,10885795,110,104,457000,424000,6,1361508,0.9454545454545454,0.9277899343544858,0.05454545454545454,25,24,80000,75000,1,180225,0.96,0.9375,0.04,85,79,303000,286000,6,861770,0.9294117647058824,0.9438943894389439,0.07058823529411765,110,103,383000,361000,7,1041995,0.9363636363636364,0.9425587467362925,0.06363636363636363
sealed_holdout,7,public-random-107-7c70e10832a7,random,64,64,61,2,balanced_band,diffuse,online,failure_aware,N054|N063,120000,False,0.055153865302954574,0.08303050338554174,10885795,110,104,457000,424000,6,1361508,0.9454545454545454,0.9277899343544858,0.05454545454545454,25,24,80000,75000,1,167730,0.96,0.9375,0.04,85,82,303000,289000,3,892395,0.9647058823529412,0.9537953795379538,0.03529411764705882,110,106,383000,364000,4,1060125,0.9636363636363636,0.9503916449086162,0.03636363636363636
sealed_holdout,7,public-random-107-7c70e10832a7,random,64,64,61,2,balanced_band,stationary_hotspot,public,none,,0,False,0.055153865302954574,0.09280287342722479,10765795,110,109,411000,406000,1,809078,0.990909090909091,0.9878345498783455,0.00909090909090909,25,24,90000,85000,1,207936,0.96,0.9444444444444444,0.04,85,80,351000,317000,5,516438,0.9411764705882353,0.9031339031339032,0.058823529411764705,110,104,441000,402000,6,724374,0.9454545454545454,0.9115646258503401,0.05454545454545454
sealed_holdout,7,public-random-107-7c70e10832a7,random,64,64,61,2,balanced_band,stationary_hotspot,retry,none,,0,False,0.055153865302954574,0.09280287342722479,10765795,110,109,411000,406000,1,809078,0.990909090909091,0.9878345498783455,0.00909090909090909,25,24,90000,85000,1,207936,0.96,0.9444444444444444,0.04,85,80,351000,317000,5,516438,0.9411764705882353,0.9031339031339032,0.058823529411764705,110,104,441000,402000,6,724374,0.9454545454545454,0.9115646258503401,0.05454545454545454
sealed_holdout,7,public-random-107-7c70e10832a7,random,64,64,61,2,balanced_band,stationary_hotspot,online,none,,0,False,0.055153865302954574,0.09280287342722479,10765795,110,109,411000,406000,1,809078,0.990909090909091,0.9878345498783455,0.00909090909090909,25,24,90000,85000,1,207936,0.96,0.9444444444444444,0.04,85,80,351000,317000,5,516438,0.9411764705882353,0.9031339031339032,0.058823529411764705,110,104,441000,402000,6,724374,0.9454545454545454,0.9115646258503401,0.05454545454545454
sealed_holdout,7,public-random-107-7c70e10832a7,random,64,64,61,2,balanced_band,stationary_hotspot,oracle,none,,0,False,0.055153865302954574,0.09280287342722479,10765795,110,109,411000,406000,0,809078,0.990909090909091,0.9878345498783455,0.0,25,24,90000,85000,0,207936,0.96,0.9444444444444444,0.0,85,80,351000,317000,0,516438,0.9411764705882353,0.9031339031339032,0.0,110,104,441000,402000,0,724374,0.9454545454545454,0.9115646258503401,0.0
sealed_holdout,7,public-random-107-7c70e10832a7,random,64,64,61,2,balanced_band,stationary_hotspot,online,random,N028|N030,120000,False,0.055153865302954574,0.09189615594561747,10885795,110,109,411000,406000,1,809078,0.990909090909091,0.9878345498783455,0.00909090909090909,25,24,90000,85000,1,207936,0.96,0.9444444444444444,0.04,85,80,351000,317000,5,484794,0.9411764705882353,0.9031339031339032,0.058823529411764705,110,104,441000,402000,6,692730,0.9454545454545454,0.9115646258503401,0.05454545454545454
sealed_holdout,7,public-random-107-7c70e10832a7,random,64,64,61,2,balanced_band,stationary_hotspot,online,failure_aware,N027|N049,120000,False,0.055153865302954574,0.09177985721102129,10885795,110,109,411000,406000,1,809078,0.990909090909091,0.9878345498783455,0.00909090909090909,25,24,90000,85000,1,207936,0.96,0.9444444444444444,0.04,85,80,351000,317000,5,516438,0.9411764705882353,0.9031339031339032,0.058823529411764705,110,104,441000,402000,6,724374,0.9454545454545454,0.9115646258503401,0.05454545454545454
sealed_holdout,7,public-random-107-7c70e10832a7,random,64,64,61,2,balanced_band,shifted_hotspot,public,none,,0,False,0.055153865302954574,0.0815041507050551,10765795,110,109,411000,406000,1,809078,0.990909090909091,0.9878345498783455,0.00909090909090909,25,24,90000,85000,1,215527,0.96,0.9444444444444444,0.04,85,75,351000,283000,10,532622,0.8823529411764706,0.8062678062678063,0.11764705882352941,110,99,441000,368000,11,748149,0.9,0.8344671201814059,0.1
sealed_holdout,7,public-random-107-7c70e10832a7,random,64,64,61,2,balanced_band,shifted_hotspot,retry,none,,0,False,0.055153865302954574,0.0815041507050551,10765795,110,109,411000,406000,1,809078,0.990909090909091,0.9878345498783455,0.00909090909090909,25,24,90000,85000,1,215527,0.96,0.9444444444444444,0.04,85,75,351000,283000,10,532622,0.8823529411764706,0.8062678062678063,0.11764705882352941,110,99,441000,368000,11,748149,0.9,0.8344671201814059,0.1
sealed_holdout,7,public-random-107-7c70e10832a7,random,64,64,61,2,balanced_band,shifted_hotspot,online,none,,0,False,0.055153865302954574,0.0815041507050551,10765795,110,109,411000,406000,1,809078,0.990909090909091,0.9878345498783455,0.00909090909090909,25,24,90000,85000,1,215527,0.96,0.9444444444444444,0.04,85,75,351000,283000,10,532622,0.8823529411764706,0.8062678062678063,0.11764705882352941,110,99,441000,368000,11,748149,0.9,0.8344671201814059,0.1
sealed_holdout,7,public-random-107-7c70e10832a7,random,64,64,61,2,balanced_band,shifted_hotspot,oracle,none,,0,False,0.055153865302954574,0.0815041507050551,10765795,110,109,411000,406000,0,809078,0.990909090909091,0.9878345498783455,0.0,25,24,90000,85000,0,215527,0.96,0.9444444444444444,0.0,85,75,351000,283000,0,532622,0.8823529411764706,0.8062678062678063,0.0,110,99,441000,368000,0,748149,0.9,0.8344671201814059,0.0
sealed_holdout,7,public-random-107-7c70e10832a7,random,64,64,61,2,balanced_band,shifted_hotspot,online,random,N028|N030,120000,False,0.055153865302954574,0.08072198514883866,10885795,110,109,411000,406000,1,809078,0.990909090909091,0.9878345498783455,0.00909090909090909,25,24,90000,85000,1,215527,0.96,0.9444444444444444,0.04,85,75,351000,283000,10,500978,0.8823529411764706,0.8062678062678063,0.11764705882352941,110,99,441000,368000,11,716505,0.9,0.8344671201814059,0.1
sealed_holdout,7,public-random-107-7c70e10832a7,random,64,64,61,2,balanced_band,shifted_hotspot,online,failure_aware,N027|N049,120000,False,0.055153865302954574,0.08060568641424247,10885795,110,109,411000,406000,1,809078,0.990909090909091,0.9878345498783455,0.00909090909090909,25,24,90000,85000,1,215527,0.96,0.9444444444444444,0.04,85,75,351000,283000,10,532622,0.8823529411764706,0.8062678062678063,0.11764705882352941,110,99,441000,368000,11,748149,0.9,0.8344671201814059,0.1
sealed_holdout,7,public-random-107-7c70e10832a7,random,64,64,61,2,uniform,diffuse,public,none,,0,False,0.31768693027698813,0.3089360255351986,10765795,110,88,457000,333000,22,1013787,0.8,0.7286652078774617,0.2,25,22,80000,59000,3,154201,0.88,0.7375,0.12,85,79,303000,275000,6,832071,0.9294117647058824,0.9075907590759076,0.07058823529411765,110,101,383000,334000,9,986272,0.9181818181818182,0.8720626631853786,0.08181818181818182
sealed_holdout,7,public-random-107-7c70e10832a7,random,64,64,61,2,uniform,diffuse,retry,none,,0,False,0.31768693027698813,0.3089360255351986,10765795,110,88,457000,333000,23,1013787,0.8,0.7286652078774617,0.20909090909090908,25,22,80000,59000,3,154201,0.88,0.7375,0.12,85,79,303000,275000,6,832071,0.9294117647058824,0.9075907590759076,0.07058823529411765,110,101,383000,334000,9,986272,0.9181818181818182,0.8720626631853786,0.08181818181818182
sealed_holdout,7,public-random-107-7c70e10832a7,random,64,64,61,2,uniform,diffuse,online,none,,0,False,0.31768693027698813,0.3089360255351986,10765795,110,88,457000,333000,23,1013787,0.8,0.7286652078774617,0.20909090909090908,25,22,80000,59000,3,154201,0.88,0.7375,0.12,85,79,303000,275000,6,832071,0.9294117647058824,0.9075907590759076,0.07058823529411765,110,101,383000,334000,9,986272,0.9181818181818182,0.8720626631853786,0.08181818181818182
sealed_holdout,7,public-random-107-7c70e10832a7,random,64,64,61,2,uniform,diffuse,oracle,none,,0,False,0.31768693027698813,0.3089360255351986,10765795,110,88,457000,333000,0,1013787,0.8,0.7286652078774617,0.0,25,22,80000,59000,0,154201,0.88,0.7375,0.0,85,79,303000,275000,0,832071,0.9294117647058824,0.9075907590759076,0.0,110,101,383000,334000,0,986272,0.9181818181818182,0.8720626631853786,0.0
sealed_holdout,7,public-random-107-7c70e10832a7,random,64,64,61,2,uniform,diffuse,online,random,N028|N030,120000,False,0.31768693027698813,0.3055372123855839,10885795,110,88,457000,333000,23,1013787,0.8,0.7286652078774617,0.20909090909090908,25,22,80000,59000,3,154201,0.88,0.7375,0.12,85,79,303000,275000,6,816749,0.9294117647058824,0.9075907590759076,0.07058823529411765,110,101,383000,334000,9,970950,0.9181818181818182,0.8720626631853786,0.08181818181818182
sealed_holdout,7,public-random-107-7c70e10832a7,random,64,64,61,2,uniform,diffuse,online,failure_aware,N050|N051,120000,False,0.31768693027698813,0.305530456804185,10885795,110,88,457000,333000,23,1013787,0.8,0.7286652078774617,0.20909090909090908,25,22,80000,59000,3,154201,0.88,0.7375,0.12,85,79,303000,275000,6,832071,0.9294117647058824,0.9075907590759076,0.07058823529411765,110,101,383000,334000,9,986272,0.9181818181818182,0.8720626631853786,0.08181818181818182
sealed_holdout,7,public-random-107-7c70e10832a7,random,64,64,61,2,uniform,stationary_hotspot,public,none,,0,False,0.31768693027698813,0.326078653809285,10765795,110,104,411000,381000,6,718046,0.9454545454545454,0.927007299270073,0.05454545454545454,25,25,90000,90000,0,222936,1.0,1.0,0.0,85,78,351000,304000,7,507703,0.9176470588235294,0.8660968660968661,0.08235294117647059,110,103,441000,394000,7,730639,0.9363636363636364,0.8934240362811792,0.06363636363636363
sealed_holdout,7,public-random-107-7c70e10832a7,random,64,64,61,2,uniform,stationary_hotspot,retry,none,,0,False,0.31768693027698813,0.326078653809285,10765795,110,104,411000,381000,6,718046,0.9454545454545454,0.927007299270073,0.05454545454545454,25,25,90000,90000,0,222936,1.0,1.0,0.0,85,78,351000,304000,7,507703,0.9176470588235294,0.8660968660968661,0.08235294117647059,110,103,441000,394000,7,730639,0.9363636363636364,0.8934240362811792,0.06363636363636363
sealed_holdout,7,public-random-107-7c70e10832a7,random,64,64,61,2,uniform,stationary_hotspot,online,none,,0,False,0.31768693027698813,0.326078653809285,10765795,110,104,411000,381000,6,718046,0.9454545454545454,0.927007299270073,0.05454545454545454,25,25,90000,90000,0,222936,1.0,1.0,0.0,85,78,351000,304000,7,507703,0.9176470588235294,0.8660968660968661,0.08235294117647059,110,103,441000,394000,7,730639,0.9363636363636364,0.8934240362811792,0.06363636363636363
sealed_holdout,7,public-random-107-7c70e10832a7,random,64,64,61,2,uniform,stationary_hotspot,oracle,none,,0,False,0.31768693027698813,0.326078653809285,10765795,110,104,411000,381000,0,718046,0.9454545454545454,0.927007299270073,0.0,25,25,90000,90000,0,222936,1.0,1.0,0.0,85,78,351000,304000,0,507703,0.9176470588235294,0.8660968660968661,0.0,110,103,441000,394000,0,730639,0.9363636363636364,0.8934240362811792,0.0
sealed_holdout,7,public-random-107-7c70e10832a7,random,64,64,61,2,uniform,stationary_hotspot,online,random,N028|N030,120000,False,0.31768693027698813,0.3216962683954546,10885795,110,104,411000,381000,6,718046,0.9454545454545454,0.927007299270073,0.05454545454545454,25,25,90000,90000,0,222936,1.0,1.0,0.0,85,78,351000,304000,7,476059,0.9176470588235294,0.8660968660968661,0.08235294117647059,110,103,441000,394000,7,698995,0.9363636363636364,0.8934240362811792,0.06363636363636363
sealed_holdout,7,public-random-107-7c70e10832a7,random,64,64,61,2,uniform,stationary_hotspot,online,failure_aware,N050|N051,120000,False,0.31768693027698813,0.3320069727830032,10885795,110,104,411000,381000,6,718046,0.9454545454545454,0.927007299270073,0.05454545454545454,25,25,90000,90000,0,222936,1.0,1.0,0.0,85,80,351000,320000,7,561319,0.9411764705882353,0.9116809116809117,0.08235294117647059,110,105,441000,410000,7,784255,0.9545454545454546,0.9297052154195011,0.06363636363636363
sealed_holdout,7,public-random-107-7c70e10832a7,random,64,64,61,2,uniform,shifted_hotspot,public,none,,0,False,0.31768693027698813,0.32100017610882303,10765795,110,104,411000,381000,6,718046,0.9454545454545454,0.927007299270073,0.05454545454545454,25,25,90000,90000,0,230527,1.0,1.0,0.0,85,71,351000,264000,14,520682,0.8352941176470589,0.7521367521367521,0.16470588235294117,110,96,441000,354000,14,751209,0.8727272727272727,0.8027210884353742,0.12727272727272726
sealed_holdout,7,public-random-107-7c70e10832a7,random,64,64,61,2,uniform,shifted_hotspot,retry,none,,0,False,0.31768693027698813,0.32100017610882303,10765795,110,104,411000,381000,6,718046,0.9454545454545454,0.927007299270073,0.05454545454545454,25,25,90000,90000,0,230527,1.0,1.0,0.0,85,71,351000,264000,14,520682,0.8352941176470589,0.7521367521367521,0.16470588235294117,110,96,441000,354000,14,751209,0.8727272727272727,0.8027210884353742,0.12727272727272726
sealed_holdout,7,public-random-107-7c70e10832a7,random,64,64,61,2,uniform,shifted_hotspot,online,none,,0,False,0.31768693027698813,0.32100017610882303,10765795,110,104,411000,381000,6,718046,0.9454545454545454,0.927007299270073,0.05454545454545454,25,25,90000,90000,0,230527,1.0,1.0,0.0,85,71,351000,264000,14,520682,0.8352941176470589,0.7521367521367521,0.16470588235294117,110,96,441000,354000,14,751209,0.8727272727272727,0.8027210884353742,0.12727272727272726
sealed_holdout,7,public-random-107-7c70e10832a7,random,64,64,61,2,uniform,shifted_hotspot,oracle,none,,0,False,0.31768693027698813,0.32100017610882303,10765795,110,104,411000,381000,0,718046,0.9454545454545454,0.927007299270073,0.0,25,25,90000,90000,0,230527,1.0,1.0,0.0,85,71,351000,264000,0,520682,0.8352941176470589,0.7521367521367521,0.0,110,96,441000,354000,0,751209,0.8727272727272727,0.8027210884353742,0.0
sealed_holdout,7,public-random-107-7c70e10832a7,random,64,64,61,2,uniform,shifted_hotspot,online,random,N028|N030,120000,False,0.31768693027698813,0.31667377349864234,10885795,110,104,411000,381000,6,718046,0.9454545454545454,0.927007299270073,0.05454545454545454,25,25,90000,90000,0,230527,1.0,1.0,0.0,85,71,351000,264000,14,489038,0.8352941176470589,0.7521367521367521,0.16470588235294117,110,96,441000,354000,14,719565,0.8727272727272727,0.8027210884353742,0.12727272727272726
sealed_holdout,7,public-random-107-7c70e10832a7,random,64,64,61,2,uniform,shifted_hotspot,online,failure_aware,N050|N051,120000,False,0.31768693027698813,0.32698447788619084,10885795,110,104,411000,381000,6,718046,0.9454545454545454,0.927007299270073,0.05454545454545454,25,25,90000,90000,0,230527,1.0,1.0,0.0,85,73,351000,280000,14,574298,0.8588235294117647,0.7977207977207977,0.16470588235294117,110,98,441000,370000,14,804825,0.8909090909090909,0.8390022675736961,0.12727272727272726
sealed_holdout,7,public-random-107-7c70e10832a7,random,64,64,61,2,polarized,diffuse,public,none,,0,False,0.7205971421296091,0.6737131987705581,10765795,110,78,457000,261000,32,719880,0.7090909090909091,0.5711159737417943,0.2909090909090909,25,21,80000,51000,4,155039,0.84,0.6375,0.16,85,72,303000,235000,13,701688,0.8470588235294118,0.7755775577557755,0.15294117647058825,110,93,383000,286000,17,856727,0.8454545454545455,0.7467362924281984,0.15454545454545454
sealed_holdout,7,public-random-107-7c70e10832a7,random,64,64,61,2,polarized,diffuse,retry,none,,0,False,0.7205971421296091,0.6737131987705581,10765795,110,78,457000,261000,34,719880,0.7090909090909091,0.5711159737417943,0.3090909090909091,25,21,80000,51000,5,155039,0.84,0.6375,0.2,85,72,303000,235000,13,701688,0.8470588235294118,0.7755775577557755,0.15294117647058825,110,93,383000,286000,18,856727,0.8454545454545455,0.7467362924281984,0.16363636363636364
sealed_holdout,7,public-random-107-7c70e10832a7,random,64,64,61,2,polarized,diffuse,online,none,,0,False,0.7205971421296091,0.6737131987705581,10765795,110,78,457000,261000,34,719880,0.7090909090909091,0.5711159737417943,0.3090909090909091,25,21,80000,51000,5,155039,0.84,0.6375,0.2,85,72,303000,235000,13,701688,0.8470588235294118,0.7755775577557755,0.15294117647058825,110,93,383000,286000,18,856727,0.8454545454545455,0.7467362924281984,0.16363636363636364
sealed_holdout,7,public-random-107-7c70e10832a7,random,64,64,61,2,polarized,diffuse,oracle,none,,0,False,0.7205971421296091,0.6737131987705581,10765795,110,78,457000,261000,0,719880,0.7090909090909091,0.5711159737417943,0.0,25,21,80000,51000,0,155039,0.84,0.6375,0.0,85,72,303000,235000,0,701688,0.8470588235294118,0.7755775577557755,0.0,110,93,383000,286000,0,856727,0.8454545454545455,0.7467362924281984,0.0
sealed_holdout,7,public-random-107-7c70e10832a7,random,64,64,61,2,polarized,diffuse,online,random,N028|N030,120000,False,0.7205971421296091,0.6686156162091749,10885795,110,78,457000,261000,34,719880,0.7090909090909091,0.5711159737417943,0.3090909090909091,25,21,80000,51000,6,155039,0.84,0.6375,0.24,85,72,303000,235000,13,686366,0.8470588235294118,0.7755775577557755,0.15294117647058825,110,93,383000,286000,19,841405,0.8454545454545455,0.7467362924281984,0.17272727272727273
sealed_holdout,7,public-random-107-7c70e10832a7,random,64,64,61,2,polarized,diffuse,online,failure_aware,N012|N031,120000,False,0.7205971421296091,0.6637689648412756,10885795,110,78,457000,261000,34,719880,0.7090909090909091,0.5711159737417943,0.3090909090909091,25,21,80000,51000,5,143789,0.84,0.6375,0.2,85,72,303000,235000,14,701038,0.8470588235294118,0.7755775577557755,0.16470588235294117,110,93,383000,286000,19,844827,0.8454545454545455,0.7467362924281984,0.17272727272727273
sealed_holdout,7,public-random-107-7c70e10832a7,random,64,64,61,2,polarized,stationary_hotspot,public,none,,0,False,0.7205971421296091,0.6912527884728108,10765795,110,96,411000,332000,14,552555,0.8727272727272727,0.8077858880778589,0.12727272727272726,25,19,90000,64000,6,186448,0.76,0.7111111111111111,0.24,85,62,351000,208000,23,465393,0.7294117647058823,0.5925925925925926,0.27058823529411763,110,81,441000,272000,29,651841,0.7363636363636363,0.6167800453514739,0.2636363636363636
sealed_holdout,7,public-random-107-7c70e10832a7,random,64,64,61,2,polarized,stationary_hotspot,retry,none,,0,False,0.7205971421296091,0.6912527884728108,10765795,110,96,411000,332000,15,552555,0.8727272727272727,0.8077858880778589,0.13636363636363635,25,19,90000,64000,6,186448,0.76,0.7111111111111111,0.24,85,62,351000,208000,25,465393,0.7294117647058823,0.5925925925925926,0.29411764705882354,110,81,441000,272000,31,651841,0.7363636363636363,0.6167800453514739,0.2818181818181818
sealed_holdout,7,public-random-107-7c70e10832a7,random,64,64,61,2,polarized,stationary_hotspot,online,none,,0,False,0.7205971421296091,0.6912527884728108,10765795,110,96,411000,332000,15,552555,0.8727272727272727,0.8077858880778589,0.13636363636363635,25,19,90000,64000,6,186448,0.76,0.7111111111111111,0.24,85,62,351000,208000,25,465393,0.7294117647058823,0.5925925925925926,0.29411764705882354,110,81,441000,272000,31,651841,0.7363636363636363,0.6167800453514739,0.2818181818181818
sealed_holdout,7,public-random-107-7c70e10832a7,random,64,64,61,2,polarized,stationary_hotspot,oracle,none,,0,False,0.7205971421296091,0.6912527884728108,10765795,110,96,411000,332000,0,552555,0.8727272727272727,0.8077858880778589,0.0,25,19,90000,64000,0,186448,0.76,0.7111111111111111,0.0,85,62,351000,208000,0,465393,0.7294117647058823,0.5925925925925926,0.0,110,81,441000,272000,0,651841,0.7363636363636363,0.6167800453514739,0.0
sealed_holdout,7,public-random-107-7c70e10832a7,random,64,64,61,2,polarized,stationary_hotspot,online,random,N028|N030,120000,False,0.7205971421296091,0.6796957886347105,10885795,110,96,411000,332000,15,552555,0.8727272727272727,0.8077858880778589,0.13636363636363635,25,19,90000,64000,6,186448,0.76,0.7111111111111111,0.24,85,62,351000,208000,27,433749,0.7294117647058823,0.5925925925925926,0.3176470588235294,110,81,441000,272000,33,620197,0.7363636363636363,0.6167800453514739,0.3
sealed_holdout,7,public-random-107-7c70e10832a7,random,64,64,61,2,polarized,stationary_hotspot,online,failure_aware,N050|N051,120000,False,0.7205971421296091,0.6836327354939757,10885795,110,96,411000,332000,15,552555,0.8727272727272727,0.8077858880778589,0.13636363636363635,25,19,90000,64000,6,186448,0.76,0.7111111111111111,0.24,85,62,351000,208000,27,465393,0.7294117647058823,0.5925925925925926,0.3176470588235294,110,81,441000,272000,33,651841,0.7363636363636363,0.6167800453514739,0.3
sealed_holdout,7,public-random-107-7c70e10832a7,random,64,64,61,2,polarized,shifted_hotspot,public,none,,0,False,0.7205971421296091,0.6945340829880572,10765795,110,96,411000,332000,14,552555,0.8727272727272727,0.8077858880778589,0.12727272727272726,25,19,90000,67000,6,192994,0.76,0.7444444444444445,0.24,85,62,351000,209000,23,482087,0.7294117647058823,0.5954415954415955,0.27058823529411763,110,81,441000,276000,29,675081,0.7363636363636363,0.6258503401360545,0.2636363636363636
sealed_holdout,7,public-random-107-7c70e10832a7,random,64,64,61,2,polarized,shifted_hotspot,retry,none,,0,False,0.7205971421296091,0.6945340829880572,10765795,110,96,411000,332000,15,552555,0.8727272727272727,0.8077858880778589,0.13636363636363635,25,19,90000,67000,6,192994,0.76,0.7444444444444445,0.24,85,62,351000,209000,24,482087,0.7294117647058823,0.5954415954415955,0.2823529411764706,110,81,441000,276000,30,675081,0.7363636363636363,0.6258503401360545,0.2727272727272727
sealed_holdout,7,public-random-107-7c70e10832a7,random,64,64,61,2,polarized,shifted_hotspot,online,none,,0,False,0.7205971421296091,0.6945340829880572,10765795,110,96,411000,332000,15,552555,0.8727272727272727,0.8077858880778589,0.13636363636363635,25,19,90000,67000,6,192994,0.76,0.7444444444444445,0.24,85,62,351000,209000,24,482087,0.7294117647058823,0.5954415954415955,0.2823529411764706,110,81,441000,276000,30,675081,0.7363636363636363,0.6258503401360545,0.2727272727272727
sealed_holdout,7,public-random-107-7c70e10832a7,random,64,64,61,2,polarized,shifted_hotspot,oracle,none,,0,False,0.7205971421296091,0.6945340829880572,10765795,110,96,411000,332000,0,552555,0.8727272727272727,0.8077858880778589,0.0,25,19,90000,67000,0,192994,0.76,0.7444444444444445,0.0,85,62,351000,209000,0,482087,0.7294117647058823,0.5954415954415955,0.0,110,81,441000,276000,0,675081,0.7363636363636363,0.6258503401360545,0.0
sealed_holdout,7,public-random-107-7c70e10832a7,random,64,64,61,2,polarized,shifted_hotspot,online,random,N028|N030,120000,False,0.7205971421296091,0.6828093766317049,10885795,110,96,411000,332000,15,552555,0.8727272727272727,0.8077858880778589,0.13636363636363635,25,19,90000,67000,6,192994,0.76,0.7444444444444445,0.24,85,62,351000,209000,25,450443,0.7294117647058823,0.5954415954415955,0.29411764705882354,110,81,441000,276000,31,643437,0.7363636363636363,0.6258503401360545,0.2818181818181818
sealed_holdout,7,public-random-107-7c70e10832a7,random,64,64,61,2,polarized,shifted_hotspot,online,failure_aware,N050|N051,120000,False,0.7205971421296091,0.686877858526861,10885795,110,96,411000,332000,15,552555,0.8727272727272727,0.8077858880778589,0.13636363636363635,25,19,90000,67000,6,192994,0.76,0.7444444444444445,0.24,85,62,351000,209000,26,482087,0.7294117647058823,0.5954415954415955,0.3058823529411765,110,81,441000,276000,32,675081,0.7363636363636363,0.6258503401360545,0.2909090909090909
sealed_holdout,8,public-periphery-108-8f05dad52c47,periphery,64,74,51,0,balanced_band,diffuse,public,none,,0,False,0.05751136854767358,0.10168814282141116,9208308,110,109,405000,397000,1,2513530,0.990909090909091,0.980246913580247,0.00909090909090909,25,23,91000,75000,2,1072574,0.92,0.8241758241758241,0.08,85,81,344000,312000,4,3357987,0.9529411764705882,0.9069767441860465,0.047058823529411764,110,104,435000,387000,6,4430561,0.9454545454545454,0.8896551724137931,0.05454545454545454
sealed_holdout,8,public-periphery-108-8f05dad52c47,periphery,64,74,51,0,balanced_band,diffuse,retry,none,,0,False,0.05751136854767358,0.09769267405655624,9208308,110,110,405000,405000,1,2541562,1.0,1.0,0.00909090909090909,25,25,91000,91000,2,1077918,1.0,1.0,0.08,85,82,344000,320000,4,3366411,0.9647058823529412,0.9302325581395349,0.047058823529411764,110,107,435000,411000,6,4444329,0.9727272727272728,0.9448275862068966,0.05454545454545454
sealed_holdout,8,public-periphery-108-8f05dad52c47,periphery,64,74,51,0,balanced_band,diffuse,online,none,,0,False,0.05751136854767358,0.0952233692638349,9208308,110,110,405000,405000,1,2542353,1.0,1.0,0.00909090909090909,25,25,91000,91000,3,1078923,1.0,1.0,0.12,85,82,344000,320000,5,3367361,0.9647058823529412,0.9302325581395349,0.058823529411764705,110,107,435000,411000,8,4446284,0.9727272727272728,0.9448275862068966,0.07272727272727272
sealed_holdout,8,public-periphery-108-8f05dad52c47,periphery,64,74,51,0,balanced_band,diffuse,oracle,none,,0,False,0.05751136854767358,0.09769267405655624,9208308,110,110,405000,405000,0,2541562,1.0,1.0,0.0,25,25,91000,91000,0,1077918,1.0,1.0,0.0,85,82,344000,320000,0,3366411,0.9647058823529412,0.9302325581395349,0.0,110,107,435000,411000,0,4444329,0.9727272727272728,0.9448275862068966,0.0
sealed_holdout,8,public-periphery-108-8f05dad52c47,periphery,64,74,51,0,balanced_band,diffuse,online,random,N052|N062,120000,False,0.05751136854767358,0.09465534160592315,9328308,110,110,405000,405000,1,2542353,1.0,1.0,0.00909090909090909,25,25,91000,91000,3,75323,1.0,1.0,0.12,85,82,344000,320000,5,287011,0.9647058823529412,0.9302325581395349,0.058823529411764705,110,107,435000,411000,8,362334,0.9727272727272728,0.9448275862068966,0.07272727272727272
sealed_holdout,8,public-periphery-108-8f05dad52c47,periphery,64,74,51,0,balanced_band,diffuse,online,failure_aware,N052|N062,120000,False,0.05751136854767358,0.09465534160592315,9328308,110,110,405000,405000,1,2542353,1.0,1.0,0.00909090909090909,25,25,91000,91000,3,75323,1.0,1.0,0.12,85,82,344000,320000,5,287011,0.9647058823529412,0.9302325581395349,0.058823529411764705,110,107,435000,411000,8,362334,0.9727272727272728,0.9448275862068966,0.07272727272727272
sealed_holdout,8,public-periphery-108-8f05dad52c47,periphery,64,74,51,0,balanced_band,stationary_hotspot,public,none,,0,False,0.05751136854767358,0.10162647645502779,9208308,110,90,460000,333000,20,1356201,0.8181818181818182,0.7239130434782609,0.18181818181818182,25,22,101000,80000,3,49802,0.88,0.7920792079207921,0.12,85,75,358000,312000,10,1270748,0.8823529411764706,0.8715083798882681,0.11764705882352941,110,97,459000,392000,13,1320550,0.8818181818181818,0.8540305010893247,0.11818181818181818
sealed_holdout,8,public-periphery-108-8f05dad52c47,periphery,64,74,51,0,balanced_band,stationary_hotspot,retry,none,,0,False,0.05751136854767358,0.09292046016313879,9208308,110,92,460000,343000,21,1365691,0.8363636363636363,0.7456521739130435,0.19090909090909092,25,23,101000,88000,3,58226,0.92,0.8712871287128713,0.12,85,77,358000,325000,13,1288421,0.9058823529411765,0.9078212290502793,0.15294117647058825,110,100,459000,413000,16,1346647,0.9090909090909091,0.8997821350762527,0.14545454545454545
sealed_holdout,8,public-periphery-108-8f05dad52c47,periphery,64,74,51,0,balanced_band,stationary_hotspot,online,none,,0,False,0.05751136854767358,0.09887037999565286,9208308,110,92,460000,343000,19,1366403,0.8363636363636363,0.7456521739130435,0.17272727272727273,25,23,101000,88000,3,59526,0.92,0.8712871287128713,0.12,85,77,358000,325000,13,1289629,0.9058823529411765,0.9078212290502793,0.15294117647058825,110,100,459000,413000,16,1349155,0.9090909090909091,0.8997821350762527,0.14545454545454545
sealed_holdout,8,public-periphery-108-8f05dad52c47,periphery,64,74,51,0,balanced_band,stationary_hotspot,oracle,none,,0,False,0.05751136854767358,0.09292046016313879,9208308,110,92,460000,343000,0,1365691,0.8363636363636363,0.7456521739130435,0.0,25,23,101000,88000,0,58226,0.92,0.8712871287128713,0.0,85,77,358000,325000,0,1288421,0.9058823529411765,0.9078212290502793,0.0,110,100,459000,413000,0,1346647,0.9090909090909091,0.8997821350762527,0.0
sealed_holdout,8,public-periphery-108-8f05dad52c47,periphery,64,74,51,0,balanced_band,stationary_hotspot,online,random,N052|N062,120000,False,0.05751136854767358,0.09715617990211178,9328308,110,92,460000,343000,19,1366403,0.8363636363636363,0.7456521739130435,0.17272727272727273,25,23,101000,88000,3,59526,0.92,0.8712871287128713,0.12,85,77,358000,325000,13,286029,0.9058823529411765,0.9078212290502793,0.15294117647058825,110,100,459000,413000,16,345555,0.9090909090909091,0.8997821350762527,0.14545454545454545
sealed_holdout,8,public-periphery-108-8f05dad52c47,periphery,64,74,51,0,balanced_band,stationary_hotspot,online,failure_aware,N035|N051,120000,True,0.05751136854767358,0.10662312603820828,9328308,110,92,460000,343000,19,1366403,0.8363636363636363,0.7456521739130435,0.17272727272727273,25,25,101000,101000,1,61311,1.0,1.0,0.04,85,85,358000,358000,6,1292708,1.0,1.0,0.07058823529411765,110,110,459000,459000,7,1354019,1.0,1.0,0.06363636363636363
sealed_holdout,8,public-periphery-108-8f05dad52c47,periphery,64,74,51,0,balanced_band,shifted_hotspot,public,none,,0,False,0.05751136854767358,0.10255852499011232,9208308,110,90,460000,333000,20,1356201,0.8181818181818182,0.7239130434782609,0.18181818181818182,25,22,101000,80000,3,46682,0.88,0.7920792079207921,0.12,85,75,358000,312000,10,1248518,0.8823529411764706,0.8715083798882681,0.11764705882352941,110,97,459000,392000,13,1295200,0.8818181818181818,0.8540305010893247,0.11818181818181818
sealed_holdout,8,public-periphery-108-8f05dad52c47,periphery,64,74,51,0,balanced_band,shifted_hotspot,retry,none,,0,False,0.05751136854767358,0.09385250869822334,9208308,110,92,460000,343000,21,1365691,0.8363636363636363,0.7456521739130435,0.19090909090909092,25,23,101000,88000,3,55106,0.92,0.8712871287128713,0.12,85,77,358000,325000,13,1266191,0.9058823529411765,0.9078212290502793,0.15294117647058825,110,100,459000,413000,16,1321297,0.9090909090909091,0.8997821350762527,0.14545454545454545
sealed_holdout,8,public-periphery-108-8f05dad52c47,periphery,64,74,51,0,balanced_band,shifted_hotspot,online,none,,0,False,0.05751136854767358,0.09980242853073741,9208308,110,92,460000,343000,19,1366403,0.8363636363636363,0.7456521739130435,0.17272727272727273,25,23,101000,88000,3,56406,0.92,0.8712871287128713,0.12,85,77,358000,325000,13,1267399,0.9058823529411765,0.9078212290502793,0.15294117647058825,110,100,459000,413000,16,1323805,0.9090909090909091,0.8997821350762527,0.14545454545454545
sealed_holdout,8,public-periphery-108-8f05dad52c47,periphery,64,74,51,0,balanced_band,shifted_hotspot,oracle,none,,0,False,0.05751136854767358,0.09385250869822334,9208308,110,92,460000,343000,0,1365691,0.8363636363636363,0.7456521739130435,0.0,25,23,101000,88000,0,55106,0.92,0.8712871287128713,0.0,85,77,358000,325000,0,1266191,0.9058823529411765,0.9078212290502793,0.0,110,100,459000,413000,0,1321297,0.9090909090909091,0.8997821350762527,0.0
sealed_holdout,8,public-periphery-108-8f05dad52c47,periphery,64,74,51,0,balanced_band,shifted_hotspot,online,random,N052|N062,120000,False,0.05751136854767358,0.09807623850030636,9328308,110,92,460000,343000,19,1366403,0.8363636363636363,0.7456521739130435,0.17272727272727273,25,23,101000,88000,3,56406,0.92,0.8712871287128713,0.12,85,77,358000,325000,13,263799,0.9058823529411765,0.9078212290502793,0.15294117647058825,110,100,459000,413000,16,320205,0.9090909090909091,0.8997821350762527,0.14545454545454545
sealed_holdout,8,public-periphery-108-8f05dad52c47,periphery,64,74,51,0,balanced_band,shifted_hotspot,online,failure_aware,N035|N051,120000,False,0.05751136854767358,0.1168142297334937,9328308,110,92,460000,343000,19,1366403,0.8363636363636363,0.7456521739130435,0.17272727272727273,25,25,101000,101000,2,62072,1.0,1.0,0.08,85,80,358000,330000,19,1276488,0.9411764705882353,0.9217877094972067,0.2235294117647059,110,105,459000,431000,21,1338560,0.9545454545454546,0.9389978213507625,0.19090909090909092
sealed_holdout,8,public-periphery-108-8f05dad52c47,periphery,64,74,51,0,uniform,diffuse,public,none,,0,False,0.3312671198046256,0.32706488362775443,9208308,110,101,405000,336000,9,2459542,0.9181818181818182,0.8296296296296296,0.08181818181818182,25,22,91000,70000,3,1070569,0.88,0.7692307692307693,0.12,85,78,344000,301000,7,3332293,0.9176470588235294,0.875,0.08235294117647059,110,100,435000,371000,10,4402862,0.9090909090909091,0.8528735632183908,0.09090909090909091
sealed_holdout,8,public-periphery-108-8f05dad52c47,periphery,64,74,51,0,uniform,diffuse,retry,none,,0,False,0.3312671198046256,0.32135655277859365,9208308,110,102,405000,344000,22,2493824,0.9272727272727272,0.8493827160493828,0.2,25,24,91000,83000,4,1074886,0.96,0.9120879120879121,0.16,85,79,344000,299000,12,3334128,0.9294117647058824,0.8691860465116279,0.1411764705882353,110,103,435000,382000,16,4409014,0.9363636363636364,0.8781609195402299,0.14545454545454545
sealed_holdout,8,public-periphery-108-8f05dad52c47,periphery,64,74,51,0,uniform,diffuse,online,none,,0,False,0.3312671198046256,0.31627987471714386,9208308,110,103,405000,352000,21,2502063,0.9363636363636364,0.8691358024691358,0.19090909090909092,25,24,91000,83000,3,1073878,0.96,0.9120879120879121,0.12,85,79,344000,299000,11,3337869,0.9294117647058824,0.8691860465116279,0.12941176470588237,110,103,435000,382000,14,4411747,0.9363636363636364,0.8781609195402299,0.12727272727272726
sealed_holdout,8,public-periphery-108-8f05dad52c47,periphery,64,74,51,0,uniform,diffuse,oracle,none,,0,False,0.3312671198046256,0.32665486503758734,9208308,110,105,405000,368000,0,2517308,0.9545454545454546,0.908641975308642,0.0,25,25,91000,91000,0,1080902,1.0,1.0,0.0,85,80,344000,307000,0,3343436,0.9411764705882353,0.8924418604651163,0.0,110,105,435000,398000,0,4424338,0.9545454545454546,0.9149425287356322,0.0
sealed_holdout,8,public-periphery-108-8f05dad52c47,periphery,64,74,51,0,uniform,diffuse,online,random,N052|N062,120000,False,0.3312671198046256,0.310999973757889,9328308,110,103,405000,352000,21,2502063,0.9363636363636364,0.8691358024691358,0.19090909090909092,25,24,91000,83000,3,70278,0.96,0.9120879120879121,0.12,85,79,344000,299000,11,257519,0.9294117647058824,0.8691860465116279,0.12941176470588237,110,103,435000,382000,14,327797,0.9363636363636364,0.8781609195402299,0.12727272727272726
sealed_holdout,8,public-periphery-108-8f05dad52c47,periphery,64,74,51,0,uniform,diffuse,online,failure_aware,N048|N057,120000,False,0.3312671198046256,0.30996581336798107,9328308,110,103,405000,352000,21,2502063,0.9363636363636364,0.8691358024691358,0.19090909090909092,25,24,91000,83000,3,1073878,0.96,0.9120879120879121,0.12,85,79,344000,299000,11,3336061,0.9294117647058824,0.8691860465116279,0.12941176470588237,110,103,435000,382000,14,4409939,0.9363636363636364,0.8781609195402299,0.12727272727272726
sealed_holdout,8,public-periphery-108-8f05dad52c47,periphery,64,74,51,0,uniform,stationary_hotspot,public,none,,0,False,0.3312671198046256,0.3433448264731156,9208308,110,79,460000,277000,31,281224,0.7181818181818181,0.6021739130434782,0.2818181818181818,25,21,101000,75000,4,47297,0.84,0.7425742574257426,0.16,85,69,358000,287000,16,1245269,0.8117647058823529,0.8016759776536313,0.18823529411764706,110,90,459000,362000,20,1292566,0.8181818181818182,0.7886710239651417,0.18181818181818182
sealed_holdout,8,public-periphery-108-8f05dad52c47,periphery,64,74,51,0,uniform,stationary_hotspot,retry,none,,0,False,0.3312671198046256,0.32887122810154024,9208308,110,82,460000,295000,37,308344,0.7454545454545455,0.6413043478260869,0.33636363636363636,25,23,101000,88000,4,60976,0.92,0.8712871287128713,0.16,85,69,358000,287000,27,1246793,0.8117647058823529,0.8016759776536313,0.3176470588235294,110,92,459000,375000,31,1307769,0.8363636363636363,0.8169934640522876,0.2818181818181818
sealed_holdout,8,public-periphery-108-8f05dad52c47,periphery,64,74,51,0,uniform,stationary_hotspot,online,none,,0,False,0.3312671198046256,0.34464201615602,9208308,110,83,460000,303000,32,314887,0.7545454545454545,0.658695652173913,0.2909090909090909,25,23,101000,88000,3,59968,0.92,0.8712871287128713,0.12,85,69,358000,287000,25,1246916,0.8117647058823529,0.8016759776536313,0.29411764705882354,110,92,459000,375000,28,1306884,0.8363636363636363,0.8169934640522876,0.2545454545454545
sealed_holdout,8,public-periphery-108-8f05dad52c47,periphery,64,74,51,0,uniform,stationary_hotspot,oracle,none,,0,False,0.3312671198046256,0.3325912971559705,9208308,110,83,460000,303000,0,322134,0.7545454545454545,0.658695652173913,0.0,25,23,101000,88000,0,60976,0.92,0.8712871287128713,0.0,85,70,358000,295000,0,1259401,0.8235294117647058,0.8240223463687151,0.0,110,93,459000,383000,0,1320377,0.8454545454545455,0.8344226579520697,0.0
sealed_holdout,8,public-periphery-108-8f05dad52c47,periphery,64,74,51,0,uniform,stationary_hotspot,online,random,N052|N062,120000,False,0.3312671198046256,0.33961419396078135,9328308,110,83,460000,303000,32,314887,0.7545454545454545,0.658695652173913,0.2909090909090909,25,23,101000,88000,3,59968,0.92,0.8712871287128713,0.12,85,69,358000,287000,25,243316,0.8117647058823529,0.8016759776536313,0.29411764705882354,110,92,459000,375000,28,303284,0.8363636363636363,0.8169934640522876,0.2545454545454545
sealed_holdout,8,public-periphery-108-8f05dad52c47,periphery,64,74,51,0,uniform,stationary_hotspot,online,failure_aware,N035|N051,120000,True,0.3312671198046256,0.34817974260175616,9328308,110,83,460000,303000,32,314887,0.7545454545454545,0.658695652173913,0.2909090909090909,25,25,101000,101000,1,61753,1.0,1.0,0.04,85,77,358000,320000,18,1247808,0.9058823529411765,0.8938547486033519,0.21176470588235294,110,102,459000,421000,19,1309561,0.9272727272727272,0.9172113289760349,0.17272727272727273
sealed_holdout,8,public-periphery-108-8f05dad52c47,periphery,64,74,51,0,uniform,shifted_hotspot,public,none,,0,False,0.3312671198046256,0.3441545056758784,9208308,110,79,460000,277000,31,281224,0.7181818181818181,0.6021739130434782,0.2818181818181818,25,21,101000,75000,4,44177,0.84,0.7425742574257426,0.16,85,69,358000,287000,16,1223039,0.8117647058823529,0.8016759776536313,0.18823529411764706,110,90,459000,362000,20,1267216,0.8181818181818182,0.7886710239651417,0.18181818181818182
sealed_holdout,8,public-periphery-108-8f05dad52c47,periphery,64,74,51,0,uniform,shifted_hotspot,retry,none,,0,False,0.3312671198046256,0.32895015827457413,9208308,110,82,460000,295000,37,308344,0.7454545454545455,0.6413043478260869,0.33636363636363636,25,23,101000,88000,4,57856,0.92,0.8712871287128713,0.16,85,69,358000,287000,27,1224563,0.8117647058823529,0.8016759776536313,0.3176470588235294,110,92,459000,375000,31,1282419,0.8363636363636363,0.8169934640522876,0.2818181818181818
sealed_holdout,8,public-periphery-108-8f05dad52c47,periphery,64,74,51,0,uniform,shifted_hotspot,online,none,,0,False,0.3312671198046256,0.3454516953587829,9208308,110,83,460000,303000,32,314887,0.7545454545454545,0.658695652173913,0.2909090909090909,25,23,101000,88000,3,56848,0.92,0.8712871287128713,0.12,85,69,358000,287000,25,1224686,0.8117647058823529,0.8016759776536313,0.29411764705882354,110,92,459000,375000,28,1281534,0.8363636363636363,0.8169934640522876,0.2545454545454545
sealed_holdout,8,public-periphery-108-8f05dad52c47,periphery,64,74,51,0,uniform,shifted_hotspot,oracle,none,,0,False,0.3312671198046256,0.3334009763587334,9208308,110,83,460000,303000,0,322134,0.7545454545454545,0.658695652173913,0.0,25,23,101000,88000,0,57856,0.92,0.8712871287128713,0.0,85,70,358000,295000,0,1237171,0.8235294117647058,0.8240223463687151,0.0,110,93,459000,383000,0,1295027,0.8454545454545455,0.8344226579520697,0.0
sealed_holdout,8,public-periphery-108-8f05dad52c47,periphery,64,74,51,0,uniform,shifted_hotspot,online,random,N052|N062,120000,False,0.3312671198046256,0.340413457394218,9328308,110,83,460000,303000,32,314887,0.7545454545454545,0.658695652173913,0.2909090909090909,25,23,101000,88000,3,56848,0.92,0.8712871287128713,0.12,85,69,358000,287000,25,221086,0.8117647058823529,0.8016759776536313,0.29411764705882354,110,92,459000,375000,28,277934,0.8363636363636363,0.8169934640522876,0.2545454545454545
sealed_holdout,8,public-periphery-108-8f05dad52c47,periphery,64,74,51,0,uniform,shifted_hotspot,online,failure_aware,N035|N051,120000,False,0.3312671198046256,0.3538108732373547,9328308,110,83,460000,303000,32,314887,0.7545454545454545,0.658695652173913,0.2909090909090909,25,25,101000,101000,2,62514,1.0,1.0,0.08,85,73,358000,291000,25,1236873,0.8588235294117647,0.8128491620111732,0.29411764705882354,110,98,459000,392000,27,1299387,0.8909090909090909,0.8540305010893247,0.24545454545454545
sealed_holdout,8,public-periphery-108-8f05dad52c47,periphery,64,74,51,0,polarized,diffuse,public,none,,0,False,0.707511635650888,0.6311498139905791,9208308,110,85,405000,254000,25,2344089,0.7727272727272727,0.6271604938271605,0.22727272727272727,25,20,91000,61000,5,1055861,0.8,0.6703296703296703,0.2,85,67,344000,253000,18,3281167,0.788235294117647,0.7354651162790697,0.21176470588235294,110,87,435000,314000,23,4337028,0.7909090909090909,0.7218390804597701,0.20909090909090908
sealed_holdout,8,public-periphery-108-8f05dad52c47,periphery,64,74,51,0,polarized,diffuse,retry,none,,0,False,0.707511635650888,0.6269501657866743,9208308,110,88,405000,269000,45,2382973,0.8,0.6641975308641975,0.4090909090909091,25,20,91000,61000,9,1055861,0.8,0.6703296703296703,0.36,85,73,344000,263000,25,3300204,0.8588235294117647,0.7645348837209303,0.29411764705882354,110,93,435000,324000,34,4356065,0.8454545454545455,0.7448275862068966,0.3090909090909091
sealed_holdout,8,public-periphery-108-8f05dad52c47,periphery,64,74,51,0,polarized,diffuse,online,none,,0,False,0.707511635650888,0.6228420160770247,9208308,110,88,405000,269000,43,2385118,0.8,0.6641975308641975,0.39090909090909093,25,20,91000,61000,9,1055861,0.8,0.6703296703296703,0.36,85,74,344000,271000,19,3313346,0.8705882352941177,0.7877906976744186,0.2235294117647059,110,94,435000,332000,28,4369207,0.8545454545454545,0.7632183908045977,0.2545454545454545
sealed_holdout,8,public-periphery-108-8f05dad52c47,periphery,64,74,51,0,polarized,diffuse,oracle,none,,0,False,0.707511635650888,0.6097323650326747,9208308,110,92,405000,298000,0,2423355,0.8363636363636363,0.7358024691358025,0.0,25,20,91000,61000,0,1055861,0.8,0.6703296703296703,0.0,85,76,344000,284000,0,3335878,0.8941176470588236,0.8255813953488372,0.0,110,96,435000,345000,0,4391739,0.8727272727272727,0.7931034482758621,0.0
sealed_holdout,8,public-periphery-108-8f05dad52c47,periphery,64,74,51,0,polarized,diffuse,online,random,N052|N062,120000,False,0.707511635650888,0.6128903926499247,9328308,110,88,405000,269000,43,2385118,0.8,0.6641975308641975,0.39090909090909093,25,20,91000,61000,9,52261,0.8,0.6703296703296703,0.36,85,74,344000,271000,19,232996,0.8705882352941177,0.7877906976744186,0.2235294117647059,110,94,435000,332000,28,285257,0.8545454545454545,0.7632183908045977,0.2545454545454545
sealed_holdout,8,public-periphery-108-8f05dad52c47,periphery,64,74,51,0,polarized,diffuse,online,failure_aware,N048|N057,120000,False,0.707511635650888,0.6127589771915585,9328308,110,88,405000,269000,43,2385118,0.8,0.6641975308641975,0.39090909090909093,25,20,91000,61000,9,1055861,0.8,0.6703296703296703,0.36,85,74,344000,271000,19,3311538,0.8705882352941177,0.7877906976744186,0.2235294117647059,110,94,435000,332000,28,4367399,0.8545454545454545,0.7632183908045977,0.2545454545454545
sealed_holdout,8,public-periphery-108-8f05dad52c47,periphery,64,74,51,0,polarized,stationary_hotspot,public,none,,0,False,0.707511635650888,0.6659524749065687,9208308,110,65,460000,211000,45,227235,0.5909090909090909,0.45869565217391306,0.4090909090909091,25,21,101000,75000,4,47297,0.84,0.7425742574257426,0.16,85,64,358000,252000,21,1212773,0.7529411764705882,0.7039106145251397,0.24705882352941178,110,85,459000,327000,25,1260070,0.7727272727272727,0.7124183006535948,0.22727272727272727
sealed_holdout,8,public-periphery-108-8f05dad52c47,periphery,64,74,51,0,polarized,stationary_hotspot,retry,none,,0,False,0.707511635650888,0.6592479499298933,9208308,110,71,460000,231000,60,252705,0.6454545454545455,0.5021739130434782,0.5454545454545454,25,21,101000,72000,7,49944,0.84,0.7128712871287128,0.28,85,66,358000,265000,36,1226973,0.7764705882352941,0.7402234636871509,0.4235294117647059,110,87,459000,337000,43,1276917,0.7909090909090909,0.7342047930283224,0.39090909090909093
sealed_holdout,8,public-periphery-108-8f05dad52c47,periphery,64,74,51,0,polarized,stationary_hotspot,online,none,,0,False,0.707511635650888,0.6599690884047996,9208308,110,71,460000,231000,60,253742,0.6454545454545455,0.5021739130434782,0.5454545454545454,25,21,101000,72000,7,51454,0.84,0.7128712871287128,0.28,85,66,358000,265000,34,1229762,0.7764705882352941,0.7402234636871509,0.4,110,87,459000,337000,41,1281216,0.7909090909090909,0.7342047930283224,0.37272727272727274
sealed_holdout,8,public-periphery-108-8f05dad52c47,periphery,64,74,51,0,polarized,stationary_hotspot,oracle,none,,0,False,0.707511635650888,0.6593326134543785,9208308,110,73,460000,244000,0,268055,0.6636363636363637,0.5304347826086957,0.0,25,22,101000,80000,0,62144,0.88,0.7920792079207921,0.0,85,67,358000,273000,0,1240373,0.788235294117647,0.7625698324022346,0.0,110,89,459000,353000,0,1302517,0.8090909090909091,0.7690631808278867,0.0
sealed_holdout,8,public-periphery-108-8f05dad52c47,periphery,64,74,51,0,polarized,stationary_hotspot,online,random,N052|N062,120000,False,0.707511635650888,0.650080718184857,9328308,110,71,460000,231000,60,253742,0.6454545454545455,0.5021739130434782,0.5454545454545454,25,21,101000,72000,7,51454,0.84,0.7128712871287128,0.28,85,66,358000,265000,34,225500,0.7764705882352941,0.7402234636871509,0.4,110,87,459000,337000,41,276954,0.7909090909090909,0.7342047930283224,0.37272727272727274
sealed_holdout,8,public-periphery-108-8f05dad52c47,periphery,64,74,51,0,polarized,stationary_hotspot,online,failure_aware,N035|N051,120000,True,0.707511635650888,0.6596094755233656,9328308,110,71,460000,231000,60,253742,0.6454545454545455,0.5021739130434782,0.5454545454545454,25,24,101000,93000,4,55847,0.96,0.9207920792079208,0.16,85,74,358000,298000,29,1232512,0.8705882352941177,0.8324022346368715,0.3411764705882353,110,98,459000,391000,33,1288359,0.8909090909090909,0.8518518518518519,0.3
sealed_holdout,8,public-periphery-108-8f05dad52c47,periphery,64,74,51,0,polarized,shifted_hotspot,public,none,,0,False,0.707511635650888,0.6635698029262377,9208308,110,65,460000,211000,45,227235,0.5909090909090909,0.45869565217391306,0.4090909090909091,25,20,101000,67000,5,43129,0.8,0.6633663366336634,0.2,85,61,358000,234000,24,1186427,0.7176470588235294,0.6536312849162011,0.2823529411764706,110,81,459000,301000,29,1229556,0.7363636363636363,0.6557734204793029,0.2636363636363636
sealed_holdout,8,public-periphery-108-8f05dad52c47,periphery,64,74,51,0,polarized,shifted_hotspot,retry,none,,0,False,0.707511635650888,0.6592479499298933,9208308,110,71,460000,231000,60,252705,0.6454545454545455,0.5021739130434782,0.5454545454545454,25,21,101000,72000,7,48384,0.84,0.7128712871287128,0.28,85,66,358000,265000,36,1204743,0.7764705882352941,0.7402234636871509,0.4235294117647059,110,87,459000,337000,43,1253127,0.7909090909090909,0.7342047930283224,0.39090909090909093
sealed_holdout,8,public-periphery-108-8f05dad52c47,periphery,64,74,51,0,polarized,shifted_hotspot,online,none,,0,False,0.707511635650888,0.6599690884047996,9208308,110,71,460000,231000,60,253742,0.6454545454545455,0.5021739130434782,0.5454545454545454,25,21,101000,72000,7,49894,0.84,0.7128712871287128,0.28,85,66,358000,265000,34,1207532,0.7764705882352941,0.7402234636871509,0.4,110,87,459000,337000,41,1257426,0.7909090909090909,0.7342047930283224,0.37272727272727274
sealed_holdout,8,public-periphery-108-8f05dad52c47,periphery,64,74,51,0,polarized,shifted_hotspot,oracle,none,,0,False,0.707511635650888,0.6593326134543785,9208308,110,73,460000,244000,0,268055,0.6636363636363637,0.5304347826086957,0.0,25,22,101000,80000,0,60584,0.88,0.7920792079207921,0.0,85,67,358000,273000,0,1218143,0.788235294117647,0.7625698324022346,0.0,110,89,459000,353000,0,1278727,0.8090909090909091,0.7690631808278867,0.0
sealed_holdout,8,public-periphery-108-8f05dad52c47,periphery,64,74,51,0,polarized,shifted_hotspot,online,random,N052|N062,120000,False,0.707511635650888,0.650080718184857,9328308,110,71,460000,231000,60,253742,0.6454545454545455,0.5021739130434782,0.5454545454545454,25,21,101000,72000,7,49894,0.84,0.7128712871287128,0.28,85,66,358000,265000,34,203270,0.7764705882352941,0.7402234636871509,0.4,110,87,459000,337000,41,253164,0.7909090909090909,0.7342047930283224,0.37272727272727274
sealed_holdout,8,public-periphery-108-8f05dad52c47,periphery,64,74,51,0,polarized,shifted_hotspot,online,failure_aware,N035|N051,120000,False,0.707511635650888,0.6519764552536386,9328308,110,71,460000,231000,60,253742,0.6454545454545455,0.5021739130434782,0.5454545454545454,25,20,101000,76000,12,49815,0.8,0.7524752475247525,0.48,85,69,358000,261000,35,1210735,0.8117647058823529,0.729050279329609,0.4117647058823529,110,89,459000,337000,47,1260550,0.8090909090909091,0.7342047930283224,0.42727272727272725
sealed_holdout,8,public-periphery-108-8f05dad52c47,periphery,64,74,51,1,balanced_band,diffuse,public,none,,0,False,0.06359035359851811,0.10912805877897508,9208308,110,107,476000,467000,3,5556972,0.9727272727272728,0.9810924369747899,0.02727272727272727,25,25,76000,76000,0,2111980,1.0,1.0,0.0,85,81,269000,249000,4,1284942,0.9529411764705882,0.9256505576208178,0.047058823529411764,110,106,345000,325000,4,3396922,0.9636363636363636,0.9420289855072463,0.03636363636363636
sealed_holdout,8,public-periphery-108-8f05dad52c47,periphery,64,74,51,1,balanced_band,diffuse,retry,none,,0,False,0.06359035359851811,0.11124026338474802,9208308,110,110,476000,476000,3,5571550,1.0,1.0,0.02727272727272727,25,25,76000,76000,0,2111980,1.0,1.0,0.0,85,84,269000,264000,4,1299962,0.9882352941176471,0.9814126394052045,0.047058823529411764,110,109,345000,340000,4,3411942,0.990909090909091,0.9855072463768116,0.03636363636363636
sealed_holdout,8,public-periphery-108-8f05dad52c47,periphery,64,74,51,1,balanced_band,diffuse,online,none,,0,False,0.06359035359851811,0.11270683045821622,9208308,110,110,476000,476000,2,5572149,1.0,1.0,0.01818181818181818,25,25,76000,76000,0,2111980,1.0,1.0,0.0,85,84,269000,264000,4,1301900,0.9882352941176471,0.9814126394052045,0.047058823529411764,110,109,345000,340000,4,3413880,0.990909090909091,0.9855072463768116,0.03636363636363636
sealed_holdout,8,public-periphery-108-8f05dad52c47,periphery,64,74,51,1,balanced_band,diffuse,oracle,none,,0,False,0.06359035359851811,0.11124026338474802,9208308,110,110,476000,476000,0,5571550,1.0,1.0,0.0,25,25,76000,76000,0,2111980,1.0,1.0,0.0,85,84,269000,264000,0,1299962,0.9882352941176471,0.9814126394052045,0.0,110,109,345000,340000,0,3411942,0.990909090909091,0.9855072463768116,0.0
sealed_holdout,8,public-periphery-108-8f05dad52c47,periphery,64,74,51,1,balanced_band,diffuse,online,random,N018|N027,120000,False,0.06359035359851811,0.10810025835340621,9328308,110,110,476000,476000,2,5572149,1.0,1.0,0.01818181818181818,25,25,76000,76000,0,2111980,1.0,1.0,0.0,85,84,269000,264000,5,1301375,0.9882352941176471,0.9814126394052045,0.058823529411764705,110,109,345000,340000,5,3413355,0.990909090909091,0.9855072463768116,0.045454545454545456
sealed_holdout,8,public-periphery-108-8f05dad52c47,periphery,64,74,51,1,balanced_band,diffuse,online,failure_aware,N018|N027,120000,False,0.06359035359851811,0.10810025835340621,9328308,110,110,476000,476000,2,5572149,1.0,1.0,0.01818181818181818,25,25,76000,76000,0,2111980,1.0,1.0,0.0,85,84,269000,264000,5,1301375,0.9882352941176471,0.9814126394052045,0.058823529411764705,110,109,345000,340000,5,3413355,0.990909090909091,0.9855072463768116,0.045454545454545456
sealed_holdout,8,public-periphery-108-8f05dad52c47,periphery,64,74,51,1,balanced_band,stationary_hotspot,public,none,,0,False,0.06359035359851811,0.11027452250724992,9208308,110,92,492000,401000,18,2401292,0.8363636363636363,0.8150406504065041,0.16363636363636364,25,15,82000,56000,10,35549,0.6,0.6829268292682927,0.4,85,79,271000,241000,6,1281105,0.9294117647058824,0.8892988929889298,0.07058823529411765,110,94,353000,297000,16,1316654,0.8545454545454545,0.8413597733711048,0.14545454545454545
sealed_holdout,8,public-periphery-108-8f05dad52c47,periphery,64,74,51,1,balanced_band,stationary_hotspot,retry,none,,0,False,0.06359035359851811,0.11273931610520034,9208308,110,94,492000,414000,21,2414107,0.8545454545454545,0.8414634146341463,0.19090909090909092,25,15,82000,56000,10,35549,0.6,0.6829268292682927,0.4,85,81,271000,251000,6,1302105,0.9529411764705882,0.9261992619926199,0.07058823529411765,110,96,353000,307000,16,1337654,0.8727272727272727,0.8696883852691218,0.14545454545454545
sealed_holdout,8,public-periphery-108-8f05dad52c47,periphery,64,74,51,1,balanced_band,stationary_hotspot,online,none,,0,False,0.06359035359851811,0.11506171979631963,9208308,110,94,492000,414000,21,2414107,0.8545454545454545,0.8414634146341463,0.19090909090909092,25,15,82000,56000,10,35965,0.6,0.6829268292682927,0.4,85,81,271000,251000,6,1305160,0.9529411764705882,0.9261992619926199,0.07058823529411765,110,96,353000,307000,16,1341125,0.8727272727272727,0.8696883852691218,0.14545454545454545
sealed_holdout,8,public-periphery-108-8f05dad52c47,periphery,64,74,51,1,balanced_band,stationary_hotspot,oracle,none,,0,False,0.06359035359851811,0.11519745123269352,9208308,110,95,492000,422000,0,2444595,0.8636363636363636,0.8577235772357723,0.0,25,15,82000,56000,0,35549,0.6,0.6829268292682927,0.0,85,81,271000,251000,0,1302105,0.9529411764705882,0.9261992619926199,0.0,110,96,353000,307000,0,1337654,0.8727272727272727,0.8696883852691218,0.0
sealed_holdout,8,public-periphery-108-8f05dad52c47,periphery,64,74,51,1,balanced_band,stationary_hotspot,online,random,N018|N027,120000,False,0.06359035359851811,0.11178390469859295,9328308,110,94,492000,414000,21,2414107,0.8545454545454545,0.8414634146341463,0.19090909090909092,25,15,82000,56000,10,33565,0.6,0.6829268292682927,0.4,85,81,271000,251000,7,1302454,0.9529411764705882,0.9261992619926199,0.08235294117647059,110,96,353000,307000,17,1336019,0.8727272727272727,0.8696883852691218,0.15454545454545454
sealed_holdout,8,public-periphery-108-8f05dad52c47,periphery,64,74,51,1,balanced_band,stationary_hotspot,online,failure_aware,N042|N051,120000,True,0.06359035359851811,0.11881248890598306,9328308,110,94,492000,414000,21,2414107,0.8545454545454545,0.8414634146341463,0.19090909090909092,25,25,82000,82000,0,48565,1.0,1.0,0.0,85,85,271000,271000,8,1306822,1.0,1.0,0.09411764705882353,110,110,353000,353000,8,1355387,1.0,1.0,0.07272727272727272
sealed_holdout,8,public-periphery-108-8f05dad52c47,periphery,64,74,51,1,balanced_band,shifted_hotspot,public,none,,0,False,0.06359035359851811,0.11367136829395456,9208308,110,92,492000,401000,18,2401292,0.8363636363636363,0.8150406504065041,0.16363636363636364,25,15,82000,56000,10,35549,0.6,0.6829268292682927,0.4,85,77,271000,234000,8,1286252,0.9058823529411765,0.8634686346863468,0.09411764705882353,110,92,353000,290000,18,1321801,0.8363636363636363,0.8215297450424929,0.16363636363636364
sealed_holdout,8,public-periphery-108-8f05dad52c47,periphery,64,74,51,1,balanced_band,shifted_hotspot,retry,none,,0,False,0.06359035359851811,0.10974962489437784,9208308,110,94,492000,414000,21,2414107,0.8545454545454545,0.8414634146341463,0.19090909090909092,25,15,82000,56000,30,35549,0.6,0.6829268292682927,1.2,85,81,271000,251000,16,1312650,0.9529411764705882,0.9261992619926199,0.18823529411764706,110,96,353000,307000,46,1348199,0.8727272727272727,0.8696883852691218,0.41818181818181815
sealed_holdout,8,public-periphery-108-8f05dad52c47,periphery,64,74,51,1,balanced_band,shifted_hotspot,online,none,,0,False,0.06359035359851811,0.11733178070332007,9208308,110,94,492000,414000,21,2414107,0.8545454545454545,0.8414634146341463,0.19090909090909092,25,15,82000,56000,30,35965,0.6,0.6829268292682927,1.2,85,81,271000,251000,16,1315164,0.9529411764705882,0.9261992619926199,0.18823529411764706,110,96,353000,307000,46,1351129,0.8727272727272727,0.8696883852691218,0.41818181818181815
sealed_holdout,8,public-periphery-108-8f05dad52c47,periphery,64,74,51,1,balanced_band,shifted_hotspot,oracle,none,,0,False,0.06359035359851811,0.11220776002187105,9208308,110,95,492000,422000,0,2444595,0.8636363636363636,0.8577235772357723,0.0,25,15,82000,56000,0,35549,0.6,0.6829268292682927,0.0,85,81,271000,251000,0,1312650,0.9529411764705882,0.9261992619926199,0.0,110,96,353000,307000,0,1348199,0.8727272727272727,0.8696883852691218,0.0
sealed_holdout,8,public-periphery-108-8f05dad52c47,periphery,64,74,51,1,balanced_band,shifted_hotspot,online,random,N018|N027,120000,False,0.06359035359851811,0.11390893864194852,9328308,110,94,492000,414000,21,2414107,0.8545454545454545,0.8414634146341463,0.19090909090909092,25,15,82000,56000,30,33565,0.6,0.6829268292682927,1.2,85,81,271000,251000,16,1313379,0.9529411764705882,0.9261992619926199,0.18823529411764706,110,96,353000,307000,46,1346944,0.8727272727272727,0.8696883852691218,0.41818181818181815
sealed_holdout,8,public-periphery-108-8f05dad52c47,periphery,64,74,51,1,balanced_band,shifted_hotspot,online,failure_aware,N042|N051,120000,False,0.06359035359851811,0.1153670487155576,9328308,110,94,492000,414000,21,2414107,0.8545454545454545,0.8414634146341463,0.19090909090909092,25,21,82000,62000,17,55211,0.84,0.7560975609756098,0.68,85,81,271000,245000,26,1338103,0.9529411764705882,0.9040590405904059,0.3058823529411765,110,102,353000,307000,43,1393314,0.9272727272727272,0.8696883852691218,0.39090909090909093
sealed_holdout,8,public-periphery-108-8f05dad52c47,periphery,64,74,51,1,uniform,diffuse,public,none,,0,False,0.36627978638132186,0.3869549427125293,9208308,110,96,476000,392000,14,4441232,0.8727272727272727,0.8235294117647058,0.12727272727272726,25,22,76000,61000,3,1087330,0.88,0.8026315789473685,0.12,85,81,269000,246000,4,1287872,0.9529411764705882,0.9144981412639405,0.047058823529411764,110,103,345000,307000,7,2375202,0.9363636363636364,0.8898550724637682,0.06363636363636363
sealed_holdout,8,public-periphery-108-8f05dad52c47,periphery,64,74,51,1,uniform,diffuse,retry,none,,0,False,0.36627978638132186,0.385029372266941,9208308,110,101,476000,411000,14,4476652,0.9181818181818182,0.8634453781512605,0.12727272727272726,25,23,76000,63000,5,2099164,0.92,0.8289473684210527,0.2,85,83,269000,256000,4,1294877,0.9764705882352941,0.9516728624535316,0.047058823529411764,110,106,345000,319000,9,3394041,0.9636363636363636,0.9246376811594202,0.08181818181818182
sealed_holdout,8,public-periphery-108-8f05dad52c47,periphery,64,74,51,1,uniform,diffuse,online,none,,0,False,0.36627978638132186,0.3835285187600364,9208308,110,101,476000,411000,13,4477811,0.9181818181818182,0.8634453781512605,0.11818181818181818,25,24,76000,71000,1,2106980,0.96,0.9342105263157895,0.04,85,83,269000,256000,4,1296542,0.9764705882352941,0.9516728624535316,0.047058823529411764,110,107,345000,327000,5,3403522,0.9727272727272728,0.9478260869565217,0.045454545454545456
sealed_holdout,8,public-periphery-108-8f05dad52c47,periphery,64,74,51,1,uniform,diffuse,oracle,none,,0,False,0.36627978638132186,0.38706192511573484,9208308,110,101,476000,411000,0,4476652,0.9181818181818182,0.8634453781512605,0.0,25,24,76000,71000,0,2111144,0.96,0.9342105263157895,0.0,85,83,269000,256000,0,1294877,0.9764705882352941,0.9516728624535316,0.0,110,107,345000,327000,0,3406021,0.9727272727272728,0.9478260869565217,0.0
sealed_holdout,8,public-periphery-108-8f05dad52c47,periphery,64,74,51,1,uniform,diffuse,online,random,N018|N027,120000,False,0.36627978638132186,0.37888516148205564,9328308,110,101,476000,411000,13,4477811,0.9181818181818182,0.8634453781512605,0.11818181818181818,25,24,76000,71000,1,2106980,0.96,0.9342105263157895,0.04,85,83,269000,256000,3,1295342,0.9764705882352941,0.9516728624535316,0.03529411764705882,110,107,345000,327000,4,3402322,0.9727272727272728,0.9478260869565217,0.03636363636363636
sealed_holdout,8,public-periphery-108-8f05dad52c47,periphery,64,74,51,1,uniform,diffuse,online,failure_aware,N038|N055,120000,False,0.36627978638132186,0.3767426586274124,9328308,110,101,476000,411000,13,4477811,0.9181818181818182,0.8634453781512605,0.11818181818181818,25,25,76000,76000,1,2115980,1.0,1.0,0.04,85,83,269000,256000,3,1296542,0.9764705882352941,0.9516728624535316,0.03529411764705882,110,108,345000,332000,4,3412522,0.9818181818181818,0.9623188405797102,0.03636363636363636
sealed_holdout,8,public-periphery-108-8f05dad52c47,periphery,64,74,51,1,uniform,stationary_hotspot,public,none,,0,False,0.36627978638132186,0.40694181882261654,9208308,110,88,492000,386000,22,2389232,0.8,0.7845528455284553,0.2,25,14,82000,48000,11,33533,0.56,0.5853658536585366,0.44,85,78,271000,234000,7,1262420,0.9176470588235294,0.8634686346863468,0.08235294117647059,110,92,353000,282000,18,1295953,0.8363636363636363,0.7988668555240793,0.16363636363636364
sealed_holdout,8,public-periphery-108-8f05dad52c47,periphery,64,74,51,1,uniform,stationary_hotspot,retry,none,,0,False,0.36627978638132186,0.40828879014192815,9208308,110,89,492000,401000,29,2409439,0.8090909090909091,0.8150406504065041,0.2636363636363636,25,14,82000,48000,11,33533,0.56,0.5853658536585366,0.44,85,78,271000,234000,11,1262420,0.9176470588235294,0.8634686346863468,0.12941176470588237,110,92,353000,282000,22,1295953,0.8363636363636363,0.7988668555240793,0.2
sealed_holdout,8,public-periphery-108-8f05dad52c47,periphery,64,74,51,1,uniform,stationary_hotspot,online,none,,0,False,0.36627978638132186,0.40816158881426184,9208308,110,89,492000,401000,29,2409439,0.8090909090909091,0.8150406504065041,0.2636363636363636,25,14,82000,48000,11,33533,0.56,0.5853658536585366,0.44,85,78,271000,234000,14,1264086,0.9176470588235294,0.8634686346863468,0.16470588235294117,110,92,353000,282000,25,1297619,0.8363636363636363,0.7988668555240793,0.22727272727272727
sealed_holdout,8,public-periphery-108-8f05dad52c47,periphery,64,74,51,1,uniform,stationary_hotspot,oracle,none,,0,False,0.36627978638132186,0.40828879014192815,9208308,110,89,492000,401000,0,2409439,0.8090909090909091,0.8150406504065041,0.0,25,14,82000,48000,0,33533,0.56,0.5853658536585366,0.0,85,78,271000,234000,0,1262420,0.9176470588235294,0.8634686346863468,0.0,110,92,353000,282000,0,1295953,0.8363636363636363,0.7988668555240793,0.0
sealed_holdout,8,public-periphery-108-8f05dad52c47,periphery,64,74,51,1,uniform,stationary_hotspot,online,random,N018|N027,120000,False,0.36627978638132186,0.40469427523205365,9328308,110,89,492000,401000,29,2409439,0.8090909090909091,0.8150406504065041,0.2636363636363636,25,14,82000,48000,11,31133,0.56,0.5853658536585366,0.44,85,78,271000,234000,14,1261686,0.9176470588235294,0.8634686346863468,0.16470588235294117,110,92,353000,282000,25,1292819,0.8363636363636363,0.7988668555240793,0.22727272727272727
sealed_holdout,8,public-periphery-108-8f05dad52c47,periphery,64,74,51,1,uniform,stationary_hotspot,online,failure_aware,N042|N051,120000,True,0.36627978638132186,0.41236508388082665,9328308,110,89,492000,401000,29,2409439,0.8090909090909091,0.8150406504065041,0.2636363636363636,25,25,82000,82000,1,50741,1.0,1.0,0.04,85,82,271000,254000,16,1266306,0.9647058823529412,0.9372693726937269,0.18823529411764706,110,107,353000,336000,17,1317047,0.9727272727272728,0.9518413597733711,0.15454545454545454
sealed_holdout,8,public-periphery-108-8f05dad52c47,periphery,64,74,51,1,uniform,shifted_hotspot,public,none,,0,False,0.36627978638132186,0.4112032323275579,9208308,110,88,492000,386000,22,2389232,0.8,0.7845528455284553,0.2,25,14,82000,48000,11,33533,0.56,0.5853658536585366,0.44,85,74,271000,214000,11,1261656,0.8705882352941177,0.7896678966789668,0.12941176470588237,110,88,353000,262000,22,1295189,0.8,0.7422096317280453,0.2
sealed_holdout,8,public-periphery-108-8f05dad52c47,periphery,64,74,51,1,uniform,shifted_hotspot,retry,none,,0,False,0.36627978638132186,0.40410149767722037,9208308,110,89,492000,401000,29,2409439,0.8090909090909091,0.8150406504065041,0.2636363636363636,25,14,82000,48000,31,33533,0.56,0.5853658536585366,1.24,85,78,271000,234000,24,1274681,0.9176470588235294,0.8634686346863468,0.2823529411764706,110,92,353000,282000,55,1308214,0.8363636363636363,0.7988668555240793,0.5
sealed_holdout,8,public-periphery-108-8f05dad52c47,periphery,64,74,51,1,uniform,shifted_hotspot,online,none,,0,False,0.36627978638132186,0.4065876717430806,9208308,110,89,492000,401000,29,2409439,0.8090909090909091,0.8150406504065041,0.2636363636363636,25,14,82000,48000,31,33828,0.56,0.5853658536585366,1.24,85,78,271000,234000,23,1276307,0.9176470588235294,0.8634686346863468,0.27058823529411763,110,92,353000,282000,54,1310135,0.8363636363636363,0.7988668555240793,0.4909090909090909
sealed_holdout,8,public-periphery-108-8f05dad52c47,periphery,64,74,51,1,uniform,shifted_hotspot,oracle,none,,0,False,0.36627978638132186,0.40410149767722037,9208308,110,89,492000,401000,0,2409439,0.8090909090909091,0.8150406504065041,0.0,25,14,82000,48000,0,33533,0.56,0.5853658536585366,0.0,85,78,271000,234000,0,1274681,0.9176470588235294,0.8634686346863468,0.0,110,92,353000,282000,0,1308214,0.8363636363636363,0.7988668555240793,0.0
sealed_holdout,8,public-periphery-108-8f05dad52c47,periphery,64,74,51,1,uniform,shifted_hotspot,online,random,N018|N027,120000,False,0.36627978638132186,0.4031406051390534,9328308,110,89,492000,401000,29,2409439,0.8090909090909091,0.8150406504065041,0.2636363636363636,25,14,82000,48000,31,31428,0.56,0.5853658536585366,1.24,85,78,271000,234000,23,1273907,0.9176470588235294,0.8634686346863468,0.27058823529411763,110,92,353000,282000,54,1305335,0.8363636363636363,0.7988668555240793,0.4909090909090909
sealed_holdout,8,public-periphery-108-8f05dad52c47,periphery,64,74,51,1,uniform,shifted_hotspot,online,failure_aware,N042|N051,120000,False,0.36627978638132186,0.4190483571638834,9328308,110,89,492000,401000,29,2409439,0.8090909090909091,0.8150406504065041,0.2636363636363636,25,23,82000,66000,7,57401,0.92,0.8048780487804879,0.28,85,80,271000,241000,27,1291613,0.9411764705882353,0.8892988929889298,0.3176470588235294,110,103,353000,307000,34,1349014,0.9363636363636364,0.8696883852691218,0.3090909090909091
sealed_holdout,8,public-periphery-108-8f05dad52c47,periphery,64,74,51,1,polarized,diffuse,public,none,,0,False,0.7460329454760141,0.69778542823019,9208308,110,79,476000,286000,31,2298218,0.7181818181818181,0.6008403361344538,0.2818181818181818,25,19,76000,40000,6,38935,0.76,0.5263157894736842,0.24,85,72,269000,201000,13,1222978,0.8470588235294118,0.7472118959107806,0.15294117647058825,110,91,345000,241000,19,1261913,0.8272727272727273,0.6985507246376812,0.17272727272727273
sealed_holdout,8,public-periphery-108-8f05dad52c47,periphery,64,74,51,1,polarized,diffuse,retry,none,,0,False,0.7460329454760141,0.6911222516662879,9208308,110,84,476000,301000,42,3329898,0.7636363636363637,0.6323529411764706,0.38181818181818183,25,22,76000,55000,5,1064905,0.88,0.7236842105263158,0.2,85,75,269000,204000,14,1229802,0.8823529411764706,0.758364312267658,0.16470588235294117,110,97,345000,259000,19,2294707,0.8818181818181818,0.7507246376811594,0.17272727272727273
sealed_holdout,8,public-periphery-108-8f05dad52c47,periphery,64,74,51,1,polarized,diffuse,online,none,,0,False,0.7460329454760141,0.6951826957611601,9208308,110,84,476000,301000,44,3330948,0.7636363636363637,0.6323529411764706,0.4,25,22,76000,55000,5,1065605,0.88,0.7236842105263158,0.2,85,75,269000,204000,12,1231472,0.8823529411764706,0.758364312267658,0.1411764705882353,110,97,345000,259000,17,2297077,0.8818181818181818,0.7507246376811594,0.15454545454545454
sealed_holdout,8,public-periphery-108-8f05dad52c47,periphery,64,74,51,1,polarized,diffuse,oracle,none,,0,False,0.7460329454760141,0.6963660409381595,9208308,110,85,476000,306000,0,3335708,0.7727272727272727,0.6428571428571429,0.0,25,22,76000,55000,0,1071165,0.88,0.7236842105263158,0.0,85,75,269000,204000,0,1228292,0.8823529411764706,0.758364312267658,0.0,110,97,345000,259000,0,2299457,0.8818181818181818,0.7507246376811594,0.0
sealed_holdout,8,public-periphery-108-8f05dad52c47,periphery,64,74,51,1,polarized,diffuse,online,random,N018|N027,120000,False,0.7460329454760141,0.6864886861288348,9328308,110,84,476000,301000,44,3330948,0.7636363636363637,0.6323529411764706,0.4,25,22,76000,55000,5,1065605,0.88,0.7236842105263158,0.2,85,75,269000,204000,11,1230272,0.8823529411764706,0.758364312267658,0.12941176470588237,110,97,345000,259000,16,2295877,0.8818181818181818,0.7507246376811594,0.14545454545454545
sealed_holdout,8,public-periphery-108-8f05dad52c47,periphery,64,74,51,1,polarized,diffuse,online,failure_aware,N055|N058,120000,False,0.7460329454760141,0.6862398174287402,9328308,110,84,476000,301000,44,3330948,0.7636363636363637,0.6323529411764706,0.4,25,22,76000,55000,6,1065605,0.88,0.7236842105263158,0.24,85,75,269000,204000,11,1231472,0.8823529411764706,0.758364312267658,0.12941176470588237,110,97,345000,259000,17,2297077,0.8818181818181818,0.7507246376811594,0.15454545454545454
sealed_holdout,8,public-periphery-108-8f05dad52c47,periphery,64,74,51,1,polarized,stationary_hotspot,public,none,,0,False,0.7460329454760141,0.7149557595431328,9208308,110,74,492000,291000,36,1265055,0.6727272727272727,0.5914634146341463,0.32727272727272727,25,10,82000,35000,15,22577,0.4,0.4268292682926829,0.6,85,67,271000,187000,18,174603,0.788235294117647,0.6900369003690037,0.21176470588235294,110,77,353000,222000,33,197180,0.7,0.6288951841359773,0.3
sealed_holdout,8,public-periphery-108-8f05dad52c47,periphery,64,74,51,1,polarized,stationary_hotspot,retry,none,,0,False,0.7460329454760141,0.7172222814028955,9208308,110,76,492000,304000,52,1274576,0.6909090909090909,0.6178861788617886,0.4727272727272727,25,9,82000,27000,18,18543,0.36,0.32926829268292684,0.72,85,69,271000,193000,28,193824,0.8117647058823529,0.7121771217712177,0.32941176470588235,110,78,353000,220000,46,212367,0.7090909090909091,0.623229461756374,0.41818181818181815
sealed_holdout,8,public-periphery-108-8f05dad52c47,periphery,64,74,51,1,polarized,stationary_hotspot,online,none,,0,False,0.7460329454760141,0.7184469222418447,9208308,110,76,492000,304000,52,1274576,0.6909090909090909,0.6178861788617886,0.4727272727272727,25,9,82000,27000,18,18543,0.36,0.32926829268292684,0.72,85,69,271000,193000,28,194309,0.8117647058823529,0.7121771217712177,0.32941176470588235,110,78,353000,220000,46,212852,0.7090909090909091,0.623229461756374,0.41818181818181815
sealed_holdout,8,public-periphery-108-8f05dad52c47,periphery,64,74,51,1,polarized,stationary_hotspot,oracle,none,,0,False,0.7460329454760141,0.7172222814028955,9208308,110,76,492000,304000,0,1274576,0.6909090909090909,0.6178861788617886,0.0,25,9,82000,27000,0,18543,0.36,0.32926829268292684,0.0,85,69,271000,193000,0,193824,0.8117647058823529,0.7121771217712177,0.0,110,78,353000,220000,0,212367,0.7090909090909091,0.623229461756374,0.0
sealed_holdout,8,public-periphery-108-8f05dad52c47,periphery,64,74,51,1,polarized,stationary_hotspot,online,random,N018|N027,120000,False,0.7460329454760141,0.7097573580100532,9328308,110,76,492000,304000,52,1274576,0.6909090909090909,0.6178861788617886,0.4727272727272727,25,9,82000,27000,19,16143,0.36,0.32926829268292684,0.76,85,69,271000,193000,28,191909,0.8117647058823529,0.7121771217712177,0.32941176470588235,110,78,353000,220000,47,208052,0.7090909090909091,0.623229461756374,0.42727272727272725
sealed_holdout,8,public-periphery-108-8f05dad52c47,periphery,64,74,51,1,polarized,stationary_hotspot,online,failure_aware,N042|N051,120000,True,0.7460329454760141,0.7179359218572336,9328308,110,76,492000,304000,52,1274576,0.6909090909090909,0.6178861788617886,0.4727272727272727,25,21,82000,66000,7,38756,0.84,0.8048780487804879,0.28,85,73,271000,213000,30,196529,0.8588235294117647,0.7859778597785978,0.35294117647058826,110,94,353000,279000,37,235285,0.8545454545454545,0.7903682719546742,0.33636363636363636
sealed_holdout,8,public-periphery-108-8f05dad52c47,periphery,64,74,51,1,polarized,shifted_hotspot,public,none,,0,False,0.7460329454760141,0.7261955907110508,9208308,110,74,492000,291000,36,1265055,0.6727272727272727,0.5914634146341463,0.32727272727272727,25,10,82000,35000,15,22577,0.4,0.4268292682926829,0.6,85,64,271000,172000,21,177559,0.7529411764705882,0.6346863468634686,0.24705882352941178,110,74,353000,207000,36,200136,0.6727272727272727,0.5864022662889519,0.32727272727272727
sealed_holdout,8,public-periphery-108-8f05dad52c47,periphery,64,74,51,1,polarized,shifted_hotspot,retry,none,,0,False,0.7460329454760141,0.7128531136430518,9208308,110,76,492000,304000,52,1274576,0.6909090909090909,0.6178861788617886,0.4727272727272727,25,9,82000,27000,38,18543,0.36,0.32926829268292684,1.52,85,69,271000,193000,39,205825,0.8117647058823529,0.7121771217712177,0.4588235294117647,110,78,353000,220000,77,224368,0.7090909090909091,0.623229461756374,0.7
sealed_holdout,8,public-periphery-108-8f05dad52c47,periphery,64,74,51,1,polarized,shifted_hotspot,online,none,,0,False,0.7460329454760141,0.720603281131681,9208308,110,76,492000,304000,52,1274576,0.6909090909090909,0.6178861788617886,0.4727272727272727,25,9,82000,27000,38,18543,0.36,0.32926829268292684,1.52,85,69,271000,193000,38,205974,0.8117647058823529,0.7121771217712177,0.4470588235294118,110,78,353000,220000,76,224517,0.7090909090909091,0.623229461756374,0.6909090909090909
sealed_holdout,8,public-periphery-108-8f05dad52c47,periphery,64,74,51,1,polarized,shifted_hotspot,oracle,none,,0,False,0.7460329454760141,0.7128531136430518,9208308,110,76,492000,304000,0,1274576,0.6909090909090909,0.6178861788617886,0.0,25,9,82000,27000,0,18543,0.36,0.32926829268292684,0.0,85,69,271000,193000,0,205825,0.8117647058823529,0.7121771217712177,0.0,110,78,353000,220000,0,224368,0.7090909090909091,0.623229461756374,0.0
sealed_holdout,8,public-periphery-108-8f05dad52c47,periphery,64,74,51,1,polarized,shifted_hotspot,online,random,N018|N027,120000,False,0.7460329454760141,0.7118859773498253,9328308,110,76,492000,304000,52,1274576,0.6909090909090909,0.6178861788617886,0.4727272727272727,25,9,82000,27000,39,16143,0.36,0.32926829268292684,1.56,85,69,271000,193000,38,203574,0.8117647058823529,0.7121771217712177,0.4470588235294118,110,78,353000,220000,77,219717,0.7090909090909091,0.623229461756374,0.7
sealed_holdout,8,public-periphery-108-8f05dad52c47,periphery,64,74,51,1,polarized,shifted_hotspot,online,failure_aware,N042|N051,120000,False,0.7460329454760141,0.7103304583522687,9328308,110,76,492000,304000,52,1274576,0.6909090909090909,0.6178861788617886,0.4727272727272727,25,17,82000,47000,21,39891,0.68,0.573170731707317,0.84,85,64,271000,165000,55,205717,0.7529411764705882,0.6088560885608856,0.6470588235294118,110,81,353000,212000,76,245608,0.7363636363636363,0.6005665722379604,0.6909090909090909
sealed_holdout,8,public-periphery-108-8f05dad52c47,periphery,64,74,51,2,balanced_band,diffuse,public,none,,0,False,0.06313238378007358,0.11364549361289453,9208308,110,108,478000,462000,2,5556064,0.9818181818181818,0.9665271966527197,0.01818181818181818,25,25,116000,116000,0,132693,1.0,1.0,0.0,85,72,328000,273000,13,1323501,0.8470588235294118,0.8323170731707317,0.15294117647058825,110,97,444000,389000,13,1456194,0.8818181818181818,0.8761261261261262,0.11818181818181818
sealed_holdout,8,public-periphery-108-8f05dad52c47,periphery,64,74,51,2,balanced_band,diffuse,retry,none,,0,False,0.06313238378007358,0.11192012372661458,9208308,110,109,478000,470000,3,5564384,0.990909090909091,0.9832635983263598,0.02727272727272727,25,25,116000,116000,0,132693,1.0,1.0,0.0,85,81,328000,302000,15,1346372,0.9529411764705882,0.9207317073170732,0.17647058823529413,110,106,444000,418000,15,1479065,0.9636363636363636,0.9414414414414415,0.13636363636363635
sealed_holdout,8,public-periphery-108-8f05dad52c47,periphery,64,74,51,2,balanced_band,diffuse,online,none,,0,False,0.06313238378007358,0.11051033473516315,9208308,110,109,478000,470000,2,5564287,0.990909090909091,0.9832635983263598,0.01818181818181818,25,25,116000,116000,0,132830,1.0,1.0,0.0,85,81,328000,299000,14,1351144,0.9529411764705882,0.9115853658536586,0.16470588235294117,110,106,444000,415000,14,1483974,0.9636363636363636,0.9346846846846847,0.12727272727272726
sealed_holdout,8,public-periphery-108-8f05dad52c47,periphery,64,74,51,2,balanced_band,diffuse,oracle,none,,0,False,0.06313238378007358,0.11210221369364559,9208308,110,109,478000,470000,0,5564384,0.990909090909091,0.9832635983263598,0.0,25,25,116000,116000,0,132693,1.0,1.0,0.0,85,81,328000,299000,0,1351983,0.9529411764705882,0.9115853658536586,0.0,110,106,444000,415000,0,1484676,0.9636363636363636,0.9346846846846847,0.0
sealed_holdout,8,public-periphery-108-8f05dad52c47,periphery,64,74,51,2,balanced_band,diffuse,online,random,N048|N061,120000,False,0.06313238378007358,0.11573262474943168,9328308,110,109,478000,470000,2,5564287,0.990909090909091,0.9832635983263598,0.01818181818181818,25,25,116000,116000,0,132830,1.0,1.0,0.0,85,81,328000,299000,15,1353321,0.9529411764705882,0.9115853658536586,0.17647058823529413,110,106,444000,415000,15,1486151,0.9636363636363636,0.9346846846846847,0.13636363636363635
sealed_holdout,8,public-periphery-108-8f05dad52c47,periphery,64,74,51,2,balanced_band,diffuse,online,failure_aware,N002|N055,120000,False,0.06313238378007358,0.11213527269178009,9328308,110,109,478000,470000,2,5564287,0.990909090909091,0.9832635983263598,0.01818181818181818,25,25,116000,116000,0,129750,1.0,1.0,0.0,85,82,328000,307000,13,1355551,0.9647058823529412,0.9359756097560976,0.15294117647058825,110,107,444000,423000,13,1485301,0.9727272727272728,0.9527027027027027,0.11818181818181818
sealed_holdout,8,public-periphery-108-8f05dad52c47,periphery,64,74,51,2,balanced_band,stationary_hotspot,public,none,,0,False,0.06313238378007358,0.07851305790433628,9208308,110,87,442000,326000,23,324807,0.7909090909090909,0.7375565610859729,0.20909090909090908,25,19,104000,79000,6,69146,0.76,0.7596153846153846,0.24,85,69,336000,244000,16,1252706,0.8117647058823529,0.7261904761904762,0.18823529411764706,110,88,440000,323000,22,1321852,0.8,0.7340909090909091,0.2
sealed_holdout,8,public-periphery-108-8f05dad52c47,periphery,64,74,51,2,balanced_band,stationary_hotspot,retry,none,,0,False,0.06313238378007358,0.0764529503997705,9208308,110,87,442000,326000,67,324807,0.7909090909090909,0.7375565610859729,0.6090909090909091,25,24,104000,103000,6,106825,0.96,0.9903846153846154,0.24,85,72,336000,265000,38,1265183,0.8470588235294118,0.7886904761904762,0.4470588235294118,110,96,440000,368000,44,1372008,0.8727272727272727,0.8363636363636363,0.4
sealed_holdout,8,public-periphery-108-8f05dad52c47,periphery,64,74,51,2,balanced_band,stationary_hotspot,online,none,,0,False,0.06313238378007358,0.07642004232252579,9208308,110,87,442000,326000,67,325030,0.7909090909090909,0.7375565610859729,0.6090909090909091,25,24,104000,103000,7,108167,0.96,0.9903846153846154,0.28,85,72,336000,265000,38,1266437,0.8470588235294118,0.7886904761904762,0.4470588235294118,110,96,440000,368000,45,1374604,0.8727272727272727,0.8363636363636363,0.4090909090909091
sealed_holdout,8,public-periphery-108-8f05dad52c47,periphery,64,74,51,2,balanced_band,stationary_hotspot,oracle,none,,0,False,0.06313238378007358,0.07959342245311098,9208308,110,87,442000,326000,0,324807,0.7909090909090909,0.7375565610859729,0.0,25,24,104000,103000,0,106825,0.96,0.9903846153846154,0.0,85,73,336000,273000,0,1282591,0.8588235294117647,0.8125,0.0,110,97,440000,376000,0,1389416,0.8818181818181818,0.8545454545454545,0.0
sealed_holdout,8,public-periphery-108-8f05dad52c47,periphery,64,74,51,2,balanced_band,stationary_hotspot,online,random,N048|N061,120000,False,0.06313238378007358,0.07477772043350818,9328308,110,87,442000,326000,67,325030,0.7909090909090909,0.7375565610859729,0.6090909090909091,25,24,104000,103000,9,110712,0.96,0.9903846153846154,0.36,85,72,336000,265000,37,1266227,0.8470588235294118,0.7886904761904762,0.43529411764705883,110,96,440000,368000,46,1376939,0.8727272727272727,0.8363636363636363,0.41818181818181815
sealed_holdout,8,public-periphery-108-8f05dad52c47,periphery,64,74,51,2,balanced_band,stationary_hotspot,online,failure_aware,N051|N062,120000,True,0.06313238378007358,0.08358734919712761,9328308,110,87,442000,326000,67,325030,0.7909090909090909,0.7375565610859729,0.6090909090909091,25,25,104000,104000,6,104576,1.0,1.0,0.24,85,82,336000,321000,7,1261325,0.9647058823529412,0.9553571428571429,0.08235294117647059,110,107,440000,425000,13,1365901,0.9727272727272728,0.9659090909090909,0.11818181818181818
sealed_holdout,8,public-periphery-108-8f05dad52c47,periphery,64,74,51,2,balanced_band,shifted_hotspot,public,none,,0,False,0.06313238378007358,0.07971320182584458,9208308,110,87,442000,326000,23,324807,0.7909090909090909,0.7375565610859729,0.20909090909090908,25,17,104000,72000,8,62864,0.68,0.6923076923076923,0.32,85,69,336000,241000,16,1245747,0.8117647058823529,0.7172619047619048,0.18823529411764706,110,86,440000,313000,24,1308611,0.7818181818181819,0.7113636363636363,0.21818181818181817
sealed_holdout,8,public-periphery-108-8f05dad52c47,periphery,64,74,51,2,balanced_band,shifted_hotspot,retry,none,,0,False,0.06313238378007358,0.0776530943212788,9208308,110,87,442000,326000,67,324807,0.7909090909090909,0.7375565610859729,0.6090909090909091,25,22,104000,96000,6,100543,0.88,0.9230769230769231,0.24,85,72,336000,262000,18,1258224,0.8470588235294118,0.7797619047619048,0.21176470588235294,110,94,440000,358000,24,1358767,0.8545454545454545,0.8136363636363636,0.21818181818181817
sealed_holdout,8,public-periphery-108-8f05dad52c47,periphery,64,74,51,2,balanced_band,shifted_hotspot,online,none,,0,False,0.06313238378007358,0.0775104836349607,9208308,110,87,442000,326000,67,325030,0.7909090909090909,0.7375565610859729,0.6090909090909091,25,22,104000,96000,7,101885,0.88,0.9230769230769231,0.28,85,72,336000,262000,18,1259478,0.8470588235294118,0.7797619047619048,0.21176470588235294,110,94,440000,358000,25,1361363,0.8545454545454545,0.8136363636363636,0.22727272727272727
sealed_holdout,8,public-periphery-108-8f05dad52c47,periphery,64,74,51,2,balanced_band,shifted_hotspot,oracle,none,,0,False,0.06313238378007358,0.08079356637461928,9208308,110,87,442000,326000,0,324807,0.7909090909090909,0.7375565610859729,0.0,25,22,104000,96000,0,100543,0.88,0.9230769230769231,0.0,85,73,336000,270000,0,1275632,0.8588235294117647,0.8035714285714286,0.0,110,95,440000,366000,0,1376175,0.8636363636363636,0.8318181818181818,0.0
sealed_holdout,8,public-periphery-108-8f05dad52c47,periphery,64,74,51,2,balanced_band,shifted_hotspot,online,random,N048|N061,120000,False,0.06313238378007358,0.07585413423339825,9328308,110,87,442000,326000,67,325030,0.7909090909090909,0.7375565610859729,0.6090909090909091,25,22,104000,96000,9,104430,0.88,0.9230769230769231,0.36,85,72,336000,262000,17,1259268,0.8470588235294118,0.7797619047619048,0.2,110,94,440000,358000,26,1363698,0.8545454545454545,0.8136363636363636,0.23636363636363636
sealed_holdout,8,public-periphery-108-8f05dad52c47,periphery,64,74,51,2,balanced_band,shifted_hotspot,online,failure_aware,N051|N062,120000,False,0.06313238378007358,0.08964679367864437,9328308,110,87,442000,326000,67,325030,0.7909090909090909,0.7375565610859729,0.6090909090909091,25,25,104000,104000,9,114026,1.0,1.0,0.36,85,79,336000,300000,29,1297427,0.9294117647058824,0.8928571428571429,0.3411764705882353,110,104,440000,404000,38,1411453,0.9454545454545454,0.9181818181818182,0.34545454545454546
sealed_holdout,8,public-periphery-108-8f05dad52c47,periphery,64,74,51,2,uniform,diffuse,public,none,,0,False,0.3636458138320978,0.3788493047665748,9208308,110,98,478000,388000,12,4474339,0.8909090909090909,0.8117154811715481,0.10909090909090909,25,23,116000,100000,2,130604,0.92,0.8620689655172413,0.08,85,69,328000,247000,16,1285539,0.8117647058823529,0.7530487804878049,0.18823529411764706,110,92,444000,347000,18,1416143,0.8363636363636363,0.7815315315315315,0.16363636363636364
sealed_holdout,8,public-periphery-108-8f05dad52c47,periphery,64,74,51,2,uniform,diffuse,retry,none,,0,False,0.3636458138320978,0.3802862884796497,9208308,110,102,478000,420000,16,4498375,0.9272727272727272,0.8786610878661087,0.14545454545454545,25,23,116000,100000,2,130604,0.92,0.8620689655172413,0.08,85,75,328000,276000,22,1308897,0.8823529411764706,0.8414634146341463,0.25882352941176473,110,98,444000,376000,24,1439501,0.8909090909090909,0.8468468468468469,0.21818181818181817
sealed_holdout,8,public-periphery-108-8f05dad52c47,periphery,64,74,51,2,uniform,diffuse,online,none,,0,False,0.3636458138320978,0.37819074094255106,9208308,110,100,478000,404000,18,4485529,0.9090909090909091,0.8451882845188284,0.16363636363636364,25,23,116000,100000,3,130864,0.92,0.8620689655172413,0.12,85,75,328000,276000,17,1308615,0.8823529411764706,0.8414634146341463,0.2,110,98,444000,376000,20,1439479,0.8909090909090909,0.8468468468468469,0.18181818181818182
sealed_holdout,8,public-periphery-108-8f05dad52c47,periphery,64,74,51,2,uniform,diffuse,oracle,none,,0,False,0.3636458138320978,0.3802862884796497,9208308,110,102,478000,420000,0,4498375,0.9272727272727272,0.8786610878661087,0.0,25,23,116000,100000,0,130604,0.92,0.8620689655172413,0.0,85,75,328000,276000,0,1308897,0.8823529411764706,0.8414634146341463,0.0,110,98,444000,376000,0,1439501,0.8909090909090909,0.8468468468468469,0.0
sealed_holdout,8,public-periphery-108-8f05dad52c47,periphery,64,74,51,2,uniform,diffuse,online,random,N048|N061,120000,False,0.3636458138320978,0.3772009131126891,9328308,110,100,478000,404000,18,4485529,0.9090909090909091,0.8451882845188284,0.16363636363636364,25,23,116000,100000,3,130864,0.92,0.8620689655172413,0.12,85,75,328000,276000,20,1309808,0.8823529411764706,0.8414634146341463,0.23529411764705882,110,98,444000,376000,23,1440672,0.8909090909090909,0.8468468468468469,0.20909090909090908
sealed_holdout,8,public-periphery-108-8f05dad52c47,periphery,64,74,51,2,uniform,diffuse,online,failure_aware,N037|N040,120000,False,0.3636458138320978,0.37606608555942944,9328308,110,100,478000,404000,18,4485529,0.9090909090909091,0.8451882845188284,0.16363636363636364,25,23,116000,100000,3,130864,0.92,0.8620689655172413,0.12,85,76,328000,281000,19,1311048,0.8941176470588236,0.8567073170731707,0.2235294117647059,110,99,444000,381000,22,1441912,0.9,0.8581081081081081,0.2
sealed_holdout,8,public-periphery-108-8f05dad52c47,periphery,64,74,51,2,uniform,stationary_hotspot,public,none,,0,False,0.3636458138320978,0.3531354268029611,9208308,110,82,442000,292000,28,280168,0.7454545454545455,0.6606334841628959,0.2545454545454545,25,18,104000,71000,7,63138,0.72,0.6826923076923077,0.28,85,65,336000,206000,20,1219983,0.7647058823529411,0.6130952380952381,0.23529411764705882,110,83,440000,277000,27,1283121,0.7545454545454545,0.6295454545454545,0.24545454545454545
sealed_holdout,8,public-periphery-108-8f05dad52c47,periphery,64,74,51,2,uniform,stationary_hotspot,retry,none,,0,False,0.3636458138320978,0.3507675686130172,9208308,110,86,442000,321000,74,326294,0.7818181818181819,0.7262443438914027,0.6727272727272727,25,22,104000,87000,11,95054,0.88,0.8365384615384616,0.44,85,71,336000,251000,37,1250956,0.8352941176470589,0.7470238095238095,0.43529411764705883,110,93,440000,338000,48,1346010,0.8454545454545455,0.7681818181818182,0.43636363636363634
sealed_holdout,8,public-periphery-108-8f05dad52c47,periphery,64,74,51,2,uniform,stationary_hotspot,online,none,,0,False,0.3636458138320978,0.3597282418465646,9208308,110,85,442000,313000,75,321286,0.7727272727272727,0.7081447963800905,0.6818181818181818,25,22,104000,87000,10,96015,0.88,0.8365384615384616,0.4,85,71,336000,251000,36,1252733,0.8352941176470589,0.7470238095238095,0.4235294117647059,110,93,440000,338000,46,1348748,0.8454545454545455,0.7681818181818182,0.41818181818181815
sealed_holdout,8,public-periphery-108-8f05dad52c47,periphery,64,74,51,2,uniform,stationary_hotspot,oracle,none,,0,False,0.3636458138320978,0.3478832787319912,9208308,110,86,442000,321000,0,326294,0.7818181818181819,0.7262443438914027,0.0,25,23,104000,95000,0,103262,0.92,0.9134615384615384,0.0,85,72,336000,259000,0,1269156,0.8470588235294118,0.7708333333333334,0.0,110,95,440000,354000,0,1372418,0.8636363636363636,0.8045454545454546,0.0
sealed_holdout,8,public-periphery-108-8f05dad52c47,periphery,64,74,51,2,uniform,stationary_hotspot,online,random,N048|N061,120000,False,0.3636458138320978,0.3451014981232412,9328308,110,85,442000,313000,75,321286,0.7727272727272727,0.7081447963800905,0.6818181818181818,25,23,104000,95000,9,103737,0.92,0.9134615384615384,0.36,85,71,336000,251000,37,1252516,0.8352941176470589,0.7470238095238095,0.43529411764705883,110,94,440000,346000,46,1356253,0.8545454545454545,0.7863636363636364,0.41818181818181815
sealed_holdout,8,public-periphery-108-8f05dad52c47,periphery,64,74,51,2,uniform,stationary_hotspot,online,failure_aware,N051|N062,120000,True,0.3636458138320978,0.35428261380558823,9328308,110,85,442000,313000,75,321286,0.7727272727272727,0.7081447963800905,0.6818181818181818,25,24,104000,96000,6,97601,0.96,0.9230769230769231,0.24,85,81,336000,307000,7,1247614,0.9529411764705882,0.9136904761904762,0.08235294117647059,110,105,440000,403000,13,1345215,0.9545454545454546,0.9159090909090909,0.11818181818181818
sealed_holdout,8,public-periphery-108-8f05dad52c47,periphery,64,74,51,2,uniform,shifted_hotspot,public,none,,0,False,0.3636458138320978,0.3556217731713805,9208308,110,82,442000,292000,28,280168,0.7454545454545455,0.6606334841628959,0.2545454545454545,25,16,104000,64000,9,56856,0.64,0.6153846153846154,0.36,85,64,336000,201000,21,1211523,0.7529411764705882,0.5982142857142857,0.24705882352941178,110,80,440000,265000,30,1268379,0.7272727272727273,0.6022727272727273,0.2727272727272727
sealed_holdout,8,public-periphery-108-8f05dad52c47,periphery,64,74,51,2,uniform,shifted_hotspot,retry,none,,0,False,0.3636458138320978,0.35377435702040044,9208308,110,86,442000,321000,74,326294,0.7818181818181819,0.7262443438914027,0.6727272727272727,25,20,104000,80000,11,88772,0.8,0.7692307692307693,0.44,85,70,336000,246000,18,1242496,0.8235294117647058,0.7321428571428571,0.21176470588235294,110,90,440000,326000,29,1331268,0.8181818181818182,0.740909090909091,0.2636363636363636
sealed_holdout,8,public-periphery-108-8f05dad52c47,periphery,64,74,51,2,uniform,shifted_hotspot,online,none,,0,False,0.3636458138320978,0.36257047634033773,9208308,110,85,442000,313000,75,321286,0.7727272727272727,0.7081447963800905,0.6818181818181818,25,20,104000,80000,10,89733,0.8,0.7692307692307693,0.4,85,70,336000,246000,17,1244273,0.8235294117647058,0.7321428571428571,0.2,110,90,440000,326000,27,1334006,0.8181818181818182,0.740909090909091,0.24545454545454545
sealed_holdout,8,public-periphery-108-8f05dad52c47,periphery,64,74,51,2,uniform,shifted_hotspot,oracle,none,,0,False,0.3636458138320978,0.35089006713937443,9208308,110,86,442000,321000,0,326294,0.7818181818181819,0.7262443438914027,0.0,25,21,104000,88000,0,96980,0.84,0.8461538461538461,0.0,85,71,336000,254000,0,1260696,0.8352941176470589,0.7559523809523809,0.0,110,92,440000,342000,0,1357676,0.8363636363636363,0.7772727272727272,0.0
sealed_holdout,8,public-periphery-108-8f05dad52c47,periphery,64,74,51,2,uniform,shifted_hotspot,online,random,N048|N061,120000,False,0.3636458138320978,0.3479071699156913,9328308,110,85,442000,313000,75,321286,0.7727272727272727,0.7081447963800905,0.6818181818181818,25,21,104000,88000,9,97455,0.84,0.8461538461538461,0.36,85,70,336000,246000,18,1244056,0.8235294117647058,0.7321428571428571,0.21176470588235294,110,91,440000,334000,27,1341511,0.8272727272727273,0.759090909090909,0.24545454545454545
sealed_holdout,8,public-periphery-108-8f05dad52c47,periphery,64,74,51,2,uniform,shifted_hotspot,online,failure_aware,N051|N062,120000,False,0.3636458138320978,0.3636223605097103,9328308,110,85,442000,313000,75,321286,0.7727272727272727,0.7081447963800905,0.6818181818181818,25,24,104000,96000,9,107051,0.96,0.9230769230769231,0.36,85,78,336000,289000,31,1289063,0.9176470588235294,0.8601190476190477,0.36470588235294116,110,102,440000,385000,40,1396114,0.9272727272727272,0.875,0.36363636363636365
sealed_holdout,8,public-periphery-108-8f05dad52c47,periphery,64,74,51,2,polarized,diffuse,public,none,,0,False,0.739281672807481,0.6980721175790602,9208308,110,75,478000,256000,35,4333156,0.6818181818181818,0.5355648535564853,0.3181818181818182,25,19,116000,71000,6,108966,0.76,0.6120689655172413,0.24,85,50,328000,174000,35,1221715,0.5882352941176471,0.5304878048780488,0.4117647058823529,110,69,444000,245000,41,1330681,0.6272727272727273,0.5518018018018018,0.37272727272727274
sealed_holdout,8,public-periphery-108-8f05dad52c47,periphery,64,74,51,2,polarized,diffuse,retry,none,,0,False,0.739281672807481,0.6831322938457588,9208308,110,81,478000,286000,44,4379181,0.7363636363636363,0.5983263598326359,0.4,25,20,116000,83000,7,111843,0.8,0.7155172413793104,0.28,85,65,328000,230000,34,245346,0.7647058823529411,0.7012195121951219,0.4,110,85,444000,313000,41,357189,0.7727272727272727,0.704954954954955,0.37272727272727274
sealed_holdout,8,public-periphery-108-8f05dad52c47,periphery,64,74,51,2,polarized,diffuse,online,none,,0,False,0.739281672807481,0.6877589281693165,9208308,110,80,478000,278000,46,4374513,0.7272727272727273,0.5815899581589958,0.41818181818181815,25,19,116000,75000,10,110235,0.76,0.646551724137931,0.4,85,63,328000,217000,33,228266,0.7411764705882353,0.6615853658536586,0.38823529411764707,110,82,444000,292000,43,338501,0.7454545454545455,0.6576576576576577,0.39090909090909093
sealed_holdout,8,public-periphery-108-8f05dad52c47,periphery,64,74,51,2,polarized,diffuse,oracle,none,,0,False,0.739281672807481,0.6865052297048416,9208308,110,83,478000,302000,0,4425105,0.7545454545454545,0.6317991631799164,0.0,25,20,116000,83000,0,111843,0.8,0.7155172413793104,0.0,85,65,328000,227000,0,250866,0.7647058823529411,0.6920731707317073,0.0,110,85,444000,310000,0,362709,0.7727272727272727,0.6981981981981982,0.0
sealed_holdout,8,public-periphery-108-8f05dad52c47,periphery,64,74,51,2,polarized,diffuse,online,random,N048|N061,120000,False,0.739281672807481,0.6785545574908115,9328308,110,80,478000,278000,46,4374513,0.7272727272727273,0.5815899581589958,0.41818181818181815,25,19,116000,75000,10,110235,0.76,0.646551724137931,0.4,85,64,328000,225000,35,242024,0.7529411764705882,0.6859756097560976,0.4117647058823529,110,83,444000,300000,45,352259,0.7545454545454545,0.6756756756756757,0.4090909090909091
sealed_holdout,8,public-periphery-108-8f05dad52c47,periphery,64,74,51,2,polarized,diffuse,online,failure_aware,N046|N059,120000,False,0.739281672807481,0.6793513545746389,9328308,110,80,478000,278000,46,4374513,0.7272727272727273,0.5815899581589958,0.41818181818181815,25,19,116000,75000,11,110235,0.76,0.646551724137931,0.44,85,64,328000,225000,36,240468,0.7529411764705882,0.6859756097560976,0.4235294117647059,110,83,444000,300000,47,350703,0.7545454545454545,0.6756756756756757,0.42727272727272725
sealed_holdout,8,public-periphery-108-8f05dad52c47,periphery,64,74,51,2,polarized,stationary_hotspot,public,none,,0,False,0.739281672807481,0.6894808403075494,9208308,110,67,442000,216000,43,215679,0.6090909090909091,0.48868778280542985,0.39090909090909093,25,18,104000,60000,7,59858,0.72,0.5769230769230769,0.28,85,57,336000,182000,28,1203275,0.6705882352941176,0.5416666666666666,0.32941176470588235,110,75,440000,242000,35,1263133,0.6818181818181818,0.55,0.3181818181818182
sealed_holdout,8,public-periphery-108-8f05dad52c47,periphery,64,74,51,2,polarized,stationary_hotspot,retry,none,,0,False,0.739281672807481,0.6866533896771473,9208308,110,84,442000,286000,73,308382,0.7636363636363637,0.6470588235294118,0.6636363636363637,25,20,104000,73000,18,87659,0.8,0.7019230769230769,0.72,85,66,336000,223000,52,1227888,0.7764705882352941,0.6636904761904762,0.611764705882353,110,86,440000,296000,70,1315547,0.7818181818181819,0.6727272727272727,0.6363636363636364
sealed_holdout,8,public-periphery-108-8f05dad52c47,periphery,64,74,51,2,polarized,stationary_hotspot,online,none,,0,False,0.739281672807481,0.6905855562422605,9208308,110,82,442000,273000,75,298604,0.7454545454545455,0.6176470588235294,0.6818181818181818,25,20,104000,73000,14,88145,0.8,0.7019230769230769,0.56,85,66,336000,223000,51,1230231,0.7764705882352941,0.6636904761904762,0.6,110,86,440000,296000,65,1318376,0.7818181818181819,0.6727272727272727,0.5909090909090909
sealed_holdout,8,public-periphery-108-8f05dad52c47,periphery,64,74,51,2,polarized,stationary_hotspot,oracle,none,,0,False,0.739281672807481,0.6823924614048976,9208308,110,84,442000,286000,0,308382,0.7636363636363637,0.6470588235294118,0.0,25,21,104000,81000,0,95867,0.84,0.7788461538461539,0.0,85,67,336000,231000,0,1243206,0.788235294117647,0.6875,0.0,110,88,440000,312000,0,1339073,0.8,0.7090909090909091,0.0
sealed_holdout,8,public-periphery-108-8f05dad52c47,periphery,64,74,51,2,polarized,stationary_hotspot,online,random,N048|N061,120000,False,0.739281672807481,0.6755293807881438,9328308,110,82,442000,273000,75,298604,0.7454545454545455,0.6176470588235294,0.6818181818181818,25,21,104000,81000,14,95867,0.84,0.7788461538461539,0.56,85,66,336000,223000,50,1230021,0.7764705882352941,0.6636904761904762,0.5882352941176471,110,87,440000,304000,64,1325888,0.7909090909090909,0.6909090909090909,0.5818181818181818
sealed_holdout,8,public-periphery-108-8f05dad52c47,periphery,64,74,51,2,polarized,stationary_hotspot,online,failure_aware,N051|N062,120000,True,0.739281672807481,0.6845802029565593,9328308,110,82,442000,273000,75,298604,0.7454545454545455,0.6176470588235294,0.6818181818181818,25,23,104000,88000,8,92537,0.92,0.8461538461538461,0.32,85,77,336000,281000,18,1226721,0.9058823529411765,0.8363095238095238,0.21176470588235294,110,100,440000,369000,26,1319258,0.9090909090909091,0.8386363636363636,0.23636363636363636
sealed_holdout,8,public-periphery-108-8f05dad52c47,periphery,64,74,51,2,polarized,shifted_hotspot,public,none,,0,False,0.739281672807481,0.6903075919097328,9208308,110,67,442000,216000,43,215679,0.6090909090909091,0.48868778280542985,0.39090909090909093,25,17,104000,59000,8,56382,0.68,0.5673076923076923,0.32,85,58,336000,181000,27,1197074,0.6823529411764706,0.5386904761904762,0.3176470588235294,110,75,440000,240000,35,1253456,0.6818181818181818,0.5454545454545454,0.3181818181818182
sealed_holdout,8,public-periphery-108-8f05dad52c47,periphery,64,74,51,2,polarized,shifted_hotspot,retry,none,,0,False,0.739281672807481,0.6869501160511865,9208308,110,84,442000,286000,73,308382,0.7636363636363637,0.6470588235294118,0.6636363636363637,25,20,104000,73000,14,85409,0.8,0.7019230769230769,0.56,85,66,336000,221000,32,1219786,0.7764705882352941,0.6577380952380952,0.3764705882352941,110,86,440000,294000,46,1305195,0.7818181818181819,0.6681818181818182,0.41818181818181815
sealed_holdout,8,public-periphery-108-8f05dad52c47,periphery,64,74,51,2,polarized,shifted_hotspot,online,none,,0,False,0.739281672807481,0.6916016216585459,9208308,110,82,442000,273000,75,298604,0.7454545454545455,0.6176470588235294,0.6818181818181818,25,20,104000,73000,10,85895,0.8,0.7019230769230769,0.4,85,67,336000,223000,27,1223731,0.788235294117647,0.6636904761904762,0.3176470588235294,110,87,440000,296000,37,1309626,0.7909090909090909,0.6727272727272727,0.33636363636363636
sealed_holdout,8,public-periphery-108-8f05dad52c47,periphery,64,74,51,2,polarized,shifted_hotspot,oracle,none,,0,False,0.739281672807481,0.6834085268211831,9208308,110,84,442000,286000,0,308382,0.7636363636363637,0.6470588235294118,0.0,25,21,104000,81000,0,93617,0.84,0.7788461538461539,0.0,85,68,336000,231000,0,1236706,0.8,0.6875,0.0,110,89,440000,312000,0,1330323,0.8090909090909091,0.7090909090909091,0.0
sealed_holdout,8,public-periphery-108-8f05dad52c47,periphery,64,74,51,2,polarized,shifted_hotspot,online,random,N048|N061,120000,False,0.739281672807481,0.6765323754685622,9328308,110,82,442000,273000,75,298604,0.7454545454545455,0.6176470588235294,0.6818181818181818,25,21,104000,81000,10,93617,0.84,0.7788461538461539,0.4,85,67,336000,223000,28,1223521,0.788235294117647,0.6636904761904762,0.32941176470588235,110,88,440000,304000,38,1317138,0.8,0.6909090909090909,0.34545454545454546
sealed_holdout,8,public-periphery-108-8f05dad52c47,periphery,64,74,51,2,polarized,shifted_hotspot,online,failure_aware,N051|N062,120000,False,0.739281672807481,0.6793179853948679,9328308,110,82,442000,273000,75,298604,0.7454545454545455,0.6176470588235294,0.6818181818181818,25,23,104000,88000,10,101588,0.92,0.8461538461538461,0.4,85,71,336000,245000,45,1250448,0.8352941176470589,0.7291666666666666,0.5294117647058824,110,94,440000,333000,55,1352036,0.8545454545454545,0.7568181818181818,0.5
sealed_holdout,9,public-hub-109-69c804332e54,hub,64,63,63,0,balanced_band,diffuse,public,none,,0,False,0.054900287019137316,0.11470166054604236,7763233,110,110,453000,453000,0,232155,1.0,1.0,0.0,25,22,101000,83000,3,49754,0.88,0.8217821782178217,0.12,85,84,335000,334000,1,180561,0.9882352941176471,0.9970149253731343,0.011764705882352941,110,106,436000,417000,4,230315,0.9636363636363636,0.9564220183486238,0.03636363636363636
sealed_holdout,9,public-hub-109-69c804332e54,hub,64,63,63,0,balanced_band,diffuse,retry,none,,0,False,0.054900287019137316,0.11470166054604236,7763233,110,110,453000,453000,0,232155,1.0,1.0,0.0,25,22,101000,83000,3,49754,0.88,0.8217821782178217,0.12,85,84,335000,334000,1,180561,0.9882352941176471,0.9970149253731343,0.011764705882352941,110,106,436000,417000,4,230315,0.9636363636363636,0.9564220183486238,0.03636363636363636
sealed_holdout,9,public-hub-109-69c804332e54,hub,64,63,63,0,balanced_band,diffuse,online,none,,0,False,0.054900287019137316,0.11470166054604236,7763233,110,110,453000,453000,0,232155,1.0,1.0,0.0,25,22,101000,83000,3,49754,0.88,0.8217821782178217,0.12,85,84,335000,334000,1,180561,0.9882352941176471,0.9970149253731343,0.011764705882352941,110,106,436000,417000,4,230315,0.9636363636363636,0.9564220183486238,0.03636363636363636
sealed_holdout,9,public-hub-109-69c804332e54,hub,64,63,63,0,balanced_band,diffuse,oracle,none,,0,False,0.054900287019137316,0.11470166054604236,7763233,110,110,453000,453000,0,232155,1.0,1.0,0.0,25,22,101000,83000,0,49754,0.88,0.8217821782178217,0.0,85,84,335000,334000,0,180561,0.9882352941176471,0.9970149253731343,0.0,110,106,436000,417000,0,230315,0.9636363636363636,0.9564220183486238,0.0
sealed_holdout,9,public-hub-109-69c804332e54,hub,64,63,63,0,balanced_band,diffuse,online,random,N024|N031,120000,False,0.054900287019137316,0.11295565110226148,7883233,110,110,453000,453000,0,232155,1.0,1.0,0.0,25,22,101000,83000,3,49754,0.88,0.8217821782178217,0.12,85,84,335000,334000,1,180561,0.9882352941176471,0.9970149253731343,0.011764705882352941,110,106,436000,417000,4,230315,0.9636363636363636,0.9564220183486238,0.03636363636363636
sealed_holdout,9,public-hub-109-69c804332e54,hub,64,63,63,0,balanced_band,diffuse,online,failure_aware,N024|N031,120000,False,0.054900287019137316,0.11295565110226148,7883233,110,110,453000,453000,0,232155,1.0,1.0,0.0,25,22,101000,83000,3,49754,0.88,0.8217821782178217,0.12,85,84,335000,334000,1,180561,0.9882352941176471,0.9970149253731343,0.011764705882352941,110,106,436000,417000,4,230315,0.9636363636363636,0.9564220183486238,0.03636363636363636
sealed_holdout,9,public-hub-109-69c804332e54,hub,64,63,63,0,balanced_band,stationary_hotspot,public,none,,0,False,0.054900287019137316,0.11165370929140457,7763233,110,109,444000,436000,1,226350,0.990909090909091,0.9819819819819819,0.00909090909090909,25,21,101000,82000,4,46413,0.84,0.8118811881188119,0.16,85,79,348000,316000,6,165557,0.9294117647058824,0.9080459770114943,0.07058823529411765,110,100,449000,398000,10,211970,0.9090909090909091,0.8864142538975501,0.09090909090909091
sealed_holdout,9,public-hub-109-69c804332e54,hub,64,63,63,0,balanced_band,stationary_hotspot,retry,none,,0,False,0.054900287019137316,0.11165370929140457,7763233,110,109,444000,436000,1,226350,0.990909090909091,0.9819819819819819,0.00909090909090909,25,21,101000,82000,4,46413,0.84,0.8118811881188119,0.16,85,79,348000,316000,6,165557,0.9294117647058824,0.9080459770114943,0.07058823529411765,110,100,449000,398000,10,211970,0.9090909090909091,0.8864142538975501,0.09090909090909091
sealed_holdout,9,public-hub-109-69c804332e54,hub,64,63,63,0,balanced_band,stationary_hotspot,online,none,,0,False,0.054900287019137316,0.11165370929140457,7763233,110,109,444000,436000,1,226350,0.990909090909091,0.9819819819819819,0.00909090909090909,25,21,101000,82000,4,46413,0.84,0.8118811881188119,0.16,85,79,348000,316000,6,165557,0.9294117647058824,0.9080459770114943,0.07058823529411765,110,100,449000,398000,10,211970,0.9090909090909091,0.8864142538975501,0.09090909090909091
sealed_holdout,9,public-hub-109-69c804332e54,hub,64,63,63,0,balanced_band,stationary_hotspot,oracle,none,,0,False,0.054900287019137316,0.11165370929140457,7763233,110,109,444000,436000,0,226350,0.990909090909091,0.9819819819819819,0.0,25,21,101000,82000,0,46413,0.84,0.8118811881188119,0.0,85,79,348000,316000,0,165557,0.9294117647058824,0.9080459770114943,0.0,110,100,449000,398000,0,211970,0.9090909090909091,0.8864142538975501,0.0
sealed_holdout,9,public-hub-109-69c804332e54,hub,64,63,63,0,balanced_band,stationary_hotspot,online,random,N024|N031,120000,False,0.054900287019137316,0.10995409631345904,7883233,110,109,444000,436000,1,226350,0.990909090909091,0.9819819819819819,0.00909090909090909,25,21,101000,82000,4,46413,0.84,0.8118811881188119,0.16,85,79,348000,316000,7,165557,0.9294117647058824,0.9080459770114943,0.08235294117647059,110,100,449000,398000,11,211970,0.9090909090909091,0.8864142538975501,0.1
sealed_holdout,9,public-hub-109-69c804332e54,hub,64,63,63,0,balanced_band,stationary_hotspot,online,failure_aware,N018|N051,120000,False,0.054900287019137316,0.1121185633789312,7883233,110,109,444000,436000,1,226350,0.990909090909091,0.9819819819819819,0.00909090909090909,25,22,101000,90000,5,50221,0.88,0.8910891089108911,0.2,85,79,348000,316000,6,165557,0.9294117647058824,0.9080459770114943,0.07058823529411765,110,101,449000,406000,11,215778,0.9181818181818182,0.9042316258351893,0.1
sealed_holdout,9,public-hub-109-69c804332e54,hub,64,63,63,0,balanced_band,shifted_hotspot,public,none,,0,False,0.054900287019137316,0.10942592506349096,7763233,110,109,444000,436000,1,226350,0.990909090909091,0.9819819819819819,0.00909090909090909,25,22,101000,80000,3,56871,0.88,0.7920792079207921,0.12,85,80,348000,317000,5,193502,0.9411764705882353,0.9109195402298851,0.058823529411764705,110,102,449000,397000,8,250373,0.9272727272727272,0.8841870824053452,0.07272727272727272
sealed_holdout,9,public-hub-109-69c804332e54,hub,64,63,63,0,balanced_band,shifted_hotspot,retry,none,,0,False,0.054900287019137316,0.10942592506349096,7763233,110,109,444000,436000,1,226350,0.990909090909091,0.9819819819819819,0.00909090909090909,25,22,101000,80000,3,56871,0.88,0.7920792079207921,0.12,85,80,348000,317000,5,193502,0.9411764705882353,0.9109195402298851,0.058823529411764705,110,102,449000,397000,8,250373,0.9272727272727272,0.8841870824053452,0.07272727272727272
sealed_holdout,9,public-hub-109-69c804332e54,hub,64,63,63,0,balanced_band,shifted_hotspot,online,none,,0,False,0.054900287019137316,0.10942592506349096,7763233,110,109,444000,436000,1,226350,0.990909090909091,0.9819819819819819,0.00909090909090909,25,22,101000,80000,3,56871,0.88,0.7920792079207921,0.12,85,80,348000,317000,5,193502,0.9411764705882353,0.9109195402298851,0.058823529411764705,110,102,449000,397000,8,250373,0.9272727272727272,0.8841870824053452,0.07272727272727272
sealed_holdout,9,public-hub-109-69c804332e54,hub,64,63,63,0,balanced_band,shifted_hotspot,oracle,none,,0,False,0.054900287019137316,0.10942592506349096,7763233,110,109,444000,436000,0,226350,0.990909090909091,0.9819819819819819,0.0,25,22,101000,80000,0,56871,0.88,0.7920792079207921,0.0,85,80,348000,317000,0,193502,0.9411764705882353,0.9109195402298851,0.0,110,102,449000,397000,0,250373,0.9272727272727272,0.8841870824053452,0.0
sealed_holdout,9,public-hub-109-69c804332e54,hub,64,63,63,0,balanced_band,shifted_hotspot,online,random,N024|N031,120000,False,0.054900287019137316,0.1077602238204072,7883233,110,109,444000,436000,1,226350,0.990909090909091,0.9819819819819819,0.00909090909090909,25,22,101000,80000,3,56871,0.88,0.7920792079207921,0.12,85,80,348000,317000,6,193502,0.9411764705882353,0.9109195402298851,0.07058823529411765,110,102,449000,397000,9,250373,0.9272727272727272,0.8841870824053452,0.08181818181818182
sealed_holdout,9,public-hub-109-69c804332e54,hub,64,63,63,0,balanced_band,shifted_hotspot,online,failure_aware,N018|N051,120000,False,0.054900287019137316,0.11001909639963572,7883233,110,109,444000,436000,1,226350,0.990909090909091,0.9819819819819819,0.00909090909090909,25,23,101000,88000,3,60679,0.92,0.8712871287128713,0.12,85,80,348000,317000,5,193502,0.9411764705882353,0.9109195402298851,0.058823529411764705,110,103,449000,405000,8,254181,0.9363636363636364,0.9020044543429844,0.07272727272727272
sealed_holdout,9,public-hub-109-69c804332e54,hub,64,63,63,0,uniform,diffuse,public,none,,0,False,0.3162252735529923,0.3467524078364385,7763233,110,96,453000,378000,14,197458,0.8727272727272727,0.8344370860927153,0.12727272727272726,25,21,101000,75000,4,47746,0.84,0.7425742574257426,0.16,85,80,335000,298000,5,171851,0.9411764705882353,0.8895522388059701,0.058823529411764705,110,101,436000,373000,9,219597,0.9181818181818182,0.8555045871559633,0.08181818181818182
sealed_holdout,9,public-hub-109-69c804332e54,hub,64,63,63,0,uniform,diffuse,retry,none,,0,False,0.3162252735529923,0.3467524078364385,7763233,110,96,453000,378000,14,197458,0.8727272727272727,0.8344370860927153,0.12727272727272726,25,21,101000,75000,4,47746,0.84,0.7425742574257426,0.16,85,80,335000,298000,5,171851,0.9411764705882353,0.8895522388059701,0.058823529411764705,110,101,436000,373000,9,219597,0.9181818181818182,0.8555045871559633,0.08181818181818182
sealed_holdout,9,public-hub-109-69c804332e54,hub,64,63,63,0,uniform,diffuse,online,none,,0,False,0.3162252735529923,0.3467524078364385,7763233,110,96,453000,378000,14,197458,0.8727272727272727,0.8344370860927153,0.12727272727272726,25,21,101000,75000,4,47746,0.84,0.7425742574257426,0.16,85,80,335000,298000,5,171851,0.9411764705882353,0.8895522388059701,0.058823529411764705,110,101,436000,373000,9,219597,0.9181818181818182,0.8555045871559633,0.08181818181818182
sealed_holdout,9,public-hub-109-69c804332e54,hub,64,63,63,0,uniform,diffuse,oracle,none,,0,False,0.3162252735529923,0.3467524078364385,7763233,110,96,453000,378000,0,197458,0.8727272727272727,0.8344370860927153,0.0,25,21,101000,75000,0,47746,0.84,0.7425742574257426,0.0,85,80,335000,298000,0,171851,0.9411764705882353,0.8895522388059701,0.0,110,101,436000,373000,0,219597,0.9181818181818182,0.8555045871559633,0.0
sealed_holdout,9,public-hub-109-69c804332e54,hub,64,63,63,0,uniform,diffuse,online,random,N024|N031,120000,False,0.3162252735529923,0.3414740799041837,7883233,110,96,453000,378000,14,197458,0.8727272727272727,0.8344370860927153,0.12727272727272726,25,21,101000,75000,4,47746,0.84,0.7425742574257426,0.16,85,80,335000,298000,5,171851,0.9411764705882353,0.8895522388059701,0.058823529411764705,110,101,436000,373000,9,219597,0.9181818181818182,0.8555045871559633,0.08181818181818182
sealed_holdout,9,public-hub-109-69c804332e54,hub,64,63,63,0,uniform,diffuse,online,failure_aware,N047|N059,120000,False,0.3162252735529923,0.3414740799041837,7883233,110,96,453000,378000,14,197458,0.8727272727272727,0.8344370860927153,0.12727272727272726,25,21,101000,75000,4,47746,0.84,0.7425742574257426,0.16,85,80,335000,298000,5,171851,0.9411764705882353,0.8895522388059701,0.058823529411764705,110,101,436000,373000,9,219597,0.9181818181818182,0.8555045871559633,0.08181818181818182
sealed_holdout,9,public-hub-109-69c804332e54,hub,64,63,63,0,uniform,stationary_hotspot,public,none,,0,False,0.3162252735529923,0.3487612104675133,7763233,110,103,444000,403000,7,215322,0.9363636363636364,0.9076576576576577,0.06363636363636363,25,17,101000,72000,8,38404,0.68,0.7128712871287128,0.32,85,74,348000,279000,11,157520,0.8705882352941177,0.8017241379310345,0.12941176470588237,110,91,449000,351000,19,195924,0.8272727272727273,0.7817371937639198,0.17272727272727273
sealed_holdout,9,public-hub-109-69c804332e54,hub,64,63,63,0,uniform,stationary_hotspot,retry,none,,0,False,0.3162252735529923,0.3487612104675133,7763233,110,103,444000,403000,7,215322,0.9363636363636364,0.9076576576576577,0.06363636363636363,25,17,101000,72000,8,38404,0.68,0.7128712871287128,0.32,85,74,348000,279000,11,157520,0.8705882352941177,0.8017241379310345,0.12941176470588237,110,91,449000,351000,19,195924,0.8272727272727273,0.7817371937639198,0.17272727272727273
sealed_holdout,9,public-hub-109-69c804332e54,hub,64,63,63,0,uniform,stationary_hotspot,online,none,,0,False,0.3162252735529923,0.3487612104675133,7763233,110,103,444000,403000,7,215322,0.9363636363636364,0.9076576576576577,0.06363636363636363,25,17,101000,72000,8,38404,0.68,0.7128712871287128,0.32,85,74,348000,279000,11,157520,0.8705882352941177,0.8017241379310345,0.12941176470588237,110,91,449000,351000,19,195924,0.8272727272727273,0.7817371937639198,0.17272727272727273
sealed_holdout,9,public-hub-109-69c804332e54,hub,64,63,63,0,uniform,stationary_hotspot,oracle,none,,0,False,0.3162252735529923,0.3487612104675133,7763233,110,103,444000,403000,0,215322,0.9363636363636364,0.9076576576576577,0.0,25,17,101000,72000,0,38404,0.68,0.7128712871287128,0.0,85,74,348000,279000,0,157520,0.8705882352941177,0.8017241379310345,0.0,110,91,449000,351000,0,195924,0.8272727272727273,0.7817371937639198,0.0
sealed_holdout,9,public-hub-109-69c804332e54,hub,64,63,63,0,uniform,stationary_hotspot,online,random,N024|N031,120000,False,0.3162252735529923,0.34243574212320244,7883233,110,103,444000,403000,7,215322,0.9363636363636364,0.9076576576576577,0.06363636363636363,25,17,101000,72000,8,38404,0.68,0.7128712871287128,0.32,85,75,348000,287000,13,161328,0.8823529411764706,0.8247126436781609,0.15294117647058825,110,92,449000,359000,21,199732,0.8363636363636363,0.799554565701559,0.19090909090909092
sealed_holdout,9,public-hub-109-69c804332e54,hub,64,63,63,0,uniform,stationary_hotspot,online,failure_aware,N062|N063,120000,True,0.3162252735529923,0.35777779442630503,7883233,110,103,444000,403000,7,215322,0.9363636363636364,0.9076576576576577,0.06363636363636363,25,24,101000,93000,2,48097,0.96,0.9207920792079208,0.08,85,79,348000,303000,12,161811,0.9294117647058824,0.8706896551724138,0.1411764705882353,110,103,449000,396000,14,209908,0.9363636363636364,0.8819599109131403,0.12727272727272726
sealed_holdout,9,public-hub-109-69c804332e54,hub,64,63,63,0,uniform,shifted_hotspot,public,none,,0,False,0.3162252735529923,0.3491001447694244,7763233,110,103,444000,403000,7,215322,0.9363636363636364,0.9076576576576577,0.06363636363636363,25,18,101000,67000,7,45192,0.72,0.6633663366336634,0.28,85,74,348000,279000,11,183182,0.8705882352941177,0.8017241379310345,0.12941176470588237,110,92,449000,346000,18,228374,0.8363636363636363,0.7706013363028953,0.16363636363636364
sealed_holdout,9,public-hub-109-69c804332e54,hub,64,63,63,0,uniform,shifted_hotspot,retry,none,,0,False,0.3162252735529923,0.3491001447694244,7763233,110,103,444000,403000,7,215322,0.9363636363636364,0.9076576576576577,0.06363636363636363,25,18,101000,67000,7,45192,0.72,0.6633663366336634,0.28,85,74,348000,279000,11,183182,0.8705882352941177,0.8017241379310345,0.12941176470588237,110,92,449000,346000,18,228374,0.8363636363636363,0.7706013363028953,0.16363636363636364
sealed_holdout,9,public-hub-109-69c804332e54,hub,64,63,63,0,uniform,shifted_hotspot,online,none,,0,False,0.3162252735529923,0.3491001447694244,7763233,110,103,444000,403000,7,215322,0.9363636363636364,0.9076576576576577,0.06363636363636363,25,18,101000,67000,7,45192,0.72,0.6633663366336634,0.28,85,74,348000,279000,11,183182,0.8705882352941177,0.8017241379310345,0.12941176470588237,110,92,449000,346000,18,228374,0.8363636363636363,0.7706013363028953,0.16363636363636364
sealed_holdout,9,public-hub-109-69c804332e54,hub,64,63,63,0,uniform,shifted_hotspot,oracle,none,,0,False,0.3162252735529923,0.3491001447694244,7763233,110,103,444000,403000,0,215322,0.9363636363636364,0.9076576576576577,0.0,25,18,101000,67000,0,45192,0.72,0.6633663366336634,0.0,85,74,348000,279000,0,183182,0.8705882352941177,0.8017241379310345,0.0,110,92,449000,346000,0,228374,0.8363636363636363,0.7706013363028953,0.0
sealed_holdout,9,public-hub-109-69c804332e54,hub,64,63,63,0,uniform,shifted_hotspot,online,random,N024|N031,120000,False,0.3162252735529923,0.3427695171058052,7883233,110,103,444000,403000,7,215322,0.9363636363636364,0.9076576576576577,0.06363636363636363,25,18,101000,67000,7,45192,0.72,0.6633663366336634,0.28,85,75,348000,287000,13,186990,0.8823529411764706,0.8247126436781609,0.15294117647058825,110,93,449000,354000,20,232182,0.8454545454545455,0.7884187082405345,0.18181818181818182
sealed_holdout,9,public-hub-109-69c804332e54,hub,64,63,63,0,uniform,shifted_hotspot,online,failure_aware,N062|N063,120000,False,0.3162252735529923,0.34378607916051357,7883233,110,103,444000,403000,7,215322,0.9363636363636364,0.9076576576576577,0.06363636363636363,25,18,101000,67000,7,45192,0.72,0.6633663366336634,0.28,85,74,348000,279000,11,183182,0.8705882352941177,0.8017241379310345,0.12941176470588237,110,92,449000,346000,18,228374,0.8363636363636363,0.7706013363028953,0.16363636363636364
sealed_holdout,9,public-hub-109-69c804332e54,hub,64,63,63,0,polarized,diffuse,public,none,,0,False,0.7176837984880637,0.6822721372748146,7763233,110,80,453000,290000,30,158868,0.7272727272727273,0.6401766004415012,0.2727272727272727,25,19,101000,62000,6,41230,0.76,0.6138613861386139,0.24,85,72,335000,243000,13,154939,0.8470588235294118,0.7253731343283583,0.15294117647058825,110,91,436000,305000,19,196169,0.8272727272727273,0.6995412844036697,0.17272727272727273
sealed_holdout,9,public-hub-109-69c804332e54,hub,64,63,63,0,polarized,diffuse,retry,none,,0,False,0.7176837984880637,0.6822721372748146,7763233,110,80,453000,290000,30,158868,0.7272727272727273,0.6401766004415012,0.2727272727272727,25,19,101000,62000,6,41230,0.76,0.6138613861386139,0.24,85,72,335000,243000,13,154939,0.8470588235294118,0.7253731343283583,0.15294117647058825,110,91,436000,305000,19,196169,0.8272727272727273,0.6995412844036697,0.17272727272727273
sealed_holdout,9,public-hub-109-69c804332e54,hub,64,63,63,0,polarized,diffuse,online,none,,0,False,0.7176837984880637,0.6822721372748146,7763233,110,80,453000,290000,30,158868,0.7272727272727273,0.6401766004415012,0.2727272727272727,25,19,101000,62000,6,41230,0.76,0.6138613861386139,0.24,85,72,335000,243000,13,154939,0.8470588235294118,0.7253731343283583,0.15294117647058825,110,91,436000,305000,19,196169,0.8272727272727273,0.6995412844036697,0.17272727272727273
sealed_holdout,9,public-hub-109-69c804332e54,hub,64,63,63,0,polarized,diffuse,oracle,none,,0,False,0.7176837984880637,0.6822721372748146,7763233,110,80,453000,290000,0,158868,0.7272727272727273,0.6401766004415012,0.0,25,19,101000,62000,0,41230,0.76,0.6138613861386139,0.0,85,72,335000,243000,0,154939,0.8470588235294118,0.7253731343283583,0.0,110,91,436000,305000,0,196169,0.8272727272727273,0.6995412844036697,0.0
sealed_holdout,9,public-hub-109-69c804332e54,hub,64,63,63,0,polarized,diffuse,online,random,N024|N031,120000,False,0.7176837984880637,0.6718864672745777,7883233,110,80,453000,290000,30,158868,0.7272727272727273,0.6401766004415012,0.2727272727272727,25,19,101000,62000,6,41230,0.76,0.6138613861386139,0.24,85,72,335000,243000,14,154939,0.8470588235294118,0.7253731343283583,0.16470588235294117,110,91,436000,305000,20,196169,0.8272727272727273,0.6995412844036697,0.18181818181818182
sealed_holdout,9,public-hub-109-69c804332e54,hub,64,63,63,0,polarized,diffuse,online,failure_aware,N053|N059,120000,False,0.7176837984880637,0.6718864672745777,7883233,110,80,453000,290000,30,158868,0.7272727272727273,0.6401766004415012,0.2727272727272727,25,19,101000,62000,7,41230,0.76,0.6138613861386139,0.28,85,72,335000,243000,13,154939,0.8470588235294118,0.7253731343283583,0.15294117647058825,110,91,436000,305000,20,196169,0.8272727272727273,0.6995412844036697,0.18181818181818182
sealed_holdout,9,public-hub-109-69c804332e54,hub,64,63,63,0,polarized,stationary_hotspot,public,none,,0,False,0.7176837984880637,0.701388401046087,7763233,110,86,444000,314000,24,179405,0.7818181818181819,0.7072072072072072,0.21818181818181817,25,13,101000,53000,12,25053,0.52,0.5247524752475248,0.48,85,64,348000,233000,21,135968,0.7529411764705882,0.6695402298850575,0.24705882352941178,110,77,449000,286000,33,161021,0.7,0.6369710467706013,0.3
sealed_holdout,9,public-hub-109-69c804332e54,hub,64,63,63,0,polarized,stationary_hotspot,retry,none,,0,False,0.7176837984880637,0.701388401046087,7763233,110,86,444000,314000,24,179405,0.7818181818181819,0.7072072072072072,0.21818181818181817,25,13,101000,53000,12,25053,0.52,0.5247524752475248,0.48,85,64,348000,233000,21,135968,0.7529411764705882,0.6695402298850575,0.24705882352941178,110,77,449000,286000,33,161021,0.7,0.6369710467706013,0.3
sealed_holdout,9,public-hub-109-69c804332e54,hub,64,63,63,0,polarized,stationary_hotspot,online,none,,0,False,0.7176837984880637,0.701388401046087,7763233,110,86,444000,314000,24,179405,0.7818181818181819,0.7072072072072072,0.21818181818181817,25,13,101000,53000,12,25053,0.52,0.5247524752475248,0.48,85,64,348000,233000,21,135968,0.7529411764705882,0.6695402298850575,0.24705882352941178,110,77,449000,286000,33,161021,0.7,0.6369710467706013,0.3
sealed_holdout,9,public-hub-109-69c804332e54,hub,64,63,63,0,polarized,stationary_hotspot,oracle,none,,0,False,0.7176837984880637,0.701388401046087,7763233,110,86,444000,314000,0,179405,0.7818181818181819,0.7072072072072072,0.0,25,13,101000,53000,0,25053,0.52,0.5247524752475248,0.0,85,64,348000,233000,0,135968,0.7529411764705882,0.6695402298850575,0.0,110,77,449000,286000,0,161021,0.7,0.6369710467706013,0.0
sealed_holdout,9,public-hub-109-69c804332e54,hub,64,63,63,0,polarized,stationary_hotspot,online,random,N024|N031,120000,False,0.7176837984880637,0.6907117398176886,7883233,110,86,444000,314000,24,179405,0.7818181818181819,0.7072072072072072,0.21818181818181817,25,13,101000,53000,12,25053,0.52,0.5247524752475248,0.48,85,64,348000,233000,24,135968,0.7529411764705882,0.6695402298850575,0.2823529411764706,110,77,449000,286000,36,161021,0.7,0.6369710467706013,0.32727272727272727
sealed_holdout,9,public-hub-109-69c804332e54,hub,64,63,63,0,polarized,stationary_hotspot,online,failure_aware,N062|N063,120000,True,0.7176837984880637,0.7063084449536848,7883233,110,86,444000,314000,24,179405,0.7818181818181819,0.7072072072072072,0.21818181818181817,25,21,101000,75000,4,36747,0.84,0.7425742574257426,0.16,85,68,348000,249000,20,134478,0.8,0.7155172413793104,0.23529411764705882,110,89,449000,324000,24,171225,0.8090909090909091,0.7216035634743875,0.21818181818181817
sealed_holdout,9,public-hub-109-69c804332e54,hub,64,63,63,0,polarized,shifted_hotspot,public,none,,0,False,0.7176837984880637,0.7011146655433944,7763233,110,86,444000,314000,24,179405,0.7818181818181819,0.7072072072072072,0.21818181818181817,25,14,101000,48000,11,31559,0.56,0.4752475247524752,0.44,85,63,348000,225000,22,159622,0.7411764705882353,0.646551724137931,0.25882352941176473,110,77,449000,273000,33,191181,0.7,0.6080178173719376,0.3
sealed_holdout,9,public-hub-109-69c804332e54,hub,64,63,63,0,polarized,shifted_hotspot,retry,none,,0,False,0.7176837984880637,0.7011146655433944,7763233,110,86,444000,314000,24,179405,0.7818181818181819,0.7072072072072072,0.21818181818181817,25,14,101000,48000,11,31559,0.56,0.4752475247524752,0.44,85,63,348000,225000,22,159622,0.7411764705882353,0.646551724137931,0.25882352941176473,110,77,449000,273000,33,191181,0.7,0.6080178173719376,0.3
sealed_holdout,9,public-hub-109-69c804332e54,hub,64,63,63,0,polarized,shifted_hotspot,online,none,,0,False,0.7176837984880637,0.7011146655433944,7763233,110,86,444000,314000,24,179405,0.7818181818181819,0.7072072072072072,0.21818181818181817,25,14,101000,48000,11,31559,0.56,0.4752475247524752,0.44,85,63,348000,225000,22,159622,0.7411764705882353,0.646551724137931,0.25882352941176473,110,77,449000,273000,33,191181,0.7,0.6080178173719376,0.3
sealed_holdout,9,public-hub-109-69c804332e54,hub,64,63,63,0,polarized,shifted_hotspot,oracle,none,,0,False,0.7176837984880637,0.7011146655433944,7763233,110,86,444000,314000,0,179405,0.7818181818181819,0.7072072072072072,0.0,25,14,101000,48000,0,31559,0.56,0.4752475247524752,0.0,85,63,348000,225000,0,159622,0.7411764705882353,0.646551724137931,0.0,110,77,449000,273000,0,191181,0.7,0.6080178173719376,0.0
sealed_holdout,9,public-hub-109-69c804332e54,hub,64,63,63,0,polarized,shifted_hotspot,online,random,N024|N031,120000,False,0.7176837984880637,0.6904421711663783,7883233,110,86,444000,314000,24,179405,0.7818181818181819,0.7072072072072072,0.21818181818181817,25,14,101000,48000,11,31559,0.56,0.4752475247524752,0.44,85,63,348000,225000,25,159622,0.7411764705882353,0.646551724137931,0.29411764705882354,110,77,449000,273000,36,191181,0.7,0.6080178173719376,0.32727272727272727
sealed_holdout,9,public-hub-109-69c804332e54,hub,64,63,63,0,polarized,shifted_hotspot,online,failure_aware,N062|N063,120000,False,0.7176837984880637,0.6904421711663783,7883233,110,86,444000,314000,24,179405,0.7818181818181819,0.7072072072072072,0.21818181818181817,25,14,101000,48000,11,31559,0.56,0.4752475247524752,0.44,85,63,348000,225000,22,159622,0.7411764705882353,0.646551724137931,0.25882352941176473,110,77,449000,273000,33,191181,0.7,0.6080178173719376,0.3
sealed_holdout,9,public-hub-109-69c804332e54,hub,64,63,63,1,balanced_band,diffuse,public,none,,0,False,0.039069533231396114,0.08248684250912067,7763233,110,109,448000,440000,1,229229,0.990909090909091,0.9821428571428571,0.00909090909090909,25,25,99000,99000,0,51027,1.0,1.0,0.0,85,85,317000,317000,0,190185,1.0,1.0,0.0,110,110,416000,416000,0,241212,1.0,1.0,0.0
sealed_holdout,9,public-hub-109-69c804332e54,hub,64,63,63,1,balanced_band,diffuse,retry,none,,0,False,0.039069533231396114,0.08248684250912067,7763233,110,109,448000,440000,1,229229,0.990909090909091,0.9821428571428571,0.00909090909090909,25,25,99000,99000,0,51027,1.0,1.0,0.0,85,85,317000,317000,0,190185,1.0,1.0,0.0,110,110,416000,416000,0,241212,1.0,1.0,0.0
sealed_holdout,9,public-hub-109-69c804332e54,hub,64,63,63,1,balanced_band,diffuse,online,none,,0,False,0.039069533231396114,0.08248684250912067,7763233,110,109,448000,440000,1,229229,0.990909090909091,0.9821428571428571,0.00909090909090909,25,25,99000,99000,0,51027,1.0,1.0,0.0,85,85,317000,317000,0,190185,1.0,1.0,0.0,110,110,416000,416000,0,241212,1.0,1.0,0.0
sealed_holdout,9,public-hub-109-69c804332e54,hub,64,63,63,1,balanced_band,diffuse,oracle,none,,0,False,0.039069533231396114,0.08248684250912067,7763233,110,109,448000,440000,0,229229,0.990909090909091,0.9821428571428571,0.0,25,25,99000,99000,0,51027,1.0,1.0,0.0,85,85,317000,317000,0,190185,1.0,1.0,0.0,110,110,416000,416000,0,241212,1.0,1.0,0.0
sealed_holdout,9,public-hub-109-69c804332e54,hub,64,63,63,1,balanced_band,diffuse,online,random,N021|N045,120000,False,0.039069533231396114,0.08123121285805054,7883233,110,109,448000,440000,1,229229,0.990909090909091,0.9821428571428571,0.00909090909090909,25,25,99000,99000,0,51027,1.0,1.0,0.0,85,85,317000,317000,0,190185,1.0,1.0,0.0,110,110,416000,416000,0,241212,1.0,1.0,0.0
sealed_holdout,9,public-hub-109-69c804332e54,hub,64,63,63,1,balanced_band,diffuse,online,failure_aware,N020|N042,120000,False,0.039069533231396114,0.08123121285805054,7883233,110,109,448000,440000,1,229229,0.990909090909091,0.9821428571428571,0.00909090909090909,25,25,99000,99000,0,51027,1.0,1.0,0.0,85,85,317000,317000,0,190185,1.0,1.0,0.0,110,110,416000,416000,0,241212,1.0,1.0,0.0
sealed_holdout,9,public-hub-109-69c804332e54,hub,64,63,63,1,balanced_band,stationary_hotspot,public,none,,0,False,0.039069533231396114,0.11087256627762451,7763233,110,109,383000,375000,1,232171,0.990909090909091,0.97911227154047,0.00909090909090909,25,25,105000,105000,0,67243,1.0,1.0,0.0,85,83,343000,336000,2,183364,0.9764705882352941,0.9795918367346939,0.023529411764705882,110,108,448000,441000,2,250607,0.9818181818181818,0.984375,0.01818181818181818
sealed_holdout,9,public-hub-109-69c804332e54,hub,64,63,63,1,balanced_band,stationary_hotspot,retry,none,,0,False,0.039069533231396114,0.11087256627762451,7763233,110,109,383000,375000,1,232171,0.990909090909091,0.97911227154047,0.00909090909090909,25,25,105000,105000,0,67243,1.0,1.0,0.0,85,83,343000,336000,2,183364,0.9764705882352941,0.9795918367346939,0.023529411764705882,110,108,448000,441000,2,250607,0.9818181818181818,0.984375,0.01818181818181818
sealed_holdout,9,public-hub-109-69c804332e54,hub,64,63,63,1,balanced_band,stationary_hotspot,online,none,,0,False,0.039069533231396114,0.11087256627762451,7763233,110,109,383000,375000,1,232171,0.990909090909091,0.97911227154047,0.00909090909090909,25,25,105000,105000,0,67243,1.0,1.0,0.0,85,83,343000,336000,2,183364,0.9764705882352941,0.9795918367346939,0.023529411764705882,110,108,448000,441000,2,250607,0.9818181818181818,0.984375,0.01818181818181818
sealed_holdout,9,public-hub-109-69c804332e54,hub,64,63,63,1,balanced_band,stationary_hotspot,oracle,none,,0,False,0.039069533231396114,0.11087256627762451,7763233,110,109,383000,375000,0,232171,0.990909090909091,0.97911227154047,0.0,25,25,105000,105000,0,67243,1.0,1.0,0.0,85,83,343000,336000,0,183364,0.9764705882352941,0.9795918367346939,0.0,110,108,448000,441000,0,250607,0.9818181818181818,0.984375,0.0
sealed_holdout,9,public-hub-109-69c804332e54,hub,64,63,63,1,balanced_band,stationary_hotspot,online,random,N021|N045,120000,False,0.039069533231396114,0.10918484400006212,7883233,110,109,383000,375000,1,232171,0.990909090909091,0.97911227154047,0.00909090909090909,25,25,105000,105000,0,67243,1.0,1.0,0.0,85,83,343000,336000,2,183364,0.9764705882352941,0.9795918367346939,0.023529411764705882,110,108,448000,441000,2,250607,0.9818181818181818,0.984375,0.01818181818181818
sealed_holdout,9,public-hub-109-69c804332e54,hub,64,63,63,1,balanced_band,stationary_hotspot,online,failure_aware,N029|N046,120000,False,0.039069533231396114,0.11147379253750891,7883233,110,109,383000,375000,1,232171,0.990909090909091,0.97911227154047,0.00909090909090909,25,25,105000,105000,0,67243,1.0,1.0,0.0,85,85,343000,343000,2,190073,1.0,1.0,0.023529411764705882,110,110,448000,448000,2,257316,1.0,1.0,0.01818181818181818
sealed_holdout,9,public-hub-109-69c804332e54,hub,64,63,63,1,balanced_band,shifted_hotspot,public,none,,0,False,0.039069533231396114,0.08511339266255763,7763233,110,109,383000,375000,1,232171,0.990909090909091,0.97911227154047,0.00909090909090909,25,25,105000,105000,0,71323,1.0,1.0,0.0,85,79,343000,323000,6,183769,0.9294117647058824,0.9416909620991254,0.07058823529411765,110,104,448000,428000,6,255092,0.9454545454545454,0.9553571428571429,0.05454545454545454
sealed_holdout,9,public-hub-109-69c804332e54,hub,64,63,63,1,balanced_band,shifted_hotspot,retry,none,,0,False,0.039069533231396114,0.08511339266255763,7763233,110,109,383000,375000,1,232171,0.990909090909091,0.97911227154047,0.00909090909090909,25,25,105000,105000,0,71323,1.0,1.0,0.0,85,79,343000,323000,6,183769,0.9294117647058824,0.9416909620991254,0.07058823529411765,110,104,448000,428000,6,255092,0.9454545454545454,0.9553571428571429,0.05454545454545454
sealed_holdout,9,public-hub-109-69c804332e54,hub,64,63,63,1,balanced_band,shifted_hotspot,online,none,,0,False,0.039069533231396114,0.08511339266255763,7763233,110,109,383000,375000,1,232171,0.990909090909091,0.97911227154047,0.00909090909090909,25,25,105000,105000,0,71323,1.0,1.0,0.0,85,79,343000,323000,6,183769,0.9294117647058824,0.9416909620991254,0.07058823529411765,110,104,448000,428000,6,255092,0.9454545454545454,0.9553571428571429,0.05454545454545454
sealed_holdout,9,public-hub-109-69c804332e54,hub,64,63,63,1,balanced_band,shifted_hotspot,oracle,none,,0,False,0.039069533231396114,0.08511339266255763,7763233,110,109,383000,375000,0,232171,0.990909090909091,0.97911227154047,0.0,25,25,105000,105000,0,71323,1.0,1.0,0.0,85,79,343000,323000,0,183769,0.9294117647058824,0.9416909620991254,0.0,110,104,448000,428000,0,255092,0.9454545454545454,0.9553571428571429,0.0
sealed_holdout,9,public-hub-109-69c804332e54,hub,64,63,63,1,balanced_band,shifted_hotspot,online,random,N021|N045,120000,False,0.039069533231396114,0.0838177811895101,7883233,110,109,383000,375000,1,232171,0.990909090909091,0.97911227154047,0.00909090909090909,25,25,105000,105000,0,71323,1.0,1.0,0.0,85,79,343000,323000,6,183769,0.9294117647058824,0.9416909620991254,0.07058823529411765,110,104,448000,428000,6,255092,0.9454545454545454,0.9553571428571429,0.05454545454545454
sealed_holdout,9,public-hub-109-69c804332e54,hub,64,63,63,1,balanced_band,shifted_hotspot,online,failure_aware,N029|N046,120000,False,0.039069533231396114,0.0861067297269569,7883233,110,109,383000,375000,1,232171,0.990909090909091,0.97911227154047,0.00909090909090909,25,25,105000,105000,0,71323,1.0,1.0,0.0,85,81,343000,330000,6,190478,0.9529411764705882,0.9620991253644315,0.07058823529411765,110,106,448000,435000,6,261801,0.9636363636363636,0.9709821428571429,0.05454545454545454
sealed_holdout,9,public-hub-109-69c804332e54,hub,64,63,63,1,uniform,diffuse,public,none,,0,False,0.22504318601474727,0.25107836803807954,7763233,110,107,448000,430000,3,225224,0.9727272727272728,0.9598214285714286,0.02727272727272727,25,24,99000,94000,1,49022,0.96,0.9494949494949495,0.04,85,82,317000,302000,3,183685,0.9647058823529412,0.9526813880126183,0.03529411764705882,110,106,416000,396000,4,232707,0.9636363636363636,0.9519230769230769,0.03636363636363636
sealed_holdout,9,public-hub-109-69c804332e54,hub,64,63,63,1,uniform,diffuse,retry,none,,0,False,0.22504318601474727,0.25107836803807954,7763233,110,107,448000,430000,3,225224,0.9727272727272728,0.9598214285714286,0.02727272727272727,25,24,99000,94000,1,49022,0.96,0.9494949494949495,0.04,85,82,317000,302000,3,183685,0.9647058823529412,0.9526813880126183,0.03529411764705882,110,106,416000,396000,4,232707,0.9636363636363636,0.9519230769230769,0.03636363636363636
sealed_holdout,9,public-hub-109-69c804332e54,hub,64,63,63,1,uniform,diffuse,online,none,,0,False,0.22504318601474727,0.25107836803807954,7763233,110,107,448000,430000,3,225224,0.9727272727272728,0.9598214285714286,0.02727272727272727,25,24,99000,94000,1,49022,0.96,0.9494949494949495,0.04,85,82,317000,302000,3,183685,0.9647058823529412,0.9526813880126183,0.03529411764705882,110,106,416000,396000,4,232707,0.9636363636363636,0.9519230769230769,0.03636363636363636
sealed_holdout,9,public-hub-109-69c804332e54,hub,64,63,63,1,uniform,diffuse,oracle,none,,0,False,0.22504318601474727,0.25107836803807954,7763233,110,107,448000,430000,0,225224,0.9727272727272728,0.9598214285714286,0.0,25,24,99000,94000,0,49022,0.96,0.9494949494949495,0.0,85,82,317000,302000,0,183685,0.9647058823529412,0.9526813880126183,0.0,110,106,416000,396000,0,232707,0.9636363636363636,0.9519230769230769,0.0
sealed_holdout,9,public-hub-109-69c804332e54,hub,64,63,63,1,uniform,diffuse,online,random,N021|N045,120000,False,0.22504318601474727,0.24725640766159826,7883233,110,107,448000,430000,3,225224,0.9727272727272728,0.9598214285714286,0.02727272727272727,25,24,99000,94000,1,49022,0.96,0.9494949494949495,0.04,85,82,317000,302000,3,183685,0.9647058823529412,0.9526813880126183,0.03529411764705882,110,106,416000,396000,4,232707,0.9636363636363636,0.9519230769230769,0.03636363636363636
sealed_holdout,9,public-hub-109-69c804332e54,hub,64,63,63,1,uniform,diffuse,online,failure_aware,N039|N057,120000,False,0.22504318601474727,0.24725640766159826,7883233,110,107,448000,430000,3,225224,0.9727272727272728,0.9598214285714286,0.02727272727272727,25,24,99000,94000,1,49022,0.96,0.9494949494949495,0.04,85,82,317000,302000,3,183685,0.9647058823529412,0.9526813880126183,0.03529411764705882,110,106,416000,396000,4,232707,0.9636363636363636,0.9519230769230769,0.03636363636363636
sealed_holdout,9,public-hub-109-69c804332e54,hub,64,63,63,1,uniform,stationary_hotspot,public,none,,0,False,0.22504318601474727,0.27148980631427627,7763233,110,107,383000,362000,3,228158,0.9727272727272728,0.9451697127937336,0.02727272727272727,25,24,105000,100000,1,62743,0.96,0.9523809523809523,0.04,85,79,343000,310000,6,171629,0.9294117647058824,0.9037900874635568,0.07058823529411765,110,103,448000,410000,7,234372,0.9363636363636364,0.9151785714285714,0.06363636363636363
sealed_holdout,9,public-hub-109-69c804332e54,hub,64,63,63,1,uniform,stationary_hotspot,retry,none,,0,False,0.22504318601474727,0.27148980631427627,7763233,110,107,383000,362000,3,228158,0.9727272727272728,0.9451697127937336,0.02727272727272727,25,24,105000,100000,1,62743,0.96,0.9523809523809523,0.04,85,79,343000,310000,6,171629,0.9294117647058824,0.9037900874635568,0.07058823529411765,110,103,448000,410000,7,234372,0.9363636363636364,0.9151785714285714,0.06363636363636363
sealed_holdout,9,public-hub-109-69c804332e54,hub,64,63,63,1,uniform,stationary_hotspot,online,none,,0,False,0.22504318601474727,0.27148980631427627,7763233,110,107,383000,362000,3,228158,0.9727272727272728,0.9451697127937336,0.02727272727272727,25,24,105000,100000,1,62743,0.96,0.9523809523809523,0.04,85,79,343000,310000,6,171629,0.9294117647058824,0.9037900874635568,0.07058823529411765,110,103,448000,410000,7,234372,0.9363636363636364,0.9151785714285714,0.06363636363636363
sealed_holdout,9,public-hub-109-69c804332e54,hub,64,63,63,1,uniform,stationary_hotspot,oracle,none,,0,False,0.22504318601474727,0.27148980631427627,7763233,110,107,383000,362000,0,228158,0.9727272727272728,0.9451697127937336,0.0,25,24,105000,100000,0,62743,0.96,0.9523809523809523,0.0,85,79,343000,310000,0,171629,0.9294117647058824,0.9037900874635568,0.0,110,103,448000,410000,0,234372,0.9363636363636364,0.9151785714285714,0.0
sealed_holdout,9,public-hub-109-69c804332e54,hub,64,63,63,1,uniform,stationary_hotspot,online,random,N021|N045,120000,False,0.22504318601474727,0.2673571393288259,7883233,110,107,383000,362000,3,228158,0.9727272727272728,0.9451697127937336,0.02727272727272727,25,24,105000,100000,1,62743,0.96,0.9523809523809523,0.04,85,79,343000,310000,6,171629,0.9294117647058824,0.9037900874635568,0.07058823529411765,110,103,448000,410000,7,234372,0.9363636363636364,0.9151785714285714,0.06363636363636363
sealed_holdout,9,public-hub-109-69c804332e54,hub,64,63,63,1,uniform,stationary_hotspot,online,failure_aware,N035|N053,120000,False,0.22504318601474727,0.2673571393288259,7883233,110,107,383000,362000,3,228158,0.9727272727272728,0.9451697127937336,0.02727272727272727,25,24,105000,100000,1,62743,0.96,0.9523809523809523,0.04,85,79,343000,310000,6,171629,0.9294117647058824,0.9037900874635568,0.07058823529411765,110,103,448000,410000,7,234372,0.9363636363636364,0.9151785714285714,0.06363636363636363
sealed_holdout,9,public-hub-109-69c804332e54,hub,64,63,63,1,uniform,shifted_hotspot,public,none,,0,False,0.22504318601474727,0.2650340177442588,7763233,110,107,383000,362000,3,228158,0.9727272727272728,0.9451697127937336,0.02727272727272727,25,23,105000,92000,2,63279,0.92,0.8761904761904762,0.08,85,80,343000,325000,5,184786,0.9411764705882353,0.9475218658892128,0.058823529411764705,110,103,448000,417000,7,248065,0.9363636363636364,0.9308035714285714,0.06363636363636363
sealed_holdout,9,public-hub-109-69c804332e54,hub,64,63,63,1,uniform,shifted_hotspot,retry,none,,0,False,0.22504318601474727,0.2650340177442588,7763233,110,107,383000,362000,3,228158,0.9727272727272728,0.9451697127937336,0.02727272727272727,25,23,105000,92000,2,63279,0.92,0.8761904761904762,0.08,85,80,343000,325000,5,184786,0.9411764705882353,0.9475218658892128,0.058823529411764705,110,103,448000,417000,7,248065,0.9363636363636364,0.9308035714285714,0.06363636363636363
sealed_holdout,9,public-hub-109-69c804332e54,hub,64,63,63,1,uniform,shifted_hotspot,online,none,,0,False,0.22504318601474727,0.2650340177442588,7763233,110,107,383000,362000,3,228158,0.9727272727272728,0.9451697127937336,0.02727272727272727,25,23,105000,92000,2,63279,0.92,0.8761904761904762,0.08,85,80,343000,325000,5,184786,0.9411764705882353,0.9475218658892128,0.058823529411764705,110,103,448000,417000,7,248065,0.9363636363636364,0.9308035714285714,0.06363636363636363
sealed_holdout,9,public-hub-109-69c804332e54,hub,64,63,63,1,uniform,shifted_hotspot,oracle,none,,0,False,0.22504318601474727,0.2650340177442588,7763233,110,107,383000,362000,0,228158,0.9727272727272728,0.9451697127937336,0.0,25,23,105000,92000,0,63279,0.92,0.8761904761904762,0.0,85,80,343000,325000,0,184786,0.9411764705882353,0.9475218658892128,0.0,110,103,448000,417000,0,248065,0.9363636363636364,0.9308035714285714,0.0
sealed_holdout,9,public-hub-109-69c804332e54,hub,64,63,63,1,uniform,shifted_hotspot,online,random,N021|N045,120000,False,0.22504318601474727,0.2609996219412537,7883233,110,107,383000,362000,3,228158,0.9727272727272728,0.9451697127937336,0.02727272727272727,25,23,105000,92000,2,63279,0.92,0.8761904761904762,0.08,85,80,343000,325000,5,184786,0.9411764705882353,0.9475218658892128,0.058823529411764705,110,103,448000,417000,7,248065,0.9363636363636364,0.9308035714285714,0.06363636363636363
sealed_holdout,9,public-hub-109-69c804332e54,hub,64,63,63,1,uniform,shifted_hotspot,online,failure_aware,N035|N053,120000,False,0.22504318601474727,0.2609996219412537,7883233,110,107,383000,362000,3,228158,0.9727272727272728,0.9451697127937336,0.02727272727272727,25,23,105000,92000,2,63279,0.92,0.8761904761904762,0.08,85,80,343000,325000,5,184786,0.9411764705882353,0.9475218658892128,0.058823529411764705,110,103,448000,417000,7,248065,0.9363636363636364,0.9308035714285714,0.06363636363636363
sealed_holdout,9,public-hub-109-69c804332e54,hub,64,63,63,1,polarized,diffuse,public,none,,0,False,0.6703447194413068,0.6132110888907255,7763233,110,86,448000,293000,24,176624,0.7818181818181819,0.6540178571428571,0.21818181818181817,25,22,99000,84000,3,43461,0.88,0.8484848484848485,0.12,85,77,317000,277000,8,166349,0.9058823529411765,0.8738170347003155,0.09411764705882353,110,99,416000,361000,11,209810,0.9,0.8677884615384616,0.1
sealed_holdout,9,public-hub-109-69c804332e54,hub,64,63,63,1,polarized,diffuse,retry,none,,0,False,0.6703447194413068,0.6132110888907255,7763233,110,86,448000,293000,24,176624,0.7818181818181819,0.6540178571428571,0.21818181818181817,25,22,99000,84000,3,43461,0.88,0.8484848484848485,0.12,85,77,317000,277000,8,166349,0.9058823529411765,0.8738170347003155,0.09411764705882353,110,99,416000,361000,11,209810,0.9,0.8677884615384616,0.1
sealed_holdout,9,public-hub-109-69c804332e54,hub,64,63,63,1,polarized,diffuse,online,none,,0,False,0.6703447194413068,0.6132110888907255,7763233,110,86,448000,293000,24,176624,0.7818181818181819,0.6540178571428571,0.21818181818181817,25,22,99000,84000,3,43461,0.88,0.8484848484848485,0.12,85,77,317000,277000,8,166349,0.9058823529411765,0.8738170347003155,0.09411764705882353,110,99,416000,361000,11,209810,0.9,0.8677884615384616,0.1
sealed_holdout,9,public-hub-109-69c804332e54,hub,64,63,63,1,polarized,diffuse,oracle,none,,0,False,0.6703447194413068,0.6132110888907255,7763233,110,86,448000,293000,0,176624,0.7818181818181819,0.6540178571428571,0.0,25,22,99000,84000,0,43461,0.88,0.8484848484848485,0.0,85,77,317000,277000,0,166349,0.9058823529411765,0.8738170347003155,0.0,110,99,416000,361000,0,209810,0.9,0.8677884615384616,0.0
sealed_holdout,9,public-hub-109-69c804332e54,hub,64,63,63,1,polarized,diffuse,online,random,N021|N045,120000,False,0.6703447194413068,0.6038766786726225,7883233,110,86,448000,293000,24,176624,0.7818181818181819,0.6540178571428571,0.21818181818181817,25,22,99000,84000,4,43461,0.88,0.8484848484848485,0.16,85,77,317000,277000,8,166349,0.9058823529411765,0.8738170347003155,0.09411764705882353,110,99,416000,361000,12,209810,0.9,0.8677884615384616,0.10909090909090909
sealed_holdout,9,public-hub-109-69c804332e54,hub,64,63,63,1,polarized,diffuse,online,failure_aware,N007|N026,120000,False,0.6703447194413068,0.5982323379473119,7883233,110,86,448000,293000,24,176624,0.7818181818181819,0.6540178571428571,0.21818181818181817,25,23,99000,86000,3,48531,0.92,0.8686868686868687,0.12,85,76,317000,269000,11,163021,0.8941176470588236,0.8485804416403786,0.12941176470588237,110,99,416000,355000,14,211552,0.9,0.8533653846153846,0.12727272727272726
sealed_holdout,9,public-hub-109-69c804332e54,hub,64,63,63,1,polarized,stationary_hotspot,public,none,,0,False,0.6703447194413068,0.6301789715796647,7763233,110,92,383000,281000,18,191380,0.8363636363636363,0.7336814621409922,0.16363636363636364,25,18,105000,62000,7,44703,0.72,0.5904761904761905,0.28,85,65,343000,257000,20,139761,0.7647058823529411,0.749271137026239,0.23529411764705882,110,83,448000,319000,27,184464,0.7545454545454545,0.7120535714285714,0.24545454545454545
sealed_holdout,9,public-hub-109-69c804332e54,hub,64,63,63,1,polarized,stationary_hotspot,retry,none,,0,False,0.6703447194413068,0.6301789715796647,7763233,110,92,383000,281000,18,191380,0.8363636363636363,0.7336814621409922,0.16363636363636364,25,18,105000,62000,7,44703,0.72,0.5904761904761905,0.28,85,65,343000,257000,20,139761,0.7647058823529411,0.749271137026239,0.23529411764705882,110,83,448000,319000,27,184464,0.7545454545454545,0.7120535714285714,0.24545454545454545
sealed_holdout,9,public-hub-109-69c804332e54,hub,64,63,63,1,polarized,stationary_hotspot,online,none,,0,False,0.6703447194413068,0.6301789715796647,7763233,110,92,383000,281000,18,191380,0.8363636363636363,0.7336814621409922,0.16363636363636364,25,18,105000,62000,7,44703,0.72,0.5904761904761905,0.28,85,65,343000,257000,20,139761,0.7647058823529411,0.749271137026239,0.23529411764705882,110,83,448000,319000,27,184464,0.7545454545454545,0.7120535714285714,0.24545454545454545
sealed_holdout,9,public-hub-109-69c804332e54,hub,64,63,63,1,polarized,stationary_hotspot,oracle,none,,0,False,0.6703447194413068,0.6301789715796647,7763233,110,92,383000,281000,0,191380,0.8363636363636363,0.7336814621409922,0.0,25,18,105000,62000,0,44703,0.72,0.5904761904761905,0.0,85,65,343000,257000,0,139761,0.7647058823529411,0.749271137026239,0.0,110,83,448000,319000,0,184464,0.7545454545454545,0.7120535714285714,0.0
sealed_holdout,9,public-hub-109-69c804332e54,hub,64,63,63,1,polarized,stationary_hotspot,online,random,N021|N045,120000,False,0.6703447194413068,0.620586273179204,7883233,110,92,383000,281000,18,191380,0.8363636363636363,0.7336814621409922,0.16363636363636364,25,18,105000,62000,7,44703,0.72,0.5904761904761905,0.28,85,65,343000,257000,20,139761,0.7647058823529411,0.749271137026239,0.23529411764705882,110,83,448000,319000,27,184464,0.7545454545454545,0.7120535714285714,0.24545454545454545
sealed_holdout,9,public-hub-109-69c804332e54,hub,64,63,63,1,polarized,stationary_hotspot,online,failure_aware,N056|N061,120000,True,0.6703447194413068,0.6351352672794569,7883233,110,92,383000,281000,18,191380,0.8363636363636363,0.7336814621409922,0.16363636363636364,25,21,105000,83000,5,47857,0.84,0.7904761904761904,0.2,85,72,343000,288000,21,147879,0.8470588235294118,0.8396501457725948,0.24705882352941178,110,93,448000,371000,26,195736,0.8454545454545455,0.828125,0.23636363636363636
sealed_holdout,9,public-hub-109-69c804332e54,hub,64,63,63,1,polarized,shifted_hotspot,public,none,,0,False,0.6703447194413068,0.6351439241706799,7763233,110,92,383000,281000,18,191380,0.8363636363636363,0.7336814621409922,0.16363636363636364,25,16,105000,62000,9,42641,0.64,0.5904761904761905,0.36,85,66,343000,262000,19,150478,0.7764705882352941,0.7638483965014577,0.2235294117647059,110,82,448000,324000,28,193119,0.7454545454545455,0.7232142857142857,0.2545454545454545
sealed_holdout,9,public-hub-109-69c804332e54,hub,64,63,63,1,polarized,shifted_hotspot,retry,none,,0,False,0.6703447194413068,0.6351439241706799,7763233,110,92,383000,281000,18,191380,0.8363636363636363,0.7336814621409922,0.16363636363636364,25,16,105000,62000,9,42641,0.64,0.5904761904761905,0.36,85,66,343000,262000,19,150478,0.7764705882352941,0.7638483965014577,0.2235294117647059,110,82,448000,324000,28,193119,0.7454545454545455,0.7232142857142857,0.2545454545454545
sealed_holdout,9,public-hub-109-69c804332e54,hub,64,63,63,1,polarized,shifted_hotspot,online,none,,0,False,0.6703447194413068,0.6351439241706799,7763233,110,92,383000,281000,18,191380,0.8363636363636363,0.7336814621409922,0.16363636363636364,25,16,105000,62000,9,42641,0.64,0.5904761904761905,0.36,85,66,343000,262000,19,150478,0.7764705882352941,0.7638483965014577,0.2235294117647059,110,82,448000,324000,28,193119,0.7454545454545455,0.7232142857142857,0.2545454545454545
sealed_holdout,9,public-hub-109-69c804332e54,hub,64,63,63,1,polarized,shifted_hotspot,oracle,none,,0,False,0.6703447194413068,0.6351439241706799,7763233,110,92,383000,281000,0,191380,0.8363636363636363,0.7336814621409922,0.0,25,16,105000,62000,0,42641,0.64,0.5904761904761905,0.0,85,66,343000,262000,0,150478,0.7764705882352941,0.7638483965014577,0.0,110,82,448000,324000,0,193119,0.7454545454545455,0.7232142857142857,0.0
sealed_holdout,9,public-hub-109-69c804332e54,hub,64,63,63,1,polarized,shifted_hotspot,online,random,N021|N045,120000,False,0.6703447194413068,0.6254756483629648,7883233,110,92,383000,281000,18,191380,0.8363636363636363,0.7336814621409922,0.16363636363636364,25,16,105000,62000,9,42641,0.64,0.5904761904761905,0.36,85,66,343000,262000,19,150478,0.7764705882352941,0.7638483965014577,0.2235294117647059,110,82,448000,324000,28,193119,0.7454545454545455,0.7232142857142857,0.2545454545454545
sealed_holdout,9,public-hub-109-69c804332e54,hub,64,63,63,1,polarized,shifted_hotspot,online,failure_aware,N056|N061,120000,False,0.6703447194413068,0.6254756483629648,7883233,110,92,383000,281000,18,191380,0.8363636363636363,0.7336814621409922,0.16363636363636364,25,16,105000,62000,9,42641,0.64,0.5904761904761905,0.36,85,66,343000,262000,19,150478,0.7764705882352941,0.7638483965014577,0.2235294117647059,110,82,448000,324000,28,193119,0.7454545454545455,0.7232142857142857,0.2545454545454545
sealed_holdout,9,public-hub-109-69c804332e54,hub,64,63,63,2,balanced_band,diffuse,public,none,,0,False,0.0603951151974292,0.11806532229836506,7763233,110,109,452000,444000,1,245967,0.990909090909091,0.9823008849557522,0.00909090909090909,25,23,110000,97000,2,48890,0.92,0.8818181818181818,0.08,85,83,347000,331000,2,172793,0.9764705882352941,0.9538904899135446,0.023529411764705882,110,106,457000,428000,4,221683,0.9636363636363636,0.936542669584245,0.03636363636363636
sealed_holdout,9,public-hub-109-69c804332e54,hub,64,63,63,2,balanced_band,diffuse,retry,none,,0,False,0.0603951151974292,0.11806532229836506,7763233,110,109,452000,444000,1,245967,0.990909090909091,0.9823008849557522,0.00909090909090909,25,23,110000,97000,2,48890,0.92,0.8818181818181818,0.08,85,83,347000,331000,2,172793,0.9764705882352941,0.9538904899135446,0.023529411764705882,110,106,457000,428000,4,221683,0.9636363636363636,0.936542669584245,0.03636363636363636
sealed_holdout,9,public-hub-109-69c804332e54,hub,64,63,63,2,balanced_band,diffuse,online,none,,0,False,0.0603951151974292,0.11806532229836506,7763233,110,109,452000,444000,1,245967,0.990909090909091,0.9823008849557522,0.00909090909090909,25,23,110000,97000,2,48890,0.92,0.8818181818181818,0.08,85,83,347000,331000,2,172793,0.9764705882352941,0.9538904899135446,0.023529411764705882,110,106,457000,428000,4,221683,0.9636363636363636,0.936542669584245,0.03636363636363636
sealed_holdout,9,public-hub-109-69c804332e54,hub,64,63,63,2,balanced_band,diffuse,oracle,none,,0,False,0.0603951151974292,0.11806532229836506,7763233,110,109,452000,444000,0,245967,0.990909090909091,0.9823008849557522,0.0,25,23,110000,97000,0,48890,0.92,0.8818181818181818,0.0,85,83,347000,331000,0,172793,0.9764705882352941,0.9538904899135446,0.0,110,106,457000,428000,0,221683,0.9636363636363636,0.936542669584245,0.0
sealed_holdout,9,public-hub-109-69c804332e54,hub,64,63,63,2,balanced_band,diffuse,online,random,N041|N049,120000,False,0.0603951151974292,0.11626811058639311,7883233,110,109,452000,444000,1,245967,0.990909090909091,0.9823008849557522,0.00909090909090909,25,23,110000,97000,3,48890,0.92,0.8818181818181818,0.12,85,83,347000,331000,2,172793,0.9764705882352941,0.9538904899135446,0.023529411764705882,110,106,457000,428000,5,221683,0.9636363636363636,0.936542669584245,0.045454545454545456
sealed_holdout,9,public-hub-109-69c804332e54,hub,64,63,63,2,balanced_band,diffuse,online,failure_aware,N023|N057,120000,False,0.0603951151974292,0.11756631289164786,7883233,110,109,452000,444000,1,245967,0.990909090909091,0.9823008849557522,0.00909090909090909,25,24,110000,105000,2,52754,0.96,0.9545454545454546,0.08,85,83,347000,331000,2,172793,0.9764705882352941,0.9538904899135446,0.023529411764705882,110,107,457000,436000,4,225547,0.9727272727272728,0.9540481400437637,0.03636363636363636
sealed_holdout,9,public-hub-109-69c804332e54,hub,64,63,63,2,balanced_band,stationary_hotspot,public,none,,0,False,0.0603951151974292,0.09452931846902492,7763233,110,95,470000,396000,15,195609,0.8636363636363636,0.8425531914893617,0.13636363636363635,25,19,104000,80000,6,38307,0.76,0.7692307692307693,0.24,85,74,306000,257000,11,157666,0.8705882352941177,0.8398692810457516,0.12941176470588237,110,93,410000,337000,17,195973,0.8454545454545455,0.8219512195121951,0.15454545454545454
sealed_holdout,9,public-hub-109-69c804332e54,hub,64,63,63,2,balanced_band,stationary_hotspot,retry,none,,0,False,0.0603951151974292,0.09452931846902492,7763233,110,95,470000,396000,15,195609,0.8636363636363636,0.8425531914893617,0.13636363636363635,25,19,104000,80000,6,38307,0.76,0.7692307692307693,0.24,85,74,306000,257000,11,157666,0.8705882352941177,0.8398692810457516,0.12941176470588237,110,93,410000,337000,17,195973,0.8454545454545455,0.8219512195121951,0.15454545454545454
sealed_holdout,9,public-hub-109-69c804332e54,hub,64,63,63,2,balanced_band,stationary_hotspot,online,none,,0,False,0.0603951151974292,0.09452931846902492,7763233,110,95,470000,396000,15,195609,0.8636363636363636,0.8425531914893617,0.13636363636363635,25,19,104000,80000,6,38307,0.76,0.7692307692307693,0.24,85,74,306000,257000,11,157666,0.8705882352941177,0.8398692810457516,0.12941176470588237,110,93,410000,337000,17,195973,0.8454545454545455,0.8219512195121951,0.15454545454545454
sealed_holdout,9,public-hub-109-69c804332e54,hub,64,63,63,2,balanced_band,stationary_hotspot,oracle,none,,0,False,0.0603951151974292,0.09452931846902492,7763233,110,95,470000,396000,0,195609,0.8636363636363636,0.8425531914893617,0.0,25,19,104000,80000,0,38307,0.76,0.7692307692307693,0.0,85,74,306000,257000,0,157666,0.8705882352941177,0.8398692810457516,0.0,110,93,410000,337000,0,195973,0.8454545454545455,0.8219512195121951,0.0
sealed_holdout,9,public-hub-109-69c804332e54,hub,64,63,63,2,balanced_band,stationary_hotspot,online,random,N041|N049,120000,False,0.0603951151974292,0.09309037606858045,7883233,110,95,470000,396000,15,195609,0.8636363636363636,0.8425531914893617,0.13636363636363635,25,19,104000,80000,6,38307,0.76,0.7692307692307693,0.24,85,74,306000,257000,11,157666,0.8705882352941177,0.8398692810457516,0.12941176470588237,110,93,410000,337000,17,195973,0.8454545454545455,0.8219512195121951,0.15454545454545454
sealed_holdout,9,public-hub-109-69c804332e54,hub,64,63,63,2,balanced_band,stationary_hotspot,online,failure_aware,N057|N058,120000,True,0.0603951151974292,0.10762695809329258,7883233,110,95,470000,396000,15,195609,0.8636363636363636,0.8425531914893617,0.13636363636363635,25,24,104000,102000,1,44497,0.96,0.9807692307692307,0.04,85,83,306000,293000,12,168474,0.9764705882352941,0.9575163398692811,0.1411764705882353,110,107,410000,395000,13,212971,0.9727272727272728,0.9634146341463414,0.11818181818181818
sealed_holdout,9,public-hub-109-69c804332e54,hub,64,63,63,2,balanced_band,shifted_hotspot,public,none,,0,False,0.0603951151974292,0.0935777199240165,7763233,110,95,470000,396000,15,195609,0.8636363636363636,0.8425531914893617,0.13636363636363635,25,24,104000,102000,1,51389,0.96,0.9807692307692307,0.04,85,83,306000,293000,2,183892,0.9764705882352941,0.9575163398692811,0.023529411764705882,110,107,410000,395000,3,235281,0.9727272727272728,0.9634146341463414,0.02727272727272727
sealed_holdout,9,public-hub-109-69c804332e54,hub,64,63,63,2,balanced_band,shifted_hotspot,retry,none,,0,False,0.0603951151974292,0.0935777199240165,7763233,110,95,470000,396000,15,195609,0.8636363636363636,0.8425531914893617,0.13636363636363635,25,24,104000,102000,1,51389,0.96,0.9807692307692307,0.04,85,83,306000,293000,2,183892,0.9764705882352941,0.9575163398692811,0.023529411764705882,110,107,410000,395000,3,235281,0.9727272727272728,0.9634146341463414,0.02727272727272727
sealed_holdout,9,public-hub-109-69c804332e54,hub,64,63,63,2,balanced_band,shifted_hotspot,online,none,,0,False,0.0603951151974292,0.0935777199240165,7763233,110,95,470000,396000,15,195609,0.8636363636363636,0.8425531914893617,0.13636363636363635,25,24,104000,102000,1,51389,0.96,0.9807692307692307,0.04,85,83,306000,293000,2,183892,0.9764705882352941,0.9575163398692811,0.023529411764705882,110,107,410000,395000,3,235281,0.9727272727272728,0.9634146341463414,0.02727272727272727
sealed_holdout,9,public-hub-109-69c804332e54,hub,64,63,63,2,balanced_band,shifted_hotspot,oracle,none,,0,False,0.0603951151974292,0.0935777199240165,7763233,110,95,470000,396000,0,195609,0.8636363636363636,0.8425531914893617,0.0,25,24,104000,102000,0,51389,0.96,0.9807692307692307,0.0,85,83,306000,293000,0,183892,0.9764705882352941,0.9575163398692811,0.0,110,107,410000,395000,0,235281,0.9727272727272728,0.9634146341463414,0.0
sealed_holdout,9,public-hub-109-69c804332e54,hub,64,63,63,2,balanced_band,shifted_hotspot,online,random,N041|N049,120000,False,0.0603951151974292,0.09215326292891285,7883233,110,95,470000,396000,15,195609,0.8636363636363636,0.8425531914893617,0.13636363636363635,25,24,104000,102000,1,51389,0.96,0.9807692307692307,0.04,85,83,306000,293000,2,183892,0.9764705882352941,0.9575163398692811,0.023529411764705882,110,107,410000,395000,3,235281,0.9727272727272728,0.9634146341463414,0.02727272727272727
sealed_holdout,9,public-hub-109-69c804332e54,hub,64,63,63,2,balanced_band,shifted_hotspot,online,failure_aware,N057|N058,120000,False,0.0603951151974292,0.09215326292891285,7883233,110,95,470000,396000,15,195609,0.8636363636363636,0.8425531914893617,0.13636363636363635,25,24,104000,102000,1,51389,0.96,0.9807692307692307,0.04,85,83,306000,293000,2,183892,0.9764705882352941,0.9575163398692811,0.023529411764705882,110,107,410000,395000,3,235281,0.9727272727272728,0.9634146341463414,0.02727272727272727
sealed_holdout,9,public-hub-109-69c804332e54,hub,64,63,63,2,uniform,diffuse,public,none,,0,False,0.34787742861733245,0.3722311799873838,7763233,110,102,452000,397000,8,229069,0.9272727272727272,0.8783185840707964,0.07272727272727272,25,20,110000,76000,5,40315,0.8,0.6909090909090909,0.2,85,79,347000,311000,6,166783,0.9294117647058824,0.8962536023054755,0.07058823529411765,110,99,457000,387000,11,207098,0.9,0.8468271334792122,0.1
sealed_holdout,9,public-hub-109-69c804332e54,hub,64,63,63,2,uniform,diffuse,retry,none,,0,False,0.34787742861733245,0.3722311799873838,7763233,110,102,452000,397000,8,229069,0.9272727272727272,0.8783185840707964,0.07272727272727272,25,20,110000,76000,5,40315,0.8,0.6909090909090909,0.2,85,79,347000,311000,6,166783,0.9294117647058824,0.8962536023054755,0.07058823529411765,110,99,457000,387000,11,207098,0.9,0.8468271334792122,0.1
sealed_holdout,9,public-hub-109-69c804332e54,hub,64,63,63,2,uniform,diffuse,online,none,,0,False,0.34787742861733245,0.3722311799873838,7763233,110,102,452000,397000,8,229069,0.9272727272727272,0.8783185840707964,0.07272727272727272,25,20,110000,76000,5,40315,0.8,0.6909090909090909,0.2,85,79,347000,311000,6,166783,0.9294117647058824,0.8962536023054755,0.07058823529411765,110,99,457000,387000,11,207098,0.9,0.8468271334792122,0.1
sealed_holdout,9,public-hub-109-69c804332e54,hub,64,63,63,2,uniform,diffuse,oracle,none,,0,False,0.34787742861733245,0.3722311799873838,7763233,110,102,452000,397000,0,229069,0.9272727272727272,0.8783185840707964,0.0,25,20,110000,76000,0,40315,0.8,0.6909090909090909,0.0,85,79,347000,311000,0,166783,0.9294117647058824,0.8962536023054755,0.0,110,99,457000,387000,0,207098,0.9,0.8468271334792122,0.0
sealed_holdout,9,public-hub-109-69c804332e54,hub,64,63,63,2,uniform,diffuse,online,random,N041|N049,120000,False,0.34787742861733245,0.36656500957246824,7883233,110,102,452000,397000,8,229069,0.9272727272727272,0.8783185840707964,0.07272727272727272,25,20,110000,76000,6,40315,0.8,0.6909090909090909,0.24,85,79,347000,311000,6,166783,0.9294117647058824,0.8962536023054755,0.07058823529411765,110,99,457000,387000,12,207098,0.9,0.8468271334792122,0.10909090909090909
sealed_holdout,9,public-hub-109-69c804332e54,hub,64,63,63,2,uniform,diffuse,online,failure_aware,N046|N057,120000,False,0.34787742861733245,0.3652396900709249,7883233,110,102,452000,397000,8,229069,0.9272727272727272,0.8783185840707964,0.07272727272727272,25,21,110000,84000,5,44131,0.84,0.7636363636363637,0.2,85,79,347000,311000,6,166783,0.9294117647058824,0.8962536023054755,0.07058823529411765,110,100,457000,395000,11,210914,0.9090909090909091,0.8643326039387309,0.1
sealed_holdout,9,public-hub-109-69c804332e54,hub,64,63,63,2,uniform,stationary_hotspot,public,none,,0,False,0.34787742861733245,0.34505176078091127,7763233,110,89,470000,350000,21,180028,0.8090909090909091,0.7446808510638298,0.19090909090909092,25,19,104000,74000,6,38303,0.76,0.7115384615384616,0.24,85,72,306000,241000,13,152026,0.8470588235294118,0.7875816993464052,0.15294117647058825,110,91,410000,315000,19,190329,0.8272727272727273,0.7682926829268293,0.17272727272727273
sealed_holdout,9,public-hub-109-69c804332e54,hub,64,63,63,2,uniform,stationary_hotspot,retry,none,,0,False,0.34787742861733245,0.34505176078091127,7763233,110,89,470000,350000,21,180028,0.8090909090909091,0.7446808510638298,0.19090909090909092,25,19,104000,74000,6,38303,0.76,0.7115384615384616,0.24,85,72,306000,241000,13,152026,0.8470588235294118,0.7875816993464052,0.15294117647058825,110,91,410000,315000,19,190329,0.8272727272727273,0.7682926829268293,0.17272727272727273
sealed_holdout,9,public-hub-109-69c804332e54,hub,64,63,63,2,uniform,stationary_hotspot,online,none,,0,False,0.34787742861733245,0.34505176078091127,7763233,110,89,470000,350000,21,180028,0.8090909090909091,0.7446808510638298,0.19090909090909092,25,19,104000,74000,6,38303,0.76,0.7115384615384616,0.24,85,72,306000,241000,13,152026,0.8470588235294118,0.7875816993464052,0.15294117647058825,110,91,410000,315000,19,190329,0.8272727272727273,0.7682926829268293,0.17272727272727273
sealed_holdout,9,public-hub-109-69c804332e54,hub,64,63,63,2,uniform,stationary_hotspot,oracle,none,,0,False,0.34787742861733245,0.34505176078091127,7763233,110,89,470000,350000,0,180028,0.8090909090909091,0.7446808510638298,0.0,25,19,104000,74000,0,38303,0.76,0.7115384615384616,0.0,85,72,306000,241000,0,152026,0.8470588235294118,0.7875816993464052,0.0,110,91,410000,315000,0,190329,0.8272727272727273,0.7682926829268293,0.0
sealed_holdout,9,public-hub-109-69c804332e54,hub,64,63,63,2,uniform,stationary_hotspot,online,random,N041|N049,120000,False,0.34787742861733245,0.3408828597589561,7883233,110,89,470000,350000,21,180028,0.8090909090909091,0.7446808510638298,0.19090909090909092,25,19,104000,74000,6,38303,0.76,0.7115384615384616,0.24,85,73,306000,246000,13,156371,0.8588235294117647,0.803921568627451,0.15294117647058825,110,92,410000,320000,19,194674,0.8363636363636363,0.7804878048780488,0.17272727272727273
sealed_holdout,9,public-hub-109-69c804332e54,hub,64,63,63,2,uniform,stationary_hotspot,online,failure_aware,N057|N058,120000,True,0.34787742861733245,0.35439559154592565,7883233,110,89,470000,350000,21,180028,0.8090909090909091,0.7446808510638298,0.19090909090909092,25,24,104000,96000,1,44493,0.96,0.9230769230769231,0.04,85,81,306000,277000,14,162834,0.9529411764705882,0.9052287581699346,0.16470588235294117,110,105,410000,373000,15,207327,0.9545454545454546,0.9097560975609756,0.13636363636363635
sealed_holdout,9,public-hub-109-69c804332e54,hub,64,63,63,2,uniform,shifted_hotspot,public,none,,0,False,0.34787742861733245,0.32190180628220977,7763233,110,89,470000,350000,21,180028,0.8090909090909091,0.7446808510638298,0.19090909090909092,25,24,104000,96000,1,51385,0.96,0.9230769230769231,0.04,85,81,306000,277000,4,178252,0.9529411764705882,0.9052287581699346,0.047058823529411764,110,105,410000,373000,5,229637,0.9545454545454546,0.9097560975609756,0.045454545454545456
sealed_holdout,9,public-hub-109-69c804332e54,hub,64,63,63,2,uniform,shifted_hotspot,retry,none,,0,False,0.34787742861733245,0.32190180628220977,7763233,110,89,470000,350000,21,180028,0.8090909090909091,0.7446808510638298,0.19090909090909092,25,24,104000,96000,1,51385,0.96,0.9230769230769231,0.04,85,81,306000,277000,4,178252,0.9529411764705882,0.9052287581699346,0.047058823529411764,110,105,410000,373000,5,229637,0.9545454545454546,0.9097560975609756,0.045454545454545456
sealed_holdout,9,public-hub-109-69c804332e54,hub,64,63,63,2,uniform,shifted_hotspot,online,none,,0,False,0.34787742861733245,0.32190180628220977,7763233,110,89,470000,350000,21,180028,0.8090909090909091,0.7446808510638298,0.19090909090909092,25,24,104000,96000,1,51385,0.96,0.9230769230769231,0.04,85,81,306000,277000,4,178252,0.9529411764705882,0.9052287581699346,0.047058823529411764,110,105,410000,373000,5,229637,0.9545454545454546,0.9097560975609756,0.045454545454545456
sealed_holdout,9,public-hub-109-69c804332e54,hub,64,63,63,2,uniform,shifted_hotspot,oracle,none,,0,False,0.34787742861733245,0.32190180628220977,7763233,110,89,470000,350000,0,180028,0.8090909090909091,0.7446808510638298,0.0,25,24,104000,96000,0,51385,0.96,0.9230769230769231,0.0,85,81,306000,277000,0,178252,0.9529411764705882,0.9052287581699346,0.0,110,105,410000,373000,0,229637,0.9545454545454546,0.9097560975609756,0.0
sealed_holdout,9,public-hub-109-69c804332e54,hub,64,63,63,2,uniform,shifted_hotspot,online,random,N041|N049,120000,False,0.34787742861733245,0.3180852980589762,7883233,110,89,470000,350000,21,180028,0.8090909090909091,0.7446808510638298,0.19090909090909092,25,24,104000,96000,1,51385,0.96,0.9230769230769231,0.04,85,82,306000,282000,4,182597,0.9647058823529412,0.9215686274509803,0.047058823529411764,110,106,410000,378000,5,233982,0.9636363636363636,0.9219512195121952,0.045454545454545456
sealed_holdout,9,public-hub-109-69c804332e54,hub,64,63,63,2,uniform,shifted_hotspot,online,failure_aware,N057|N058,120000,False,0.34787742861733245,0.3170017587060611,7883233,110,89,470000,350000,21,180028,0.8090909090909091,0.7446808510638298,0.19090909090909092,25,24,104000,96000,1,51385,0.96,0.9230769230769231,0.04,85,81,306000,277000,4,178252,0.9529411764705882,0.9052287581699346,0.047058823529411764,110,105,410000,373000,5,229637,0.9545454545454546,0.9097560975609756,0.045454545454545456
sealed_holdout,9,public-hub-109-69c804332e54,hub,64,63,63,2,polarized,diffuse,public,none,,0,False,0.7320886085251979,0.6790619839405446,7763233,110,83,452000,282000,27,176870,0.7545454545454545,0.6238938053097345,0.24545454545454545,25,15,110000,45000,10,28756,0.6,0.4090909090909091,0.4,85,73,347000,269000,12,151389,0.8588235294117647,0.7752161383285303,0.1411764705882353,110,88,457000,314000,22,180145,0.8,0.687089715536105,0.2
sealed_holdout,9,public-hub-109-69c804332e54,hub,64,63,63,2,polarized,diffuse,retry,none,,0,False,0.7320886085251979,0.6790619839405446,7763233,110,83,452000,282000,27,176870,0.7545454545454545,0.6238938053097345,0.24545454545454545,25,15,110000,45000,10,28756,0.6,0.4090909090909091,0.4,85,73,347000,269000,12,151389,0.8588235294117647,0.7752161383285303,0.1411764705882353,110,88,457000,314000,22,180145,0.8,0.687089715536105,0.2
sealed_holdout,9,public-hub-109-69c804332e54,hub,64,63,63,2,polarized,diffuse,online,none,,0,False,0.7320886085251979,0.6790619839405446,7763233,110,83,452000,282000,27,176870,0.7545454545454545,0.6238938053097345,0.24545454545454545,25,15,110000,45000,10,28756,0.6,0.4090909090909091,0.4,85,73,347000,269000,12,151389,0.8588235294117647,0.7752161383285303,0.1411764705882353,110,88,457000,314000,22,180145,0.8,0.687089715536105,0.2
sealed_holdout,9,public-hub-109-69c804332e54,hub,64,63,63,2,polarized,diffuse,oracle,none,,0,False,0.7320886085251979,0.6790619839405446,7763233,110,83,452000,282000,0,176870,0.7545454545454545,0.6238938053097345,0.0,25,15,110000,45000,0,28756,0.6,0.4090909090909091,0.0,85,73,347000,269000,0,151389,0.8588235294117647,0.7752161383285303,0.0,110,88,457000,314000,0,180145,0.8,0.687089715536105,0.0
sealed_holdout,9,public-hub-109-69c804332e54,hub,64,63,63,2,polarized,diffuse,online,random,N041|N049,120000,False,0.7320886085251979,0.6687251794755662,7883233,110,83,452000,282000,27,176870,0.7545454545454545,0.6238938053097345,0.24545454545454545,25,15,110000,45000,11,28756,0.6,0.4090909090909091,0.44,85,73,347000,269000,12,151389,0.8588235294117647,0.7752161383285303,0.1411764705882353,110,88,457000,314000,23,180145,0.8,0.687089715536105,0.20909090909090908
sealed_holdout,9,public-hub-109-69c804332e54,hub,64,63,63,2,polarized,diffuse,online,failure_aware,N053|N060,120000,False,0.7320886085251979,0.6677707947969661,7883233,110,83,452000,282000,27,176870,0.7545454545454545,0.6238938053097345,0.24545454545454545,25,15,110000,45000,10,28756,0.6,0.4090909090909091,0.4,85,74,347000,274000,15,156094,0.8705882352941177,0.7896253602305475,0.17647058823529413,110,89,457000,319000,25,184850,0.8090909090909091,0.6980306345733042,0.22727272727272727
sealed_holdout,9,public-hub-109-69c804332e54,hub,64,63,63,2,polarized,stationary_hotspot,public,none,,0,False,0.7320886085251979,0.6987037752713031,7763233,110,79,470000,303000,31,159109,0.7181818181818181,0.6446808510638298,0.2818181818181818,25,17,104000,67000,8,34098,0.68,0.6442307692307693,0.32,85,64,306000,199000,21,132523,0.7529411764705882,0.6503267973856209,0.24705882352941178,110,81,410000,266000,29,166621,0.7363636363636363,0.6487804878048781,0.2636363636363636
sealed_holdout,9,public-hub-109-69c804332e54,hub,64,63,63,2,polarized,stationary_hotspot,retry,none,,0,False,0.7320886085251979,0.6987037752713031,7763233,110,79,470000,303000,31,159109,0.7181818181818181,0.6446808510638298,0.2818181818181818,25,17,104000,67000,8,34098,0.68,0.6442307692307693,0.32,85,64,306000,199000,21,132523,0.7529411764705882,0.6503267973856209,0.24705882352941178,110,81,410000,266000,29,166621,0.7363636363636363,0.6487804878048781,0.2636363636363636
sealed_holdout,9,public-hub-109-69c804332e54,hub,64,63,63,2,polarized,stationary_hotspot,online,none,,0,False,0.7320886085251979,0.6987037752713031,7763233,110,79,470000,303000,31,159109,0.7181818181818181,0.6446808510638298,0.2818181818181818,25,17,104000,67000,8,34098,0.68,0.6442307692307693,0.32,85,64,306000,199000,21,132523,0.7529411764705882,0.6503267973856209,0.24705882352941178,110,81,410000,266000,29,166621,0.7363636363636363,0.6487804878048781,0.2636363636363636
sealed_holdout,9,public-hub-109-69c804332e54,hub,64,63,63,2,polarized,stationary_hotspot,oracle,none,,0,False,0.7320886085251979,0.6987037752713031,7763233,110,79,470000,303000,0,159109,0.7181818181818181,0.6446808510638298,0.0,25,17,104000,67000,0,34098,0.68,0.6442307692307693,0.0,85,64,306000,199000,0,132523,0.7529411764705882,0.6503267973856209,0.0,110,81,410000,266000,0,166621,0.7363636363636363,0.6487804878048781,0.0
sealed_holdout,9,public-hub-109-69c804332e54,hub,64,63,63,2,polarized,stationary_hotspot,online,random,N041|N049,120000,False,0.7320886085251979,0.6887520592158852,7883233,110,79,470000,303000,31,159109,0.7181818181818181,0.6446808510638298,0.2818181818181818,25,17,104000,67000,8,34098,0.68,0.6442307692307693,0.32,85,65,306000,204000,21,136868,0.7647058823529411,0.6666666666666666,0.24705882352941178,110,82,410000,271000,29,170966,0.7454545454545455,0.6609756097560976,0.2636363636363636
sealed_holdout,9,public-hub-109-69c804332e54,hub,64,63,63,2,polarized,stationary_hotspot,online,failure_aware,N057|N058,120000,True,0.7320886085251979,0.7022922624187433,7883233,110,79,470000,303000,31,159109,0.7181818181818181,0.6446808510638298,0.2818181818181818,25,22,104000,89000,3,40288,0.88,0.8557692307692307,0.12,85,77,306000,251000,12,143485,0.9058823529411765,0.8202614379084967,0.1411764705882353,110,99,410000,340000,15,183773,0.9,0.8292682926829268,0.13636363636363635
sealed_holdout,9,public-hub-109-69c804332e54,hub,64,63,63,2,polarized,shifted_hotspot,public,none,,0,False,0.7320886085251979,0.658376636832015,7763233,110,79,470000,303000,31,159109,0.7181818181818181,0.6446808510638298,0.2818181818181818,25,22,104000,89000,3,47180,0.88,0.8557692307692307,0.12,85,77,306000,251000,8,166765,0.9058823529411765,0.8202614379084967,0.09411764705882353,110,99,410000,340000,11,213945,0.9,0.8292682926829268,0.1
sealed_holdout,9,public-hub-109-69c804332e54,hub,64,63,63,2,polarized,shifted_hotspot,retry,none,,0,False,0.7320886085251979,0.658376636832015,7763233,110,79,470000,303000,31,159109,0.7181818181818181,0.6446808510638298,0.2818181818181818,25,22,104000,89000,3,47180,0.88,0.8557692307692307,0.12,85,77,306000,251000,8,166765,0.9058823529411765,0.8202614379084967,0.09411764705882353,110,99,410000,340000,11,213945,0.9,0.8292682926829268,0.1
sealed_holdout,9,public-hub-109-69c804332e54,hub,64,63,63,2,polarized,shifted_hotspot,online,none,,0,False,0.7320886085251979,0.658376636832015,7763233,110,79,470000,303000,31,159109,0.7181818181818181,0.6446808510638298,0.2818181818181818,25,22,104000,89000,3,47180,0.88,0.8557692307692307,0.12,85,77,306000,251000,8,166765,0.9058823529411765,0.8202614379084967,0.09411764705882353,110,99,410000,340000,11,213945,0.9,0.8292682926829268,0.1
sealed_holdout,9,public-hub-109-69c804332e54,hub,64,63,63,2,polarized,shifted_hotspot,oracle,none,,0,False,0.7320886085251979,0.658376636832015,7763233,110,79,470000,303000,0,159109,0.7181818181818181,0.6446808510638298,0.0,25,22,104000,89000,0,47180,0.88,0.8557692307692307,0.0,85,77,306000,251000,0,166765,0.9058823529411765,0.8202614379084967,0.0,110,99,410000,340000,0,213945,0.9,0.8292682926829268,0.0
sealed_holdout,9,public-hub-109-69c804332e54,hub,64,63,63,2,polarized,shifted_hotspot,online,random,N041|N049,120000,False,0.7320886085251979,0.6490387877792234,7883233,110,79,470000,303000,31,159109,0.7181818181818181,0.6446808510638298,0.2818181818181818,25,22,104000,89000,3,47180,0.88,0.8557692307692307,0.12,85,78,306000,256000,8,171110,0.9176470588235294,0.8366013071895425,0.09411764705882353,110,100,410000,345000,11,218290,0.9090909090909091,0.8414634146341463,0.1
sealed_holdout,9,public-hub-109-69c804332e54,hub,64,63,63,2,polarized,shifted_hotspot,online,failure_aware,N057|N058,120000,False,0.7320886085251979,0.6483547084658432,7883233,110,79,470000,303000,31,159109,0.7181818181818181,0.6446808510638298,0.2818181818181818,25,22,104000,89000,3,47180,0.88,0.8557692307692307,0.12,85,77,306000,251000,8,166765,0.9058823529411765,0.8202614379084967,0.09411764705882353,110,99,410000,340000,11,213945,0.9,0.8292682926829268,0.1
